{"type": "FeatureCollection", "features": [{"type": "Feature", "properties": {"zone": "top"}, "geometry": {"type": "MultiPolygon", "coordinates": [[[[46.63998025868709, 24.605533119055394], [46.640684667283764, 24.604570963189328], [46.640738613207446, 24.604490282962466], [46.64072645851386, 24.604435805485192], [46.64071120051181, 24.604410374256087], [46.64069939684793, 24.604388560354735], [46.640537259271774, 24.604287034811488], [46.640232643091906, 24.604100606411876], [46.639092993267674, 24.603403985998177], [46.638969435196465, 24.60357171716766], [46.637864536553536, 24.602896257371903], [46.63799325222126, 24.60273092323941], [46.6370188487491, 24.602135146829834], [46.63689659661801, 24.602303645907938], [46.636408928336124, 24.602005342726926], [46.63621935727107, 24.602267230437196], [46.63609496062514, 24.602191515527355], [46.63598524961491, 24.602340452254136], [46.63536784684568, 24.601962665562233], [46.635477491588425, 24.6018139141775], [46.63503310027306, 24.601536963047902], [46.63522113931471, 24.601281693711947], [46.634537292701154, 24.600860210782553], [46.634210979632904, 24.601311795799603], [46.63396095486214, 24.601159649777475], [46.63428926284132, 24.60070878580697], [46.63363949845908, 24.60030659751169], [46.633779458575205, 24.600119126248487], [46.63321659370472, 24.59976583528943], [46.63345970446645, 24.599438080231252], [46.63281065933138, 24.59903839563025], [46.63291106535815, 24.598902267919645], [46.63300291095209, 24.598775859926146], [46.63257049832781, 24.598512412037113], [46.63214719409444, 24.598259132013474], [46.63180694935369, 24.59804761482127], [46.631517638577094, 24.597869299325552], [46.63186453092687, 24.597381271786862], [46.63100335146814, 24.59685494373549], [46.63088888694612, 24.596786773226597], [46.6308679523102, 24.596816247357637], [46.630673347306505, 24.59669738844748], [46.63047330560339, 24.596971174784596], [46.63046828519551, 24.596978046195495], [46.63046008506486, 24.596973037155788], [46.63031444989646, 24.596884088242135], [46.63023623468499, 24.596991145601994], [46.63028583206598, 24.59702147732252], [46.63099782251178, 24.597456880944108], [46.630331913819205, 24.598355193645443], [46.63237648651272, 24.599611744116615], [46.63205914958614, 24.60004219843301], [46.63200737787374, 24.60002221309489], [46.63194484698428, 24.600111485339195], [46.63150679013574, 24.59983290867771], [46.63147468710906, 24.599875106880848], [46.631244334454124, 24.60018756431394], [46.63185221286881, 24.600560818536202], [46.631771395240946, 24.60067286552868], [46.63193379576236, 24.600772249263226], [46.63162645226087, 24.601189122905453], [46.631463907239976, 24.601089740422587], [46.631079068681274, 24.601609367127892], [46.63051395055062, 24.601261576620093], [46.630278028713846, 24.60158710409352], [46.63138517540567, 24.602264769958694], [46.63149450686974, 24.602111268112502], [46.632151496478265, 24.60251413112808], [46.63229252189516, 24.602326364231764], [46.63263039391281, 24.60253258907721], [46.63266573874734, 24.602484638193584], [46.63279548784384, 24.602563965581094], [46.63246111861183, 24.60301761013751], [46.63251255039875, 24.603049652874237], [46.632283572056096, 24.603360915988368], [46.63238353230868, 24.603422407368924], [46.6321679027922, 24.603723145604814], [46.63233867405624, 24.603822650985208], [46.632202579727874, 24.604020052758827], [46.63291805647924, 24.60446262149246], [46.63327081320181, 24.604016196496445], [46.6336179559909, 24.60424485858534], [46.63410662673383, 24.60358428529493], [46.634114284821074, 24.60357565242733], [46.63412345745168, 24.603568357485553], [46.634133868971986, 24.603562619259577], [46.63414520857017, 24.603558610872486], [46.634157134120386, 24.603556451612597], [46.63416928798168, 24.603556206761848], [46.63418130682538, 24.603557883877464], [46.63419282754783, 24.603561431824883], [46.63445592029732, 24.603704084678608], [46.63463081522519, 24.603466314569346], [46.63476994389782, 24.603550152159233], [46.63527536017693, 24.603850022913022], [46.63543282223491, 24.603622068253124], [46.63563212064008, 24.60373173176133], [46.6356572838026, 24.60369616872098], [46.636106212175356, 24.603959513674198], [46.63621441176403, 24.60380711524265], [46.63652871613521, 24.604004659098248], [46.636638127612436, 24.603857090436463], [46.63666505085638, 24.60387256972532], [46.63678689350817, 24.603946296540034], [46.63689587399004, 24.604010149841333], [46.636784297202816, 24.60416085006562], [46.63762165862199, 24.60467344704966], [46.63855135785971, 24.60524181603871], [46.63873264304407, 24.604979994065264], [46.63963902011508, 24.605517878429566], [46.639817299988046, 24.605621083559143], [46.639833256281705, 24.605624781361545], [46.639849628079816, 24.605626337437688], [46.6398660751931, 24.605625716669664], [46.6398822521667, 24.60562293456026], [46.63989777382556, 24.605618065734618], [46.63991236984486, 24.605611207042138], [46.63992573395294, 24.605602500869693], [46.63998025868709, 24.605533119055394]], [[46.63935911939135, 24.60504177713684], [46.63915128496206, 24.604961507733762], [46.638992118455256, 24.60491045895195], [46.63879615469113, 24.604855011766464], [46.638464376827294, 24.60476841370144], [46.63829810071638, 24.60473567592511], [46.63822769448392, 24.604729723872683], [46.6381649746083, 24.604721951804972], [46.638080368154654, 24.60469599671629], [46.63795608223153, 24.604632848165835], [46.63790070475936, 24.604594032424576], [46.637829090863235, 24.60451239299714], [46.63777959172847, 24.604473514128124], [46.63761590770549, 24.604394668031365], [46.63752235920402, 24.60433049295232], [46.637380723620005, 24.604221483160813], [46.63732324839422, 24.604194464923165], [46.63725037710718, 24.604165721669016], [46.63718126024618, 24.604125264652144], [46.637143380329, 24.604085097090362], [46.637121404489214, 24.60404349602244], [46.63709992475508, 24.60397232722919], [46.63707081459728, 24.603832528744434], [46.63704312206167, 24.60375050587318], [46.637017393363024, 24.603580571925857], [46.637009043184214, 24.603541245124784], [46.636992878074985, 24.603503794719696], [46.636843659075, 24.603331621288884], [46.6368120975537, 24.603310393057527], [46.63676042138897, 24.603291760977786], [46.636719171448746, 24.603291983910943], [46.63650514269321, 24.60337113705398], [46.6363253634238, 24.603410718335667], [46.63605729366861, 24.603442300621367], [46.63597329424565, 24.603462922681064], [46.63593244880205, 24.603486659227926], [46.63577935987576, 24.603632601117866], [46.635751175297166, 24.603655901124718], [46.63563061890262, 24.60358715437613], [46.63563150788471, 24.603494054177407], [46.635613191815004, 24.603457785426038], [46.63558700725921, 24.603428313562336], [46.63553374939497, 24.60340757639687], [46.63542319817446, 24.60338164891635], [46.63520537915913, 24.603335538489077], [46.63488989873265, 24.60329098179203], [46.63483210056422, 24.603285851830783], [46.63479013133321, 24.60328726667382], [46.63447878504851, 24.60331848018796], [46.63445248463767, 24.603313967759014], [46.63443238133429, 24.60330170962434], [46.634389465542604, 24.603230198937204], [46.63436395297134, 24.6032055239603], [46.63433863988467, 24.60319620179164], [46.63430604264758, 24.60319175772336], [46.634280916566745, 24.603196828694465], [46.63424965471163, 24.603214442782132], [46.63407109427251, 24.603367053170295], [46.63404508055572, 24.60338461022863], [46.634014681291234, 24.603387819721966], [46.633985208005875, 24.60338142206575], [46.633855106265464, 24.60330509909294], [46.6337579020301, 24.603256251214482], [46.633717637472124, 24.603256688354477], [46.633701328007945, 24.60326454290961], [46.63367377576517, 24.603325302158364], [46.63365219734807, 24.603361045380293], [46.633555725460184, 24.603449424468575], [46.633393844004146, 24.603593215743942], [46.63327133293932, 24.603697232287217], [46.633228075071465, 24.603761041325832], [46.63312558594519, 24.60403278638135], [46.63307100699488, 24.604113992829063], [46.63301394347947, 24.604165476052692], [46.63296080346089, 24.604195802898122], [46.63289798088338, 24.604208001315364], [46.63283707073713, 24.60420578286633], [46.63278234540998, 24.604194860894054], [46.63272226071871, 24.60417535885662], [46.632642671810714, 24.604137555927764], [46.63257749425895, 24.604096599825166], [46.63252861491033, 24.604055578836984], [46.63249551934457, 24.60401275232126], [46.63246743442476, 24.603951636150075], [46.632462538450014, 24.60389794680716], [46.63247523641871, 24.603824872410705], [46.63260073783828, 24.603627734318497], [46.63270946619832, 24.603486692088207], [46.63275682502797, 24.603441780062283], [46.6328151248211, 24.60340467871387], [46.63289442792805, 24.603368310138425], [46.63302515752648, 24.60333138254948], [46.63306228463285, 24.603317179477493], [46.633090891893026, 24.603300919015297], [46.63311678115487, 24.6032737663761], [46.63312559158411, 24.603224726404953], [46.63311105027154, 24.603155786779645], [46.6330938344303, 24.60312334404265], [46.633064098655105, 24.60309679596906], [46.63302170688105, 24.603065585330302], [46.63297704146907, 24.603020964866406], [46.63295973848785, 24.60298180536305], [46.63294971972689, 24.602937768718753], [46.63294571229967, 24.60287159325845], [46.63294945745645, 24.60278937824553], [46.632950617320404, 24.602683440083393], [46.632955142049205, 24.602627728928724], [46.63297014086582, 24.602490385257344], [46.63295402429142, 24.6024607548889], [46.63287885736532, 24.60241226950759], [46.632839455910386, 24.602367948521746], [46.63280633581007, 24.602323202718598], [46.63277948762445, 24.602276468354464], [46.632761006562475, 24.602231062586444], [46.6327454998087, 24.602093267975672], [46.63272931290628, 24.60205402589656], [46.63269765991977, 24.602031076790606], [46.6326396252921, 24.60201407066287], [46.632584143796024, 24.602014815231453], [46.63243523742763, 24.602044673802105], [46.632282519145605, 24.602055289091435], [46.63211038507398, 24.60205378186922], [46.63195894674762, 24.602047735882834], [46.631733339260805, 24.602028655880247], [46.63149844386529, 24.601998616407606], [46.63146261098536, 24.60198748818309], [46.63142010798437, 24.60194764186703], [46.63140496614817, 24.6019132577257], [46.63139990996674, 24.601847093550397], [46.63141271943593, 24.60178265529842], [46.63143921042993, 24.601720948126367], [46.63146850736302, 24.601670458160825], [46.63150476229931, 24.60162588270407], [46.63153270898808, 24.60161581016694], [46.631575264917444, 24.601609108735584], [46.631700105451515, 24.601601046521626], [46.63180043566984, 24.601602116617137], [46.63190376214599, 24.601605546882567], [46.631986747611016, 24.601610404865596], [46.63206238765474, 24.60161534246395], [46.632114888057636, 24.601616692686815], [46.632148310368684, 24.601603853709214], [46.632274690512304, 24.601555458210388], [46.63238144187707, 24.601531267814487], [46.63256913014796, 24.60151579642946], [46.63263817586671, 24.601524664340438], [46.632724930473394, 24.601550574048687], [46.632986665838764, 24.60166001807225], [46.63341051267442, 24.601805130714514], [46.63348172705298, 24.601873455172466], [46.63358953464295, 24.60201144050545], [46.633642032297885, 24.602093403438143], [46.63378606520176, 24.60233556834045], [46.633821189404735, 24.602390882452493], [46.63386059902716, 24.60244424577781], [46.633919689194016, 24.602539524547442], [46.63397527389075, 24.602616655728905], [46.634004105267, 24.60264131460931], [46.63404135567359, 24.602653505802056], [46.634082591445235, 24.602646275335488], [46.63415939208809, 24.602619022045563], [46.63430173787812, 24.602537295502273], [46.634342563642136, 24.60250877325451], [46.63436756588377, 24.602475558844816], [46.63438274205137, 24.602420166292784], [46.63442793809392, 24.602232662666633], [46.63443624926666, 24.602145240606376], [46.634434301979546, 24.60207616343787], [46.6344211099581, 24.60203024177118], [46.634271523180566, 24.601827452568706], [46.6342575050077, 24.601798813532792], [46.63425060986904, 24.60175282346359], [46.63425744518591, 24.60171340197847], [46.63429434275772, 24.601644862753908], [46.634344721410216, 24.601563701530228], [46.63437665750205, 24.601517289747775], [46.63440249166498, 24.60150342752067], [46.63443629229701, 24.60150224689676], [46.6344627045302, 24.60151539542095], [46.63447567308633, 24.60154404583803], [46.63447281095143, 24.601566149597488], [46.63444262581435, 24.60164304016109], [46.634428564687624, 24.601715381877952], [46.634431387034766, 24.601771013259842], [46.63458986749872, 24.602092708147428], [46.634603617895934, 24.60216373561559], [46.634609854219796, 24.602195948909014], [46.634751579660616, 24.60218190402139], [46.63473895849987, 24.602176500836634], [46.63472533172353, 24.602150329782237], [46.634719580793984, 24.602139283685492], [46.63471885975851, 24.60200301539545], [46.63472843354137, 24.601851280292472], [46.63473952956833, 24.60181661060122], [46.63476206978357, 24.60177414000404], [46.63479945341032, 24.60174302303748], [46.63484119667354, 24.60172433608963], [46.634906154458136, 24.601714993115884], [46.634971248430844, 24.601716205521626], [46.63500601937793, 24.60172638373609], [46.63503365595263, 24.601752955136828], [46.635045245479766, 24.60178027152493], [46.63505444500087, 24.601817988376652], [46.63506167686536, 24.601984532897223], [46.63506672175426, 24.602046488503095], [46.635057308937796, 24.60219538038437], [46.63506291812748, 24.602324606979327], [46.63508034972737, 24.602361235757286], [46.635113229635735, 24.602383566957776], [46.63546431485656, 24.602502592517954], [46.635690209481886, 24.602599944672747], [46.63573751065689, 24.602614731325723], [46.635824498109976, 24.60262153729164], [46.635903547665926, 24.602619698310825], [46.63613316736723, 24.6025999273971], [46.636167838806, 24.602602429826863], [46.6362183776045, 24.602614356806733], [46.63645481726612, 24.602715432316092], [46.636598275958846, 24.602769534182745], [46.63668989651781, 24.602792529981627], [46.63673269929255, 24.602786352606504], [46.636771561002504, 24.60276084604942], [46.63682341640863, 24.60267965444767], [46.63686715481612, 24.602577050915475], [46.636895091833125, 24.602509108788702], [46.636928226633344, 24.60247419923403], [46.63697418078775, 24.602456424789356], [46.637030729179635, 24.602446212567703], [46.637080155911455, 24.60245335326607], [46.637287384926005, 24.602568180591895], [46.63769123528016, 24.602789313399846], [46.63764856743536, 24.602817608273607], [46.63758748311912, 24.602801958252517], [46.637312859921366, 24.602670590091524], [46.63717133800244, 24.602603992271828], [46.637107130891415, 24.60259029471587], [46.63705895256358, 24.602598496317885], [46.63704031087876, 24.602617893271724], [46.63697560240894, 24.602779219388285], [46.63695871958092, 24.6028213100191], [46.63729633931668, 24.602930714433484], [46.63730531211199, 24.60289715930761], [46.63731994553088, 24.602879528694064], [46.637327015274586, 24.602871011326975], [46.63735210366229, 24.602863060869847], [46.637384713371624, 24.602868463939295], [46.637431129751405, 24.602886193243105], [46.637500747604214, 24.602912307344884], [46.63761590714989, 24.602969594640427], [46.637719634222286, 24.603035644446518], [46.637817439204234, 24.60321116296165], [46.63786804690866, 24.603290015340942], [46.63792178482182, 24.60335738016056], [46.6380297005438, 24.603506386340296], [46.63814582869975, 24.603634955855487], [46.63827169158725, 24.60373713545529], [46.638385577647284, 24.60381643908914], [46.638466738870726, 24.603864000355998], [46.63857529818577, 24.603899637317166], [46.63875823272013, 24.60394996637829], [46.63890916426002, 24.603984171909104], [46.63925540336493, 24.604032806534935], [46.63936591661739, 24.604033069838305], [46.639489659839896, 24.604024044206973], [46.639540012831155, 24.604021575998456], [46.63965577262387, 24.6040443069145], [46.6396927063777, 24.604059259419664], [46.639795411749915, 24.604127238429967], [46.63984942463182, 24.604164077405866], [46.63997177120543, 24.604208808916727], [46.640202267660094, 24.60425620071749], [46.640333676231904, 24.604324239375266], [46.6401827180259, 24.60444739176257], [46.64014515987319, 24.604465075681535], [46.640083450249286, 24.60448206303017], [46.6400159483841, 24.604491319532855], [46.639965940992504, 24.604486222240077], [46.63992266014382, 24.604467500695677], [46.63980182466558, 24.60437764673388], [46.63969107208418, 24.60429442485441], [46.639633239819084, 24.60428422276336], [46.639589815886154, 24.604276562467263], [46.639575896249376, 24.604845713201538], [46.6396057321304, 24.60487594270456], [46.63960575685288, 24.60487602098867], [46.63969889554154, 24.605178189144578], [46.63968241577655, 24.605202360943526], [46.63965187967623, 24.60519501621343], [46.63935911939135, 24.60504177713684]], [[46.63805949173412, 24.603178778190664], [46.63807720865283, 24.603168988257593], [46.63810149731634, 24.60318023962997], [46.63837618509412, 24.603397018533826], [46.63860488964346, 24.60356794832727], [46.63870696043296, 24.60364869411506], [46.63880416671626, 24.60369753957965], [46.638944491002825, 24.60375263304563], [46.639101696089675, 24.603795075065676], [46.639320534057454, 24.603853142192886], [46.639504913813695, 24.603905836478393], [46.63954717077024, 24.603926488905486], [46.639564063156854, 24.603933982328805], [46.6394381197043, 24.603935354512494], [46.639170028399754, 24.603902766184472], [46.63897850230409, 24.60386550517627], [46.63877731797884, 24.603812034347705], [46.63870729484163, 24.603781930793236], [46.638613466022385, 24.603723608522753], [46.638401398927606, 24.603559890674678], [46.63822406654233, 24.60340347274628], [46.638110030922164, 24.60327131760373], [46.638066150944844, 24.60320653623018], [46.63805949173412, 24.603178778190664]]], [[[46.63796234744019, 24.61038946895398], [46.63824982130432, 24.609993855066023], [46.638690652602506, 24.610252708567476], [46.63878124691969, 24.610120497788735], [46.638969583509756, 24.610230866145777], [46.63905378212, 24.610108389671563], [46.63918086206369, 24.610178421996995], [46.639297694369645, 24.610033284276554], [46.63964382102818, 24.61023173977271], [46.63978050761467, 24.610054458315368], [46.640305738776235, 24.610344667966203], [46.64052567167442, 24.610052492720175], [46.640235964178615, 24.60987001794717], [46.640289452014706, 24.60979780131018], [46.64042049748453, 24.60963048035684], [46.64055728820112, 24.609445415813678], [46.63969848398453, 24.60893774626273], [46.63958820141987, 24.609106550465654], [46.639421947226225, 24.60900360974482], [46.63930686675316, 24.609158956649026], [46.63916490453946, 24.609072263438883], [46.63914982269758, 24.60907764658911], [46.63893328695019, 24.60930855455012], [46.63887956019247, 24.609357938655204], [46.63882715239805, 24.60940213468187], [46.63877203191848, 24.60943749001725], [46.638751687347145, 24.609446159270764], [46.63870448842316, 24.609463241818187], [46.63866158790261, 24.609479134447], [46.63862860762221, 24.60948537161363], [46.638626355125304, 24.609485695010466], [46.638624074529204, 24.609485681023678], [46.63862182803338, 24.60948532807292], [46.638619672077105, 24.609484647281377], [46.63861766713194, 24.60948365604871], [46.638615862913, 24.60948238001795], [46.63861431024055, 24.609480853849256], [46.63861304815565, 24.609479117748524], [46.63859556456361, 24.609467539589758], [46.63855851118354, 24.609442688644524], [46.63851563018353, 24.609414601909236], [46.63847038608025, 24.609384639359565], [46.63828081450583, 24.60925909312466], [46.638254433377405, 24.6092836651467], [46.63806231043756, 24.609484768185908], [46.63785716176705, 24.609359782866054], [46.63782002858313, 24.609414934365734], [46.637706631783566, 24.609569310134688], [46.637493155617804, 24.609441285456583], [46.63729106402192, 24.609725062114258], [46.63750263877157, 24.609850996746065], [46.63736795956274, 24.610031136513896], [46.63796234744019, 24.61038946895398]]], [[[46.6580747374337, 24.611340726342483], [46.658116112155255, 24.610784625596587], [46.658154095765084, 24.61061383463951], [46.65824251393707, 24.61041344757806], [46.65828598344938, 24.610337462811884], [46.658459249142204, 24.610147756307953], [46.65856185220388, 24.61005950280174], [46.65865866444731, 24.610013906827007], [46.65872417514091, 24.610003504511255], [46.658796268056285, 24.610010453901616], [46.65962218149784, 24.610493100300424], [46.659658585799974, 24.610523675648594], [46.659667821875985, 24.610581655063395], [46.65960945445056, 24.61065199613662], [46.65951078043998, 24.610716974299436], [46.65940580495658, 24.61078589357138], [46.65933016697867, 24.6108312574023], [46.659282208213284, 24.61088793182426], [46.659275220133935, 24.611000298941804], [46.659278844396425, 24.611114485749336], [46.65929780168656, 24.611267224614117], [46.65931205228661, 24.611327406913965], [46.65956643854812, 24.61089601899196], [46.65960602687923, 24.61089747207387], [46.6597673736106, 24.610902454908732], [46.659854306119335, 24.610905139047787], [46.65989134328366, 24.610906282513767], [46.65993120148591, 24.61093124603472], [46.66002475736032, 24.61098983902984], [46.66021684968149, 24.611110145394207], [46.660241356592294, 24.611123682200866], [46.6603745110022, 24.610981482048945], [46.66037805526981, 24.610948324311643], [46.66037802707529, 24.61094611430696], [46.66037801403566, 24.610945650356772], [46.660376489314736, 24.610945513689988], [46.660377002727856, 24.610940715394467], [46.66037688018269, 24.61093143486498], [46.660354855128936, 24.610907571230857], [46.660341634977854, 24.610895767158866], [46.66033965612031, 24.610895493747222], [46.66033838086735, 24.610896897394635], [46.6603358418878, 24.610894967913037], [46.66033433796228, 24.610894760589588], [46.66024248022665, 24.610832089580658], [46.66023540979737, 24.610827598897068], [46.660235266871396, 24.610827470455725], [46.66020358117833, 24.610807215781474], [46.6600373470142, 24.61070095409449], [46.65997912821391, 24.61066373848552], [46.659944356974805, 24.61064316205215], [46.65994197812839, 24.61064318739596], [46.6599312003279, 24.61064484215584], [46.65987421520211, 24.610607482873476], [46.65979566550104, 24.610558908102444], [46.65944297475924, 24.610340806344496], [46.659343112454565, 24.610279051001676], [46.65932762353966, 24.610269913762075], [46.65924289806989, 24.61022136797082], [46.65918231081604, 24.610186652118376], [46.659129981245314, 24.610147757714824], [46.65912293460991, 24.610142893812146], [46.65904747826219, 24.61009623208133], [46.658764620220936, 24.609921311166516], [46.65867779777475, 24.609867619913327], [46.658674114845624, 24.60986551520844], [46.658662794972436, 24.609858565726277], [46.65864400994287, 24.609849911689036], [46.65857771409735, 24.60986757206654], [46.658551955731724, 24.60987443460953], [46.65851724544086, 24.6098842047765], [46.65850458127617, 24.609902029630078], [46.65848430092624, 24.609934480667395], [46.65844240676598, 24.60998798919759], [46.65843475823119, 24.60999836575109], [46.65840678599413, 24.610036635933074], [46.65838709211103, 24.610062936208553], [46.65833242776848, 24.610137848043035], [46.65829159117422, 24.610195621951238], [46.658265985304055, 24.610229407469692], [46.6582475973031, 24.610255431492025], [46.65819653600759, 24.610320635235677], [46.65818620149188, 24.610346394421338], [46.65818116184978, 24.610359365155432], [46.65815267290629, 24.61043268463695], [46.65810095336089, 24.610565792447172], [46.65808979085867, 24.610632271949864], [46.658069917702505, 24.610784375366194], [46.658064129625544, 24.610828669886608], [46.65806288380748, 24.61083208306348], [46.6580490589139, 24.61083858918633], [46.658042815747905, 24.610883648969658], [46.658026886582384, 24.61099871318146], [46.65799302714425, 24.611243289405177], [46.65799180741763, 24.611249206056446], [46.65798829268236, 24.611275214215997], [46.65798645584267, 24.611275150488638], [46.65798610497662, 24.611276853627274], [46.65791414676644, 24.611273507703], [46.657843071047665, 24.611270202582208], [46.657514940547166, 24.6112588776862], [46.65722661660977, 24.61096948119742], [46.65721381903329, 24.6109522511254], [46.65720872414612, 24.610945752136885], [46.657139080864894, 24.610852682765366], [46.6569642322117, 24.610619020065183], [46.65692610522444, 24.61056806722484], [46.65691146027871, 24.610544120872646], [46.65682963631247, 24.61041006434642], [46.65679419488174, 24.610351997675743], [46.65678277051609, 24.610333215689014], [46.65672500084237, 24.610224311960433], [46.6567233523096, 24.610212678086334], [46.656713392914526, 24.610155688759015], [46.65670103758832, 24.610134982986946], [46.656653262705305, 24.610087170073538], [46.65665046325242, 24.61004080045614], [46.6566466671707, 24.609999219098846], [46.65664784574693, 24.6099974463535], [46.65664755528325, 24.609992640663716], [46.656651241039036, 24.609992338235575], [46.65665167296073, 24.609991688803234], [46.65667881219725, 24.60998587861261], [46.65658965635889, 24.60986670673571], [46.65650061724848, 24.609752259332915], [46.65640977436903, 24.609488264993473], [46.65639105893267, 24.609455637687585], [46.65623497115122, 24.60932775800626], [46.655884984621025, 24.60918013303102], [46.65563002955553, 24.60903827032445], [46.65556764152834, 24.60900978838211], [46.655373875271366, 24.608961392747773], [46.655294913821635, 24.608942256653766], [46.65515850556008, 24.608909198516645], [46.65509356157843, 24.608893459247003], [46.65504373451869, 24.60890492714083], [46.65491196438476, 24.608935825853106], [46.6546269494008, 24.609002659873955], [46.65458595792907, 24.609010714066052], [46.654584847331805, 24.609010974579427], [46.6545847906304, 24.609010943601184], [46.65458312882254, 24.609011269768303], [46.654488124550596, 24.608963897841207], [46.65410811111473, 24.608774409459507], [46.653967405114116, 24.608704248182462], [46.65393465221522, 24.60868631258682], [46.653804845513434, 24.608584750051623], [46.6537267877642, 24.60852367659746], [46.65367943564561, 24.60848662700649], [46.65366875472399, 24.60849286431802], [46.65363911429895, 24.608532943372783], [46.65356323838403, 24.608635541464118], [46.65354601844486, 24.608658825324277], [46.65355235256522, 24.608710996225547], [46.65359081738566, 24.609019870400846], [46.65360778125898, 24.609156088230666], [46.6536132832916, 24.609202056255302], [46.65360835902515, 24.609243136756998], [46.65359883704777, 24.609322568288302], [46.65358109778339, 24.609470546887362], [46.65357611391026, 24.60947495007321], [46.65357568674123, 24.609478590782626], [46.65357237284338, 24.60947825610889], [46.653568763565545, 24.609481445123684], [46.65346855145115, 24.60947041680214], [46.653173595295314, 24.609437957938162], [46.65305700756628, 24.60942617566487], [46.653056700646566, 24.609425291477354], [46.652979845262905, 24.609203930830798], [46.652863943200806, 24.60885589925977], [46.65275611557734, 24.60854642157583], [46.65258065571013, 24.608068172617866], [46.65258210495109, 24.608068355340098], [46.65258356707308, 24.608068315805124], [46.65258500159018, 24.608068054457597], [46.65258636908696, 24.608067578050818], [46.652587630254764, 24.608066901463108], [46.65258875075785, 24.60806604222687], [46.65258970029335, 24.608065024150577], [46.65259045060451, 24.608063876437704], [46.65259098235732, 24.608062630902452], [46.65259128019134, 24.608061321121177], [46.65259133571768, 24.60805998510821], [46.65259114743598, 24.608058658996423], [46.65259072076992, 24.608057379745517], [46.65259006704426, 24.60805618244458], [46.652589205483444, 24.608055102095932], [46.652588159178705, 24.608054167339045], [46.65258695712232, 24.608053404942744], [46.65258563317268, 24.608052836204973], [46.65258422505501, 24.608052476060823], [46.65258276944771, 24.60805233494236], [46.65258130985839, 24.608052416886242], [46.65261797475121, 24.60790083823471], [46.65265778802864, 24.607815543693455], [46.652681045946515, 24.607565128129828], [46.65266392561425, 24.607440125972797], [46.6526145402344, 24.607312097705275], [46.65248190663625, 24.60713913577906], [46.65245161533136, 24.607058278822155], [46.6524736139479, 24.60697416414459], [46.65072275982012, 24.605783407198967], [46.650476090231294, 24.606086841803933], [46.65108937827534, 24.606545076028656], [46.650803721825795, 24.606926000548643], [46.65123958142714, 24.6071776949321], [46.65130971800703, 24.607222477017938], [46.651453256203375, 24.607196360550347], [46.651491714916624, 24.607373074900284], [46.65144310613582, 24.60743962377925], [46.651536393741175, 24.607496550403525], [46.65163528157676, 24.60766420613443], [46.651461606750914, 24.607901920029008], [46.65147707593587, 24.607965195903173], [46.651489933156796, 24.608016982927094], [46.65149829139501, 24.608071367343108], [46.65149631808073, 24.608115882590912], [46.65148092839422, 24.608165455124375], [46.65136360949556, 24.60846138574535], [46.65135615979288, 24.60850145918994], [46.651354219345215, 24.608538252390826], [46.651361623637065, 24.608577902765678], [46.65137364198952, 24.608610028210254], [46.651446617632466, 24.608744891224696], [46.651580686131084, 24.608994137745952], [46.65163767169928, 24.609101245563032], [46.65165608331572, 24.609165653852052], [46.65165676140612, 24.60923442645035], [46.65164402319041, 24.609301652471036], [46.651613795486185, 24.609362952368244], [46.651574583610135, 24.609415318174875], [46.65154197893136, 24.609445732138692], [46.65149332011645, 24.60947679002707], [46.65143148266372, 24.609504548857792], [46.651352161859165, 24.60952068408449], [46.651260483376184, 24.609516466072872], [46.6511890914528, 24.609494718392302], [46.6511155535458, 24.609460265005882], [46.65100608271309, 24.609403878744526], [46.6509551447426, 24.609370723053832], [46.65090806860061, 24.60933893892612], [46.65087008701604, 24.609304942182874], [46.65084935690187, 24.6092837201186], [46.65070976141887, 24.60911472277975], [46.65066206786504, 24.609048981481827], [46.65057889493991, 24.608918043825422], [46.650508507561554, 24.608753527487643], [46.650475123906546, 24.608658828113512], [46.650460332264146, 24.608604555733862], [46.65043841727968, 24.608552335252746], [46.650409705209945, 24.608502945008073], [46.65038556172244, 24.608447074118022], [46.650362829946424, 24.608412907239877], [46.65033408313637, 24.608382764692873], [46.65030015742486, 24.608357521251456], [46.650024211981716, 24.608188902671273], [46.649733464636675, 24.608016337606212], [46.649782217079, 24.60793445443993], [46.64930599634804, 24.607643314910025], [46.64920184736136, 24.607802185954576], [46.648711591376546, 24.607495583361338], [46.648528761666824, 24.607751360525413], [46.64819134811794, 24.60754088658026], [46.64807998647304, 24.607688919721443], [46.64789680300028, 24.60757458243128], [46.6461971713071, 24.606513719049364], [46.646306122893456, 24.606366313135613], [46.64627812176899, 24.606348136902337], [46.64659682470299, 24.605902915527093], [46.64662654578667, 24.605861395851395], [46.6466477661117, 24.605831751289486], [46.64647931982137, 24.605728905586822], [46.64669986456289, 24.605426624435943], [46.6463851554697, 24.60523761074046], [46.64645399485164, 24.605147142420474], [46.646470550662904, 24.605124054400783], [46.64645265697372, 24.605113290650788], [46.64654665031573, 24.604963402738647], [46.64630958196973, 24.604818431992605], [46.64630999331771, 24.604817867686876], [46.646222996633234, 24.604764390151185], [46.6461984727378, 24.604798624178734], [46.645552164594505, 24.60440186968496], [46.6455756553843, 24.60436867637453], [46.645291657788235, 24.60418943875101], [46.64540922639211, 24.604027552267944], [46.64510108948722, 24.60381659342422], [46.6450533966867, 24.603783750404485], [46.64512480250991, 24.603692562983216], [46.64512691094093, 24.60368901135196], [46.645141028736745, 24.60366903627992], [46.64525459510597, 24.603513012040278], [46.64472028358925, 24.603187917485503], [46.64485181525022, 24.603015831206868], [46.64478945510632, 24.602975255145942], [46.64485233300306, 24.60288844267696], [46.64491701805105, 24.602799137353774], [46.64501711077193, 24.602660944113065], [46.64479153995826, 24.60252247598248], [46.6448055606725, 24.602503087090657], [46.644859815861565, 24.602428050750177], [46.64481189812195, 24.60239880367381], [46.645023394172924, 24.60214202588276], [46.64503655134736, 24.602125329866926], [46.64420252317036, 24.601608951343493], [46.644134819900316, 24.60160514396787], [46.64406650072205, 24.60170926663952], [46.64406638843383, 24.601720094692368], [46.64406829879097, 24.601730781463566], [46.64407217436756, 24.6017410133668], [46.644077901643634, 24.60175049187508], [46.64408531303898, 24.601758938013145], [46.64424636908991, 24.601865417749217], [46.643873534468774, 24.602383847782793], [46.64349170707646, 24.60215585052976], [46.6430284359151, 24.60278245648291], [46.64303553672595, 24.602785950877234], [46.643021024277175, 24.602810208073596], [46.64303786525514, 24.60281633375346], [46.64321465833009, 24.602894582013093], [46.64300476561342, 24.603253625514373], [46.64318248591085, 24.60336364618908], [46.64328624531789, 24.603220723342684], [46.643504185261556, 24.60335369888461], [46.643539227395614, 24.60341168585442], [46.6436102535623, 24.60341849636791], [46.64380355172884, 24.603536465115464], [46.6436976018933, 24.603682534497796], [46.64389203198707, 24.603802896102348], [46.64405198749492, 24.60390098904959], [46.64363381108675, 24.60448458964901], [46.643553617518144, 24.60443544783036], [46.64350454706462, 24.60450017184058], [46.64306291379704, 24.604503967214747], [46.64289577734628, 24.604498482121063], [46.64279287685692, 24.604457750128443], [46.64257114425734, 24.604324240768428], [46.64184302764734, 24.60387640727193], [46.64182761691848, 24.603867280826677], [46.641822353735286, 24.603874892022702], [46.64169875613428, 24.60379871998967], [46.64162636470004, 24.603804600373202], [46.64131034246315, 24.60423747498239], [46.6411432088523, 24.604464401379037], [46.64103432064561, 24.604614605718574], [46.640859811587156, 24.604852342487135], [46.640862321937554, 24.604853850065428], [46.64086067365178, 24.604856347439213], [46.64086198517816, 24.60485695434192], [46.640806821414316, 24.60493846051429], [46.64078949972993, 24.604946071340635], [46.64058564434356, 24.60521967190188], [46.640490474735635, 24.605354757817206], [46.64052493898767, 24.605395148611784], [46.64088611461868, 24.605487298478746], [46.64098028370612, 24.605511116099166], [46.64111700008548, 24.60557958999861], [46.64123919360026, 24.60560359840229], [46.64153205124903, 24.605726954301343], [46.64212798894965, 24.60562565321722], [46.64271926016486, 24.605521928578714], [46.64281703946947, 24.60553752523093], [46.64283540929503, 24.60551368641861], [46.6428984669189, 24.605538499811104], [46.643306612954255, 24.605403949535727], [46.6435396814598, 24.605463215588905], [46.64370540881431, 24.605555748834647], [46.64390549912529, 24.605821509419993], [46.64390691773467, 24.606114559381222], [46.644137674334445, 24.606259908059297], [46.64421837125303, 24.606508652588268], [46.64429377938409, 24.6065598200353], [46.64447132446397, 24.606678949392844], [46.644462971330505, 24.60671565376826], [46.644411376819875, 24.60689024671379], [46.644328329538894, 24.606916063840103], [46.6443204178598, 24.606939855354018], [46.64411701934832, 24.60750306450366], [46.64396892436629, 24.607695715398673], [46.64423232397413, 24.60796295055677], [46.64410377798542, 24.608084485888792], [46.643968255467776, 24.608149372803236], [46.64370820379143, 24.608083119541675], [46.643562229065324, 24.608127819207688], [46.642981246244496, 24.608193662827926], [46.642395183066995, 24.608196939091986], [46.642269715943115, 24.60813633270812], [46.642246096124275, 24.60818585523032], [46.642215735923386, 24.60823220625105], [46.64217913495419, 24.608274620964004], [46.642136895449994, 24.608312402966728], [46.64208971247178, 24.608344930688222], [46.642038362176464, 24.608371666546404], [46.64198369017935, 24.60839217332793], [46.641926597681945, 24.608406110728275], [46.64186802193429, 24.608413251817712], [46.641808929239524, 24.608413476797345], [46.64175029040773, 24.60840678410213], [46.6416512613156, 24.60838571890181], [46.64155388834112, 24.60835896888587], [46.6414370172759, 24.60832444435552], [46.64132243257836, 24.6082840168278], [46.641210491448355, 24.6082378124304], [46.64110154144505, 24.60818597545538], [46.640631272938016, 24.607907170427204], [46.640114000563976, 24.608634488516216], [46.64014697745361, 24.608658002058718], [46.64006113535368, 24.608773806411783], [46.64166646337551, 24.609752449840002], [46.641948392207965, 24.6093658341433], [46.64322878997567, 24.61015043049707], [46.643568522814896, 24.609673649654937], [46.643739423707, 24.609777708622083], [46.64403205286406, 24.609379541511473], [46.64418920728342, 24.60947221277412], [46.644450585887675, 24.60907326681731], [46.64482748669975, 24.609294311376868], [46.64545982576659, 24.60839008000165], [46.64553923951233, 24.608434922285074], [46.6457313786797, 24.6085461469849], [46.645841239361495, 24.60839619783571], [46.6470249462815, 24.609121072978397], [46.646853644729035, 24.609355317686106], [46.6465533774642, 24.609171546180754], [46.646205797182226, 24.60965127775562], [46.64627396016795, 24.609700730170438], [46.646154586692745, 24.609862032189167], [46.64602699780909, 24.610027855492696], [46.64600010074905, 24.610058173364333], [46.64574976354108, 24.609910662105616], [46.6456051312022, 24.610106487445623], [46.645338878653725, 24.6099440944213], [46.64459945658393, 24.610950549939886], [46.645109186190744, 24.61125872244015], [46.6453829505224, 24.610884420783155], [46.64592242189443, 24.611192648012857], [46.646082816997186, 24.610946543750323], [46.64640122112532, 24.611143908591515], [46.64737901524253, 24.609824262457966], [46.6474208230627, 24.609809630781385], [46.647464507863106, 24.60980069215989], [46.64750914868763, 24.609797634549942], [46.64755380321102, 24.609800522444193], [46.64759752946264, 24.609809296633763], [46.64763940255391, 24.609823769510484], [46.64808240256097, 24.610077521866955], [46.64852150195757, 24.609470693824502], [46.64876172434737, 24.609135380536685], [46.64884242088554, 24.609183633489874], [46.64890317028512, 24.609053952653646], [46.64889186474594, 24.609047374251304], [46.64877971066907, 24.609006489795522], [46.648687254725246, 24.60898158581141], [46.64862350214396, 24.60898390421874], [46.64843653341568, 24.60904750423734], [46.648403469881075, 24.609093220590722], [46.64831853089003, 24.60922249449459], [46.648083475340336, 24.60949337841716], [46.64798293378585, 24.609585379357263], [46.64792292465565, 24.60965460007986], [46.647872704546344, 24.609710692688825], [46.64781436509218, 24.609745374099845], [46.64774585227036, 24.60975149949317], [46.64746953565322, 24.6097527340757], [46.64735982570514, 24.609755726749277], [46.64725134463007, 24.609731071398613], [46.6471800619467, 24.609699456292947], [46.647121050784286, 24.609657988776245], [46.64703807679166, 24.60958007842721], [46.64699209232996, 24.609510704639415], [46.64699110744443, 24.609476376813845], [46.647004749397624, 24.609435732822718], [46.64715271527863, 24.609234881164078], [46.64723068708357, 24.609168426526352], [46.64729875200072, 24.609132879514043], [46.647351120393225, 24.60909745738508], [46.64735071729615, 24.609066686080453], [46.64726225010087, 24.609075753803186], [46.647154009728986, 24.609063170348083], [46.64708456163172, 24.60903639456008], [46.64695577776735, 24.608982547093166], [46.64675843137938, 24.608890945308683], [46.6466869362445, 24.608843134943562], [46.64647950100836, 24.60867958455759], [46.646311418175735, 24.608564962720468], [46.646241410012124, 24.608509477362645], [46.64619437684726, 24.608456948640313], [46.646039317468606, 24.608229847357357], [46.64598664901737, 24.60815821320743], [46.64592881514799, 24.60808180225736], [46.6458375861727, 24.6079777500762], [46.645651065196695, 24.607804854757344], [46.645544959831234, 24.607684532093923], [46.645465755689855, 24.607589021514507], [46.6453701843607, 24.607461294302528], [46.64524470757604, 24.607171926106766], [46.645206093790954, 24.607066637220832], [46.64518204145786, 24.60702569041558], [46.64485759267084, 24.606792731566074], [46.644785259302225, 24.60676389774178], [46.64440871476658, 24.606485878657573], [46.64417078496077, 24.606244995831993], [46.64406179566332, 24.60617491625176], [46.64400980961432, 24.606128511152313], [46.64401299270193, 24.606100940259925], [46.64403270638608, 24.606056392780715], [46.6440631914701, 24.6059897660746], [46.6440664315466, 24.605937770782813], [46.64403428385914, 24.605877203446994], [46.643943586409286, 24.605806089612887], [46.6437273961679, 24.605531469510254], [46.64356695222086, 24.605455472303166], [46.64331660689993, 24.605395904693246], [46.64273173407796, 24.6054793347359], [46.64244992224732, 24.605509286273083], [46.642191548263476, 24.605546619236303], [46.641868011574815, 24.60559874282361], [46.6415214251749, 24.605649498258614], [46.64134719084103, 24.60560280504188], [46.64125813367358, 24.605566522261658], [46.64125793653353, 24.60547391622596], [46.64125173098917, 24.605448900082994], [46.64125641247192, 24.605206966718637], [46.641113939576115, 24.605106458050795], [46.641193468043184, 24.604888728072943], [46.64132066863549, 24.604874798300802], [46.64134438836264, 24.604740160812497], [46.64162621827905, 24.604561497809566], [46.64188084188974, 24.604545747607986], [46.64204769203058, 24.604569843281503], [46.64228185696328, 24.604593205015345], [46.64247641621579, 24.60456840392199], [46.64345060875778, 24.60455128883753], [46.64368123083862, 24.604574686173056], [46.64387283941146, 24.604595269710295], [46.64404715774633, 24.604648437502597], [46.64418441403255, 24.604712538914747], [46.64430202552083, 24.60476470617897], [46.64455759815675, 24.604973219043142], [46.64476220900053, 24.605184197241545], [46.64482610641637, 24.60527487620038], [46.644985285375896, 24.605608186900643], [46.64506800911606, 24.605760595165982], [46.64512404674746, 24.60584583046776], [46.64520511626503, 24.605948609212906], [46.645328522851635, 24.60607923848071], [46.6453737550908, 24.606091286221627], [46.64543428810602, 24.606074499179414], [46.64549314698063, 24.606026449042442], [46.645528024739406, 24.60598395310895], [46.645555741787106, 24.605920875051428], [46.645556670564, 24.605842028956925], [46.64554258237397, 24.605742447388458], [46.64552481720671, 24.605654247502923], [46.64549675215575, 24.605606178205182], [46.645441253921184, 24.60555840889273], [46.645154929636874, 24.605393117679807], [46.644998491849776, 24.605269408084286], [46.644918965526486, 24.605182483712532], [46.6447453074505, 24.604940708575924], [46.6447051106038, 24.60486410425145], [46.64465275912604, 24.604757173018815], [46.64462011959523, 24.604658985017185], [46.6446114442121, 24.60458152960768], [46.64462316352301, 24.604442154399262], [46.64462551326709, 24.604322083827583], [46.64460094638836, 24.604241724972365], [46.6445688457839, 24.604184740875265], [46.64436997366814, 24.603962949522067], [46.6442830412427, 24.60385459920815], [46.64422696377964, 24.603766124297216], [46.64419403055391, 24.603696114758492], [46.64416776162348, 24.603635483180046], [46.64414718455173, 24.603560455670916], [46.64412977740699, 24.603514501615567], [46.6441026774416, 24.603474302981844], [46.644059540756174, 24.603452119295756], [46.64387660653334, 24.6033801322536], [46.64384954900884, 24.60334317275574], [46.64383224977453, 24.603293449625916], [46.64386065827257, 24.603217886947277], [46.64393540179407, 24.60314650600808], [46.644002127352266, 24.603096296541352], [46.6441036340733, 24.603005367624206], [46.64416604921651, 24.602901019596413], [46.64422117838933, 24.602781363718822], [46.64424489790732, 24.602698496181674], [46.64426326074724, 24.602612447520727], [46.64430754256615, 24.602340651093467], [46.644334603702085, 24.60224235869213], [46.64435979095904, 24.602204018486105], [46.64438787881697, 24.60218427456981], [46.64442136563147, 24.60217095004974], [46.64444873810976, 24.60216417163764], [46.64449312774832, 24.602171785686245], [46.64451546118135, 24.602186120053542], [46.6445237492154, 24.602210325954225], [46.64452617906391, 24.602324125064474], [46.644523978595, 24.602363392396924], [46.64452765557587, 24.60250913194838], [46.644516583354005, 24.60267851923802], [46.64449697053278, 24.602872297231084], [46.64449438850008, 24.60308127653882], [46.64450984003905, 24.603179104376242], [46.64453739528493, 24.60325412238754], [46.6446351678732, 24.603415031808375], [46.64473332189836, 24.603605092923743], [46.644806830665004, 24.603690198853844], [46.64483094488137, 24.60371811787302], [46.644987190141215, 24.603899012189217], [46.64516426109252, 24.604100386924927], [46.6452316228434, 24.604204297054462], [46.645271622888586, 24.604266000828073], [46.645281819485234, 24.604280335933858], [46.64535832482609, 24.60438790032983], [46.645338592631234, 24.604504739814303], [46.64533721824702, 24.604547118570554], [46.64534516754962, 24.604601044749405], [46.645368324851255, 24.6046855659446], [46.64543990883727, 24.60480086155332], [46.64547034058221, 24.604824825236108], [46.645556790925774, 24.604841771057245], [46.6456390689525, 24.60485699545909], [46.645770598549916, 24.60488957144246], [46.646008540961866, 24.604969529267464], [46.64606091880562, 24.60500706911266], [46.646139152969425, 24.605080104858313], [46.64620729954752, 24.60519988450187], [46.64623799306469, 24.605306682784057], [46.64625573113799, 24.605339359218387], [46.64634047849309, 24.605520719025403], [46.64635931681593, 24.605606360840557], [46.64636480773045, 24.60573748207608], [46.64635382889982, 24.60581430092606], [46.646351072032424, 24.605849646669935], [46.646349267425464, 24.60587278727115], [46.64634332169803, 24.605894255844117], [46.64630805847834, 24.606021584712977], [46.64618296253283, 24.606345288275143], [46.64617659315024, 24.606358688545157], [46.64617247282779, 24.60636735913724], [46.64617213065363, 24.606368077986705], [46.64615251504043, 24.6064093479765], [46.64612922791468, 24.606458342811212], [46.64609834040903, 24.606540248849214], [46.64609747134652, 24.606575564004384], [46.64610038642773, 24.606623455949848], [46.646121250187285, 24.60667550717991], [46.646158052001724, 24.606720558026804], [46.64621947625014, 24.606771845855537], [46.64635927012694, 24.606871256410695], [46.64653094303849, 24.607009302079007], [46.646609087684, 24.607092200979473], [46.646859085105504, 24.60742598987166], [46.64708220801123, 24.607703054539282], [46.64711397406162, 24.607736369129263], [46.647167310806324, 24.60776662506858], [46.647230249266165, 24.607783852503175], [46.64743931149281, 24.607850076454817], [46.647574498946526, 24.607882211560735], [46.64769298275512, 24.607899168241172], [46.64779233097608, 24.607904909863155], [46.64789010933464, 24.60790993003163], [46.64796451068758, 24.607909115145528], [46.64801177104807, 24.60790071509236], [46.64805374602332, 24.607891130512343], [46.648136779646364, 24.607868886109102], [46.64817382351185, 24.60786065931458], [46.648230594662266, 24.607866516709404], [46.648459123568315, 24.607940607014154], [46.648723292814495, 24.60805954946544], [46.648880569351526, 24.608097243423906], [46.64898236743489, 24.608112583331465], [46.649074747445326, 24.608109449010495], [46.64912746583086, 24.60809453748974], [46.64922426629376, 24.608003890593263], [46.64924969287723, 24.608000028232965], [46.64930703030598, 24.60801102830742], [46.64944932051913, 24.608053202756974], [46.64963528102166, 24.608112263044866], [46.64974327700424, 24.60816423687934], [46.64985527243298, 24.6082398898403], [46.65008018797025, 24.608413767135172], [46.650247887214086, 24.6085571040824], [46.65032308330377, 24.60864376767093], [46.650359144606746, 24.608700264481815], [46.65047783645938, 24.608933608046147], [46.65054404186967, 24.60907649140198], [46.65058400406904, 24.609193227230953], [46.65062399697272, 24.609270537146692], [46.65066633793813, 24.60932290187782], [46.65076931401183, 24.609404191483545], [46.65095200751067, 24.609524441754655], [46.651129119564025, 24.609600179999568], [46.651287268421065, 24.609643640370955], [46.65139776419453, 24.6096535089955], [46.65149581001766, 24.60965780781149], [46.65154817779507, 24.609644376438037], [46.651617363749374, 24.60960470696748], [46.651673719196474, 24.609543355899717], [46.651702177572936, 24.60947524941894], [46.65173035767645, 24.60938595921556], [46.65173644399075, 24.609327283634933], [46.65172219295685, 24.609137518473823], [46.651676229713914, 24.60906993825883], [46.651638622680736, 24.609041683719077], [46.65161286658195, 24.609020465470415], [46.65160250522232, 24.608977578139456], [46.65161348560176, 24.60891833146807], [46.65161499770496, 24.60888427246646], [46.651590825323225, 24.60883436944511], [46.651542045995775, 24.608810360202682], [46.651477274260955, 24.608694071238848], [46.65145676244772, 24.608624419297445], [46.6514579597214, 24.608524568717673], [46.65149820464729, 24.60838302746347], [46.651559871448065, 24.608221993797933], [46.651714042372106, 24.607954658150188], [46.651788694419, 24.607828868691477], [46.6518327332646, 24.607752375568708], [46.65182987902095, 24.607684322093753], [46.65179387954978, 24.607629173912496], [46.65175167139915, 24.60754901104616], [46.65175604375483, 24.60751037990697], [46.65189968123499, 24.607328797110764], [46.65200167691754, 24.607224853025095], [46.65208719379994, 24.60714905744175], [46.65211948228406, 24.60713740389934], [46.652337888473625, 24.607181614696305], [46.65244820756476, 24.607229836566123], [46.652518594781036, 24.607300499927074], [46.65256271535541, 24.60737705881397], [46.65259524411562, 24.607466287319784], [46.65260846129279, 24.607577228008356], [46.652595208015974, 24.60771832045761], [46.65252596874353, 24.607974722603192], [46.65249868016194, 24.60813179719797], [46.65254200376667, 24.608187140132216], [46.65263361321901, 24.608596435822836], [46.6527306122986, 24.60881933429766], [46.65277520253187, 24.608836365430914], [46.6528408909841, 24.60901501758541], [46.652867647080726, 24.60917008544099], [46.652891277339876, 24.609322364229634], [46.652908190737556, 24.609433756326254], [46.65294122220995, 24.60947859035795], [46.653241481559675, 24.60952048729762], [46.653447567128616, 24.609576964956027], [46.65360574017264, 24.609612526650785], [46.65362891024085, 24.609612271989228], [46.65365163952156, 24.609596222164882], [46.65368403315043, 24.609525989992207], [46.65373517301873, 24.609391049751146], [46.65379165452331, 24.60923776597038], [46.653828333600295, 24.609152466774418], [46.65387405207878, 24.60909531571207], [46.65396106624532, 24.609025305610643], [46.654037909034194, 24.608994800295445], [46.6541294135713, 24.608968553488506], [46.65425085557874, 24.60896363464082], [46.65435287031398, 24.60898003841753], [46.654563487184774, 24.609041517418135], [46.65502959801568, 24.60898530788213], [46.65511462813273, 24.608990022012595], [46.655598955658974, 24.609094628703364], [46.65598815735201, 24.60927559784], [46.65617515285707, 24.609397829367804], [46.65625028282509, 24.609471858832833], [46.65639313524062, 24.609644009323258], [46.65653178172333, 24.609848691696893], [46.656571346635666, 24.60992028736132], [46.65658137782106, 24.609978084918275], [46.65659189172157, 24.61007259842851], [46.65662237533359, 24.61015841825657], [46.65668458421934, 24.610268819829123], [46.656961872036405, 24.610647369375826], [46.65720721466202, 24.610972549911143], [46.65725052539351, 24.611136013780797], [46.657285962187785, 24.61129687731562], [46.657306809262465, 24.6113916082709], [46.657351383586324, 24.61165091445831], [46.65739628796658, 24.611786589969228], [46.657464471371796, 24.611904090789], [46.65768859245928, 24.612105876239813], [46.65779726571707, 24.612172763382738], [46.657886319688615, 24.612238075283756], [46.657940314117255, 24.61231989853227], [46.657996598533714, 24.612426781091823], [46.65805033424793, 24.61248889848264], [46.65812933078836, 24.612534612408588], [46.65821569259521, 24.61254441052276], [46.65827018268083, 24.612515142589146], [46.65829480494154, 24.61245152681737], [46.658348757912286, 24.61220699001716], [46.65837212452874, 24.612051848627242], [46.658362608059484, 24.611972576242167], [46.658307962186434, 24.611843463333717], [46.65813377031563, 24.611481406914827], [46.658090555093835, 24.611416057647073], [46.6580747374337, 24.611340726342483]]], [[[46.656994481840734, 24.61546401496961], [46.65709357081644, 24.615249710905115], [46.65716664317133, 24.615143195344952], [46.6572010178612, 24.6150747311249], [46.65720012051573, 24.615006656382292], [46.657131275294134, 24.614838994596614], [46.65707182555577, 24.614789481245115], [46.65704755533748, 24.614732413976757], [46.65703846504672, 24.614637553533985], [46.657064743087524, 24.614549470771237], [46.65711467635398, 24.614471877439772], [46.65718049976766, 24.614410234067506], [46.65743297921773, 24.61423544863422], [46.65760433621604, 24.61415114226724], [46.657758458664766, 24.614097484311984], [46.6578092417132, 24.61408438239016], [46.657970045831824, 24.61409156883503], [46.65807223018478, 24.61411262430555], [46.6580754760531, 24.614104270948648], [46.6580979928899, 24.614046337832445], [46.658073254110285, 24.614041159656615], [46.657925765900536, 24.614003367892984], [46.65773715007158, 24.613967820572913], [46.65763900544846, 24.61395635979084], [46.65755819065292, 24.613921416597], [46.657087394974255, 24.61374026584222], [46.65691193051521, 24.613661571618916], [46.65680330355634, 24.613598266109285], [46.65672416512812, 24.613541803044495], [46.65667661601295, 24.613502909356658], [46.65660765336013, 24.61347500148116], [46.6565428697659, 24.613466756222948], [46.65644510323996, 24.613483958698577], [46.65634953188535, 24.613519053339978], [46.65624602924987, 24.613547067962593], [46.65617345403561, 24.613542491970318], [46.65612625904613, 24.613530470156018], [46.655948221758884, 24.6134052184641], [46.65587101942682, 24.61334694224633], [46.655768603093634, 24.613308651276636], [46.655650768762165, 24.613290239499005], [46.65554049018099, 24.613250244431622], [46.655428252453, 24.61321026993614], [46.65534162987027, 24.613180764423014], [46.65525125401024, 24.61316384154901], [46.6551985579774, 24.61318054639075], [46.655173555109016, 24.613216656104157], [46.65513313505013, 24.613272643214057], [46.65506931849436, 24.61333784727827], [46.65497990936142, 24.613394373313447], [46.65486110615631, 24.61345122355397], [46.654769713077194, 24.613505979925137], [46.654702000383246, 24.61357301807146], [46.654663941009936, 24.613659438708588], [46.65464734155878, 24.613738456914728], [46.65462049708608, 24.613783544553478], [46.65457384435506, 24.613812725016835], [46.654524925913805, 24.61381863806185], [46.654467980053134, 24.613810305708455], [46.65435538753671, 24.61374345925741], [46.654284489554065, 24.613717362953953], [46.65420997862078, 24.613714599574276], [46.65417288714863, 24.613725757464337], [46.65413350747915, 24.6137118568086], [46.65410350061193, 24.613665602098767], [46.65411270941425, 24.613620708460687], [46.65426298707442, 24.61342375962632], [46.65436451105677, 24.613245264128523], [46.65443354749481, 24.613129835550367], [46.654510845926694, 24.613046567061385], [46.65457430902272, 24.61295449114456], [46.654643557307146, 24.61285518609301], [46.65473596611148, 24.61272875029336], [46.654809580499354, 24.612663438596627], [46.65485519936769, 24.612637535267964], [46.65512628790127, 24.612516618737665], [46.655194710417774, 24.612491855805448], [46.65526020204332, 24.612479130158306], [46.65558057620156, 24.61246189954859], [46.65572511201451, 24.612424474252965], [46.65585609560912, 24.6123997402836], [46.6559341476245, 24.612373797475378], [46.65596388876303, 24.61235980729965], [46.65597683294779, 24.61234107664984], [46.65596937005001, 24.61230678238272], [46.65594836128216, 24.612262555349115], [46.655826199227704, 24.612052010939838], [46.65580902149518, 24.612038075814343], [46.65577579942649, 24.612029373558663], [46.65571148308034, 24.61202220083689], [46.65565134247404, 24.612030630432415], [46.655364056207745, 24.612094525044935], [46.655284838504706, 24.612120818972112], [46.655118224616906, 24.61219750862513], [46.65489635396721, 24.612301641292962], [46.654847054095114, 24.612312070447498], [46.654331016363756, 24.612375310024746], [46.65424484337967, 24.612379840353324], [46.65415239020204, 24.612353981873575], [46.65409124284972, 24.612324194583472], [46.654071058836024, 24.612279624115757], [46.654101492636066, 24.612209412502107], [46.65412998980623, 24.612141014450234], [46.65416637279874, 24.612076113329845], [46.65421923449894, 24.612071948439173], [46.654333500754426, 24.612117276609002], [46.654392500286775, 24.61213275284779], [46.65447815448808, 24.61208880987308], [46.65454619658198, 24.61204685192026], [46.65467321457694, 24.61201857986043], [46.65475499639826, 24.611978262969348], [46.65480327851314, 24.611923979950536], [46.6549564350677, 24.611648164111426], [46.65502211574559, 24.611575773224427], [46.65503137126068, 24.611534461765068], [46.655007338466156, 24.611495308781222], [46.6549419890935, 24.61144406799659], [46.65487162737505, 24.611361971247128], [46.65480989799345, 24.611249659386765], [46.65481092204687, 24.61121010163596], [46.65483660394026, 24.611180054770774], [46.65490725264863, 24.611134185497427], [46.65531586990148, 24.610957379109383], [46.65535463437088, 24.610930683375763], [46.65536787882068, 24.61089470302205], [46.65536344165172, 24.610855334478966], [46.655336958050256, 24.61079895934892], [46.65518680517446, 24.610538353508048], [46.65514585055681, 24.610481863056947], [46.655102153860284, 24.61044844678792], [46.65505877316047, 24.610439037170487], [46.65501311689415, 24.610445303588058], [46.6549507892204, 24.610474656556892], [46.65491591826677, 24.61050549975561], [46.654612630929115, 24.610934042307267], [46.654286173756134, 24.61130838376817], [46.65420904898429, 24.611446753820356], [46.65414105946698, 24.611610110710334], [46.65410175187703, 24.611675512588395], [46.654030911575504, 24.61176046962257], [46.65395115951903, 24.611806139727403], [46.65370879820844, 24.611927706272887], [46.653618055465515, 24.611960304623196], [46.65353204665433, 24.61197737593618], [46.65338113731661, 24.611977242258956], [46.653358826777286, 24.611975298803248], [46.653719111965465, 24.612148094937258], [46.653556808166805, 24.612379273762453], [46.6537393567545, 24.612471153417335], [46.654293017673545, 24.611534537673244], [46.65433653102755, 24.61145679369322], [46.65454076992104, 24.611391266424345], [46.65457212027763, 24.611373630941586], [46.65461322737579, 24.611359219878928], [46.65465390655823, 24.61132414954841], [46.65467914600275, 24.61127233393641], [46.65468149870582, 24.611267318587764], [46.654684631574455, 24.6112626738799], [46.65468847877826, 24.611258500759675], [46.654693491008345, 24.61125452430039], [46.654699146848984, 24.611251348865153], [46.65470529338114, 24.6112490619121], [46.65471176647894, 24.61124772483832], [46.65471839178529, 24.611247372066185], [46.65472499165991, 24.611248013675723], [46.65473138711863, 24.611249632674443], [46.65473740772005, 24.611252185791653], [46.654743099981665, 24.611255755583308], [46.65476340344852, 24.611273151619585], [46.65476829526507, 24.61127803672294], [46.654793367950234, 24.61131936876863], [46.65482066538678, 24.61136795016824], [46.654869467990466, 24.611423323247717], [46.65493828542562, 24.611475955219696], [46.65494204233709, 24.61147805378507], [46.654936106925554, 24.61149037876677], [46.65494416148587, 24.611494689133057], [46.654929982109216, 24.611516377670362], [46.65493432016775, 24.611532165157232], [46.65491779995833, 24.611558345228364], [46.65490351081923, 24.61155173421078], [46.65487117236133, 24.611610155973867], [46.65485121855911, 24.611602224006834], [46.654662357344506, 24.611935712062206], [46.654520675854556, 24.611868649263595], [46.654471398862235, 24.611960970030122], [46.65444408761839, 24.61200366373942], [46.654421814534174, 24.61203519265333], [46.65442665205302, 24.61203745090015], [46.654385786011105, 24.612110584437], [46.65410932276391, 24.61198052125514], [46.653819886908416, 24.612496540984264], [46.65380274580348, 24.612568801390278], [46.65397355964825, 24.61257583701906], [46.65406076903916, 24.612571248493726], [46.65453262035523, 24.61248635826841], [46.65470967140869, 24.612562991067264], [46.65475075360059, 24.612611798255728], [46.65474757842957, 24.612672665725068], [46.65470622361127, 24.612720366181907], [46.65451992070972, 24.61298317157637], [46.654462873821366, 24.612976364424814], [46.65441259971128, 24.612990087137693], [46.65431998790917, 24.61307441153556], [46.654211461614, 24.613166432105807], [46.65428087940579, 24.613277997790863], [46.653746110295124, 24.614013613540973], [46.653850234550184, 24.614041260781534], [46.653908680470686, 24.614054378540814], [46.653968300918635, 24.61406188081667], [46.654028450855186, 24.614063685312416], [46.65408848014759, 24.614059772992036], [46.654842161208585, 24.613916231923113], [46.654769443901976, 24.613575201634394], [46.65573494673443, 24.613419766077815], [46.655804504319775, 24.613728417992466], [46.65581066156113, 24.61376293339737], [46.65612688085653, 24.613701765684077], [46.65616386751688, 24.613874606626986], [46.65691778639903, 24.613758407157672], [46.65714164903339, 24.61385720779177], [46.65721376033578, 24.614191175362564], [46.657153554011835, 24.614201131330738], [46.65663074556891, 24.614288570313036], [46.656697812626405, 24.614602132020856], [46.656884403313676, 24.614568793024517], [46.65696972280968, 24.614976005331584], [46.656784886235315, 24.615009090381093], [46.65683915548752, 24.61526250398772], [46.65632676917627, 24.615346123574863], [46.65628243999747, 24.61513149033423], [46.656137549422894, 24.615120760895987], [46.65552795078795, 24.615011102505157], [46.65484633132275, 24.615127153709675], [46.65481769803596, 24.614986609632556], [46.65452849428627, 24.61503780745982], [46.65440111714931, 24.614877730504414], [46.654380071218384, 24.614790896335133], [46.653902550155955, 24.614868143339415], [46.65366552302844, 24.61499314020799], [46.653598084143475, 24.614944961976374], [46.65349452052512, 24.61510657970486], [46.65312552584618, 24.614917802861118], [46.652880659615334, 24.614790980394876], [46.652801085281894, 24.61491938514749], [46.652604185709805, 24.614825157490802], [46.65257612952513, 24.614870479322988], [46.652391518609214, 24.614770390128793], [46.652352193530824, 24.614749759034574], [46.65212615355239, 24.614628384318554], [46.6520793924179, 24.614701170313545], [46.651874186197766, 24.61458790024707], [46.6518576107878, 24.614615218286705], [46.651605585581386, 24.614474542191164], [46.6514691970227, 24.614664063156965], [46.65134940997252, 24.614592016808942], [46.651046021315175, 24.615008090219792], [46.65104260917035, 24.61501276952621], [46.651226974790134, 24.61505084136896], [46.651341314452814, 24.615101545038762], [46.65145829590238, 24.615204180222392], [46.651565174419396, 24.61528363388563], [46.65166012992343, 24.6153506760719], [46.65173702477035, 24.61538566640723], [46.65182693113568, 24.615366761851497], [46.65201267054696, 24.615332471139258], [46.65209100777391, 24.61532802806278], [46.65218145551912, 24.615350326109454], [46.65224425714714, 24.615356803616045], [46.6522910993737, 24.615341955429937], [46.652304322549924, 24.615304184172427], [46.652286239110644, 24.615270340433362], [46.65219772709423, 24.615246228913144], [46.652078049737476, 24.61523679239308], [46.65198174594408, 24.615216349961756], [46.65189705930933, 24.61518502895946], [46.65186521131107, 24.615147752671458], [46.651878316917845, 24.615101024978017], [46.6518934052715, 24.615056065978777], [46.65188080051291, 24.614991703291842], [46.65183339344776, 24.614963556512464], [46.651790069619246, 24.614947906286048], [46.651752578405286, 24.61492860926009], [46.651728757706124, 24.614905578474797], [46.65173407151292, 24.6148625190891], [46.65177857780771, 24.61481902935675], [46.65185077614055, 24.614794944226848], [46.6519996355618, 24.614787934521477], [46.65214285072057, 24.614798903982795], [46.652422904020476, 24.614931997406785], [46.652570085904316, 24.614946506523303], [46.652681594389314, 24.614930947800744], [46.65277801481738, 24.614960347166654], [46.652897951009365, 24.614989488983166], [46.65300015697015, 24.615011657342766], [46.65308831561268, 24.615008897202113], [46.65315491776894, 24.615006373910227], [46.6531944636425, 24.61503281438044], [46.65321061161439, 24.61506847154672], [46.653185537130256, 24.615099205830326], [46.653129038312855, 24.61512491043813], [46.652982492168945, 24.615158771832565], [46.652874925563154, 24.615176079745595], [46.65280242106646, 24.61517687639804], [46.652741884914235, 24.615193666565126], [46.65272464920207, 24.615224314652348], [46.65274660511348, 24.61525453304587], [46.65283707645644, 24.615278622709734], [46.65295488785999, 24.615295245510243], [46.65302574039086, 24.615317759266013], [46.653088730461306, 24.615338567117377], [46.6531830035899, 24.61535365613036], [46.65324754222475, 24.615364465241573], [46.653303933536264, 24.61530932604997], [46.653474066199024, 24.61528058099703], [46.65362840311468, 24.615243049837023], [46.65375315797583, 24.615191510975215], [46.653871727658874, 24.615116746788605], [46.65392780207896, 24.615058795593242], [46.65399665127266, 24.61492903557294], [46.6541003451744, 24.6149153540014], [46.65422996082233, 24.614935428750716], [46.65435419388094, 24.614993189474276], [46.65446282095576, 24.615056495840626], [46.65453999922087, 24.615112981648277], [46.654619043468905, 24.61516228050687], [46.654719619700806, 24.61520955019504], [46.65484307505526, 24.61520819211695], [46.655134678615475, 24.61517631658598], [46.65570164214737, 24.615069741651237], [46.65587115849477, 24.615143127690114], [46.65591854285065, 24.61516948113275], [46.65619312209782, 24.6153330871692], [46.65623689396161, 24.615382773487724], [46.65636521179265, 24.615601740473636], [46.65640896021034, 24.61564963472048], [46.65645429121577, 24.6156688442139], [46.65656228249605, 24.615683780016166], [46.656752222495335, 24.61567093815483], [46.65681858971368, 24.61565049852176], [46.656859363836475, 24.615621382111424], [46.656994481840734, 24.61546401496961]]], [[[46.65682065875108, 24.61801561050367], [46.656850407505004, 24.617953101411356], [46.65669203647672, 24.6178901182141], [46.6567262722497, 24.617815540223422], [46.656750965644015, 24.617764988952583], [46.656910921587325, 24.61782593573502], [46.65696027579256, 24.617722224092738], [46.65699258651926, 24.617654325291234], [46.65685210590702, 24.617607025495364], [46.65688979694712, 24.617526493564377], [46.656462479569214, 24.617352236565424], [46.65656905330961, 24.61713350558117], [46.656833119862036, 24.6172388719846], [46.6569765449518, 24.616938469568208], [46.656769851075296, 24.616858603422653], [46.656856363010114, 24.616683235939124], [46.65691167898336, 24.616568774546145], [46.6568527297107, 24.61660510225101], [46.65680841355776, 24.616662924988308], [46.65667700112713, 24.61680412526745], [46.65657845316983, 24.616910921192446], [46.65627230092297, 24.617177673345605], [46.656195166568914, 24.61727348323566], [46.656184423916095, 24.617350644798094], [46.656206593452346, 24.617396985298214], [46.65626783820504, 24.617433936888286], [46.65654190363197, 24.61755813035705], [46.656572006812986, 24.617611549795672], [46.6565569671209, 24.61766009139372], [46.65646505255265, 24.61767543728981], [46.65639261657501, 24.617681609985873], [46.65634022572991, 24.617721604229537], [46.65630931996825, 24.617755986866204], [46.656268521447444, 24.617783312054502], [46.65618066788879, 24.617809363078937], [46.656047719532104, 24.617834119179044], [46.6559461480128, 24.617860321101773], [46.65580956318802, 24.617906617963826], [46.6557040494112, 24.617931071756317], [46.65553802215546, 24.617974107923338], [46.655416665953695, 24.617986194502034], [46.65517914718786, 24.617958348788093], [46.65504348337921, 24.617925799260473], [46.65490628488984, 24.617925517451635], [46.65477487086757, 24.617918004598835], [46.65468272000639, 24.617915434719325], [46.654569155647835, 24.61792385125694], [46.65446151624297, 24.61793578527711], [46.65438357838195, 24.617970684855297], [46.65434313298946, 24.618024880708095], [46.65428719898765, 24.61809358056107], [46.654244699939994, 24.618140632596916], [46.654195850528005, 24.61815191985382], [46.65416005795657, 24.618112896137035], [46.65413751182801, 24.6180378921287], [46.654138622445934, 24.617973378883587], [46.65411817707423, 24.617909101788733], [46.65408791080919, 24.61784314222219], [46.654000035911366, 24.617718688304322], [46.653946772120875, 24.617692398937518], [46.653938486200616, 24.617658447707786], [46.65397116330879, 24.617609711487464], [46.65407462367851, 24.61757811510825], [46.654254886534595, 24.61757434134494], [46.654435268232334, 24.617579523807507], [46.654650238878375, 24.61753236683025], [46.654791073489996, 24.61751110884899], [46.655141659971406, 24.617492917844533], [46.655268636034236, 24.61746106099457], [46.65534607790949, 24.61738854047132], [46.65540933005778, 24.6172803423823], [46.65546103687448, 24.617188396361716], [46.655526272667736, 24.617081967766385], [46.6555215510032, 24.617021101461553], [46.65547204159231, 24.616982229023517], [46.655334702608364, 24.616971198187823], [46.65525235072579, 24.6169685207926], [46.65492107829651, 24.616964999461484], [46.654889464795794, 24.616945638600907], [46.65488691594077, 24.616900873387472], [46.65491959250148, 24.616852137888817], [46.65512462289221, 24.616794338728088], [46.655310244308716, 24.61675108744635], [46.65545483225698, 24.61671724528801], [46.65564661628371, 24.616695425812463], [46.65577344883879, 24.616652820133908], [46.65584137486493, 24.61660190506492], [46.655860003863125, 24.616528239436978], [46.6558357337972, 24.616471171974343], [46.65577234164402, 24.616419911061666], [46.6557068949087, 24.616361504551275], [46.65558764311659, 24.616235606461203], [46.655508787703866, 24.616051928137978], [46.655499746583445, 24.61596065067248], [46.65550680602581, 24.61590144606725], [46.6555159672493, 24.615852969252344], [46.655483929317555, 24.61580136221616], [46.6554131714937, 24.615786015890087], [46.65534068933528, 24.615788604904452], [46.65507127685648, 24.615868613629875], [46.65493863583166, 24.615916656708432], [46.654805665563295, 24.615939620513757], [46.6545647510031, 24.61595122926623], [46.65439707557091, 24.615868862873857], [46.654187847639484, 24.615756494532036], [46.65405483021591, 24.615775874548035], [46.65373892807467, 24.61589760084065], [46.65369770533547, 24.61589267811599], [46.65341377727027, 24.615763213462177], [46.653355864583496, 24.615681430723924], [46.65325925886447, 24.615488988398496], [46.65317235339958, 24.615437983836934], [46.65308216368778, 24.615435400374135], [46.65292464118516, 24.61537978763719], [46.65273862040277, 24.615392582500924], [46.65257431897038, 24.615417679028145], [46.652418115415415, 24.615462396017875], [46.652287998966564, 24.615553410981782], [46.65218120981901, 24.61562983595207], [46.651957854493034, 24.615784584421448], [46.65178781584651, 24.61582049405666], [46.65168013076514, 24.615828842879615], [46.65146053613982, 24.61582229613884], [46.65134964458279, 24.615735719186052], [46.65110078053883, 24.615589739155535], [46.65107651180649, 24.61553267080553], [46.65098847785082, 24.615395675238183], [46.65090343843625, 24.615337482452183], [46.650842509888726, 24.615287187313374], [46.65076852122641, 24.61538865649561], [46.650794624864155, 24.615416766527687], [46.65078117011448, 24.615437464394013], [46.65084126755991, 24.61546350028325], [46.65091884978794, 24.61546901615721], [46.65089195148306, 24.61549215857549], [46.65091380531748, 24.615567129257727], [46.65135458465649, 24.615996834080885], [46.65151555271174, 24.615854297966656], [46.65207229589043, 24.615973202975354], [46.65220127113841, 24.615860616680116], [46.652466738563426, 24.61609600713197], [46.6526707875593, 24.615927337705553], [46.652981955888485, 24.615777580663366], [46.65305911634958, 24.61571525009506], [46.653117513534355, 24.615908473618862], [46.65340399766637, 24.615836976608087], [46.65346178490637, 24.61603048838251], [46.653599357246144, 24.615995821325022], [46.65390368940704, 24.615919298409107], [46.65389143267589, 24.61588282746653], [46.65416222704133, 24.61580614006779], [46.65425403268483, 24.616109240764942], [46.65439512582029, 24.616067589096694], [46.655347042854416, 24.615827149644076], [46.65542595796955, 24.61608822015169], [46.655045183191085, 24.616184409233597], [46.655124095961376, 24.616445478125144], [46.65515207302851, 24.616542724049904], [46.65456401576153, 24.61669561272916], [46.65476492693735, 24.61736046733477], [46.65447934941514, 24.61743259993781], [46.65444823358086, 24.617329635079376], [46.65431840984016, 24.617363285938158], [46.65388852259472, 24.6174737113327], [46.65359478995398, 24.617549747643316], [46.65323968680698, 24.617644730992176], [46.65320932314258, 24.617678192421778], [46.65365985417385, 24.618091810112563], [46.65367692664585, 24.61807539715874], [46.65385378633092, 24.6179247599387], [46.6541204579874, 24.61817152855583], [46.6548431863846, 24.618011531025594], [46.65502008728765, 24.617970515862716], [46.65511984435753, 24.618009319489456], [46.65515216330502, 24.617996420664507], [46.65536306061897, 24.617988149653087], [46.655379535509226, 24.618002127736137], [46.65538387610248, 24.61803503247878], [46.65537720192734, 24.618089226208], [46.65552156863648, 24.61808556785059], [46.655613111849725, 24.618002699057246], [46.65586062449172, 24.618084407152732], [46.655945538061175, 24.618205010892975], [46.655951210861424, 24.618320135938543], [46.65682065875108, 24.61801561050367]]]]}}, {"type": "Feature", "properties": {"zone": "slope"}, "geometry": {"type": "MultiPolygon", "coordinates": [[[[46.652892152495625, 24.611892792309103], [46.65301668713986, 24.61191810406292], [46.65316102899549, 24.61191668594429], [46.65317881027063, 24.61188896085922], [46.65329783298242, 24.61194604581368], [46.653358826777286, 24.611975298803248], [46.65338113731661, 24.611977242258956], [46.65353204665433, 24.61197737593618], [46.653618055465515, 24.611960304623196], [46.65370879820844, 24.611927706272887], [46.65395115951903, 24.611806139727403], [46.654030911575504, 24.61176046962257], [46.65410175187703, 24.611675512588395], [46.65414105946698, 24.611610110710334], [46.65420904898429, 24.611446753820356], [46.654286173756134, 24.61130838376817], [46.654612630929115, 24.610934042307267], [46.65491591826677, 24.61050549975561], [46.6549507892204, 24.610474656556892], [46.65501311689415, 24.610445303588058], [46.65505877316047, 24.610439037170487], [46.655102153860284, 24.61044844678792], [46.65514585055681, 24.610481863056947], [46.65518680517446, 24.610538353508048], [46.655336958050256, 24.61079895934892], [46.65536344165172, 24.610855334478966], [46.65536787882068, 24.61089470302205], [46.65535463437088, 24.610930683375763], [46.65531586990148, 24.610957379109383], [46.65490725264863, 24.611134185497427], [46.65483660394026, 24.611180054770774], [46.65481092204687, 24.61121010163596], [46.65480989799345, 24.611249659386765], [46.65487162737505, 24.611361971247128], [46.6549419890935, 24.61144406799659], [46.655007338466156, 24.611495308781222], [46.65503137126068, 24.611534461765068], [46.65502211574559, 24.611575773224427], [46.6549564350677, 24.611648164111426], [46.65480327851314, 24.611923979950536], [46.65475499639826, 24.611978262969348], [46.65467321457694, 24.61201857986043], [46.65454619658198, 24.61204685192026], [46.65447815448808, 24.61208880987308], [46.654392500286775, 24.61213275284779], [46.654333500754426, 24.612117276609002], [46.65421923449894, 24.612071948439173], [46.65416637279874, 24.612076113329845], [46.65412998980623, 24.612141014450234], [46.654101492636066, 24.612209412502107], [46.654071058836024, 24.612279624115757], [46.65409124284972, 24.612324194583472], [46.65415239020204, 24.612353981873575], [46.65424484337967, 24.612379840353324], [46.654331016363756, 24.612375310024746], [46.654847054095114, 24.612312070447498], [46.65489635396721, 24.612301641292962], [46.655118224616906, 24.61219750862513], [46.655284838504706, 24.612120818972112], [46.655364056207745, 24.612094525044935], [46.65565134247404, 24.612030630432415], [46.65571148308034, 24.61202220083689], [46.65577579942649, 24.612029373558663], [46.65580902149518, 24.612038075814343], [46.655826199227704, 24.612052010939838], [46.65594836128216, 24.612262555349115], [46.65596937005001, 24.61230678238272], [46.65597683294779, 24.61234107664984], [46.65596388876303, 24.61235980729965], [46.6559341476245, 24.612373797475378], [46.65585609560912, 24.6123997402836], [46.65572511201451, 24.612424474252965], [46.65558057620156, 24.61246189954859], [46.65526020204332, 24.612479130158306], [46.655194710417774, 24.612491855805448], [46.65512628790127, 24.612516618737665], [46.65485519936769, 24.612637535267964], [46.654809580499354, 24.612663438596627], [46.65473596611148, 24.61272875029336], [46.654643557307146, 24.61285518609301], [46.65457430902272, 24.61295449114456], [46.654510845926694, 24.613046567061385], [46.65443354749481, 24.613129835550367], [46.65436451105677, 24.613245264128523], [46.65426298707442, 24.61342375962632], [46.65411270941425, 24.613620708460687], [46.65410350061193, 24.613665602098767], [46.65413350747915, 24.6137118568086], [46.65417288714863, 24.613725757464337], [46.65420997862078, 24.613714599574276], [46.654284489554065, 24.613717362953953], [46.65435538753671, 24.61374345925741], [46.654467980053134, 24.613810305708455], [46.654524925913805, 24.61381863806185], [46.65457384435506, 24.613812725016835], [46.65462049708608, 24.613783544553478], [46.65464734155878, 24.613738456914728], [46.654663941009936, 24.613659438708588], [46.654702000383246, 24.61357301807146], [46.654769713077194, 24.613505979925137], [46.65486110615631, 24.61345122355397], [46.65497990936142, 24.613394373313447], [46.65506931849436, 24.61333784727827], [46.65513313505013, 24.613272643214057], [46.655173555109016, 24.613216656104157], [46.6551985579774, 24.61318054639075], [46.65525125401024, 24.61316384154901], [46.65534162987027, 24.613180764423014], [46.655428252453, 24.61321026993614], [46.65554049018099, 24.613250244431622], [46.655650768762165, 24.613290239499005], [46.655768603093634, 24.613308651276636], [46.65587101942682, 24.61334694224633], [46.655948221758884, 24.6134052184641], [46.65612625904613, 24.613530470156018], [46.65617345403561, 24.613542491970318], [46.65624602924987, 24.613547067962593], [46.65634953188535, 24.613519053339978], [46.65644510323996, 24.613483958698577], [46.6565428697659, 24.613466756222948], [46.65660765336013, 24.61347500148116], [46.65667661601295, 24.613502909356658], [46.65672416512812, 24.613541803044495], [46.65680330355634, 24.613598266109285], [46.65691193051521, 24.613661571618916], [46.657087394974255, 24.61374026584222], [46.65755819065292, 24.613921416597], [46.65763900544846, 24.61395635979084], [46.65773715007158, 24.613967820572913], [46.657925765900536, 24.614003367892984], [46.658073254110285, 24.614041159656615], [46.6580979928899, 24.614046337832445], [46.658175011497995, 24.613848172987808], [46.657795959083415, 24.61367154079583], [46.65737956031042, 24.61345395687007], [46.65714280593577, 24.613334729438925], [46.657087512442516, 24.613303087568394], [46.656761798854326, 24.613125712484237], [46.65664575956164, 24.61309474032876], [46.65655729562642, 24.613074213549464], [46.65647119314154, 24.61308412030737], [46.65638346086112, 24.61311912864198], [46.65629976591414, 24.613163051127348], [46.65621538655215, 24.61315502146785], [46.65611098652225, 24.613114962101548], [46.656000424813094, 24.61305346863908], [46.65583926812078, 24.61301940885152], [46.65553090818156, 24.612969051596476], [46.65540131703891, 24.612950768988654], [46.65530898214381, 24.61293386769941], [46.655175754671035, 24.61293712495452], [46.65509168206256, 24.6129523836015], [46.655029447533856, 24.612988902905414], [46.655002957064546, 24.61306086267463], [46.654994550366766, 24.613166665842922], [46.654952123886346, 24.61321909224073], [46.65490152846155, 24.613246523896866], [46.654819485542006, 24.61326713508554], [46.654724032704735, 24.613311186057917], [46.65468365957861, 24.613370757085345], [46.65463771429269, 24.613453680812686], [46.6545741802792, 24.613540381623487], [46.654518153958065, 24.613601916144038], [46.65447166627686, 24.613643636155224], [46.65444043088462, 24.61365293833432], [46.65441658541991, 24.613628116884296], [46.654420009783905, 24.61359045322991], [46.65444305374899, 24.61355436607789], [46.654487392610314, 24.613498335136963], [46.654527695159494, 24.61343339082373], [46.65455602828669, 24.613352452204595], [46.65458646203165, 24.61328224050296], [46.654628794393396, 24.61322264885375], [46.65474174248859, 24.613167654574017], [46.65482154223593, 24.61312556805424], [46.65485580085813, 24.613048147847845], [46.65488042652403, 24.612983374997416], [46.65494802091821, 24.612907379429195], [46.65499803796626, 24.61287323468239], [46.65507014016955, 24.612841982747476], [46.655177586490936, 24.612815716925468], [46.65558685213172, 24.61278971251307], [46.65626918259904, 24.612663949803544], [46.656345181080795, 24.61263086210565], [46.65639121933547, 24.612555103263198], [46.65638824534195, 24.612478092688967], [46.656353469057315, 24.61236738992849], [46.65629118949243, 24.612251614045782], [46.656230537893805, 24.61211073742632], [46.65609600110917, 24.61183365243424], [46.65600123723429, 24.6116765079027], [46.655973656105466, 24.61163514680788], [46.65594713645424, 24.611615665029134], [46.6558999025314, 24.61160700416226], [46.6558339109679, 24.61160805013388], [46.6557362636846, 24.61163420853502], [46.65559961461837, 24.611675129754374], [46.6554593291519, 24.611737591820447], [46.65525753088159, 24.61186547812432], [46.65518931028058, 24.6119197332518], [46.65512537550148, 24.611975979965642], [46.655047936630226, 24.612048500256236], [46.65496664905046, 24.612126437861914], [46.65488897420818, 24.612181043360277], [46.65481675444659, 24.612203338736435], [46.65476972510058, 24.612203856042658], [46.65474016634981, 24.612191638871003], [46.65473985985676, 24.612168349915308], [46.65475530054559, 24.61215026366757], [46.65476306753288, 24.612144802319], [46.65487780976782, 24.61207724774433], [46.65500381276916, 24.61197194230999], [46.655176184476076, 24.61181595924329], [46.6555003633474, 24.61157946993555], [46.655548455310765, 24.61151085602234], [46.65556899591195, 24.611433585730406], [46.65555976659543, 24.611327976608415], [46.655538661384554, 24.6112135395146], [46.65555778529931, 24.611177495349942], [46.65562705667805, 24.61112485284195], [46.65566673420429, 24.611087694915618], [46.65569528533267, 24.61105235418767], [46.65570568748865, 24.610995461229855], [46.655706713372815, 24.61087843303635], [46.65567989476533, 24.6107766002311], [46.65557165082494, 24.610593246002768], [46.655365904597666, 24.610298657160445], [46.65527195982692, 24.610203648421585], [46.65518945504808, 24.610144148847056], [46.65512632585664, 24.610112592368523], [46.65506369184828, 24.61011865641722], [46.65497010627825, 24.61015552053334], [46.65490586672257, 24.610188477251036], [46.65480087677528, 24.61025234178342], [46.65472131453848, 24.610312343839517], [46.654614695244945, 24.610401309873147], [46.654393572428944, 24.610575745686738], [46.654316181063635, 24.610651848716312], [46.65424464450742, 24.61072609505902], [46.6541573844645, 24.610796931508723], [46.65407614438727, 24.610844605320647], [46.65396157560148, 24.61094331944649], [46.65383500117307, 24.61106900081954], [46.653744762654625, 24.611163393270488], [46.65363249903647, 24.611270338023278], [46.653556972705616, 24.61133925290255], [46.65347145899712, 24.611393943836713], [46.65336387309454, 24.61140945990878], [46.653281171525705, 24.61137991003812], [46.65315122894569, 24.61133475327949], [46.65288987941564, 24.611282082428566], [46.65276069056497, 24.611294251765354], [46.652573280668335, 24.611350061583355], [46.65233837066817, 24.611370559122122], [46.65199292574785, 24.61133135170889], [46.65186352589395, 24.611327397539657], [46.651789250695465, 24.61134254673924], [46.651738915088266, 24.611389683186612], [46.65169086709034, 24.61146187913086], [46.651635146061416, 24.61154670161325], [46.651583156061506, 24.6116171494315], [46.65152892445784, 24.6116661208605], [46.65149953082309, 24.61166644353389], [46.65148553222519, 24.61164509622248], [46.65149103428327, 24.61161636845064], [46.65151185980003, 24.61156059736627], [46.6515444423315, 24.611504696310703], [46.651569281265985, 24.61145604755267], [46.651533515034046, 24.61141881414821], [46.651454874335016, 24.611399968715443], [46.65128963767575, 24.611353406373183], [46.651034614112106, 24.61133470432703], [46.65079550217356, 24.611333745492804], [46.65053504694711, 24.61134914459907], [46.65017449026202, 24.611353099850724], [46.65000023194802, 24.611365761172863], [46.649828191334485, 24.611398107594784], [46.649699001903464, 24.61141027432302], [46.64945268648635, 24.611457767557482], [46.649192606649166, 24.61150182853698], [46.649051847913384, 24.611528455238258], [46.64896562814977, 24.61152940028907], [46.64892596677959, 24.61149400120308], [46.648872401249434, 24.6114444198939], [46.64878408042733, 24.611434637816807], [46.6486803650797, 24.61144652449138], [46.64855941341697, 24.611489059649067], [46.648517065842604, 24.61151294879038], [46.64849342256649, 24.611538158887036], [46.64849365743561, 24.61155607366531], [46.64851731347487, 24.611566564501377], [46.648593735398634, 24.611565727073653], [46.648703465603155, 24.611590000199566], [46.648802314958075, 24.611678659835285], [46.64883073748969, 24.6117046753871], [46.64885548672551, 24.61175499509717], [46.64888133132982, 24.611840867524357], [46.64890736261636, 24.611868672651003], [46.64896038799249, 24.611877050136997], [46.64903470993635, 24.611865485447073], [46.649093190941244, 24.611841552040204], [46.649151437944546, 24.611799703829163], [46.64920172773431, 24.611748985055925], [46.64925364736602, 24.611722383185477], [46.64946267042198, 24.611639585431128], [46.64958611634849, 24.61162834505421], [46.649936874571175, 24.611615504757335], [46.650319493476, 24.611593466533552], [46.65056241803592, 24.61162187426314], [46.650828941138435, 24.61164155245326], [46.6508935589136, 24.61163725973425], [46.65108465465995, 24.611626030592237], [46.65110712657679, 24.611633124620212], [46.651115153466364, 24.611647370213664], [46.651095792949675, 24.61166550003033], [46.65099167069374, 24.61172168137974], [46.650951844377836, 24.611747706892956], [46.65093855150667, 24.611780102890584], [46.650949007027265, 24.611830156515023], [46.651001674600565, 24.61189529499699], [46.65110378196347, 24.61197537846881], [46.65118067453727, 24.61201036831757], [46.651300466409104, 24.612028762193823], [46.651404299516805, 24.612025831076252], [46.651534422651316, 24.611993963772406], [46.65174800478101, 24.611932472058676], [46.65185327918788, 24.611890106500987], [46.65198018009102, 24.61185287931863], [46.65212285049549, 24.611822645246214], [46.65225787143229, 24.611806828735318], [46.652373390722914, 24.61179839269006], [46.65249686642678, 24.611798828728418], [46.65261981006854, 24.61182385762587], [46.65272675600129, 24.61185917565255], [46.652892152495625, 24.611892792309103]]], [[[46.65101485796611, 24.61505082745112], [46.650956659377094, 24.615130642300866], [46.65098278204771, 24.615116206110415], [46.651046382349506, 24.615121315578445], [46.651112201597876, 24.615134145818335], [46.6511548055274, 24.615153038363008], [46.65120802208268, 24.615173751142915], [46.651713981925965, 24.615481836340237], [46.65177123070649, 24.615487016136363], [46.651826106906114, 24.615472860889014], [46.65195257025084, 24.615426942485296], [46.65205591896562, 24.615394831400792], [46.65211714779752, 24.615380606282155], [46.65217858013456, 24.615381867401027], [46.65222740881411, 24.61539101117759], [46.65223615861946, 24.615412211981415], [46.65220697220139, 24.61544738121979], [46.65213127682493, 24.61548886968137], [46.652019814230684, 24.61554817525122], [46.65193360782952, 24.615595587465307], [46.65189360514834, 24.615613451093914], [46.65182181439074, 24.615629727944413], [46.65173073752649, 24.615628792196524], [46.65167979053459, 24.61561967061748], [46.651581904181924, 24.615583960874613], [46.65149899116574, 24.615559702600105], [46.65138666363259, 24.615553191534183], [46.651331405927436, 24.615538309647224], [46.651295154560366, 24.615519347425103], [46.65127579227159, 24.615496327220708], [46.651260079687496, 24.615428738184853], [46.65124046316934, 24.61538636058969], [46.65120602398892, 24.61534414479475], [46.65113130247889, 24.615298500376333], [46.6510843114765, 24.61526803915118], [46.65096065882048, 24.61520550645906], [46.650941271224426, 24.61518055064663], [46.65093408407155, 24.61516160161776], [46.650842509888726, 24.615287187313374], [46.65090343843625, 24.615337482452183], [46.65098847785082, 24.615395675238183], [46.65107651180649, 24.61553267080553], [46.65110078053883, 24.615589739155535], [46.65134964458279, 24.615735719186052], [46.65146053613982, 24.61582229613884], [46.65168013076514, 24.615828842879615], [46.65178781584651, 24.61582049405666], [46.651957854493034, 24.615784584421448], [46.65218120981901, 24.61562983595207], [46.652287998966564, 24.615553410981782], [46.652418115415415, 24.615462396017875], [46.65257431897038, 24.615417679028145], [46.65273862040277, 24.615392582500924], [46.65292464118516, 24.61537978763719], [46.65308216368778, 24.615435400374135], [46.65317235339958, 24.615437983836934], [46.65325925886447, 24.615488988398496], [46.653355864583496, 24.615681430723924], [46.65341377727027, 24.615763213462177], [46.65369770533547, 24.61589267811599], [46.65373892807467, 24.61589760084065], [46.65405483021591, 24.615775874548035], [46.654187847639484, 24.615756494532036], [46.65439707557091, 24.615868862873857], [46.6545647510031, 24.61595122926623], [46.654805665563295, 24.615939620513757], [46.65493863583166, 24.615916656708432], [46.65507127685648, 24.615868613629875], [46.65534068933528, 24.615788604904452], [46.6554131714937, 24.615786015890087], [46.655483929317555, 24.61580136221616], [46.6555159672493, 24.615852969252344], [46.65550680602581, 24.61590144606725], [46.655499746583445, 24.61596065067248], [46.655508787703866, 24.616051928137978], [46.65558764311659, 24.616235606461203], [46.6557068949087, 24.616361504551275], [46.65577234164402, 24.616419911061666], [46.6558357337972, 24.616471171974343], [46.655860003863125, 24.616528239436978], [46.65584137486493, 24.61660190506492], [46.65577344883879, 24.616652820133908], [46.65564661628371, 24.616695425812463], [46.65545483225698, 24.61671724528801], [46.655310244308716, 24.61675108744635], [46.65512462289221, 24.616794338728088], [46.65491959250148, 24.616852137888817], [46.65488691594077, 24.616900873387472], [46.654889464795794, 24.616945638600907], [46.65492107829651, 24.616964999461484], [46.65525235072579, 24.6169685207926], [46.655334702608364, 24.616971198187823], [46.65547204159231, 24.616982229023517], [46.6555215510032, 24.617021101461553], [46.655526272667736, 24.617081967766385], [46.65546103687448, 24.617188396361716], [46.65540933005778, 24.6172803423823], [46.65534607790949, 24.61738854047132], [46.655268636034236, 24.61746106099457], [46.655141659971406, 24.617492917844533], [46.654791073489996, 24.61751110884899], [46.654650238878375, 24.61753236683025], [46.654435268232334, 24.617579523807507], [46.654254886534595, 24.61757434134494], [46.65407462367851, 24.61757811510825], [46.65397116330879, 24.617609711487464], [46.653938486200616, 24.617658447707786], [46.653946772120875, 24.617692398937518], [46.654000035911366, 24.617718688304322], [46.65408791080919, 24.61784314222219], [46.65411817707423, 24.617909101788733], [46.654138622445934, 24.617973378883587], [46.65413751182801, 24.6180378921287], [46.65416005795657, 24.618112896137035], [46.654195850528005, 24.61815191985382], [46.654244699939994, 24.618140632596916], [46.65428719898765, 24.61809358056107], [46.65434313298946, 24.618024880708095], [46.65438357838195, 24.617970684855297], [46.65446151624297, 24.61793578527711], [46.654569155647835, 24.61792385125694], [46.65468272000639, 24.617915434719325], [46.65477487086757, 24.617918004598835], [46.65490628488984, 24.617925517451635], [46.65504348337921, 24.617925799260473], [46.65517914718786, 24.617958348788093], [46.655416665953695, 24.617986194502034], [46.65553802215546, 24.617974107923338], [46.6557040494112, 24.617931071756317], [46.65580956318802, 24.617906617963826], [46.6559461480128, 24.617860321101773], [46.656047719532104, 24.617834119179044], [46.65618066788879, 24.617809363078937], [46.656268521447444, 24.617783312054502], [46.65630931996825, 24.617755986866204], [46.65634022572991, 24.617721604229537], [46.65639261657501, 24.617681609985873], [46.65646505255265, 24.61767543728981], [46.6565569671209, 24.61766009139372], [46.656572006812986, 24.617611549795672], [46.65654190363197, 24.61755813035705], [46.65626783820504, 24.617433936888286], [46.656206593452346, 24.617396985298214], [46.656184423916095, 24.617350644798094], [46.656195166568914, 24.61727348323566], [46.65627230092297, 24.617177673345605], [46.65657845316983, 24.616910921192446], [46.65667700112713, 24.61680412526745], [46.65680841355776, 24.616662924988308], [46.6568527297107, 24.61660510225101], [46.65691167898336, 24.616568774546145], [46.65693165015659, 24.616527448804625], [46.65693272314204, 24.616525229377206], [46.65696255571225, 24.616526355342895], [46.65697947796563, 24.61652699419197], [46.6570776724601, 24.616530698797927], [46.6573078783265, 24.61661984741055], [46.65741509056968, 24.616474721068165], [46.657525948944844, 24.616366891492618], [46.6575683451667, 24.616328809206436], [46.65761670030301, 24.616299217190555], [46.657728450324704, 24.616206151015913], [46.65776963710395, 24.616176724631572], [46.65777290550925, 24.616178613608973], [46.65780985554975, 24.61614502094231], [46.65787836704278, 24.61606227107137], [46.65787345823241, 24.616057319457095], [46.65788831349382, 24.61604464685705], [46.65790822523453, 24.61606340108574], [46.657963651392606, 24.616136969412548], [46.658158272265894, 24.616020559494068], [46.65855733188007, 24.615793849912976], [46.65845673222698, 24.61558060718411], [46.65821364915495, 24.61556249396622], [46.657821014697454, 24.615533236228586], [46.65771694048777, 24.61570510214596], [46.657547730974535, 24.61595243111032], [46.6574682601876, 24.61601960004107], [46.65732244658005, 24.616108999921337], [46.65704696726873, 24.61617474444995], [46.65694544553448, 24.61620453007937], [46.65683431343712, 24.616248755149385], [46.65671959328457, 24.616318103326446], [46.65659403622094, 24.616457447669593], [46.6564297816401, 24.61663484401414], [46.65614558769775, 24.616931813676533], [46.655871639059136, 24.617262711478883], [46.65580805598493, 24.617345829716285], [46.655779653139405, 24.61742139429534], [46.65577278157261, 24.617494930488494], [46.655789119383506, 24.617544917986528], [46.65582054438745, 24.61754994706371], [46.65592046222366, 24.617547055742097], [46.65605560657849, 24.617540192881812], [46.65610471516636, 24.617548610844555], [46.656120722692876, 24.61757351826782], [46.65609947361442, 24.617597044525066], [46.656048712551154, 24.61761193705623], [46.65593545441411, 24.617643642639468], [46.65580451263643, 24.617671960068662], [46.65567753651635, 24.617703816471618], [46.655532972099756, 24.6177394499945], [46.65533932057218, 24.61776845722173], [46.655194260598925, 24.61776646991347], [46.65498606653725, 24.617732927071625], [46.65488038761274, 24.61774483981299], [46.654708222054104, 24.61776823392906], [46.65455189862877, 24.61780399588183], [46.65442322208666, 24.617855579522494], [46.65433789314471, 24.61792460270506], [46.654328685204554, 24.617969497236633], [46.65429796742015, 24.618018211078635], [46.654266825243376, 24.618034678616954], [46.654229402474115, 24.618020756528168], [46.65421507260424, 24.617974329495894], [46.65422928811498, 24.61786308749793], [46.65423396459264, 24.617771659079995], [46.654253207638035, 24.61774457149202], [46.65431771045764, 24.61773132069329], [46.65460332332488, 24.617690553190126], [46.65488128559009, 24.617664202983825], [46.655272789142586, 24.617627644181763], [46.65545298215514, 24.617618494739595], [46.65558725266368, 24.617545348638544], [46.65558437322118, 24.617475503415882], [46.655598681853505, 24.617371426686567], [46.65583993163414, 24.617087473011964], [46.65600950002536, 24.6168670186966], [46.65622118800625, 24.616570847632673], [46.656350405455484, 24.6164117546122], [46.65638105125321, 24.61635766617547], [46.65636093651888, 24.616318470343046], [46.65629383717301, 24.616283374597636], [46.65615583811364, 24.616222184405046], [46.65603741101252, 24.61615898724021], [46.655928145087096, 24.616047312241317], [46.655766963636744, 24.615714037353076], [46.65569516770928, 24.615619867006686], [46.65561014971238, 24.615563468116253], [46.65552739771283, 24.61553033654681], [46.65535098562927, 24.615528694328216], [46.655046065627516, 24.61559117551813], [46.6548526540342, 24.615638096657865], [46.65475460256822, 24.61563380029622], [46.654626898205045, 24.61561012046638], [46.654526273541606, 24.615559268523892], [46.65443530663328, 24.61549755846174], [46.65435798672153, 24.615430324144654], [46.65428101950726, 24.615389961868864], [46.65421427478403, 24.6153817372105], [46.65397890688485, 24.61551691108335], [46.65386024263262, 24.615584509118047], [46.653750740148205, 24.615603630321438], [46.65364281983593, 24.61559406671456], [46.653562075610466, 24.615564494710696], [46.65351830469927, 24.61551480846511], [46.65352165767605, 24.61547177059776], [46.65354897511637, 24.615462511657974], [46.65366489820714, 24.61548452966073], [46.65379420903666, 24.61548131669204], [46.65396542896234, 24.615386264893694], [46.65411487997153, 24.615275327248273], [46.65420476323175, 24.61525463017196], [46.654320426902856, 24.615256941846553], [46.654393309572534, 24.61528480763381], [46.654456889215275, 24.615350401689483], [46.65453003130947, 24.615397973230632], [46.65460725698086, 24.61545804211196], [46.6546743790105, 24.61549492886911], [46.654788248720294, 24.61550980220214], [46.65494463999678, 24.615479414379596], [46.655337105278136, 24.615367593154208], [46.65545073901675, 24.61536455128139], [46.655605759486654, 24.615378970220736], [46.6557197471264, 24.61540280020018], [46.655833947146384, 24.6154427518787], [46.65593690799879, 24.61552224543073], [46.65603857148262, 24.6156519205403], [46.656179614348595, 24.615944208143777], [46.65620355403563, 24.615976195516534], [46.65639221980144, 24.616015326832205], [46.65679153289953, 24.615976886934543], [46.657008293693686, 24.615917164723612], [46.65716395273694, 24.61583124032184], [46.657407415414724, 24.615502414375168], [46.6573667984509, 24.615499387505533], [46.65736727657832, 24.615497147542275], [46.6573668776879, 24.61549041444361], [46.65737632393354, 24.615446008321], [46.657392433810465, 24.61537027915961], [46.65741364951917, 24.615270550446592], [46.65746516617888, 24.615028382007214], [46.6575184115698, 24.614778086396072], [46.657541787478145, 24.61466819782702], [46.65754191023582, 24.614667620419564], [46.65754394542677, 24.614624818248974], [46.657557160591196, 24.614595929484626], [46.65756092250662, 24.61457824612799], [46.65757425889615, 24.61451555388786], [46.65758023889939, 24.614487444598325], [46.65758337247145, 24.614485702672035], [46.657583586446194, 24.61448470260174], [46.65774651763359, 24.61441669699576], [46.657994234045184, 24.61431330183437], [46.65807223018478, 24.61411262430555], [46.657970045831824, 24.61409156883503], [46.6578092417132, 24.61408438239016], [46.657758458664766, 24.614097484311984], [46.65760433621604, 24.61415114226724], [46.65743297921773, 24.61423544863422], [46.65718049976766, 24.614410234067506], [46.65711467635398, 24.614471877439772], [46.657064743087524, 24.614549470771237], [46.65703846504672, 24.614637553533985], [46.65704755533748, 24.614732413976757], [46.65707182555577, 24.614789481245115], [46.657131275294134, 24.614838994596614], [46.65720012051573, 24.615006656382292], [46.6572010178612, 24.6150747311249], [46.65716664317133, 24.615143195344952], [46.65709357081644, 24.615249710905115], [46.656994481840734, 24.61546401496961], [46.656859363836475, 24.615621382111424], [46.65681858971368, 24.61565049852176], [46.656752222495335, 24.61567093815483], [46.65656228249605, 24.615683780016166], [46.65645429121577, 24.6156688442139], [46.65640896021034, 24.61564963472048], [46.65636521179265, 24.615601740473636], [46.65623689396161, 24.615382773487724], [46.65619312209782, 24.6153330871692], [46.65591854285065, 24.61516948113275], [46.65587115849477, 24.615143127690114], [46.65570164214737, 24.615069741651237], [46.655134678615475, 24.61517631658598], [46.65484307505526, 24.61520819211695], [46.654719619700806, 24.61520955019504], [46.654619043468905, 24.61516228050687], [46.65453999922087, 24.615112981648277], [46.65446282095576, 24.615056495840626], [46.65435419388094, 24.614993189474276], [46.65422996082233, 24.614935428750716], [46.6541003451744, 24.6149153540014], [46.65399665127266, 24.61492903557294], [46.65392780207896, 24.615058795593242], [46.653871727658874, 24.615116746788605], [46.65375315797583, 24.615191510975215], [46.65362840311468, 24.615243049837023], [46.653474066199024, 24.61528058099703], [46.653303933536264, 24.61530932604997], [46.65324754222475, 24.615364465241573], [46.6531830035899, 24.61535365613036], [46.653088730461306, 24.615338567117377], [46.65302574039086, 24.615317759266013], [46.65295488785999, 24.615295245510243], [46.65283707645644, 24.615278622709734], [46.65274660511348, 24.61525453304587], [46.65272464920207, 24.615224314652348], [46.652741884914235, 24.615193666565126], [46.65280242106646, 24.61517687639804], [46.652874925563154, 24.615176079745595], [46.652982492168945, 24.615158771832565], [46.653129038312855, 24.61512491043813], [46.653185537130256, 24.615099205830326], [46.65321061161439, 24.61506847154672], [46.6531944636425, 24.61503281438044], [46.65315491776894, 24.615006373910227], [46.65308831561268, 24.615008897202113], [46.65300015697015, 24.615011657342766], [46.652897951009365, 24.614989488983166], [46.65277801481738, 24.614960347166654], [46.652681594389314, 24.614930947800744], [46.652570085904316, 24.614946506523303], [46.652422904020476, 24.614931997406785], [46.65214285072057, 24.614798903982795], [46.6519996355618, 24.614787934521477], [46.65185077614055, 24.614794944226848], [46.65177857780771, 24.61481902935675], [46.65173407151292, 24.6148625190891], [46.651728757706124, 24.614905578474797], [46.651752578405286, 24.61492860926009], [46.651790069619246, 24.614947906286048], [46.65183339344776, 24.614963556512464], [46.65188080051291, 24.614991703291842], [46.6518934052715, 24.615056065978777], [46.651878316917845, 24.615101024978017], [46.65186521131107, 24.615147752671458], [46.65189705930933, 24.61518502895946], [46.65198174594408, 24.615216349961756], [46.652078049737476, 24.61523679239308], [46.65219772709423, 24.615246228913144], [46.652286239110644, 24.615270340433362], [46.652304322549924, 24.615304184172427], [46.6522910993737, 24.615341955429937], [46.65224425714714, 24.615356803616045], [46.65218145551912, 24.615350326109454], [46.65209100777391, 24.61532802806278], [46.65201267054696, 24.615332471139258], [46.65182693113568, 24.615366761851497], [46.65173702477035, 24.61538566640723], [46.65166012992343, 24.6153506760719], [46.651565174419396, 24.61528363388563], [46.65145829590238, 24.615204180222392], [46.651341314452814, 24.615101545038762], [46.651226974790134, 24.61505084136896], [46.65104260917035, 24.61501276952621], [46.65101485796611, 24.61505082745112]]], [[[46.65935864531892, 24.61153626180972], [46.65927566268442, 24.61138911655966], [46.65931205228661, 24.611327406913965], [46.65929780168656, 24.611267224614117], [46.659278844396425, 24.611114485749336], [46.659275220133935, 24.611000298941804], [46.659282208213284, 24.61088793182426], [46.65933016697867, 24.6108312574023], [46.65940580495658, 24.61078589357138], [46.65951078043998, 24.610716974299436], [46.65960945445056, 24.61065199613662], [46.659667821875985, 24.610581655063395], [46.659658585799974, 24.610523675648594], [46.65962218149784, 24.610493100300424], [46.658796268056285, 24.610010453901616], [46.65872417514091, 24.610003504511255], [46.65865866444731, 24.610013906827007], [46.65856185220388, 24.61005950280174], [46.658459249142204, 24.610147756307953], [46.65828598344938, 24.610337462811884], [46.65824251393707, 24.61041344757806], [46.658154095765084, 24.61061383463951], [46.658116112155255, 24.610784625596587], [46.6580747374337, 24.611340726342483], [46.658090555093835, 24.611416057647073], [46.65813377031563, 24.611481406914827], [46.658307962186434, 24.611843463333717], [46.658362608059484, 24.611972576242167], [46.65837212452874, 24.612051848627242], [46.658348757912286, 24.61220699001716], [46.65829480494154, 24.61245152681737], [46.65827018268083, 24.612515142589146], [46.65821569259521, 24.61254441052276], [46.65812933078836, 24.612534612408588], [46.65805033424793, 24.61248889848264], [46.657996598533714, 24.612426781091823], [46.657940314117255, 24.61231989853227], [46.657886319688615, 24.612238075283756], [46.65779726571707, 24.612172763382738], [46.65768859245928, 24.612105876239813], [46.657464471371796, 24.611904090789], [46.65739628796658, 24.611786589969228], [46.657351383586324, 24.61165091445831], [46.657306809262465, 24.6113916082709], [46.657285962187785, 24.61129687731562], [46.65725052539351, 24.611136013780797], [46.65720721466202, 24.610972549911143], [46.656961872036405, 24.610647369375826], [46.65668458421934, 24.610268819829123], [46.65662237533359, 24.61015841825657], [46.65659189172157, 24.61007259842851], [46.65658137782106, 24.609978084918275], [46.656571346635666, 24.60992028736132], [46.65653178172333, 24.609848691696893], [46.65639313524062, 24.609644009323258], [46.65625028282509, 24.609471858832833], [46.65617515285707, 24.609397829367804], [46.65598815735201, 24.60927559784], [46.655598955658974, 24.609094628703364], [46.65511462813273, 24.608990022012595], [46.65502959801568, 24.60898530788213], [46.654563487184774, 24.609041517418135], [46.65435287031398, 24.60898003841753], [46.65425085557874, 24.60896363464082], [46.6541294135713, 24.608968553488506], [46.654037909034194, 24.608994800295445], [46.65396106624532, 24.609025305610643], [46.65387405207878, 24.60909531571207], [46.653828333600295, 24.609152466774418], [46.65379165452331, 24.60923776597038], [46.65373517301873, 24.609391049751146], [46.65368403315043, 24.609525989992207], [46.65365163952156, 24.609596222164882], [46.65362891024085, 24.609612271989228], [46.65360574017264, 24.609612526650785], [46.653447567128616, 24.609576964956027], [46.653241481559675, 24.60952048729762], [46.65294122220995, 24.60947859035795], [46.652908190737556, 24.609433756326254], [46.652891277339876, 24.609322364229634], [46.652867647080726, 24.60917008544099], [46.6528408909841, 24.60901501758541], [46.65277520253187, 24.608836365430914], [46.6527306122986, 24.60881933429766], [46.65263361321901, 24.608596435822836], [46.65254200376667, 24.608187140132216], [46.65249868016194, 24.60813179719797], [46.65252596874353, 24.607974722603192], [46.652595208015974, 24.60771832045761], [46.65260846129279, 24.607577228008356], [46.65259524411562, 24.607466287319784], [46.65256271535541, 24.60737705881397], [46.652518594781036, 24.607300499927074], [46.65244820756476, 24.607229836566123], [46.652337888473625, 24.607181614696305], [46.65211948228406, 24.60713740389934], [46.65208719379994, 24.60714905744175], [46.65200167691754, 24.607224853025095], [46.65189968123499, 24.607328797110764], [46.65175604375483, 24.60751037990697], [46.65175167139915, 24.60754901104616], [46.65179387954978, 24.607629173912496], [46.65182987902095, 24.607684322093753], [46.6518327332646, 24.607752375568708], [46.651788694419, 24.607828868691477], [46.651714042372106, 24.607954658150188], [46.651559871448065, 24.608221993797933], [46.65149820464729, 24.60838302746347], [46.6514579597214, 24.608524568717673], [46.65145676244772, 24.608624419297445], [46.651477274260955, 24.608694071238848], [46.651542045995775, 24.608810360202682], [46.651590825323225, 24.60883436944511], [46.65161499770496, 24.60888427246646], [46.65161348560176, 24.60891833146807], [46.65160250522232, 24.608977578139456], [46.65161286658195, 24.609020465470415], [46.651638622680736, 24.609041683719077], [46.651676229713914, 24.60906993825883], [46.65172219295685, 24.609137518473823], [46.65173644399075, 24.609327283634933], [46.65173035767645, 24.60938595921556], [46.651702177572936, 24.60947524941894], [46.651673719196474, 24.609543355899717], [46.651617363749374, 24.60960470696748], [46.65154817779507, 24.609644376438037], [46.65149581001766, 24.60965780781149], [46.65139776419453, 24.6096535089955], [46.651287268421065, 24.609643640370955], [46.651129119564025, 24.609600179999568], [46.65095200751067, 24.609524441754655], [46.65076931401183, 24.609404191483545], [46.65066633793813, 24.60932290187782], [46.65062399697272, 24.609270537146692], [46.65058400406904, 24.609193227230953], [46.65054404186967, 24.60907649140198], [46.65047783645938, 24.608933608046147], [46.650359144606746, 24.608700264481815], [46.65032308330377, 24.60864376767093], [46.650247887214086, 24.6085571040824], [46.65008018797025, 24.608413767135172], [46.64985527243298, 24.6082398898403], [46.64974327700424, 24.60816423687934], [46.64963528102166, 24.608112263044866], [46.64944932051913, 24.608053202756974], [46.64930703030598, 24.60801102830742], [46.64924969287723, 24.608000028232965], [46.64922426629376, 24.608003890593263], [46.64912746583086, 24.60809453748974], [46.649074747445326, 24.608109449010495], [46.64898236743489, 24.608112583331465], [46.648880569351526, 24.608097243423906], [46.648723292814495, 24.60805954946544], [46.648459123568315, 24.607940607014154], [46.648230594662266, 24.607866516709404], [46.64817382351185, 24.60786065931458], [46.648136779646364, 24.607868886109102], [46.64805374602332, 24.607891130512343], [46.64801177104807, 24.60790071509236], [46.64796451068758, 24.607909115145528], [46.64789010933464, 24.60790993003163], [46.64779233097608, 24.607904909863155], [46.64769298275512, 24.607899168241172], [46.647574498946526, 24.607882211560735], [46.64743931149281, 24.607850076454817], [46.647230249266165, 24.607783852503175], [46.647167310806324, 24.60776662506858], [46.64711397406162, 24.607736369129263], [46.64708220801123, 24.607703054539282], [46.646859085105504, 24.60742598987166], [46.646609087684, 24.607092200979473], [46.64653094303849, 24.607009302079007], [46.64635927012694, 24.606871256410695], [46.64621947625014, 24.606771845855537], [46.646158052001724, 24.606720558026804], [46.646121250187285, 24.60667550717991], [46.64610038642773, 24.606623455949848], [46.64609747134652, 24.606575564004384], [46.64609834040903, 24.606540248849214], [46.64612922791468, 24.606458342811212], [46.64618296253283, 24.606345288275143], [46.64630805847834, 24.606021584712977], [46.646349267425464, 24.60587278727115], [46.64635382889982, 24.60581430092606], [46.64636480773045, 24.60573748207608], [46.64635931681593, 24.605606360840557], [46.64634047849309, 24.605520719025403], [46.64625573113799, 24.605339359218387], [46.64623799306469, 24.605306682784057], [46.64620729954752, 24.60519988450187], [46.646139152969425, 24.605080104858313], [46.64606091880562, 24.60500706911266], [46.646008540961866, 24.604969529267464], [46.645770598549916, 24.60488957144246], [46.6456390689525, 24.60485699545909], [46.645556790925774, 24.604841771057245], [46.64547034058221, 24.604824825236108], [46.64543990883727, 24.60480086155332], [46.645368324851255, 24.6046855659446], [46.64534516754962, 24.604601044749405], [46.64533721824702, 24.604547118570554], [46.645338592631234, 24.604504739814303], [46.64535832482609, 24.60438790032983], [46.645271622888586, 24.604266000828073], [46.64516426109252, 24.604100386924927], [46.644987190141215, 24.603899012189217], [46.64473332189836, 24.603605092923743], [46.6446351678732, 24.603415031808375], [46.64453739528493, 24.60325412238754], [46.64450984003905, 24.603179104376242], [46.64449438850008, 24.60308127653882], [46.64449697053278, 24.602872297231084], [46.644516583354005, 24.60267851923802], [46.64452765557587, 24.60250913194838], [46.644523978595, 24.602363392396924], [46.64452617906391, 24.602324125064474], [46.6445237492154, 24.602210325954225], [46.64451546118135, 24.602186120053542], [46.64449312774832, 24.602171785686245], [46.64444873810976, 24.60216417163764], [46.64442136563147, 24.60217095004974], [46.64438787881697, 24.60218427456981], [46.64435979095904, 24.602204018486105], [46.644334603702085, 24.60224235869213], [46.64430754256615, 24.602340651093467], [46.64426326074724, 24.602612447520727], [46.64424489790732, 24.602698496181674], [46.64422117838933, 24.602781363718822], [46.64416604921651, 24.602901019596413], [46.6441036340733, 24.603005367624206], [46.644002127352266, 24.603096296541352], [46.64393540179407, 24.60314650600808], [46.64386065827257, 24.603217886947277], [46.64383224977453, 24.603293449625916], [46.64384954900884, 24.60334317275574], [46.64387660653334, 24.6033801322536], [46.644059540756174, 24.603452119295756], [46.6441026774416, 24.603474302981844], [46.64412977740699, 24.603514501615567], [46.64414718455173, 24.603560455670916], [46.64416776162348, 24.603635483180046], [46.64419403055391, 24.603696114758492], [46.64422696377964, 24.603766124297216], [46.6442830412427, 24.60385459920815], [46.64436997366814, 24.603962949522067], [46.6445688457839, 24.604184740875265], [46.64460094638836, 24.604241724972365], [46.64462551326709, 24.604322083827583], [46.64462316352301, 24.604442154399262], [46.6446114442121, 24.60458152960768], [46.64462011959523, 24.604658985017185], [46.64465275912604, 24.604757173018815], [46.6447051106038, 24.60486410425145], [46.6447453074505, 24.604940708575924], [46.644918965526486, 24.605182483712532], [46.644998491849776, 24.605269408084286], [46.645154929636874, 24.605393117679807], [46.645441253921184, 24.60555840889273], [46.64549675215575, 24.605606178205182], [46.64552481720671, 24.605654247502923], [46.64554258237397, 24.605742447388458], [46.645556670564, 24.605842028956925], [46.645555741787106, 24.605920875051428], [46.645528024739406, 24.60598395310895], [46.64549314698063, 24.606026449042442], [46.64543428810602, 24.606074499179414], [46.6453737550908, 24.606091286221627], [46.645328522851635, 24.60607923848071], [46.64520511626503, 24.605948609212906], [46.64512404674746, 24.60584583046776], [46.64506800911606, 24.605760595165982], [46.644985285375896, 24.605608186900643], [46.64482610641637, 24.60527487620038], [46.64476220900053, 24.605184197241545], [46.64455759815675, 24.604973219043142], [46.64430202552083, 24.60476470617897], [46.64418441403255, 24.604712538914747], [46.64404715774633, 24.604648437502597], [46.64387283941146, 24.604595269710295], [46.64368123083862, 24.604574686173056], [46.64345060875778, 24.60455128883753], [46.64247641621579, 24.60456840392199], [46.64228185696328, 24.604593205015345], [46.64204769203058, 24.604569843281503], [46.64188084188974, 24.604545747607986], [46.64162621827905, 24.604561497809566], [46.64134438836264, 24.604740160812497], [46.64132066863549, 24.604874798300802], [46.641193468043184, 24.604888728072943], [46.641113939576115, 24.605106458050795], [46.64125641247192, 24.605206966718637], [46.64125173098917, 24.605448900082994], [46.64125793653353, 24.60547391622596], [46.64125813367358, 24.605566522261658], [46.64134719084103, 24.60560280504188], [46.6415214251749, 24.605649498258614], [46.641868011574815, 24.60559874282361], [46.642191548263476, 24.605546619236303], [46.64244992224732, 24.605509286273083], [46.64273173407796, 24.6054793347359], [46.64331660689993, 24.605395904693246], [46.64356695222086, 24.605455472303166], [46.6437273961679, 24.605531469510254], [46.643943586409286, 24.605806089612887], [46.64403428385914, 24.605877203446994], [46.6440664315466, 24.605937770782813], [46.6440631914701, 24.6059897660746], [46.64403270638608, 24.606056392780715], [46.64401299270193, 24.606100940259925], [46.64400980961432, 24.606128511152313], [46.64406179566332, 24.60617491625176], [46.64417078496077, 24.606244995831993], [46.64440871476658, 24.606485878657573], [46.644785259302225, 24.60676389774178], [46.64485759267084, 24.606792731566074], [46.64518204145786, 24.60702569041558], [46.645206093790954, 24.607066637220832], [46.64524470757604, 24.607171926106766], [46.6453701843607, 24.607461294302528], [46.645465755689855, 24.607589021514507], [46.645544959831234, 24.607684532093923], [46.645651065196695, 24.607804854757344], [46.6458375861727, 24.6079777500762], [46.64592881514799, 24.60808180225736], [46.64598664901737, 24.60815821320743], [46.646039317468606, 24.608229847357357], [46.64619437684726, 24.608456948640313], [46.646241410012124, 24.608509477362645], [46.646311418175735, 24.608564962720468], [46.64647950100836, 24.60867958455759], [46.6466869362445, 24.608843134943562], [46.64675843137938, 24.608890945308683], [46.64695577776735, 24.608982547093166], [46.64708456163172, 24.60903639456008], [46.647154009728986, 24.609063170348083], [46.64726225010087, 24.609075753803186], [46.64735071729615, 24.609066686080453], [46.647351120393225, 24.60909745738508], [46.64729875200072, 24.609132879514043], [46.64723068708357, 24.609168426526352], [46.64715271527863, 24.609234881164078], [46.647004749397624, 24.609435732822718], [46.64699110744443, 24.609476376813845], [46.64699209232996, 24.609510704639415], [46.64703807679166, 24.60958007842721], [46.647121050784286, 24.609657988776245], [46.6471800619467, 24.609699456292947], [46.64725134463007, 24.609731071398613], [46.64735982570514, 24.609755726749277], [46.64746953565322, 24.6097527340757], [46.64774585227036, 24.60975149949317], [46.64781436509218, 24.609745374099845], [46.647872704546344, 24.609710692688825], [46.64792292465565, 24.60965460007986], [46.64798293378585, 24.609585379357263], [46.648083475340336, 24.60949337841716], [46.64831853089003, 24.60922249449459], [46.648403469881075, 24.609093220590722], [46.64843653341568, 24.60904750423734], [46.64862350214396, 24.60898390421874], [46.648687254725246, 24.60898158581141], [46.64877971066907, 24.609006489795522], [46.64889186474594, 24.609047374251304], [46.64904897596669, 24.609138789344232], [46.64919627499431, 24.609292673126618], [46.649221646138415, 24.60934518457441], [46.649235564516616, 24.609509869116465], [46.64924108147637, 24.609631645548944], [46.64927167104087, 24.609772919061044], [46.649329382182806, 24.609938851680827], [46.64938688589149, 24.61004701744609], [46.649449779931494, 24.610114358596416], [46.649507125728356, 24.610163942518376], [46.64955888175803, 24.61019253093662], [46.64961206843015, 24.610195187420842], [46.64976949667774, 24.61017564318505], [46.649801404624164, 24.61017691311355], [46.650092433334244, 24.61041943848708], [46.65019849099531, 24.610495957084588], [46.65026390501251, 24.61053619827583], [46.65062114852793, 24.61067329118884], [46.65071872120805, 24.610700695712705], [46.650793199084895, 24.61072530084452], [46.6508829573438, 24.610737028005403], [46.65127199121523, 24.610753446036135], [46.65138473436303, 24.610750796402773], [46.65150412430577, 24.610745746923627], [46.65177178950579, 24.610721910608454], [46.652041114740555, 24.61067326441066], [46.65214662437482, 24.610648813438146], [46.652287169447185, 24.61060606119351], [46.65245295204551, 24.610545113392412], [46.65261143936024, 24.610525456131118], [46.652695769749734, 24.610529904791488], [46.65276531622603, 24.61055252343494], [46.65280068468248, 24.610609379324305], [46.65281727928217, 24.610679073152642], [46.652818197631476, 24.61074894010132], [46.65280908270261, 24.610800999947305], [46.65279220075298, 24.610858520138382], [46.65274380782664, 24.61091433057385], [46.652691363884195, 24.610940254962728], [46.65262480996042, 24.610946361077623], [46.65228744020437, 24.61092498201814], [46.6519342755547, 24.610894817864914], [46.651734238142794, 24.610884472771442], [46.65112302665575, 24.6109037233539], [46.650783979141636, 24.61090386120795], [46.65070907045992, 24.610907009927175], [46.65026927901929, 24.610959675378485], [46.65016759396477, 24.610976915809832], [46.64994587782888, 24.611024135478875], [46.649596465807214, 24.611063806289096], [46.64932781055891, 24.61113401677201], [46.64924671698803, 24.611144684291073], [46.64914090179717, 24.61114584424333], [46.64903121425279, 24.61115063021649], [46.6489278515623, 24.61118938921127], [46.648783762015626, 24.611260845533995], [46.648577038639765, 24.611373877275767], [46.64856199398403, 24.611386904091916], [46.648572050216885, 24.61140650262176], [46.64866587371397, 24.611387557122622], [46.6487401249391, 24.611370618338903], [46.64883187174184, 24.611342736821783], [46.649065557666674, 24.61128095543812], [46.64913959210225, 24.611271669195485], [46.64931594626758, 24.61128950967447], [46.64939623251651, 24.611285805178863], [46.6495639434466, 24.611273793307895], [46.649939941314315, 24.611251752842197], [46.650157097653995, 24.61122249600875], [46.65051191317527, 24.6111874136862], [46.650922873713654, 24.611188554048763], [46.65113924160032, 24.6111946533707], [46.65142054202901, 24.611204277894192], [46.65159939154334, 24.611176891356916], [46.65177038798135, 24.611139703973098], [46.651833701845646, 24.61113759667447], [46.65207693372382, 24.611162008649558], [46.65219658362289, 24.611169652460408], [46.65235753533545, 24.61114596848214], [46.652451334381006, 24.61111245338302], [46.65271397238287, 24.610995164414796], [46.652793425199164, 24.610951675165964], [46.652831984775254, 24.610923248726326], [46.65286899586945, 24.610791447172772], [46.65288177871247, 24.610665823140803], [46.652853325862985, 24.610548732269507], [46.65283057727082, 24.610497964211973], [46.652785178027024, 24.610473379244137], [46.65270044740901, 24.610438476291538], [46.65259040761816, 24.610416392706046], [46.65246679202829, 24.61040520818711], [46.65229246480338, 24.61041249784236], [46.65200504935037, 24.610464030164394], [46.65186216863554, 24.61047814131707], [46.65179207947106, 24.610476222889293], [46.651482238338836, 24.610461707918898], [46.65121335834698, 24.610432408160293], [46.65098147520842, 24.61038478458772], [46.65073944169386, 24.61031039691185], [46.65058960077331, 24.61024216471118], [46.65039178983233, 24.610102789203673], [46.650300781902025, 24.610037494052335], [46.65014995318071, 24.609894020093755], [46.649925907100624, 24.609673418752696], [46.649838170123665, 24.60960311058363], [46.64974155436326, 24.60953128079842], [46.649702029302844, 24.60948959975378], [46.64968734717731, 24.609450886846744], [46.64967677105929, 24.60937961241243], [46.649667805438426, 24.609293708522184], [46.64964352341583, 24.609216499650095], [46.649594888893695, 24.60911354493274], [46.64947963902715, 24.608992972491137], [46.6493270413334, 24.60886384978975], [46.64924415531907, 24.608819965899027], [46.64895882789051, 24.608731716034328], [46.64890176714388, 24.608714424036627], [46.64878458593981, 24.60870272887813], [46.64866457313254, 24.608709856029787], [46.64847905357915, 24.608760265837294], [46.64831907903045, 24.608815769690413], [46.648202094933424, 24.608861843757012], [46.64813698420306, 24.608902576722816], [46.64805847494761, 24.609026390581146], [46.647990575266114, 24.60917144022486], [46.647960141238315, 24.60920447158658], [46.647840895815364, 24.60929213565497], [46.647761816686334, 24.609341595498474], [46.64770933574578, 24.609357722895496], [46.64766417254767, 24.609351050192107], [46.64760694736808, 24.609321218078094], [46.647600482154324, 24.609276496375692], [46.647631435406566, 24.60924569771227], [46.64782602608219, 24.609139647908545], [46.64791307656826, 24.60905269223256], [46.64795527103511, 24.60898235291243], [46.64795622070427, 24.608905298942993], [46.64793006613443, 24.608853625608905], [46.64784323781758, 24.60880799182663], [46.64755819288228, 24.608741237183594], [46.64725879868559, 24.608626262021236], [46.647097087376316, 24.608549196536938], [46.646840567726414, 24.608398445507905], [46.64670990440007, 24.608297019597643], [46.646643151616715, 24.60820542298002], [46.64657959207996, 24.608087065209098], [46.646423875810456, 24.607831225523725], [46.64628153495465, 24.607649748446477], [46.64612904223527, 24.60750805440287], [46.64602812350727, 24.607433906214343], [46.64586295390183, 24.60724220826573], [46.64579112245861, 24.607144449313253], [46.64560898850594, 24.606854391922123], [46.64557719143771, 24.60682069719811], [46.64533753997059, 24.606628020870133], [46.64514137687154, 24.60649355069568], [46.64495737297776, 24.606377318866656], [46.64463962135373, 24.60619451883451], [46.644549125068764, 24.606133168187434], [46.64449638267493, 24.60607945974719], [46.64444930863953, 24.606002225360918], [46.64440117269543, 24.605909029143312], [46.64428007688291, 24.60566068191817], [46.64411037604005, 24.60540156751122], [46.64402210596916, 24.605307150106196], [46.643889687254934, 24.60520655147269], [46.643775490452406, 24.605144627647395], [46.643624579787456, 24.60511840773531], [46.643528893301486, 24.605118975251713], [46.643309598126926, 24.6051594741351], [46.64304938795254, 24.60519277541247], [46.64270820253783, 24.6052235030194], [46.642591226273424, 24.605224652691177], [46.6424755714951, 24.6052223314973], [46.64230602616541, 24.605223034460813], [46.642043982599255, 24.605235612308757], [46.64192512637359, 24.605240881202825], [46.641831453745276, 24.605241171046575], [46.64178574807506, 24.605222693219304], [46.641752941008484, 24.605198294197233], [46.64174159341334, 24.60514334573035], [46.64174785486445, 24.60508010600872], [46.64177718674822, 24.605019854225084], [46.64184028127507, 24.604967332278488], [46.64190902843624, 24.604940665842445], [46.641972609154486, 24.604925394533346], [46.64207202893647, 24.604934685907804], [46.64222929995876, 24.604972388048388], [46.64235772549607, 24.604976263919205], [46.64253119417433, 24.604970268550026], [46.64274640904648, 24.604952409838123], [46.643018328513214, 24.604915397588584], [46.64339601221514, 24.604873647938554], [46.64352318902755, 24.604857925194516], [46.64365426153544, 24.604840367509706], [46.64378741220505, 24.60483673971601], [46.643934608469834, 24.604848090265797], [46.644066201219154, 24.60488552654364], [46.644238939112014, 24.604953289781154], [46.64436606599737, 24.605022512854713], [46.644451559028354, 24.605090266711162], [46.64453241574309, 24.60517685085573], [46.6445960458835, 24.60530087828892], [46.64470671662297, 24.60559572270563], [46.64485486171386, 24.60597512228505], [46.64501328820457, 24.606182335017724], [46.64522652544725, 24.60636627794928], [46.6453413999674, 24.606464316871595], [46.645416562924915, 24.606517246193754], [46.6454597180456, 24.606520357925042], [46.64548103778102, 24.606502207396517], [46.645498134608644, 24.606460811535413], [46.645528384590996, 24.60637626975391], [46.645566237551094, 24.606273728340835], [46.64568754758023, 24.606124748451894], [46.64573423133021, 24.60603677009351], [46.64576892532228, 24.605888083766835], [46.645802070664466, 24.605669959691966], [46.64578822924482, 24.605559965782955], [46.645762560696824, 24.60549383556597], [46.64567822358307, 24.605412149665845], [46.645563729149075, 24.605327553868996], [46.64535443325814, 24.60521355655837], [46.64524152607018, 24.605121622331435], [46.64512696918544, 24.604985698116334], [46.645038334753664, 24.604869419485123], [46.644977188650735, 24.604776764757162], [46.64492606359884, 24.604660699001357], [46.6448940858821, 24.60451850853446], [46.64486755545252, 24.60439827331507], [46.644840332823456, 24.604336871284783], [46.64476920047672, 24.604220177220146], [46.6447213774252, 24.60415978135065], [46.64465776179218, 24.604090600278184], [46.644542544736204, 24.603971813705996], [46.64441904567632, 24.60381907593838], [46.64435701474184, 24.6037212099361], [46.64425019055448, 24.60349482883549], [46.64421181406727, 24.60340745436772], [46.644178012390235, 24.60337019752539], [46.64410303918962, 24.603331598223914], [46.64397458979378, 24.603298336942224], [46.64393970435963, 24.603279631385053], [46.643933591081804, 24.60326178077276], [46.64395276417902, 24.603229321084495], [46.643999462627264, 24.603203726198732], [46.64411891752305, 24.603197046079497], [46.64418922320991, 24.60317836143167], [46.64422059541598, 24.60314339015088], [46.644251739475045, 24.603086357787465], [46.6442750781781, 24.60300004257361], [46.64430672633853, 24.602872485420793], [46.644329255342825, 24.602796986909503], [46.64436685179295, 24.602674739786753], [46.64439281876955, 24.60249440806282], [46.6444038077449, 24.602353617824473], [46.64440924805733, 24.602330261427454], [46.64442206775841, 24.602292425646716], [46.644435258222785, 24.602284992295647], [46.64445762409927, 24.60228314792982], [46.64447546921693, 24.60229907894095], [46.64447826914193, 24.602322587272997], [46.644472682854015, 24.602484502607112], [46.64447034369215, 24.60261114087762], [46.64445196437036, 24.60273308502331], [46.64439582842951, 24.602995695661225], [46.64438309754202, 24.603105979261368], [46.644379650534745, 24.603211107810232], [46.6443871131942, 24.60327763230644], [46.64442085476554, 24.603409098735092], [46.64449240198711, 24.6036069160534], [46.644541584308534, 24.60371004373677], [46.64461798515732, 24.603820871018815], [46.644745341907075, 24.603982368939377], [46.64494548335789, 24.60424906396488], [46.64503056151953, 24.604387434284497], [46.64506162854216, 24.604459984939847], [46.645072977492255, 24.60451493308832], [46.64509475110392, 24.604639859427515], [46.64511724718604, 24.604730921368173], [46.64515100883469, 24.604791871718728], [46.64524475564025, 24.60490970698605], [46.64537035914628, 24.605044685058445], [46.645391916006474, 24.605063928762707], [46.645555574406224, 24.60515588122259], [46.6456593560744, 24.605188827551697], [46.6457379710527, 24.605207346947164], [46.64581467150127, 24.605228008180763], [46.645869252670416, 24.605252941914802], [46.645924823341645, 24.60530254770292], [46.645981726967086, 24.60541431158266], [46.646016053969056, 24.60550483130013], [46.6460387635497, 24.60561553717892], [46.64604517609359, 24.605770168303653], [46.64604767542753, 24.605811350753413], [46.646035302058536, 24.605892556741356], [46.645996856585256, 24.605971368996826], [46.645962500262186, 24.606041622056093], [46.64592651301879, 24.606136976737282], [46.64587978213697, 24.6063283580111], [46.64586296186391, 24.6063723864844], [46.64580031906582, 24.606458288481978], [46.645788488143445, 24.60648451113153], [46.645775288160166, 24.606524073022133], [46.64577379692178, 24.60655992409072], [46.64577853661193, 24.60662258217148], [46.64581693873498, 24.606711748118357], [46.645855317464566, 24.60679912202856], [46.64593711796708, 24.60691894832027], [46.64606458596617, 24.607047136142043], [46.64633784976448, 24.607281189555486], [46.646393372580086, 24.607330750491307], [46.64653696535154, 24.607520892561652], [46.64658665591416, 24.607574099992494], [46.64677321815031, 24.607753021499708], [46.64699649996102, 24.607994224509717], [46.647111103892904, 24.608086916960676], [46.647278684564725, 24.608190042123606], [46.647422550118876, 24.608251176840593], [46.64748754186639, 24.608275548979908], [46.64758579885264, 24.608295973171625], [46.64777025002747, 24.60831366288071], [46.64794877589044, 24.608327832704514], [46.648109690113, 24.608343987510057], [46.64830594511333, 24.60836513000651], [46.6483747154353, 24.608378710302496], [46.64844365112781, 24.608404830183556], [46.64855418176569, 24.608464537627214], [46.64861735558828, 24.608499679236022], [46.64870782831197, 24.608523775237163], [46.64883920318227, 24.60854420226577], [46.649023888503294, 24.60856510130569], [46.649124011076836, 24.608578337624163], [46.649227888463344, 24.60857899038857], [46.64934926006265, 24.608568702158372], [46.64947639351351, 24.608549391084193], [46.649535568623214, 24.60855033687053], [46.64960311792404, 24.608567414311853], [46.64968508823523, 24.608622355154903], [46.64995055271261, 24.608839824744887], [46.650014056156444, 24.608900045872566], [46.650071892829956, 24.608976455996434], [46.65009472474167, 24.60903661659865], [46.6501250960475, 24.609147876867745], [46.650178370934256, 24.60932467194799], [46.65019055092442, 24.60935678849771], [46.65021687108291, 24.609421001899072], [46.65026302178631, 24.609502914224716], [46.65041163136537, 24.609626703716096], [46.65052230503607, 24.60969715809609], [46.65077125044501, 24.60985030610757], [46.650907327889584, 24.609915106427742], [46.651007686876646, 24.60994625618253], [46.651206281164185, 24.609996036474083], [46.65131629687035, 24.610016329088364], [46.65144590812238, 24.610036407430915], [46.65156938212777, 24.610036843419294], [46.65172002941006, 24.61001727227849], [46.65189084830414, 24.60996045119676], [46.652021403066236, 24.60990252175528], [46.652115034330514, 24.609856297579665], [46.65216865234488, 24.609821811763336], [46.65220509428312, 24.609773390339942], [46.65222100960395, 24.60969129730358], [46.65221306732154, 24.609557207672697], [46.65218501313652, 24.60930328625257], [46.652150887332205, 24.60917513364079], [46.65207931799718, 24.60901914464817], [46.651963812351326, 24.608811379427035], [46.6518718480089, 24.608631604067092], [46.65184110832183, 24.60852601219956], [46.65182897588865, 24.608361599146058], [46.651833208105835, 24.608236133113575], [46.651907227649396, 24.6080525652273], [46.65193587634256, 24.607978378231888], [46.65196382373545, 24.607885314576112], [46.65198890412915, 24.60770586852155], [46.65199840171453, 24.60753375994856], [46.65203242548013, 24.607438425562883], [46.65206412513696, 24.607392241296377], [46.65210967524761, 24.60735157521656], [46.652166194433406, 24.6073276622535], [46.65224263718383, 24.60732861512491], [46.652321204781316, 24.60734208603773], [46.65236667338401, 24.607372045465063], [46.65237694166598, 24.60740776647225], [46.65237151055868, 24.60744186941967], [46.65232887189309, 24.607478171443415], [46.65227440691714, 24.607509228304313], [46.652229805292954, 24.607538723152267], [46.65221625806255, 24.60755824384055], [46.65220348269496, 24.60763005257713], [46.6522001283177, 24.607673090481637], [46.65217009445859, 24.607773756108756], [46.652105095398696, 24.60789809712104], [46.65208264101546, 24.607978970796548], [46.65206147581946, 24.608103102256702], [46.65205397990699, 24.608206850322873], [46.65206432673041, 24.60832012048771], [46.6520792637492, 24.608378268181394], [46.65223187365122, 24.608448552479057], [46.65227349401308, 24.608483929194012], [46.65235681380861, 24.60873642926543], [46.652369757258604, 24.608800005435313], [46.652374406216104, 24.6088554968523], [46.65239484795916, 24.608919774393588], [46.65243283175095, 24.60897669197458], [46.652475017324406, 24.609055063473413], [46.65249826031996, 24.609118762162794], [46.65250220957446, 24.60918556026363], [46.6525062564262, 24.609322765259382], [46.652533362075374, 24.609468308165074], [46.65257364632912, 24.609588358031672], [46.6526355689215, 24.60967726361433], [46.65270306297177, 24.609742815615327], [46.65277995552193, 24.609777804693874], [46.65288206709063, 24.60979702726651], [46.65309588535387, 24.60980837701364], [46.65317579582189, 24.609812160690293], [46.65347688052591, 24.609868691430435], [46.653667307065064, 24.609893474486256], [46.65379677706605, 24.609902801407664], [46.65385040426788, 24.609890902077364], [46.65390011345423, 24.609862248082383], [46.653954420423794, 24.609812077772116], [46.654025526141, 24.609712157582916], [46.654047849186895, 24.60963309003203], [46.654072790211146, 24.609532536067505], [46.654096571732225, 24.60945157803704], [46.65412077022256, 24.60942184285548], [46.65414833295846, 24.609403178267012], [46.654219313125935, 24.609396748363025], [46.65429049763798, 24.60940585253066], [46.654399966280586, 24.609423158471145], [46.65451495692993, 24.609440106548835], [46.654598387204146, 24.609440601201854], [46.65471946105742, 24.609426811317014], [46.65482510948963, 24.609413107932188], [46.654960174520106, 24.609400872269923], [46.65509146171254, 24.60939942807556], [46.65519723368145, 24.6093972920397], [46.6553070156757, 24.60940455894231], [46.65549151822589, 24.609454787440683], [46.655573664354684, 24.609475068472833], [46.65573245591238, 24.609559003447874], [46.65581784989015, 24.6095994963182], [46.65591914567688, 24.609666176331558], [46.65598796687477, 24.60973038851576], [46.65605072011407, 24.609803141250183], [46.65611309447453, 24.6098898643093], [46.65617695318998, 24.61000372325249], [46.656240563266955, 24.610141436120568], [46.65631692041765, 24.6103086691506], [46.65639273931932, 24.61043494943794], [46.65654893055145, 24.6106913341142], [46.65666135491547, 24.610894351117306], [46.65677517232703, 24.61105435168796], [46.65686112004112, 24.611181512441487], [46.656917427583785, 24.61129018659402], [46.656926303928316, 24.611368923519848], [46.656977441334774, 24.61153140558519], [46.65715174629551, 24.611968454131475], [46.65723534628776, 24.612066077474363], [46.657329121110884, 24.612192255086292], [46.657459727099024, 24.61228756907034], [46.65754294967316, 24.612356528161715], [46.65763027966455, 24.6124397765036], [46.657686328683, 24.612528744485182], [46.65775802964557, 24.61261574769456], [46.65783929342329, 24.612684729091054], [46.65798127944902, 24.612751248958656], [46.65816448742673, 24.61282268933828], [46.658292000368725, 24.61283203381504], [46.658412878633904, 24.612784117619686], [46.658476370585646, 24.61273025179335], [46.658521906778375, 24.61265037160024], [46.65860154942591, 24.612426848383212], [46.65868409829125, 24.61210261893678], [46.65868093412846, 24.612023275640574], [46.65848808986835, 24.611371018751324], [46.65844811311219, 24.61123012826415], [46.65844272887825, 24.611143065184088], [46.65844377373641, 24.611061740537366], [46.658455023384704, 24.610951261380933], [46.658500225129465, 24.61068552501673], [46.658522597651555, 24.61061558115746], [46.658541066763604, 24.61057084796741], [46.65857657720033, 24.610533672048053], [46.65862905232413, 24.610498244023685], [46.65868191044885, 24.610491853774846], [46.65873915606396, 24.610497030134297], [46.65879456544365, 24.610523524495516], [46.65884382668502, 24.610565574194], [46.65888484918206, 24.61062513902293], [46.65890056505307, 24.61069272711897], [46.6589141628117, 24.61076033947058], [46.65893260879379, 24.610874361966776], [46.65895574885941, 24.61102318310944], [46.65900572813717, 24.611280125764324], [46.659032592885175, 24.611390183731185], [46.65911818523404, 24.61161769339028], [46.65919065930927, 24.61178990013771], [46.65935864531892, 24.61153626180972]]], [[[46.638401398927606, 24.603559890674678], [46.638613466022385, 24.603723608522753], [46.63870729484163, 24.603781930793236], [46.63877731797884, 24.603812034347705], [46.63897850230409, 24.60386550517627], [46.639170028399754, 24.603902766184472], [46.6394381197043, 24.603935354512494], [46.639564063156854, 24.603933982328805], [46.63954717077024, 24.603926488905486], [46.639504913813695, 24.603905836478393], [46.639320534057454, 24.603853142192886], [46.639101696089675, 24.603795075065676], [46.638944491002825, 24.60375263304563], [46.63880416671626, 24.60369753957965], [46.63870696043296, 24.60364869411506], [46.63860488964346, 24.60356794832727], [46.63837618509412, 24.603397018533826], [46.63810149731634, 24.60318023962997], [46.63807720865283, 24.603168988257593], [46.63805949173412, 24.603178778190664], [46.638066150944844, 24.60320653623018], [46.638110030922164, 24.60327131760373], [46.63822406654233, 24.60340347274628], [46.638401398927606, 24.603559890674678]]], [[[46.63730531211199, 24.60289715930761], [46.63729630350999, 24.60293084664859], [46.63753383150374, 24.603188167837967], [46.63763837144717, 24.603243821719456], [46.63767980214512, 24.603281758245554], [46.63770018057473, 24.603315125786438], [46.6377155981532, 24.60337061995926], [46.637735101869104, 24.603417432379807], [46.637875237792755, 24.603619361759453], [46.637942420400776, 24.603700203396595], [46.637980714923316, 24.603739134665066], [46.63823220207532, 24.603947528135613], [46.638290525515146, 24.603992958043126], [46.63833284482153, 24.604018409128262], [46.63849415924688, 24.60407327447435], [46.63857532307919, 24.604099262318485], [46.63870380259313, 24.604131452537448], [46.638903913745864, 24.604183015535735], [46.6390291819487, 24.60421044145729], [46.63921852274773, 24.604241008503415], [46.63941512163336, 24.604264778553436], [46.639519124869594, 24.604271322901603], [46.63958846869954, 24.604276325233172], [46.63969107208418, 24.60429442485441], [46.63980182466558, 24.60437764673388], [46.63992266014382, 24.604467500695677], [46.639965940992504, 24.604486222240077], [46.6400159483841, 24.604491319532855], [46.640083450249286, 24.60448206303017], [46.64014515987319, 24.604465075681535], [46.6401827180259, 24.60444739176257], [46.640333676231904, 24.604324239375266], [46.640202267660094, 24.60425620071749], [46.63997177120543, 24.604208808916727], [46.63984942463182, 24.604164077405866], [46.639795411749915, 24.604127238429967], [46.6396927063777, 24.604059259419664], [46.63965577262387, 24.6040443069145], [46.639540012831155, 24.604021575998456], [46.639489659839896, 24.604024044206973], [46.63936591661739, 24.604033069838305], [46.63925540336493, 24.604032806534935], [46.63890916426002, 24.603984171909104], [46.63875823272013, 24.60394996637829], [46.63857529818577, 24.603899637317166], [46.638466738870726, 24.603864000355998], [46.638385577647284, 24.60381643908914], [46.63827169158725, 24.60373713545529], [46.63814582869975, 24.603634955855487], [46.6380297005438, 24.603506386340296], [46.63792178482182, 24.60335738016056], [46.63786804690866, 24.603290015340942], [46.637817439204234, 24.60321116296165], [46.637719634222286, 24.603035644446518], [46.63761590714989, 24.602969594640427], [46.637500747604214, 24.602912307344884], [46.637431129751405, 24.602886193243105], [46.637384713371624, 24.602868463939295], [46.63735210366229, 24.602863060869847], [46.637327015274586, 24.602871011326975], [46.63730531211199, 24.60289715930761]]], [[[46.63930054140263, 24.604735314478518], [46.63910768925077, 24.60467695530464], [46.63900563493298, 24.60465887279069], [46.63891012761714, 24.604659913043157], [46.63863186294946, 24.604571773583675], [46.63845917735168, 24.60444985362158], [46.63840961256529, 24.604512772922728], [46.63827705910089, 24.604490223895123], [46.63822856771168, 24.604474437071328], [46.63814381834885, 24.60441489967516], [46.638052546241994, 24.604338158678246], [46.6378095795882, 24.604181205129475], [46.63771966372552, 24.60411242278771], [46.63761642829966, 24.603997277125952], [46.63749318540538, 24.603863442076143], [46.63743568709807, 24.60380072830663], [46.63727664755601, 24.603598044381677], [46.6372509470272, 24.603558976801278], [46.63717753106816, 24.60340238672013], [46.63707264254451, 24.603247097876935], [46.63702170284463, 24.60320446653113], [46.63697311318317, 24.603181002858783], [46.63690468226953, 24.603165432482133], [46.63682170724184, 24.60316153604693], [46.63671259508611, 24.60316560223368], [46.63638758053203, 24.603195048734587], [46.636065827014846, 24.60323309546545], [46.63591064684091, 24.60324629921015], [46.63584027893051, 24.60324322497856], [46.6358097559688, 24.603236839093064], [46.63578326837045, 24.603217933759385], [46.6357672761788, 24.60319891343128], [46.63575425723525, 24.60316642540662], [46.635735028793654, 24.603140722565065], [46.635690649419885, 24.603118172500142], [46.635424910919134, 24.603024131905908], [46.63537543315134, 24.6030131538345], [46.63502446930794, 24.602984337975307], [46.63496232861212, 24.602983590136674], [46.63481792623253, 24.603002896733756], [46.634738374572464, 24.603020075722416], [46.634678676768644, 24.60303032131102], [46.63462730025442, 24.603034717692136], [46.634531681743596, 24.603027119032802], [46.63450018306539, 24.603026501365882], [46.634339818989844, 24.603044557884036], [46.63422348393246, 24.60305829779677], [46.63411345913692, 24.60307292799292], [46.63402031284822, 24.60309409342935], [46.63397208519078, 24.603098455396545], [46.63393420239137, 24.603091189239912], [46.633786960770124, 24.60298818152603], [46.63367867568832, 24.60289434783292], [46.633603087577015, 24.60281263469666], [46.633535896673166, 24.60273083126747], [46.633496553170446, 24.602691911081987], [46.63347646350473, 24.602680612461995], [46.633455547503765, 24.602686597392523], [46.63344633850625, 24.60270493173579], [46.63343981397976, 24.602765647794715], [46.63344044296534, 24.60281408600773], [46.63347641346378, 24.602972596985072], [46.63352320566871, 24.603148431194256], [46.63351215114615, 24.60327644739047], [46.6334687555847, 24.6033621825833], [46.63340633600595, 24.603451999577583], [46.63323442196621, 24.60359726479627], [46.6331906729245, 24.60365587384618], [46.63311301030046, 24.603877628586595], [46.63304804453505, 24.60393453020075], [46.632999931445646, 24.603983498275525], [46.63294767984668, 24.604040261874697], [46.63286293626707, 24.60404311911966], [46.63272216201216, 24.60397488553323], [46.63271547693522, 24.6039497658133], [46.632749032504215, 24.603922272719256], [46.63281639510165, 24.603886661257466], [46.63288602760345, 24.603862651079197], [46.63293454315845, 24.603844684800112], [46.63296176567727, 24.603819197138822], [46.63295931964496, 24.603794032332857], [46.63294213994485, 24.60377677803982], [46.63289332260159, 24.603771494805112], [46.6328403919395, 24.60377594447412], [46.63279175065145, 24.603784223800076], [46.632730519870634, 24.60380232889895], [46.63269262465536, 24.603822117540613], [46.632663257889114, 24.603845690762576], [46.632625488392556, 24.603875167214138], [46.63260048541741, 24.60390838136676], [46.63256478563967, 24.603933960937137], [46.63254351777772, 24.603928377797878], [46.632541046680224, 24.60390127559656], [46.63255954164686, 24.603856504308578], [46.63259259426799, 24.603790259944695], [46.63266344046852, 24.603696476520305], [46.63275974213556, 24.60360435362288], [46.632862703588245, 24.60353541300044], [46.63309493694923, 24.60346506854231], [46.6332469417188, 24.60341884911022], [46.63331334439665, 24.603386159762042], [46.63334657615943, 24.603355046658173], [46.633352028436605, 24.60318710745947], [46.633277409407754, 24.602990260078926], [46.63325375177595, 24.602800610184072], [46.63329571433089, 24.6026044342061], [46.63332687268202, 24.60255565098097], [46.63341938784864, 24.60249845024347], [46.633363232760814, 24.602417670929935], [46.633300995450476, 24.60235827364172], [46.63318101257557, 24.60225880951527], [46.632995793509224, 24.602032156063267], [46.632946174305815, 24.601947930546473], [46.63290081372698, 24.60189947747797], [46.632783389143555, 24.60186337355508], [46.63268178076586, 24.601854765098818], [46.63252557172053, 24.601879991562807], [46.63234958972421, 24.601907812432906], [46.63222383558521, 24.60192357163133], [46.63215349331404, 24.60192241586387], [46.63208938557571, 24.601916392545583], [46.63189593909525, 24.601892579417424], [46.63182026252683, 24.601884762738013], [46.631705616658095, 24.60186681166105], [46.63167309449964, 24.6018681240866], [46.631564131414436, 24.601883700676815], [46.63153368361741, 24.601883070982378], [46.63150932007991, 24.601866061426353], [46.63149430365665, 24.601841272130176], [46.63148328566068, 24.601801084487853], [46.631490109408524, 24.60176070341826], [46.631507378677625, 24.6017163699044], [46.63153690745737, 24.601683149301184], [46.63156448012354, 24.601667766246823], [46.63159698996465, 24.60165827446075], [46.63165597835957, 24.601656555915486], [46.6317513172894, 24.601667660093497], [46.63206300007381, 24.60173630763932], [46.63214926875017, 24.60174508379221], [46.63220824217956, 24.60174228620634], [46.63228355416967, 24.601725283675773], [46.63237310066285, 24.601697384712068], [46.63248193892714, 24.601672211804363], [46.63254585974914, 24.601663840892986], [46.63263091961518, 24.601666757317425], [46.63269657397573, 24.60167690620837], [46.632731503935645, 24.60168481600964], [46.63280482341349, 24.60172149243104], [46.63291336439778, 24.601784272777824], [46.632998453272336, 24.601840312639474], [46.633239735514906, 24.60199124499377], [46.63330857656684, 24.602038482408098], [46.63335122966764, 24.60208984232324], [46.63342596688087, 24.6021869198399], [46.63351328537543, 24.602282900946243], [46.633582388363415, 24.602350288458574], [46.63373879879098, 24.60251269811807], [46.63387754126612, 24.602688733905975], [46.633955364863006, 24.602780979517235], [46.63399575012622, 24.602813871234236], [46.634028430096805, 24.602830090300714], [46.634089476674426, 24.60284286279789], [46.634139890759904, 24.602845194745612], [46.63422061670156, 24.602837599507918], [46.63428450055714, 24.602826349745722], [46.63450487610188, 24.602741422572247], [46.6345308771522, 24.60272290577959], [46.63455470510135, 24.60269865469529], [46.63456496259303, 24.602680309804946], [46.63455634433146, 24.602582514744647], [46.634559470574914, 24.60249994709464], [46.63461644767362, 24.60236113248437], [46.63462373700183, 24.60230938577627], [46.63462249736227, 24.602261259402372], [46.63458986749872, 24.602092708147428], [46.634431387034766, 24.601771013259842], [46.634428564687624, 24.601715381877952], [46.63444262581435, 24.60164304016109], [46.63447281095143, 24.601566149597488], [46.63447567308633, 24.60154404583803], [46.6344627045302, 24.60151539542095], [46.63443629229701, 24.60150224689676], [46.63440249166498, 24.60150342752067], [46.63437665750205, 24.601517289747775], [46.634344721410216, 24.601563701530228], [46.63429434275772, 24.601644862753908], [46.63425744518591, 24.60171340197847], [46.63425060986904, 24.60175282346359], [46.6342575050077, 24.601798813532792], [46.634271523180566, 24.601827452568706], [46.6344211099581, 24.60203024177118], [46.634434301979546, 24.60207616343787], [46.63443624926666, 24.602145240606376], [46.63442793809392, 24.602232662666633], [46.63438274205137, 24.602420166292784], [46.63436756588377, 24.602475558844816], [46.634342563642136, 24.60250877325451], [46.63430173787812, 24.602537295502273], [46.63415939208809, 24.602619022045563], [46.634082591445235, 24.602646275335488], [46.63404135567359, 24.602653505802056], [46.634004105267, 24.60264131460931], [46.63397527389075, 24.602616655728905], [46.633919689194016, 24.602539524547442], [46.63386059902716, 24.60244424577781], [46.633821189404735, 24.602390882452493], [46.63378606520176, 24.60233556834045], [46.633642032297885, 24.602093403438143], [46.63358953464295, 24.60201144050545], [46.63348172705298, 24.601873455172466], [46.63341051267442, 24.601805130714514], [46.632986665838764, 24.60166001807225], [46.632724930473394, 24.601550574048687], [46.63263817586671, 24.601524664340438], [46.63256913014796, 24.60151579642946], [46.63238144187707, 24.601531267814487], [46.632274690512304, 24.601555458210388], [46.632148310368684, 24.601603853709214], [46.632114888057636, 24.601616692686815], [46.63206238765474, 24.60161534246395], [46.631986747611016, 24.601610404865596], [46.63190376214599, 24.601605546882567], [46.63180043566984, 24.601602116617137], [46.631700105451515, 24.601601046521626], [46.631575264917444, 24.601609108735584], [46.63153270898808, 24.60161581016694], [46.63150476229931, 24.60162588270407], [46.63146850736302, 24.601670458160825], [46.63143921042993, 24.601720948126367], [46.63141271943593, 24.60178265529842], [46.63139990996674, 24.601847093550397], [46.63140496614817, 24.6019132577257], [46.63142010798437, 24.60194764186703], [46.63146261098536, 24.60198748818309], [46.63149844386529, 24.601998616407606], [46.631733339260805, 24.602028655880247], [46.63195894674762, 24.602047735882834], [46.63211038507398, 24.60205378186922], [46.632282519145605, 24.602055289091435], [46.63243523742763, 24.602044673802105], [46.632584143796024, 24.602014815231453], [46.6326396252921, 24.60201407066287], [46.63269765991977, 24.602031076790606], [46.63272931290628, 24.60205402589656], [46.6327454998087, 24.602093267975672], [46.632761006562475, 24.602231062586444], [46.63277948762445, 24.602276468354464], [46.63280633581007, 24.602323202718598], [46.632839455910386, 24.602367948521746], [46.63287885736532, 24.60241226950759], [46.63295402429142, 24.6024607548889], [46.63297014086582, 24.602490385257344], [46.632955142049205, 24.602627728928724], [46.632950617320404, 24.602683440083393], [46.63294945745645, 24.60278937824553], [46.63294571229967, 24.60287159325845], [46.63294971972689, 24.602937768718753], [46.63295973848785, 24.60298180536305], [46.63297704146907, 24.603020964866406], [46.63302170688105, 24.603065585330302], [46.633064098655105, 24.60309679596906], [46.6330938344303, 24.60312334404265], [46.63311105027154, 24.603155786779645], [46.63312559158411, 24.603224726404953], [46.63311678115487, 24.6032737663761], [46.633090891893026, 24.603300919015297], [46.63306228463285, 24.603317179477493], [46.63302515752648, 24.60333138254948], [46.63289442792805, 24.603368310138425], [46.6328151248211, 24.60340467871387], [46.63275682502797, 24.603441780062283], [46.63270946619832, 24.603486692088207], [46.63260073783828, 24.603627734318497], [46.63247523641871, 24.603824872410705], [46.632462538450014, 24.60389794680716], [46.63246743442476, 24.603951636150075], [46.63249551934457, 24.60401275232126], [46.63252861491033, 24.604055578836984], [46.63257749425895, 24.604096599825166], [46.632642671810714, 24.604137555927764], [46.63272226071871, 24.60417535885662], [46.63278234540998, 24.604194860894054], [46.63283707073713, 24.60420578286633], [46.63289798088338, 24.604208001315364], [46.63296080346089, 24.604195802898122], [46.63301394347947, 24.604165476052692], [46.63307100699488, 24.604113992829063], [46.63312558594519, 24.60403278638135], [46.633228075071465, 24.603761041325832], [46.63327133293932, 24.603697232287217], [46.633393844004146, 24.603593215743942], [46.633555725460184, 24.603449424468575], [46.63365219734807, 24.603361045380293], [46.63367377576517, 24.603325302158364], [46.633701328007945, 24.60326454290961], [46.633717637472124, 24.603256688354477], [46.6337579020301, 24.603256251214482], [46.633855106265464, 24.60330509909294], [46.633985208005875, 24.60338142206575], [46.634014681291234, 24.603387819721966], [46.63404508055572, 24.60338461022863], [46.63407109427251, 24.603367053170295], [46.63424965471163, 24.603214442782132], [46.634280916566745, 24.603196828694465], [46.63430604264758, 24.60319175772336], [46.63433863988467, 24.60319620179164], [46.63436395297134, 24.6032055239603], [46.634389465542604, 24.603230198937204], [46.63443238133429, 24.60330170962434], [46.63445248463767, 24.603313967759014], [46.63447878504851, 24.60331848018796], [46.63479013133321, 24.60328726667382], [46.63483210056422, 24.603285851830783], [46.63488989873265, 24.60329098179203], [46.63520537915913, 24.603335538489077], [46.63542319817446, 24.60338164891635], [46.63553374939497, 24.60340757639687], [46.63558700725921, 24.603428313562336], [46.635613191815004, 24.603457785426038], [46.63563150788471, 24.603494054177407], [46.63563061890262, 24.60358715437613], [46.635751175297166, 24.603655901124718], [46.63577935987576, 24.603632601117866], [46.63593244880205, 24.603486659227926], [46.63597329424565, 24.603462922681064], [46.63605729366861, 24.603442300621367], [46.6363253634238, 24.603410718335667], [46.63650514269321, 24.60337113705398], [46.636719171448746, 24.603291983910943], [46.63676042138897, 24.603291760977786], [46.6368120975537, 24.603310393057527], [46.636843659075, 24.603331621288884], [46.636992878074985, 24.603503794719696], [46.637009043184214, 24.603541245124784], [46.637017393363024, 24.603580571925857], [46.63704312206167, 24.60375050587318], [46.63707081459728, 24.603832528744434], [46.63709992475508, 24.60397232722919], [46.637121404489214, 24.60404349602244], [46.637143380329, 24.604085097090362], [46.63718126024618, 24.604125264652144], [46.63725037710718, 24.604165721669016], [46.63732324839422, 24.604194464923165], [46.637380723620005, 24.604221483160813], [46.63752235920402, 24.60433049295232], [46.63761590770549, 24.604394668031365], [46.63777959172847, 24.604473514128124], [46.637829090863235, 24.60451239299714], [46.63790070475936, 24.604594032424576], [46.63795608223153, 24.604632848165835], [46.638080368154654, 24.60469599671629], [46.6381649746083, 24.604721951804972], [46.63822769448392, 24.604729723872683], [46.63829810071638, 24.60473567592511], [46.638464376827294, 24.60476841370144], [46.63879615469113, 24.604855011766464], [46.638992118455256, 24.60491045895195], [46.63915128496206, 24.604961507733762], [46.63935911939135, 24.60504177713684], [46.63965187967623, 24.60519501621343], [46.63968241577655, 24.605202360943526], [46.63969889554154, 24.605178189144578], [46.6396057321304, 24.60487594270456], [46.639566374613175, 24.604836064578564], [46.639541073368825, 24.60482770298552], [46.63930054140263, 24.604735314478518]]], [[[46.63717133800244, 24.602603992271828], [46.637312859921366, 24.602670590091524], [46.63758748311912, 24.602801958252517], [46.63764856743536, 24.602817608273607], [46.63769123528016, 24.602789313399846], [46.637287384926005, 24.602568180591895], [46.637080155911455, 24.60245335326607], [46.637030729179635, 24.602446212567703], [46.63697418078775, 24.602456424789356], [46.636928226633344, 24.60247419923403], [46.636895091833125, 24.602509108788702], [46.63686715481612, 24.602577050915475], [46.63682341640863, 24.60267965444767], [46.636771561002504, 24.60276084604942], [46.63673269929255, 24.602786352606504], [46.63668989651781, 24.602792529981627], [46.636598275958846, 24.602769534182745], [46.63645481726612, 24.602715432316092], [46.6362183776045, 24.602614356806733], [46.636167838806, 24.602602429826863], [46.63613316736723, 24.6025999273971], [46.635903547665926, 24.602619698310825], [46.635824498109976, 24.60262153729164], [46.63573751065689, 24.602614731325723], [46.635690209481886, 24.602599944672747], [46.63546431485656, 24.602502592517954], [46.635113229635735, 24.602383566957776], [46.63508034972737, 24.602361235757286], [46.63506291812748, 24.602324606979327], [46.635057308937796, 24.60219538038437], [46.63506672175426, 24.602046488503095], [46.63506167686536, 24.601984532897223], [46.63505444500087, 24.601817988376652], [46.635045245479766, 24.60178027152493], [46.63503365595263, 24.601752955136828], [46.63500601937793, 24.60172638373609], [46.634971248430844, 24.601716205521626], [46.634906154458136, 24.601714993115884], [46.63484119667354, 24.60172433608963], [46.63479945341032, 24.60174302303748], [46.63476206978357, 24.60177414000404], [46.63473952956833, 24.60181661060122], [46.63472843354137, 24.601851280292472], [46.63471885975851, 24.60200301539545], [46.634719580793984, 24.602139283685492], [46.63473895849987, 24.602176500836634], [46.63476956845933, 24.602189604601634], [46.634794644430535, 24.602180694905456], [46.634819446043956, 24.602150674412286], [46.634839252017365, 24.6020592891728], [46.63486932421867, 24.601943021820038], [46.63488741422244, 24.601867250371416], [46.63489944936069, 24.601814798383927], [46.63491970827371, 24.60178874226959], [46.63494985715666, 24.601779369320504], [46.63497107437496, 24.601781077368727], [46.634983934185264, 24.60179207962967], [46.634990599689054, 24.601815745760316], [46.63498398270534, 24.601877343207217], [46.63495377481148, 24.601999269720732], [46.634916213290346, 24.602165937925363], [46.63484971397691, 24.602379712280637], [46.63484031702485, 24.602464266748655], [46.634852609272144, 24.602521714828118], [46.63486230441772, 24.60254080367521], [46.63488894962545, 24.602556128315683], [46.63497412655733, 24.602583734139646], [46.63512498632733, 24.602615574213132], [46.635278410477355, 24.60265528406475], [46.63545962566452, 24.602707057149118], [46.63562002590933, 24.602772492527958], [46.635746391694994, 24.60280374854257], [46.63621422514361, 24.602940696442506], [46.636375388564815, 24.602984049127922], [46.63648796158968, 24.60300393780749], [46.636606694164456, 24.603013203435488], [46.636676987024, 24.603010519338955], [46.6367576878709, 24.603001004320024], [46.636813150427095, 24.60298792548828], [46.63685907980774, 24.60296823174433], [46.63688091944594, 24.602952639218067], [46.63690785743035, 24.602925475456892], [46.63695796008165, 24.602823202663842], [46.63704031087876, 24.602617893271724], [46.63705895256358, 24.602598496317885], [46.637107130891415, 24.60259029471587], [46.63717133800244, 24.602603992271828]]]]}}, {"type": "Feature", "properties": {"zone": "bed"}, "geometry": {"type": "MultiPolygon", "coordinates": [[[[46.65093408407155, 24.61516160161776], [46.650941271224426, 24.61518055064663], [46.65096065882048, 24.61520550645906], [46.6510843114765, 24.61526803915118], [46.65113130247889, 24.615298500376333], [46.65120602398892, 24.61534414479475], [46.65124046316934, 24.61538636058969], [46.651260079687496, 24.615428738184853], [46.65127579227159, 24.615496327220708], [46.651295154560366, 24.615519347425103], [46.651331405927436, 24.615538309647224], [46.65138666363259, 24.615553191534183], [46.65149899116574, 24.615559702600105], [46.651581904181924, 24.615583960874613], [46.65167979053459, 24.61561967061748], [46.65173073752649, 24.615628792196524], [46.65182181439074, 24.615629727944413], [46.65189360514834, 24.615613451093914], [46.65193360782952, 24.615595587465307], [46.652019814230684, 24.61554817525122], [46.65213127682493, 24.61548886968137], [46.65220697220139, 24.61544738121979], [46.65223615861946, 24.615412211981415], [46.65222740881411, 24.61539101117759], [46.65217858013456, 24.615381867401027], [46.65211714779752, 24.615380606282155], [46.65205591896562, 24.615394831400792], [46.65195257025084, 24.615426942485296], [46.651826106906114, 24.615472860889014], [46.65177123070649, 24.615487016136363], [46.651713981925965, 24.615481836340237], [46.65120802208268, 24.615173751142915], [46.6511548055274, 24.615153038363008], [46.651112201597876, 24.615134145818335], [46.651046382349506, 24.615121315578445], [46.65098278204771, 24.615116206110415], [46.650956659377094, 24.615130642300866], [46.65093408407155, 24.61516160161776]]], [[[46.657407415414724, 24.615502414375168], [46.65716395273694, 24.61583124032184], [46.657008293693686, 24.615917164723612], [46.65679153289953, 24.615976886934543], [46.65639221980144, 24.616015326832205], [46.65620355403563, 24.615976195516534], [46.656179614348595, 24.615944208143777], [46.65603857148262, 24.6156519205403], [46.65593690799879, 24.61552224543073], [46.655833947146384, 24.6154427518787], [46.6557197471264, 24.61540280020018], [46.655605759486654, 24.615378970220736], [46.65545073901675, 24.61536455128139], [46.655337105278136, 24.615367593154208], [46.65494463999678, 24.615479414379596], [46.654788248720294, 24.61550980220214], [46.6546743790105, 24.61549492886911], [46.65460725698086, 24.61545804211196], [46.65453003130947, 24.615397973230632], [46.654456889215275, 24.615350401689483], [46.654393309572534, 24.61528480763381], [46.654320426902856, 24.615256941846553], [46.65420476323175, 24.61525463017196], [46.65411487997153, 24.615275327248273], [46.65396542896234, 24.615386264893694], [46.65379420903666, 24.61548131669204], [46.65366489820714, 24.61548452966073], [46.65354897511637, 24.615462511657974], [46.65352165767605, 24.61547177059776], [46.65351830469927, 24.61551480846511], [46.653562075610466, 24.615564494710696], [46.65364281983593, 24.61559406671456], [46.653750740148205, 24.615603630321438], [46.65386024263262, 24.615584509118047], [46.65397890688485, 24.61551691108335], [46.65421427478403, 24.6153817372105], [46.65428101950726, 24.615389961868864], [46.65435798672153, 24.615430324144654], [46.65443530663328, 24.61549755846174], [46.654526273541606, 24.615559268523892], [46.654626898205045, 24.61561012046638], [46.65475460256822, 24.61563380029622], [46.6548526540342, 24.615638096657865], [46.655046065627516, 24.61559117551813], [46.65535098562927, 24.615528694328216], [46.65552739771283, 24.61553033654681], [46.65561014971238, 24.615563468116253], [46.65569516770928, 24.615619867006686], [46.655766963636744, 24.615714037353076], [46.655928145087096, 24.616047312241317], [46.65603741101252, 24.61615898724021], [46.65615583811364, 24.616222184405046], [46.65629383717301, 24.616283374597636], [46.65636093651888, 24.616318470343046], [46.65638105125321, 24.61635766617547], [46.656350405455484, 24.6164117546122], [46.65622118800625, 24.616570847632673], [46.65600950002536, 24.6168670186966], [46.65583993163414, 24.617087473011964], [46.655598681853505, 24.617371426686567], [46.65558437322118, 24.617475503415882], [46.65558725266368, 24.617545348638544], [46.65545298215514, 24.617618494739595], [46.655272789142586, 24.617627644181763], [46.65488128559009, 24.617664202983825], [46.65460332332488, 24.617690553190126], [46.65431771045764, 24.61773132069329], [46.654253207638035, 24.61774457149202], [46.65423396459264, 24.617771659079995], [46.65422928811498, 24.61786308749793], [46.65421507260424, 24.617974329495894], [46.654229402474115, 24.618020756528168], [46.654266825243376, 24.618034678616954], [46.65429796742015, 24.618018211078635], [46.654328685204554, 24.617969497236633], [46.65433789314471, 24.61792460270506], [46.65442322208666, 24.617855579522494], [46.65455189862877, 24.61780399588183], [46.654708222054104, 24.61776823392906], [46.65488038761274, 24.61774483981299], [46.65498606653725, 24.617732927071625], [46.655194260598925, 24.61776646991347], [46.65533932057218, 24.61776845722173], [46.655532972099756, 24.6177394499945], [46.65567753651635, 24.617703816471618], [46.65580451263643, 24.617671960068662], [46.65593545441411, 24.617643642639468], [46.656048712551154, 24.61761193705623], [46.65609947361442, 24.617597044525066], [46.656120722692876, 24.61757351826782], [46.65610471516636, 24.617548610844555], [46.65605560657849, 24.617540192881812], [46.65592046222366, 24.617547055742097], [46.65582054438745, 24.61754994706371], [46.655789119383506, 24.617544917986528], [46.65577278157261, 24.617494930488494], [46.655779653139405, 24.61742139429534], [46.65580805598493, 24.617345829716285], [46.655871639059136, 24.617262711478883], [46.65614558769775, 24.616931813676533], [46.6564297816401, 24.61663484401414], [46.65659403622094, 24.616457447669593], [46.65671959328457, 24.616318103326446], [46.65683431343712, 24.616248755149385], [46.65694544553448, 24.61620453007937], [46.65704696726873, 24.61617474444995], [46.65732244658005, 24.616108999921337], [46.6574682601876, 24.61601960004107], [46.657547730974535, 24.61595243111032], [46.65771694048777, 24.61570510214596], [46.657821014697454, 24.615533236228586], [46.65758260302535, 24.615515469584004], [46.657407415414724, 24.615502414375168]]], [[[46.65823607945728, 24.61369104860879], [46.65847664645533, 24.61307207766447], [46.658472735753996, 24.613070457622726], [46.658487835547895, 24.6130384672907], [46.65853450543114, 24.612918739234097], [46.65864627090475, 24.612632010481224], [46.65866809303381, 24.61257603071551], [46.65869009107037, 24.612543119187794], [46.65874833988921, 24.612455974829995], [46.65887688562652, 24.612263658486178], [46.65919065930927, 24.61178990013771], [46.65911818523404, 24.61161769339028], [46.659032592885175, 24.611390183731185], [46.65900572813717, 24.611280125764324], [46.65895574885941, 24.61102318310944], [46.65893260879379, 24.610874361966776], [46.6589141628117, 24.61076033947058], [46.65890056505307, 24.61069272711897], [46.65888484918206, 24.61062513902293], [46.65884382668502, 24.610565574194], [46.65879456544365, 24.610523524495516], [46.65873915606396, 24.610497030134297], [46.65868191044885, 24.610491853774846], [46.65862905232413, 24.610498244023685], [46.65857657720033, 24.610533672048053], [46.658541066763604, 24.61057084796741], [46.658522597651555, 24.61061558115746], [46.658500225129465, 24.61068552501673], [46.658455023384704, 24.610951261380933], [46.65844377373641, 24.611061740537366], [46.65844272887825, 24.611143065184088], [46.65844811311219, 24.61123012826415], [46.65848808986835, 24.611371018751324], [46.65868093412846, 24.612023275640574], [46.65868409829125, 24.61210261893678], [46.65860154942591, 24.612426848383212], [46.658521906778375, 24.61265037160024], [46.658476370585646, 24.61273025179335], [46.658412878633904, 24.612784117619686], [46.658292000368725, 24.61283203381504], [46.65816448742673, 24.61282268933828], [46.65798127944902, 24.612751248958656], [46.65783929342329, 24.612684729091054], [46.65775802964557, 24.61261574769456], [46.657686328683, 24.612528744485182], [46.65763027966455, 24.6124397765036], [46.65754294967316, 24.612356528161715], [46.657459727099024, 24.61228756907034], [46.657329121110884, 24.612192255086292], [46.65723534628776, 24.612066077474363], [46.65715174629551, 24.611968454131475], [46.656977441334774, 24.61153140558519], [46.656926303928316, 24.611368923519848], [46.656917427583785, 24.61129018659402], [46.65686112004112, 24.611181512441487], [46.65677517232703, 24.61105435168796], [46.65666135491547, 24.610894351117306], [46.65654893055145, 24.6106913341142], [46.65639273931932, 24.61043494943794], [46.65631692041765, 24.6103086691506], [46.656240563266955, 24.610141436120568], [46.65617695318998, 24.61000372325249], [46.65611309447453, 24.6098898643093], [46.65605072011407, 24.609803141250183], [46.65598796687477, 24.60973038851576], [46.65591914567688, 24.609666176331558], [46.65581784989015, 24.6095994963182], [46.65573245591238, 24.609559003447874], [46.655573664354684, 24.609475068472833], [46.65549151822589, 24.609454787440683], [46.6553070156757, 24.60940455894231], [46.65519723368145, 24.6093972920397], [46.65509146171254, 24.60939942807556], [46.654960174520106, 24.609400872269923], [46.65482510948963, 24.609413107932188], [46.65471946105742, 24.609426811317014], [46.654598387204146, 24.609440601201854], [46.65451495692993, 24.609440106548835], [46.654399966280586, 24.609423158471145], [46.65429049763798, 24.60940585253066], [46.654219313125935, 24.609396748363025], [46.65414833295846, 24.609403178267012], [46.65412077022256, 24.60942184285548], [46.654096571732225, 24.60945157803704], [46.654072790211146, 24.609532536067505], [46.654047849186895, 24.60963309003203], [46.654025526141, 24.609712157582916], [46.653954420423794, 24.609812077772116], [46.65390011345423, 24.609862248082383], [46.65385040426788, 24.609890902077364], [46.65379677706605, 24.609902801407664], [46.653667307065064, 24.609893474486256], [46.65347688052591, 24.609868691430435], [46.65317579582189, 24.609812160690293], [46.65309588535387, 24.60980837701364], [46.65288206709063, 24.60979702726651], [46.65277995552193, 24.609777804693874], [46.65270306297177, 24.609742815615327], [46.6526355689215, 24.60967726361433], [46.65257364632912, 24.609588358031672], [46.652533362075374, 24.609468308165074], [46.6525062564262, 24.609322765259382], [46.65250220957446, 24.60918556026363], [46.65249826031996, 24.609118762162794], [46.652475017324406, 24.609055063473413], [46.65243283175095, 24.60897669197458], [46.65239484795916, 24.608919774393588], [46.652374406216104, 24.6088554968523], [46.652369757258604, 24.608800005435313], [46.65235681380861, 24.60873642926543], [46.65227349401308, 24.608483929194012], [46.65223187365122, 24.608448552479057], [46.6520792637492, 24.608378268181394], [46.65206432673041, 24.60832012048771], [46.65205397990699, 24.608206850322873], [46.65206147581946, 24.608103102256702], [46.65208264101546, 24.607978970796548], [46.652105095398696, 24.60789809712104], [46.65217009445859, 24.607773756108756], [46.6522001283177, 24.607673090481637], [46.65220348269496, 24.60763005257713], [46.65221625806255, 24.60755824384055], [46.652229805292954, 24.607538723152267], [46.65227440691714, 24.607509228304313], [46.65232887189309, 24.607478171443415], [46.65237151055868, 24.60744186941967], [46.65237694166598, 24.60740776647225], [46.65236667338401, 24.607372045465063], [46.652321204781316, 24.60734208603773], [46.65224263718383, 24.60732861512491], [46.652166194433406, 24.6073276622535], [46.65210967524761, 24.60735157521656], [46.65206412513696, 24.607392241296377], [46.65203242548013, 24.607438425562883], [46.65199840171453, 24.60753375994856], [46.65198890412915, 24.60770586852155], [46.65196382373545, 24.607885314576112], [46.65193587634256, 24.607978378231888], [46.651907227649396, 24.6080525652273], [46.651833208105835, 24.608236133113575], [46.65182897588865, 24.608361599146058], [46.65184110832183, 24.60852601219956], [46.6518718480089, 24.608631604067092], [46.651963812351326, 24.608811379427035], [46.65207931799718, 24.60901914464817], [46.652150887332205, 24.60917513364079], [46.65218501313652, 24.60930328625257], [46.65221306732154, 24.609557207672697], [46.65222100960395, 24.60969129730358], [46.65220509428312, 24.609773390339942], [46.65216865234488, 24.609821811763336], [46.652115034330514, 24.609856297579665], [46.652021403066236, 24.60990252175528], [46.65189084830414, 24.60996045119676], [46.65172002941006, 24.61001727227849], [46.65156938212777, 24.610036843419294], [46.65144590812238, 24.610036407430915], [46.65131629687035, 24.610016329088364], [46.651206281164185, 24.609996036474083], [46.651007686876646, 24.60994625618253], [46.650907327889584, 24.609915106427742], [46.65077125044501, 24.60985030610757], [46.65052230503607, 24.60969715809609], [46.65041163136537, 24.609626703716096], [46.65026302178631, 24.609502914224716], [46.65021687108291, 24.609421001899072], [46.65019055092442, 24.60935678849771], [46.650178370934256, 24.60932467194799], [46.6501250960475, 24.609147876867745], [46.65009472474167, 24.60903661659865], [46.650071892829956, 24.608976455996434], [46.650014056156444, 24.608900045872566], [46.64995055271261, 24.608839824744887], [46.64968508823523, 24.608622355154903], [46.64960311792404, 24.608567414311853], [46.649535568623214, 24.60855033687053], [46.64947639351351, 24.608549391084193], [46.64934926006265, 24.608568702158372], [46.649227888463344, 24.60857899038857], [46.649124011076836, 24.608578337624163], [46.649023888503294, 24.60856510130569], [46.64883920318227, 24.60854420226577], [46.64870782831197, 24.608523775237163], [46.64861735558828, 24.608499679236022], [46.64855418176569, 24.608464537627214], [46.64844365112781, 24.608404830183556], [46.6483747154353, 24.608378710302496], [46.64830594511333, 24.60836513000651], [46.648109690113, 24.608343987510057], [46.64794877589044, 24.608327832704514], [46.64777025002747, 24.60831366288071], [46.64758579885264, 24.608295973171625], [46.64748754186639, 24.608275548979908], [46.647422550118876, 24.608251176840593], [46.647278684564725, 24.608190042123606], [46.647111103892904, 24.608086916960676], [46.64699649996102, 24.607994224509717], [46.64677321815031, 24.607753021499708], [46.64658665591416, 24.607574099992494], [46.64653696535154, 24.607520892561652], [46.646393372580086, 24.607330750491307], [46.64633784976448, 24.607281189555486], [46.64606458596617, 24.607047136142043], [46.64593711796708, 24.60691894832027], [46.645855317464566, 24.60679912202856], [46.64581693873498, 24.606711748118357], [46.64577853661193, 24.60662258217148], [46.64577379692178, 24.60655992409072], [46.645775288160166, 24.606524073022133], [46.645788488143445, 24.60648451113153], [46.64580031906582, 24.606458288481978], [46.64586296186391, 24.6063723864844], [46.64587978213697, 24.6063283580111], [46.64592651301879, 24.606136976737282], [46.645962500262186, 24.606041622056093], [46.645996856585256, 24.605971368996826], [46.646035302058536, 24.605892556741356], [46.64604767542753, 24.605811350753413], [46.64604517609359, 24.605770168303653], [46.6460387635497, 24.60561553717892], [46.646016053969056, 24.60550483130013], [46.645981726967086, 24.60541431158266], [46.645924823341645, 24.60530254770292], [46.645869252670416, 24.605252941914802], [46.64581467150127, 24.605228008180763], [46.6457379710527, 24.605207346947164], [46.6456593560744, 24.605188827551697], [46.645555574406224, 24.60515588122259], [46.645391916006474, 24.605063928762707], [46.64537035914628, 24.605044685058445], [46.64524475564025, 24.60490970698605], [46.64515100883469, 24.604791871718728], [46.64511724718604, 24.604730921368173], [46.64509475110392, 24.604639859427515], [46.645072977492255, 24.60451493308832], [46.64506162854216, 24.604459984939847], [46.64503056151953, 24.604387434284497], [46.64494548335789, 24.60424906396488], [46.644745341907075, 24.603982368939377], [46.64461798515732, 24.603820871018815], [46.644541584308534, 24.60371004373677], [46.64449240198711, 24.6036069160534], [46.64442085476554, 24.603409098735092], [46.6443871131942, 24.60327763230644], [46.644379650534745, 24.603211107810232], [46.64438309754202, 24.603105979261368], [46.64439582842951, 24.602995695661225], [46.64445196437036, 24.60273308502331], [46.64447034369215, 24.60261114087762], [46.644472682854015, 24.602484502607112], [46.64447826914193, 24.602322587272997], [46.64447546921693, 24.60229907894095], [46.64445762409927, 24.60228314792982], [46.644435258222785, 24.602284992295647], [46.64442206775841, 24.602292425646716], [46.64440924805733, 24.602330261427454], [46.6444038077449, 24.602353617824473], [46.64439281876955, 24.60249440806282], [46.64436685179295, 24.602674739786753], [46.644329255342825, 24.602796986909503], [46.64430672633853, 24.602872485420793], [46.6442750781781, 24.60300004257361], [46.644251739475045, 24.603086357787465], [46.64422059541598, 24.60314339015088], [46.64418922320991, 24.60317836143167], [46.64411891752305, 24.603197046079497], [46.643999462627264, 24.603203726198732], [46.64395276417902, 24.603229321084495], [46.643933591081804, 24.60326178077276], [46.64393970435963, 24.603279631385053], [46.64397458979378, 24.603298336942224], [46.64410303918962, 24.603331598223914], [46.644178012390235, 24.60337019752539], [46.64421181406727, 24.60340745436772], [46.64425019055448, 24.60349482883549], [46.64435701474184, 24.6037212099361], [46.64441904567632, 24.60381907593838], [46.644542544736204, 24.603971813705996], [46.64465776179218, 24.604090600278184], [46.6447213774252, 24.60415978135065], [46.64476920047672, 24.604220177220146], [46.644840332823456, 24.604336871284783], [46.64486755545252, 24.60439827331507], [46.6448940858821, 24.60451850853446], [46.64492606359884, 24.604660699001357], [46.644977188650735, 24.604776764757162], [46.645038334753664, 24.604869419485123], [46.64512696918544, 24.604985698116334], [46.64524152607018, 24.605121622331435], [46.64535443325814, 24.60521355655837], [46.645563729149075, 24.605327553868996], [46.64567822358307, 24.605412149665845], [46.645762560696824, 24.60549383556597], [46.64578822924482, 24.605559965782955], [46.645802070664466, 24.605669959691966], [46.64576892532228, 24.605888083766835], [46.64573423133021, 24.60603677009351], [46.64568754758023, 24.606124748451894], [46.645566237551094, 24.606273728340835], [46.645528384590996, 24.60637626975391], [46.645498134608644, 24.606460811535413], [46.64548103778102, 24.606502207396517], [46.6454597180456, 24.606520357925042], [46.645416562924915, 24.606517246193754], [46.6453413999674, 24.606464316871595], [46.64522652544725, 24.60636627794928], [46.64501328820457, 24.606182335017724], [46.64485486171386, 24.60597512228505], [46.64470671662297, 24.60559572270563], [46.6445960458835, 24.60530087828892], [46.64453241574309, 24.60517685085573], [46.644451559028354, 24.605090266711162], [46.64436606599737, 24.605022512854713], [46.644238939112014, 24.604953289781154], [46.644066201219154, 24.60488552654364], [46.643934608469834, 24.604848090265797], [46.64378741220505, 24.60483673971601], [46.64365426153544, 24.604840367509706], [46.64352318902755, 24.604857925194516], [46.64339601221514, 24.604873647938554], [46.643018328513214, 24.604915397588584], [46.64274640904648, 24.604952409838123], [46.64253119417433, 24.604970268550026], [46.64235772549607, 24.604976263919205], [46.64222929995876, 24.604972388048388], [46.64207202893647, 24.604934685907804], [46.641972609154486, 24.604925394533346], [46.64190902843624, 24.604940665842445], [46.64184028127507, 24.604967332278488], [46.64177718674822, 24.605019854225084], [46.64174785486445, 24.60508010600872], [46.64174159341334, 24.60514334573035], [46.641752941008484, 24.605198294197233], [46.64178574807506, 24.605222693219304], [46.641831453745276, 24.605241171046575], [46.64192512637359, 24.605240881202825], [46.642043982599255, 24.605235612308757], [46.64230602616541, 24.605223034460813], [46.6424755714951, 24.6052223314973], [46.642591226273424, 24.605224652691177], [46.64270820253783, 24.6052235030194], [46.64304938795254, 24.60519277541247], [46.643309598126926, 24.6051594741351], [46.643528893301486, 24.605118975251713], [46.643624579787456, 24.60511840773531], [46.643775490452406, 24.605144627647395], [46.643889687254934, 24.60520655147269], [46.64402210596916, 24.605307150106196], [46.64411037604005, 24.60540156751122], [46.64428007688291, 24.60566068191817], [46.64440117269543, 24.605909029143312], [46.64444930863953, 24.606002225360918], [46.64449638267493, 24.60607945974719], [46.644549125068764, 24.606133168187434], [46.64463962135373, 24.60619451883451], [46.64495737297776, 24.606377318866656], [46.64514137687154, 24.60649355069568], [46.64533753997059, 24.606628020870133], [46.64557719143771, 24.60682069719811], [46.64560898850594, 24.606854391922123], [46.64579112245861, 24.607144449313253], [46.64586295390183, 24.60724220826573], [46.64602812350727, 24.607433906214343], [46.64612904223527, 24.60750805440287], [46.64628153495465, 24.607649748446477], [46.646423875810456, 24.607831225523725], [46.64657959207996, 24.608087065209098], [46.646643151616715, 24.60820542298002], [46.64670990440007, 24.608297019597643], [46.646840567726414, 24.608398445507905], [46.647097087376316, 24.608549196536938], [46.64725879868559, 24.608626262021236], [46.64755819288228, 24.608741237183594], [46.64784323781758, 24.60880799182663], [46.64793006613443, 24.608853625608905], [46.64795622070427, 24.608905298942993], [46.64795527103511, 24.60898235291243], [46.64791307656826, 24.60905269223256], [46.64782602608219, 24.609139647908545], [46.647631435406566, 24.60924569771227], [46.647600482154324, 24.609276496375692], [46.64760694736808, 24.609321218078094], [46.64766417254767, 24.609351050192107], [46.64770933574578, 24.609357722895496], [46.647761816686334, 24.609341595498474], [46.647840895815364, 24.60929213565497], [46.647960141238315, 24.60920447158658], [46.647990575266114, 24.60917144022486], [46.64805847494761, 24.609026390581146], [46.64813698420306, 24.608902576722816], [46.648202094933424, 24.608861843757012], [46.64831907903045, 24.608815769690413], [46.64847905357915, 24.608760265837294], [46.64866457313254, 24.608709856029787], [46.64878458593981, 24.60870272887813], [46.64890176714388, 24.608714424036627], [46.64895882789051, 24.608731716034328], [46.64924415531907, 24.608819965899027], [46.6493270413334, 24.60886384978975], [46.64947963902715, 24.608992972491137], [46.649594888893695, 24.60911354493274], [46.64964352341583, 24.609216499650095], [46.649667805438426, 24.609293708522184], [46.64967677105929, 24.60937961241243], [46.64968734717731, 24.609450886846744], [46.649702029302844, 24.60948959975378], [46.64974155436326, 24.60953128079842], [46.649838170123665, 24.60960311058363], [46.649925907100624, 24.609673418752696], [46.65014995318071, 24.609894020093755], [46.650300781902025, 24.610037494052335], [46.65039178983233, 24.610102789203673], [46.65058960077331, 24.61024216471118], [46.65073944169386, 24.61031039691185], [46.65098147520842, 24.61038478458772], [46.65121335834698, 24.610432408160293], [46.651482238338836, 24.610461707918898], [46.65179207947106, 24.610476222889293], [46.65186216863554, 24.61047814131707], [46.65200504935037, 24.610464030164394], [46.65229246480338, 24.61041249784236], [46.65246679202829, 24.61040520818711], [46.65259040761816, 24.610416392706046], [46.65270044740901, 24.610438476291538], [46.652785178027024, 24.610473379244137], [46.65283057727082, 24.610497964211973], [46.652853325862985, 24.610548732269507], [46.65288177871247, 24.610665823140803], [46.65286899586945, 24.610791447172772], [46.652831984775254, 24.610923248726326], [46.652793425199164, 24.610951675165964], [46.65271397238287, 24.610995164414796], [46.652451334381006, 24.61111245338302], [46.65235753533545, 24.61114596848214], [46.65219658362289, 24.611169652460408], [46.65207693372382, 24.611162008649558], [46.651833701845646, 24.61113759667447], [46.65177038798135, 24.611139703973098], [46.65159939154334, 24.611176891356916], [46.65142054202901, 24.611204277894192], [46.65113924160032, 24.6111946533707], [46.650922873713654, 24.611188554048763], [46.65051191317527, 24.6111874136862], [46.650157097653995, 24.61122249600875], [46.649939941314315, 24.611251752842197], [46.6495639434466, 24.611273793307895], [46.64939623251651, 24.611285805178863], [46.64931594626758, 24.61128950967447], [46.64913959210225, 24.611271669195485], [46.649065557666674, 24.61128095543812], [46.648843190255974, 24.611339744227912], [46.64886615727007, 24.61144372898044], [46.648872401249434, 24.6114444198939], [46.64892596677959, 24.61149400120308], [46.64896562814977, 24.61152940028907], [46.649051847913384, 24.611528455238258], [46.649192606649166, 24.61150182853698], [46.64945268648635, 24.611457767557482], [46.649699001903464, 24.61141027432302], [46.649828191334485, 24.611398107594784], [46.65000023194802, 24.611365761172863], [46.65017449026202, 24.611353099850724], [46.65053504694711, 24.61134914459907], [46.65079550217356, 24.611333745492804], [46.651034614112106, 24.61133470432703], [46.65128963767575, 24.611353406373183], [46.651454874335016, 24.611399968715443], [46.651533515034046, 24.61141881414821], [46.651569281265985, 24.61145604755267], [46.6515444423315, 24.611504696310703], [46.65151185980003, 24.61156059736627], [46.65149103428327, 24.61161636845064], [46.65148553222519, 24.61164509622248], [46.65149953082309, 24.61166644353389], [46.65152892445784, 24.6116661208605], [46.651583156061506, 24.6116171494315], [46.651635146061416, 24.61154670161325], [46.65169086709034, 24.61146187913086], [46.651738915088266, 24.611389683186612], [46.651789250695465, 24.61134254673924], [46.65186352589395, 24.611327397539657], [46.65199292574785, 24.61133135170889], [46.65233837066817, 24.611370559122122], [46.652573280668335, 24.611350061583355], [46.65276069056497, 24.611294251765354], [46.65288987941564, 24.611282082428566], [46.65315122894569, 24.61133475327949], [46.653281171525705, 24.61137991003812], [46.65336387309454, 24.61140945990878], [46.65347145899712, 24.611393943836713], [46.653556972705616, 24.61133925290255], [46.65363249903647, 24.611270338023278], [46.653744762654625, 24.611163393270488], [46.65383500117307, 24.61106900081954], [46.65396157560148, 24.61094331944649], [46.65407614438727, 24.610844605320647], [46.6541573844645, 24.610796931508723], [46.65424464450742, 24.61072609505902], [46.654316181063635, 24.610651848716312], [46.654393572428944, 24.610575745686738], [46.654614695244945, 24.610401309873147], [46.65472131453848, 24.610312343839517], [46.65480087677528, 24.61025234178342], [46.65490586672257, 24.610188477251036], [46.65497010627825, 24.61015552053334], [46.65506369184828, 24.61011865641722], [46.65512632585664, 24.610112592368523], [46.65518945504808, 24.610144148847056], [46.65527195982692, 24.610203648421585], [46.655365904597666, 24.610298657160445], [46.65557165082494, 24.610593246002768], [46.65567989476533, 24.6107766002311], [46.655706713372815, 24.61087843303635], [46.65570568748865, 24.610995461229855], [46.65569528533267, 24.61105235418767], [46.65566673420429, 24.611087694915618], [46.65562705667805, 24.61112485284195], [46.65555778529931, 24.611177495349942], [46.655538661384554, 24.6112135395146], [46.65555976659543, 24.611327976608415], [46.65556899591195, 24.611433585730406], [46.655548455310765, 24.61151085602234], [46.6555003633474, 24.61157946993555], [46.655176184476076, 24.61181595924329], [46.65500381276916, 24.61197194230999], [46.65487780976782, 24.61207724774433], [46.65476306753288, 24.612144802319], [46.65475530054559, 24.61215026366757], [46.65473985985676, 24.612168349915308], [46.65474016634981, 24.612191638871003], [46.65476972510058, 24.612203856042658], [46.65481675444659, 24.612203338736435], [46.65488897420818, 24.612181043360277], [46.65496664905046, 24.612126437861914], [46.655047936630226, 24.612048500256236], [46.65512537550148, 24.611975979965642], [46.65518931028058, 24.6119197332518], [46.65525753088159, 24.61186547812432], [46.6554593291519, 24.611737591820447], [46.65559961461837, 24.611675129754374], [46.6557362636846, 24.61163420853502], [46.6558339109679, 24.61160805013388], [46.6558999025314, 24.61160700416226], [46.65594713645424, 24.611615665029134], [46.655973656105466, 24.61163514680788], [46.65600123723429, 24.6116765079027], [46.65609600110917, 24.61183365243424], [46.656230537893805, 24.61211073742632], [46.65629118949243, 24.612251614045782], [46.656353469057315, 24.61236738992849], [46.65638824534195, 24.612478092688967], [46.65639121933547, 24.612555103263198], [46.656345181080795, 24.61263086210565], [46.65626918259904, 24.612663949803544], [46.65558685213172, 24.61278971251307], [46.655177586490936, 24.612815716925468], [46.65507014016955, 24.612841982747476], [46.65499803796626, 24.61287323468239], [46.65494802091821, 24.612907379429195], [46.65488042652403, 24.612983374997416], [46.65485580085813, 24.613048147847845], [46.65482154223593, 24.61312556805424], [46.65474174248859, 24.613167654574017], [46.654628794393396, 24.61322264885375], [46.65458646203165, 24.61328224050296], [46.65455602828669, 24.613352452204595], [46.654527695159494, 24.61343339082373], [46.654487392610314, 24.613498335136963], [46.65444305374899, 24.61355436607789], [46.654420009783905, 24.61359045322991], [46.65441658541991, 24.613628116884296], [46.65444043088462, 24.61365293833432], [46.65447166627686, 24.613643636155224], [46.654518153958065, 24.613601916144038], [46.6545741802792, 24.613540381623487], [46.65463771429269, 24.613453680812686], [46.65468365957861, 24.613370757085345], [46.654724032704735, 24.613311186057917], [46.654819485542006, 24.61326713508554], [46.65490152846155, 24.613246523896866], [46.654952123886346, 24.61321909224073], [46.654994550366766, 24.613166665842922], [46.655002957064546, 24.61306086267463], [46.655029447533856, 24.612988902905414], [46.65509168206256, 24.6129523836015], [46.655175754671035, 24.61293712495452], [46.65530898214381, 24.61293386769941], [46.65540131703891, 24.612950768988654], [46.65553090818156, 24.612969051596476], [46.65583926812078, 24.61301940885152], [46.656000424813094, 24.61305346863908], [46.65611098652225, 24.613114962101548], [46.65621538655215, 24.61315502146785], [46.65629976591414, 24.613163051127348], [46.65638346086112, 24.61311912864198], [46.65647119314154, 24.61308412030737], [46.65655729562642, 24.613074213549464], [46.65664575956164, 24.61309474032876], [46.656761798854326, 24.613125712484237], [46.657087512442516, 24.613303087568394], [46.65714280593577, 24.613334729438925], [46.65737956031042, 24.61345395687007], [46.657795959083415, 24.61367154079583], [46.658175011497995, 24.613848172987808], [46.65823607945728, 24.61369104860879]]], [[[46.63958846869954, 24.604276325233172], [46.639519124869594, 24.604271322901603], [46.63941512163336, 24.604264778553436], [46.63921852274773, 24.604241008503415], [46.6390291819487, 24.60421044145729], [46.638903913745864, 24.604183015535735], [46.63870380259313, 24.604131452537448], [46.63857532307919, 24.604099262318485], [46.63849415924688, 24.60407327447435], [46.63833284482153, 24.604018409128262], [46.638290525515146, 24.603992958043126], [46.63823220207532, 24.603947528135613], [46.637980714923316, 24.603739134665066], [46.637942420400776, 24.603700203396595], [46.637875237792755, 24.603619361759453], [46.637735101869104, 24.603417432379807], [46.6377155981532, 24.60337061995926], [46.63770018057473, 24.603315125786438], [46.63767980214512, 24.603281758245554], [46.63763837144717, 24.603243821719456], [46.63753383150374, 24.603188167837967], [46.63729630350999, 24.60293084664859], [46.63729633931668, 24.602930714433484], [46.63695871958092, 24.6028213100191], [46.63695796008165, 24.602823202663842], [46.63690785743035, 24.602925475456892], [46.63688091944594, 24.602952639218067], [46.63685907980774, 24.60296823174433], [46.636813150427095, 24.60298792548828], [46.6367576878709, 24.603001004320024], [46.636676987024, 24.603010519338955], [46.636606694164456, 24.603013203435488], [46.63648796158968, 24.60300393780749], [46.636375388564815, 24.602984049127922], [46.63621422514361, 24.602940696442506], [46.635746391694994, 24.60280374854257], [46.63562002590933, 24.602772492527958], [46.63545962566452, 24.602707057149118], [46.635278410477355, 24.60265528406475], [46.63512498632733, 24.602615574213132], [46.63497412655733, 24.602583734139646], [46.63488894962545, 24.602556128315683], [46.63486230441772, 24.60254080367521], [46.634852609272144, 24.602521714828118], [46.63484031702485, 24.602464266748655], [46.63484971397691, 24.602379712280637], [46.634916213290346, 24.602165937925363], [46.63495377481148, 24.601999269720732], [46.63498398270534, 24.601877343207217], [46.634990599689054, 24.601815745760316], [46.634983934185264, 24.60179207962967], [46.63497107437496, 24.601781077368727], [46.63494985715666, 24.601779369320504], [46.63491970827371, 24.60178874226959], [46.63489944936069, 24.601814798383927], [46.63488741422244, 24.601867250371416], [46.63486932421867, 24.601943021820038], [46.634839252017365, 24.6020592891728], [46.634819446043956, 24.602150674412286], [46.634794644430535, 24.602180694905456], [46.63476956845933, 24.602189604601634], [46.634751579660616, 24.60218190402139], [46.634609854219796, 24.602195948909014], [46.63462249736227, 24.602261259402372], [46.63462373700183, 24.60230938577627], [46.63461644767362, 24.60236113248437], [46.634559470574914, 24.60249994709464], [46.63455634433146, 24.602582514744647], [46.63456496259303, 24.602680309804946], [46.63455470510135, 24.60269865469529], [46.6345308771522, 24.60272290577959], [46.63450487610188, 24.602741422572247], [46.63428450055714, 24.602826349745722], [46.63422061670156, 24.602837599507918], [46.634139890759904, 24.602845194745612], [46.634089476674426, 24.60284286279789], [46.634028430096805, 24.602830090300714], [46.63399575012622, 24.602813871234236], [46.633955364863006, 24.602780979517235], [46.63387754126612, 24.602688733905975], [46.63373879879098, 24.60251269811807], [46.633582388363415, 24.602350288458574], [46.63351328537543, 24.602282900946243], [46.63342596688087, 24.6021869198399], [46.63335122966764, 24.60208984232324], [46.63330857656684, 24.602038482408098], [46.633239735514906, 24.60199124499377], [46.632998453272336, 24.601840312639474], [46.63291336439778, 24.601784272777824], [46.63280482341349, 24.60172149243104], [46.632731503935645, 24.60168481600964], [46.63269657397573, 24.60167690620837], [46.63263091961518, 24.601666757317425], [46.63254585974914, 24.601663840892986], [46.63248193892714, 24.601672211804363], [46.63237310066285, 24.601697384712068], [46.63228355416967, 24.601725283675773], [46.63220824217956, 24.60174228620634], [46.63214926875017, 24.60174508379221], [46.63206300007381, 24.60173630763932], [46.6317513172894, 24.601667660093497], [46.63165597835957, 24.601656555915486], [46.63159698996465, 24.60165827446075], [46.63156448012354, 24.601667766246823], [46.63153690745737, 24.601683149301184], [46.631507378677625, 24.6017163699044], [46.631490109408524, 24.60176070341826], [46.63148328566068, 24.601801084487853], [46.63149430365665, 24.601841272130176], [46.63150932007991, 24.601866061426353], [46.63153368361741, 24.601883070982378], [46.631564131414436, 24.601883700676815], [46.63167309449964, 24.6018681240866], [46.631705616658095, 24.60186681166105], [46.63182026252683, 24.601884762738013], [46.63189593909525, 24.601892579417424], [46.63208938557571, 24.601916392545583], [46.63215349331404, 24.60192241586387], [46.63222383558521, 24.60192357163133], [46.63234958972421, 24.601907812432906], [46.63252557172053, 24.601879991562807], [46.63268178076586, 24.601854765098818], [46.632783389143555, 24.60186337355508], [46.63290081372698, 24.60189947747797], [46.632946174305815, 24.601947930546473], [46.632995793509224, 24.602032156063267], [46.63318101257557, 24.60225880951527], [46.633300995450476, 24.60235827364172], [46.633363232760814, 24.602417670929935], [46.63341938784864, 24.60249845024347], [46.63332687268202, 24.60255565098097], [46.63329571433089, 24.6026044342061], [46.63325375177595, 24.602800610184072], [46.633277409407754, 24.602990260078926], [46.633352028436605, 24.60318710745947], [46.63334657615943, 24.603355046658173], [46.63331334439665, 24.603386159762042], [46.6332469417188, 24.60341884911022], [46.63309493694923, 24.60346506854231], [46.632862703588245, 24.60353541300044], [46.63275974213556, 24.60360435362288], [46.63266344046852, 24.603696476520305], [46.63259259426799, 24.603790259944695], [46.63255954164686, 24.603856504308578], [46.632541046680224, 24.60390127559656], [46.63254351777772, 24.603928377797878], [46.63256478563967, 24.603933960937137], [46.63260048541741, 24.60390838136676], [46.632625488392556, 24.603875167214138], [46.632663257889114, 24.603845690762576], [46.63269262465536, 24.603822117540613], [46.632730519870634, 24.60380232889895], [46.63279175065145, 24.603784223800076], [46.6328403919395, 24.60377594447412], [46.63289332260159, 24.603771494805112], [46.63294213994485, 24.60377677803982], [46.63295931964496, 24.603794032332857], [46.63296176567727, 24.603819197138822], [46.63293454315845, 24.603844684800112], [46.63288602760345, 24.603862651079197], [46.63281639510165, 24.603886661257466], [46.632749032504215, 24.603922272719256], [46.63271547693522, 24.6039497658133], [46.63272216201216, 24.60397488553323], [46.63286293626707, 24.60404311911966], [46.63294767984668, 24.604040261874697], [46.632999931445646, 24.603983498275525], [46.63304804453505, 24.60393453020075], [46.63311301030046, 24.603877628586595], [46.6331906729245, 24.60365587384618], [46.63323442196621, 24.60359726479627], [46.63340633600595, 24.603451999577583], [46.6334687555847, 24.6033621825833], [46.63351215114615, 24.60327644739047], [46.63352320566871, 24.603148431194256], [46.63347641346378, 24.602972596985072], [46.63344044296534, 24.60281408600773], [46.63343981397976, 24.602765647794715], [46.63344633850625, 24.60270493173579], [46.633455547503765, 24.602686597392523], [46.63347646350473, 24.602680612461995], [46.633496553170446, 24.602691911081987], [46.633535896673166, 24.60273083126747], [46.633603087577015, 24.60281263469666], [46.63367867568832, 24.60289434783292], [46.633786960770124, 24.60298818152603], [46.63393420239137, 24.603091189239912], [46.63397208519078, 24.603098455396545], [46.63402031284822, 24.60309409342935], [46.63411345913692, 24.60307292799292], [46.63422348393246, 24.60305829779677], [46.634339818989844, 24.603044557884036], [46.63450018306539, 24.603026501365882], [46.634531681743596, 24.603027119032802], [46.63462730025442, 24.603034717692136], [46.634678676768644, 24.60303032131102], [46.634738374572464, 24.603020075722416], [46.63481792623253, 24.603002896733756], [46.63496232861212, 24.602983590136674], [46.63502446930794, 24.602984337975307], [46.63537543315134, 24.6030131538345], [46.635424910919134, 24.603024131905908], [46.635690649419885, 24.603118172500142], [46.635735028793654, 24.603140722565065], [46.63575425723525, 24.60316642540662], [46.6357672761788, 24.60319891343128], [46.63578326837045, 24.603217933759385], [46.6358097559688, 24.603236839093064], [46.63584027893051, 24.60324322497856], [46.63591064684091, 24.60324629921015], [46.636065827014846, 24.60323309546545], [46.63638758053203, 24.603195048734587], [46.63671259508611, 24.60316560223368], [46.63682170724184, 24.60316153604693], [46.63690468226953, 24.603165432482133], [46.63697311318317, 24.603181002858783], [46.63702170284463, 24.60320446653113], [46.63707264254451, 24.603247097876935], [46.63717753106816, 24.60340238672013], [46.6372509470272, 24.603558976801278], [46.63727664755601, 24.603598044381677], [46.63743568709807, 24.60380072830663], [46.63749318540538, 24.603863442076143], [46.63761642829966, 24.603997277125952], [46.63771966372552, 24.60411242278771], [46.6378095795882, 24.604181205129475], [46.638052546241994, 24.604338158678246], [46.63814381834885, 24.60441489967516], [46.63822856771168, 24.604474437071328], [46.63827705910089, 24.604490223895123], [46.63840961256529, 24.604512772922728], [46.63845917735168, 24.60444985362158], [46.63863186294946, 24.604571773583675], [46.63891012761714, 24.604659913043157], [46.63900563493298, 24.60465887279069], [46.63910768925077, 24.60467695530464], [46.63930054140263, 24.604735314478518], [46.639541073368825, 24.60482770298552], [46.639566374613175, 24.604836064578564], [46.639575896249376, 24.604845713201538], [46.639589815886154, 24.604276562467263], [46.63958846869954, 24.604276325233172]]]]}}]}