{"type": "FeatureCollection", "features": [{"type": "Feature", "properties": {"zone": "top"}, "geometry": {"type": "MultiPolygon", "coordinates": [[[[46.64364816493585, 24.585315936272046], [46.6436107603772, 24.585256959003203], [46.64353161161726, 24.58518930171333], [46.64347460508463, 24.585159470472618], [46.643453118814904, 24.58517188622655], [46.64337426829593, 24.585127065722947], [46.64325353552703, 24.58506290768378], [46.643249688730904, 24.585023359563678], [46.643194287286974, 24.58498894284643], [46.64316277191913, 24.58499842248049], [46.6426873754121, 24.584699326664122], [46.64268362301805, 24.584679409570438], [46.642661623061336, 24.584666077874992], [46.642647266449885, 24.5846698262998], [46.64262926260271, 24.58466164095784], [46.64254256578023, 24.584607900819037], [46.642518948514365, 24.584571036011905], [46.64245732817963, 24.58453219123204], [46.64242947831617, 24.584538881348827], [46.64173897221086, 24.58411374135493], [46.64173382366309, 24.58408510735817], [46.64161766814668, 24.58401714369108], [46.641595309503394, 24.584028614310597], [46.64028564909137, 24.583184057323912], [46.64024525129961, 24.58317202271252], [46.640214839145074, 24.583193559883053], [46.64009949806241, 24.583345127390192], [46.640108834945586, 24.583381200110363], [46.639722973461296, 24.58391928691249], [46.63968218565097, 24.583929710119822], [46.63964736420289, 24.5839793614416], [46.639630055968006, 24.58401198176012], [46.63963271884314, 24.584059354044438], [46.639666492640764, 24.584086428581596], [46.64024606755921, 24.584422487195237], [46.64042563261706, 24.584544295399443], [46.640471047359085, 24.584594475835402], [46.64047479013177, 24.584636339371517], [46.6404474023898, 24.58466100114207], [46.64043503406451, 24.584693295043763], [46.6404235288718, 24.58470998799331], [46.640319825622605, 24.584848525324723], [46.64055620995422, 24.58499602707785], [46.64044190164127, 24.585138578835263], [46.64080466173404, 24.585333429032122], [46.64088151042002, 24.58526047657626], [46.6409503179826, 24.58530650401487], [46.64097967121034, 24.58526915192496], [46.64103249460662, 24.585315353534313], [46.64104817398191, 24.58529179442146], [46.6423231984957, 24.586057512133557], [46.64241297548795, 24.586076997373254], [46.64245048761926, 24.58609315484089], [46.64266428249312, 24.58622433280469], [46.64276783150184, 24.58607410016742], [46.64300547005993, 24.5862152502029], [46.64362376694729, 24.58536036055838], [46.64364816493585, 24.585315936272046]], [[46.63988791025901, 24.58396806205041], [46.64038217738686, 24.583579272921384], [46.64036776488394, 24.583567890672885], [46.64034559357977, 24.583520987367173], [46.64034862762106, 24.583466094955373], [46.64035590264372, 24.58344887203747], [46.640365207842336, 24.583443627655953], [46.64038232503014, 24.58346229857216], [46.64039799074356, 24.583513558889273], [46.64043026001672, 24.583544066280325], [46.64058502161866, 24.583622954507394], [46.64074397886177, 24.583736084166482], [46.64078932449696, 24.583763019707938], [46.64100152934466, 24.583933857434342], [46.64120206214284, 24.584072249384167], [46.641396815393584, 24.58419870340239], [46.641495498339275, 24.584290202601494], [46.64154262977263, 24.584310260788026], [46.64162339176455, 24.584321380916254], [46.64171354837925, 24.584334113202488], [46.64176445190893, 24.584355844824195], [46.641944053824496, 24.584470462649644], [46.641970699154996, 24.584501030107635], [46.64202421540783, 24.58457930710087], [46.64215546300551, 24.584867602205602], [46.64218407276802, 24.58490500583353], [46.642252227456275, 24.584955693411953], [46.642760127203495, 24.585229593164584], [46.64297746760133, 24.585362655268398], [46.643014749002305, 24.58541796550613], [46.643069647995404, 24.585458510430232], [46.64308107416986, 24.585472101012506], [46.64306261934555, 24.585494589054036], [46.64306532195236, 24.585557990226523], [46.64298174991847, 24.58561890541956], [46.64272212095802, 24.585908892372675], [46.64275818489592, 24.585942786171437], [46.64276064034518, 24.58598733267279], [46.64274435104304, 24.586032083697617], [46.64270719506515, 24.586058204113428], [46.642617551574936, 24.58608489807689], [46.642544331610125, 24.58607712462278], [46.642442590979, 24.586038804245877], [46.642172672010375, 24.585899457253955], [46.641966779866365, 24.585781698161238], [46.64184803367364, 24.585733276810632], [46.64179503213341, 24.585694424472763], [46.64176820674678, 24.58565014367915], [46.64175999294499, 24.585595373926107], [46.64174624594043, 24.58554752124462], [46.64171951002107, 24.5855100971047], [46.64166092873924, 24.585474734825926], [46.64159315494454, 24.585453187129097], [46.64150475965779, 24.58543186422784], [46.64143140601616, 24.58541380565934], [46.641358007701406, 24.58539231917179], [46.6413032656736, 24.58536377163194], [46.64127282587799, 24.585329816150576], [46.64120991506321, 24.58524992756316], [46.641100140740434, 24.585170548848843], [46.64093754429789, 24.58506603161584], [46.64089413904079, 24.58504421800381], [46.6408430342799, 24.585007058364866], [46.640806881760625, 24.584966308295513], [46.64078918442766, 24.584903069534054], [46.640784585801775, 24.584837974292814], [46.64077349910469, 24.584742519694633], [46.64078213516809, 24.584685851604608], [46.640797866543444, 24.58459824815105], [46.64081005024567, 24.584526112377898], [46.64080025252971, 24.584493646470232], [46.640772000680535, 24.584483667425175], [46.64061453901438, 24.58448538325215], [46.64052824275815, 24.58448118052714], [46.64046796709297, 24.584459550593014], [46.640389007283844, 24.584406837262573], [46.64031518538705, 24.584352782162075], [46.640252923313255, 24.58432260239861], [46.64019615082335, 24.584282075888485], [46.64015229934425, 24.584225979580808], [46.64009731246471, 24.58417857683631], [46.64001786727803, 24.584124582830427], [46.63997629267934, 24.584099319716696], [46.63995736858247, 24.58408581144599], [46.63993460647629, 24.58406548732889], [46.63991735529031, 24.584036530902676], [46.63988791025901, 24.58396806205041]]], [[[46.65972123289609, 24.599420080786604], [46.659441943009725, 24.599568880063376], [46.65940264057981, 24.59957445638776], [46.65937616864469, 24.599557604747286], [46.65937937517642, 24.599516425664255], [46.65946719251021, 24.599350879751437], [46.65946703424302, 24.59933888094168], [46.65970625171359, 24.598995089058224], [46.659824177138546, 24.598837783139164], [46.660001981659214, 24.598671244482738], [46.66010678531577, 24.598656374208986], [46.66021028035378, 24.598684376642435], [46.660317548130855, 24.59871405110181], [46.66041914558667, 24.59874035969875], [46.66052634460816, 24.598764892701823], [46.660669481297866, 24.598813029283356], [46.66069211362369, 24.59882306547835], [46.661213366641036, 24.599107037011464], [46.661378438370676, 24.599254362585288], [46.66167020588463, 24.59948257744356], [46.661846640208985, 24.599638349200994], [46.6619341242877, 24.599731671974048], [46.662022695439376, 24.599907270967602], [46.66212246995537, 24.600079317821496], [46.66215906399651, 24.60015262973237], [46.66215773246312, 24.600193789028292], [46.662140185073774, 24.600284843311467], [46.66214271689376, 24.60033453123811], [46.66216953002985, 24.600377093402464], [46.66220185317545, 24.600411023402973], [46.662237722628596, 24.600429484441296], [46.66229021658497, 24.600428904623048], [46.662331257287484, 24.600413022416966], [46.662355153556476, 24.600376757737425], [46.662360211512, 24.600333842660028], [46.66235219130946, 24.60029450218901], [46.66230608786777, 24.600211008546548], [46.662189100695656, 24.600013436236253], [46.66210046129743, 24.599832695148436], [46.66204681269614, 24.599745856397195], [46.66197394204531, 24.599623228264505], [46.66192006818413, 24.599519248439538], [46.66183705371973, 24.599338445039738], [46.66182460539399, 24.59924772199695], [46.66182848617422, 24.599115674948035], [46.661821571469744, 24.59901803321483], [46.66179389842669, 24.598910335669007], [46.66174151422987, 24.598777195247823], [46.66172527168527, 24.598683085738056], [46.661708756516745, 24.598568407384086], [46.66168108466776, 24.59846070888733], [46.6616559660671, 24.59840441272359], [46.661575891773666, 24.598304150336343], [46.66139760735786, 24.59815011409144], [46.661361331258895, 24.598100797717198], [46.661322750139334, 24.59801893527553], [46.661215883359354, 24.59773553452781], [46.66116783779111, 24.597646918911565], [46.6610757015616, 24.597485072866306], [46.66105437874681, 24.59743216302548], [46.66103861116921, 24.59737404980997], [46.66103958104065, 24.597305465041945], [46.66106499011981, 24.597241754421987], [46.66116479869884, 24.59713264880304], [46.66133182525341, 24.59700222932286], [46.661374581586685, 24.596974327925103], [46.661440974209206, 24.596926022626366], [46.66155469755811, 24.596876765014187], [46.66164811654371, 24.59685173348638], [46.66177731327014, 24.596838306530717], [46.661854266522916, 24.596844313552698], [46.66194829669913, 24.596865561762872], [46.66202940657931, 24.596902382380502], [46.662373173238876, 24.59705759063744], [46.66246006692975, 24.597106346772183], [46.66247088951564, 24.597215945863013], [46.662459251730695, 24.597363936377494], [46.66241848098917, 24.597648538979342], [46.66243587415456, 24.59768777683831], [46.66247748017518, 24.5977147466973], [46.663002367864465, 24.59799009973727], [46.66300869431288, 24.598043174964307], [46.66323197999116, 24.59833900288956], [46.66321402568559, 24.59839920310837], [46.66316524398343, 24.598538603921213], [46.663152891099536, 24.598597028515346], [46.663200393612215, 24.59864450483159], [46.66326312110627, 24.598708956373557], [46.66320569025006, 24.598903311623737], [46.66318229300688, 24.59897728715096], [46.663309985047945, 24.599133595799827], [46.66320200367018, 24.599333652679995], [46.6631142593662, 24.59950434181822], [46.66309068071389, 24.59956460507941], [46.66308977998657, 24.599638331088286], [46.66309866141946, 24.599742807656693], [46.66312208718221, 24.599812837399767], [46.66315843343615, 24.599867294570338], [46.66331749890908, 24.59998554020442], [46.66350918371847, 24.60015999854538], [46.66362004289642, 24.60017763122536], [46.66390338107922, 24.600193356950093], [46.66398004168548, 24.60021269293257], [46.66404297444572, 24.600256958237438], [46.66420733224803, 24.600491719550746], [46.66428695652683, 24.60055769835849], [46.66434548288666, 24.60058790975266], [46.664469828864654, 24.600632821128702], [46.66468816400409, 24.600695551764943], [46.66479529729546, 24.600714938481435], [46.66486662877339, 24.60072100694596], [46.665010255022175, 24.600724371309934], [46.66325789047221, 24.599631202091047], [46.663246001600484, 24.599622317052535], [46.663235963096454, 24.599611693331084], [46.6632280744385, 24.59959964905231], [46.66322257046203, 24.599586542784134], [46.66321961730265, 24.599572765455438], [46.663219301379776, 24.59955872873992], [46.6632216321918, 24.59954485238452], [46.66322654114984, 24.599531550678634], [46.66323388139886, 24.59951921891261], [46.66351582963325, 24.59912992387701], [46.66326629784312, 24.598962622857695], [46.66345355057865, 24.59870647069485], [46.663244940043235, 24.598559055283378], [46.66339218653037, 24.598359135059304], [46.663314389074635, 24.59831040901216], [46.663265942443765, 24.598279655072016], [46.663263389146906, 24.598277596670602], [46.66326123999457, 24.598275183474765], [46.66325955116314, 24.598272481678833], [46.66325837001418, 24.598269562992], [46.66325772723121, 24.598266507433948], [46.66325764067374, 24.598263396068962], [46.66325789511079, 24.598254480658827], [46.663259792030985, 24.598245732193103], [46.6632632784831, 24.59823740316803], [46.66331163458155, 24.598169356574196], [46.66330747689977, 24.598166950227075], [46.66365196478882, 24.597690430109967], [46.6613871055963, 24.596298556210886], [46.66137592537529, 24.59631376540903], [46.66136764629584, 24.59630884384876], [46.66118171557743, 24.596198318756304], [46.66118161303273, 24.596198255781584], [46.65828292852039, 24.594424512917367], [46.65837949724905, 24.59429088115019], [46.658382363377925, 24.594286791898295], [46.65838448507947, 24.594282338849563], [46.65838580953667, 24.59427763544957], [46.658386302751644, 24.594272799451126], [46.65838595251961, 24.594267953784357], [46.6583847683337, 24.5942632193345], [46.65838277942216, 24.594258715866424], [46.65838003566427, 24.59425455659712], [46.65837660659111, 24.594250847303766], [46.658035885019224, 24.594042285308543], [46.658033412915735, 24.594039481015482], [46.658031505040896, 24.594036330110455], [46.658030218910596, 24.59403292586255], [46.65802959042608, 24.59402936990504], [46.658029640737844, 24.594025768548306], [46.65803036729999, 24.594022228363666], [46.658031748795146, 24.594018855226338], [46.65803374408753, 24.59401574981235], [46.65836876276165, 24.593554250729824], [46.65787245575407, 24.59324831701272], [46.65805260131517, 24.59299914599405], [46.65777552810216, 24.59254770912566], [46.65779885621802, 24.592515240911826], [46.65779067204733, 24.592510523051246], [46.65463858264944, 24.590593338919835], [46.654633696957006, 24.590589830637793], [46.654629474111324, 24.590585665877125], [46.654626017159686, 24.590580946437072], [46.65462341157928, 24.59057578965947], [46.6546217232432, 24.590570323936593], [46.654620992425336, 24.590564683359496], [46.654621238736944, 24.590559007663835], [46.65462245514345, 24.590553437781], [46.65462461085517, 24.59054811038892], [46.6546276543012, 24.59054315878229], [46.65467832225049, 24.590474064615545], [46.654567511084565, 24.590403695295844], [46.654518094196284, 24.59036664573413], [46.65459197720735, 24.590265086006422], [46.654714216177005, 24.590097056060845], [46.65415881183956, 24.589755087759077], [46.65378303541501, 24.589523715436965], [46.653805890004904, 24.5894885343475], [46.6538080799988, 24.58948310907475], [46.65380925049868, 24.589477425031287], [46.65380937103471, 24.58947164327006], [46.65380843679539, 24.58946592365918], [46.653806473575926, 24.58946042573054], [46.653803537707155, 24.589455303263048], [46.653773542064606, 24.589441501316518], [46.653742150768515, 24.589498542657665], [46.65346799185693, 24.589994263702874], [46.65238289300747, 24.589492508901383], [46.65286043841479, 24.588604788871915], [46.65274961249035, 24.588537529680753], [46.652120547821454, 24.58940416794639], [46.65203315466503, 24.5893502092076], [46.651923082656076, 24.589499396172226], [46.65183547172064, 24.589508675130567], [46.651720653902224, 24.58943778324593], [46.65172559294094, 24.589430015481007], [46.65172996259012, 24.5894223514776], [46.65173281187609, 24.58941411003926], [46.65173405422319, 24.589405541319575], [46.65173365157638, 24.589396905774677], [46.65173161724479, 24.589388465102967], [46.65172801185753, 24.589380475066037], [46.65172294524353, 24.589373178244998], [46.65171657138833, 24.58936679596938], [46.65170908241539, 24.589361521160075], [46.65050887586796, 24.588624406989055], [46.650538559267346, 24.58858499268041], [46.6505393735685, 24.588583911995975], [46.65057822944517, 24.588607606388077], [46.65058240616334, 24.588607666235884], [46.65058653822997, 24.588607107175356], [46.65059051723036, 24.588605944841763], [46.65059423790114, 24.5886042092824], [46.65059760307867, 24.588601945805287], [46.65060052368727, 24.588599214076357], [46.6506029216892, 24.588596087184236], [46.650604735949464, 24.588592647061297], [46.65060591727545, 24.58858898273235], [46.65060643437639, 24.588585192957854], [46.65060627472038, 24.588581376292698], [46.650605441596184, 24.588577632924025], [46.65060395803874, 24.58857406282253], [46.6505858890385, 24.588562946537245], [46.65068605885734, 24.588425962681026], [46.65115882231294, 24.587777213296807], [46.65117663419283, 24.587788832550206], [46.651180061659836, 24.587790567375723], [46.65118375839547, 24.5877917520832], [46.65118762028287, 24.58779235350386], [46.65119153748265, 24.587792353881223], [46.651195399404976, 24.587791753525302], [46.651199095684994, 24.58779056989896], [46.65120252405764, 24.587788835725732], [46.65120558445743, 24.58778660086041], [46.651208192781596, 24.587783927623448], [46.65121027301524, 24.587780892693193], [46.6512117680207, 24.587777581570073], [46.65121263460098, 24.58777408863075], [46.65121284737792, 24.58777051166807], [46.65121240276509, 24.587766953653347], [46.65121130996362, 24.587763513806], [46.651209602833504, 24.58776028926915], [46.65120732900963, 24.58775737342317], [46.651204551757885, 24.58775484683624], [46.65117563535733, 24.58773602224375], [46.65116665942325, 24.58773082330187], [46.65126591421009, 24.587592906494777], [46.6516124387222, 24.587108008581705], [46.65093431057855, 24.586689239169726], [46.650818221023435, 24.586623384192936], [46.65080135032477, 24.586637212181017], [46.65067792309537, 24.586814953915766], [46.64935762978489, 24.586014722777968], [46.64899349164913, 24.58652936195481], [46.648978841660266, 24.586549986930745], [46.64896100659101, 24.5865716219357], [46.64896551223582, 24.58659008862273], [46.649021331611905, 24.58662066205808], [46.64905320988893, 24.586613491390402], [46.64954536468047, 24.586921895564057], [46.64956075517101, 24.586957784756517], [46.649706966302666, 24.587054609224158], [46.64971914819448, 24.58708955840994], [46.649698525924855, 24.587142408835987], [46.64939494783655, 24.587479320597577], [46.64937376474615, 24.587483129106733], [46.649349728333966, 24.587482370337707], [46.64931362416503, 24.58745619765942], [46.64925770655978, 24.587417181390368], [46.64922774167424, 24.587407764505755], [46.649203398867364, 24.587420699934903], [46.64916145067793, 24.5874728087603], [46.64917260448037, 24.587510692886397], [46.64907498477481, 24.58762480687146], [46.649034772359215, 24.5876466869973], [46.649007411295884, 24.587673298468737], [46.64898124317431, 24.587709642909825], [46.64892300501015, 24.587738541947274], [46.648872818948966, 24.58773129495234], [46.648352177768565, 24.587434363274884], [46.64829114748495, 24.587407489003876], [46.64828111123912, 24.587374468295614], [46.64825553454643, 24.58735478941894], [46.64822430997838, 24.58733716871004], [46.64821237666948, 24.587292593419292], [46.648222854582684, 24.587259348121762], [46.64823561874009, 24.58723608207076], [46.648252366299545, 24.58721282116619], [46.64828410054797, 24.587188150164547], [46.648282263491296, 24.587151995968927], [46.64827250802139, 24.58713951165009], [46.64823318327664, 24.587147738827756], [46.64796992937912, 24.5869839771863], [46.64795876322583, 24.586945117940544], [46.64792225173567, 24.5869240788163], [46.647884452945675, 24.586804625399836], [46.647905267280606, 24.586766391253366], [46.647897323563015, 24.58672944702184], [46.648082081191596, 24.586433118310698], [46.64810009500122, 24.586425125368493], [46.64812347450548, 24.586419996417046], [46.648171471093484, 24.58634150896355], [46.64810151867687, 24.586289650234075], [46.64806433751101, 24.586298828136236], [46.64735395279487, 24.585849278746764], [46.64735042844695, 24.585840585232305], [46.647331868605676, 24.58582956147717], [46.647340496831355, 24.585811379909924], [46.6472016439892, 24.58572932451279], [46.64717443863338, 24.58573523556259], [46.64706579659252, 24.585668441026108], [46.647019022894, 24.585638391785064], [46.64700759640576, 24.585599223787824], [46.64695742081594, 24.585569835652652], [46.646976181456836, 24.58554405901686], [46.646969628399155, 24.585512321956358], [46.647032608058126, 24.585425562780223], [46.64705084962001, 24.585412265565875], [46.6470753198792, 24.585405761451106], [46.64709820442196, 24.58538243443836], [46.64703425083716, 24.58534259323357], [46.64699751383346, 24.58534985634355], [46.64673277505238, 24.585186224996324], [46.64672616399728, 24.585150122966976], [46.646687180067495, 24.58512744828516], [46.64660818162575, 24.585228502276394], [46.64654030755995, 24.585178949549224], [46.64625980839993, 24.58556042527271], [46.64551492594701, 24.585130099464], [46.64550579135085, 24.58509988756719], [46.64547351742057, 24.58507685210065], [46.645381823490446, 24.585185978139627], [46.645255283443014, 24.585123239586647], [46.645196127154776, 24.58519286141452], [46.64494120485532, 24.585037839881526], [46.64485639471894, 24.585153760686186], [46.644789965424785, 24.58521806419739], [46.64475887141821, 24.585239609718354], [46.64472143576333, 24.585245632081197], [46.64468374754481, 24.585232322186457], [46.644645541050046, 24.585231492607665], [46.64443855585468, 24.585102776663636], [46.64431683542439, 24.58502676779637], [46.644299971380285, 24.584988906764696], [46.644275948043166, 24.58497731927031], [46.64425396936445, 24.58496570854006], [46.64423691181475, 24.584965271806972], [46.644212053434806, 24.584994232475868], [46.64354021534301, 24.585893103788738], [46.643523926824244, 24.58591603414101], [46.64352808973479, 24.58593395128119], [46.643541589525974, 24.58595358587109], [46.643871473121045, 24.58615533156409], [46.64390737817215, 24.58616372127789], [46.64392949796071, 24.586152701667146], [46.64404021991002, 24.586006994761135], [46.6440430400561, 24.585989002289683], [46.644037058570284, 24.58596551688749], [46.64416888123463, 24.58579762512178], [46.644200249365696, 24.58579289169576], [46.644215301569474, 24.585775562914236], [46.64425353812915, 24.58576197362727], [46.64427862537465, 24.585777665885686], [46.64501836812469, 24.586213345033734], [46.64516643550949, 24.58602063893987], [46.646172618375736, 24.586637527223964], [46.646171003310414, 24.58664752388543], [46.6462269351357, 24.586685231979516], [46.646206833399894, 24.586716986037594], [46.64643098035149, 24.586859560095608], [46.64646365375113, 24.586815773543492], [46.64675744574554, 24.586994990441106], [46.64660395869842, 24.587177122784027], [46.64661207990799, 24.587210224161076], [46.64635218440434, 24.587533609772972], [46.646332569857535, 24.58754629801569], [46.64631068026601, 24.58754154788229], [46.646281146178, 24.5875780451685], [46.64627120217534, 24.587599983647156], [46.64628167630616, 24.587618580191634], [46.64630377696579, 24.58763954344557], [46.64702999508164, 24.58809313450036], [46.64696510720777, 24.588190517489142], [46.64697161964703, 24.588219136315516], [46.64685560155655, 24.588370716171074], [46.646822874462714, 24.588371697180072], [46.646798705498135, 24.588401275542378], [46.6468066812661, 24.58843736261806], [46.646696143139096, 24.588590753255506], [46.64665941332313, 24.588598639251853], [46.646634530402096, 24.588625730649834], [46.646649252083705, 24.588656130537316], [46.64659494812216, 24.58872844921992], [46.64653336274877, 24.588817687759434], [46.64650874596762, 24.588812967492423], [46.6464743717589, 24.58884452825724], [46.646482445355836, 24.588888098530003], [46.64637172700646, 24.589027769349517], [46.646328209290985, 24.589038224252924], [46.6463032935892, 24.589062821209925], [46.64631809681985, 24.589099457563467], [46.64619261853293, 24.589258000747897], [46.64616401525909, 24.589261431279393], [46.646139838804025, 24.589290385714833], [46.64615111763969, 24.58931832854656], [46.64608068286307, 24.58940891151085], [46.64603952713642, 24.589462945812663], [46.64602736628505, 24.589473042428395], [46.64600200257293, 24.589477662763745], [46.64597501031645, 24.58950733598245], [46.645978487022994, 24.589538209212186], [46.64588156090285, 24.589668023490116], [46.645848991196964, 24.58967706559806], [46.645823459383955, 24.58971157688834], [46.64580977899857, 24.589733697043968], [46.64580669088899, 24.589753911824232], [46.64581474625091, 24.58977170686328], [46.64584410310807, 24.589794633228014], [46.64586950475495, 24.589808313654906], [46.645915525704595, 24.589799799855466], [46.64605847596656, 24.58988816073265], [46.64607813048688, 24.58990069857328], [46.64609722438856, 24.58991144393777], [46.64611489933598, 24.58992302195201], [46.646122491315026, 24.58992931621369], [46.64612507969543, 24.589935827712207], [46.64612813025073, 24.589950345707283], [46.646136038745595, 24.589967099467298], [46.64615551359309, 24.58997963926154], [46.64618274086543, 24.58999699890521], [46.6462119146705, 24.5900128664119], [46.646243244704635, 24.590015793255045], [46.64626483641194, 24.589998716901103], [46.646294263281305, 24.589965532663662], [46.6463063455732, 24.589937198035912], [46.646299366474416, 24.589912911048096], [46.646372899352166, 24.58980551887357], [46.646417855051254, 24.58980502721856], [46.64645220365574, 24.589757448154078], [46.64642363925206, 24.589737965083025], [46.64643501575972, 24.589716522879115], [46.64645782851878, 24.589678206556936], [46.64649757023875, 24.58966102195965], [46.64656910699323, 24.589655671702257], [46.646625937042444, 24.589671800054493], [46.64666579922309, 24.589663749772406], [46.64677708897979, 24.589514832072986], [46.64694976356238, 24.58960278116312], [46.647232654506745, 24.58920530896108], [46.647793238656746, 24.589540257607034], [46.64796355198018, 24.589320647754686], [46.648027221869036, 24.589350405114658], [46.648248193425694, 24.589057151407193], [46.64831864327968, 24.589095970088653], [46.64835802566212, 24.589051381032817], [46.648652546077074, 24.589160834965206], [46.64903490526031, 24.58936525610202], [46.64951053572664, 24.589703614381893], [46.64966345047452, 24.589795647558734], [46.64982080520887, 24.589892437210146], [46.65032227694346, 24.589201300733578], [46.65076109080808, 24.589466789035654], [46.651409492160596, 24.589864148791087], [46.651473335601935, 24.589777008168657], [46.651504223112894, 24.589769763854743], [46.651506422050474, 24.58976907609139], [46.651508476749484, 24.589768082017443], [46.65151033520187, 24.589766806582066], [46.65151195338105, 24.589765280967278], [46.65151329030532, 24.589763542642043], [46.651536816989456, 24.5897273026048], [46.65162490907818, 24.589781692774537], [46.65174358289758, 24.589619597506804], [46.65182994250348, 24.58960984385358], [46.65192602970545, 24.58966917082265], [46.65196407836089, 24.589700082533167], [46.65201554861587, 24.589729115163763], [46.65216035005212, 24.58980925492628], [46.65230509736107, 24.589889470076645], [46.65261500372455, 24.59009911206446], [46.65263156460617, 24.59011138140878], [46.65310547411936, 24.590401245879605], [46.65292711766026, 24.590645048230492], [46.65365622131698, 24.591090995587198], [46.65366116015133, 24.591094565618196], [46.65366541558754, 24.59109880679585], [46.653668880581876, 24.591103613752615], [46.653671465613314, 24.591108861967342], [46.65367310673645, 24.59111441941461], [46.653673760621096, 24.591120144813413], [46.653673411522924, 24.591125892065158], [46.65367206741719, 24.59113151661647], [46.65366976392433, 24.59113687361028], [46.65366655851654, 24.591141827881426], [46.65361700986928, 24.59121042096578], [46.65361284603128, 24.591217059761167], [46.65360988584543, 24.591224218954917], [46.65360820591406, 24.591231716220506], [46.65360784720087, 24.59123936239961], [46.6536088190157, 24.591246964166995], [46.65361109709919, 24.59125432856615], [46.65361462370583, 24.59126126932878], [46.65361930962594, 24.591267610464186], [46.65362503624343, 24.591273192557097], [46.653631658497744, 24.591277872735123], [46.65405135460013, 24.591533105980393], [46.65403094779008, 24.591561381840666], [46.65398659529472, 24.591622837320802], [46.653975821828105, 24.591654161195432], [46.65397755177533, 24.59165520491381], [46.65386895778834, 24.591828079322053], [46.654039990524204, 24.591938974588516], [46.654253469485816, 24.592077906279112], [46.654469640839416, 24.592213311982857], [46.65491033952403, 24.59248506345797], [46.6549405426081, 24.592503160710287], [46.65495293045883, 24.59248355415517], [46.65570993801743, 24.592924440934848], [46.655687897712184, 24.592955990870635], [46.65570264678922, 24.592964923655586], [46.65574567808516, 24.59299086948515], [46.65637943642265, 24.593377234414465], [46.656211171243505, 24.593614464603125], [46.65621856400491, 24.593618848150612], [46.65615766453529, 24.593704611158277], [46.65657814894396, 24.593952788062094], [46.65658366320005, 24.59397807566485], [46.65643470065497, 24.594188781067192], [46.6565739032699, 24.594273740666257], [46.65643748765006, 24.594458874828618], [46.65647784006697, 24.594483284250984], [46.656478650686864, 24.59448215030453], [46.656721574165076, 24.594627323685177], [46.656581640503994, 24.594817674886563], [46.656837822286455, 24.594970598969596], [46.6568147520425, 24.595001928355206], [46.656921507166, 24.595073884382668], [46.65675022672071, 24.59531940999331], [46.65674704151729, 24.595324396609357], [46.656744764168316, 24.595329784056435], [46.656743452085, 24.595335432654544], [46.65674313994555, 24.595341201168125], [46.656743834687006, 24.595346941443644], [46.65674551957354, 24.595352507393926], [46.656748150282716, 24.595357757749984], [46.656751660865176, 24.595362558704164], [46.656755961817574, 24.595366787542947], [46.65676094410322, 24.59537033802021], [46.658125187953175, 24.59618920885586], [46.658055748053194, 24.596286388266275], [46.65856084503216, 24.596510218986477], [46.65882623761126, 24.59615575932672], [46.65892275414137, 24.59619938504604], [46.65895847356619, 24.596151542585893], [46.65935174682317, 24.596393195853032], [46.65934904679742, 24.596397151467126], [46.659462228873004, 24.596465933221324], [46.65946458866727, 24.59646268652819], [46.65985849569876, 24.59671211356004], [46.65985626349802, 24.59671634843963], [46.65996577216837, 24.59678188010098], [46.65989861086861, 24.596872713916763], [46.65991808177609, 24.5968847733181], [46.660174615491364, 24.597040401592544], [46.66027844647586, 24.596898711347208], [46.660457714278934, 24.59701473662058], [46.66054046280703, 24.597068293440152], [46.660853728070386, 24.596643195925964], [46.661038274053986, 24.596756887834097], [46.6607816403793, 24.597105983337226], [46.66055484954971, 24.597414483095996], [46.661095734619074, 24.59774689284082], [46.660730000316995, 24.598244392588317], [46.66149974900002, 24.59868195677094], [46.66142598645815, 24.59878746052827], [46.661428482440705, 24.598788919160597], [46.661276596441155, 24.599006162345514], [46.66125429820902, 24.598993612470423], [46.6612010964532, 24.599069782132048], [46.66049439409418, 24.59867203440288], [46.66046662816985, 24.598656500123862], [46.66045654315466, 24.598670762669492], [46.66011702953626, 24.598471486455637], [46.659975496020785, 24.59866853895644], [46.65961219631047, 24.598996058548828], [46.65965987666202, 24.59902940265187], [46.65945238931952, 24.599307375620878], [46.65934836825871, 24.59953279958267], [46.65894577430919, 24.600080870095706], [46.658931353284835, 24.600071209932405], [46.65893099831521, 24.60007177545434], [46.65880233646701, 24.59999258560129], [46.65900706070674, 24.599553413347117], [46.65869496586199, 24.59999224943567], [46.659474817438884, 24.60046640477546], [46.65961657647531, 24.600552593386396], [46.660050139069256, 24.59995648254528], [46.66017780211193, 24.60002788119199], [46.66027991688044, 24.599913716919893], [46.66032123116625, 24.59993299779891], [46.66036300772419, 24.599876710999617], [46.660436157114, 24.599921122488883], [46.66043624073423, 24.599921173032044], [46.66086066449096, 24.600176325834042], [46.66088540813244, 24.60014310294519], [46.66113945125708, 24.600301114162], [46.66102919516766, 24.600447847345944], [46.66119949683897, 24.600556600872537], [46.66135840522859, 24.600658078834932], [46.66123699398645, 24.600820978177843], [46.66158526363788, 24.60111895725112], [46.66166419975838, 24.601274508087073], [46.661773288608096, 24.60133150402971], [46.66178999669186, 24.601387479469658], [46.66176664426305, 24.601433092185445], [46.66185735367071, 24.601476007919505], [46.66190057303416, 24.601493445224158], [46.661895014068406, 24.601455018380545], [46.66187732609622, 24.601393497284008], [46.661844571546546, 24.60132699960358], [46.66179325034228, 24.601274421199975], [46.66174762235504, 24.60122692377465], [46.66173567194403, 24.60117391060032], [46.66175563722237, 24.6011239742483], [46.66178685195657, 24.601073913672636], [46.66182371355288, 24.601025505355985], [46.66184372405792, 24.600978996834016], [46.66185031763933, 24.60091035090937], [46.66184588917587, 24.600858969299896], [46.66183217691824, 24.600814547790407], [46.66179996598883, 24.60078918867683], [46.661700173757865, 24.600757717303974], [46.66162671821001, 24.60073281355974], [46.66157955402199, 24.600711047838526], [46.66153968638505, 24.600673772658183], [46.66148235652476, 24.600592117318445], [46.66144601172902, 24.60053765970969], [46.661390828699254, 24.60047655247541], [46.6611721975353, 24.60024924362745], [46.66113388836674, 24.600187950029685], [46.66104193018109, 24.600039817294178], [46.661002153446375, 24.600009398534205], [46.660881558277886, 24.599964441911524], [46.6607573035831, 24.599926383157534], [46.66070282259418, 24.599918413053864], [46.660637070583775, 24.59990885177491], [46.660597496621165, 24.599893859555163], [46.6605841921822, 24.599880292089086], [46.66055335904671, 24.59981720121052], [46.660519116184275, 24.59977986366789], [46.660455102601006, 24.599759998099316], [46.660387520880164, 24.59975388613897], [46.660312192068446, 24.59972900147823], [46.66022541036179, 24.599688815132552], [46.66017422623722, 24.599646521429243], [46.66014931159202, 24.599605651647597], [46.66015260932361, 24.599571328237094], [46.66003612803635, 24.59969604607083], [46.66017754893013, 24.599756202556122], [46.660194647689686, 24.599773157448865], [46.66015943464335, 24.59980440368284], [46.66008482963197, 24.599834370717417], [46.66001198556287, 24.5998557460829], [46.65990763224469, 24.59990489930097], [46.65982945789759, 24.599948619854032], [46.659764248654575, 24.5999801968285], [46.65972871787088, 24.599987446269047], [46.65951167418855, 24.59988012196115], [46.65942473432254, 24.599827935434426], [46.65942064605654, 24.599802265684286], [46.65943455832614, 24.599719823927455], [46.659448810704674, 24.599663093248118], [46.659480342602606, 24.59963703073091], [46.65949707948408, 24.599626559343697], [46.65957525376454, 24.599582838966057], [46.65965331492227, 24.599530547586127], [46.65971854658674, 24.599500685042152], [46.65976168854153, 24.59950192297782], [46.65972123289609, 24.599420080786604]], [[46.65510833189237, 24.591696316173678], [46.65512401699902, 24.59174843126215], [46.655126623575825, 24.591804118499844], [46.65509536407877, 24.591850749904857], [46.65504354975062, 24.591902750275896], [46.65495248110024, 24.591963753527907], [46.65489655811469, 24.59198836950371], [46.65483690675344, 24.592014740170853], [46.654788008236004, 24.592003277133223], [46.654731262592556, 24.59196532858403], [46.654649582227485, 24.591884794735254], [46.65456400659482, 24.591793160831042], [46.65451819232495, 24.59173108996819], [46.65444797498923, 24.591666716707827], [46.65434367572082, 24.591577002169743], [46.654239556845944, 24.591501000784536], [46.65414336392189, 24.59145748473514], [46.65411309947781, 24.591437245371978], [46.654008823164475, 24.59134924495673], [46.653747730869895, 24.59102724432382], [46.653657004630226, 24.590971667292898], [46.65365291793334, 24.590945997279828], [46.653461418482614, 24.590783523573627], [46.653437273501645, 24.59080093144351], [46.65331440946647, 24.59072513524795], [46.65350089275253, 24.59036307380699], [46.65359049148186, 24.590332945477382], [46.65383438231614, 24.59005939928502], [46.65385335378559, 24.590076334436205], [46.65382855031984, 24.59018632506693], [46.6540618773582, 24.59039291276317], [46.654162177740325, 24.590463813302502], [46.65444404229241, 24.59065443715709], [46.65464410357298, 24.590794037732675], [46.65483174343092, 24.590909042039904], [46.65534565472222, 24.59120854575514], [46.65561796858158, 24.59138555796505], [46.65561458046991, 24.591413024742753], [46.655739524360605, 24.591504225021872], [46.656099767390565, 24.59166655392454], [46.65637192533951, 24.591831565810512], [46.656430851878305, 24.591892634018993], [46.656582332178665, 24.592148119465975], [46.65660769532107, 24.59222327125146], [46.65667775707634, 24.592275645478626], [46.656685436395904, 24.592289275262377], [46.656711928977366, 24.592307841869296], [46.656772324678954, 24.592338035002214], [46.65688706156485, 24.592365916262235], [46.65699759722236, 24.592359556579733], [46.65707490975831, 24.592392992621235], [46.6572165015455, 24.592466864763356], [46.65731287580371, 24.592524091967405], [46.657417290754175, 24.592622374362428], [46.657491846960745, 24.59273127140599], [46.657511744925195, 24.5928184837562], [46.65748202026826, 24.592981674292698], [46.65744609597226, 24.593101216911457], [46.65744649103919, 24.593131213540058], [46.65746178224391, 24.593153331686565], [46.65761295117034, 24.59324252776972], [46.65767565049714, 24.593305267602865], [46.65769685919754, 24.593349607071683], [46.65771104222008, 24.5934300256211], [46.65769688087068, 24.593493611874422], [46.65765834789531, 24.59355746742474], [46.65762145277136, 24.59360330362243], [46.65757141322559, 24.59364757083636], [46.65754730220763, 24.59366755137469], [46.657542253996496, 24.593711322233414], [46.65756158775725, 24.59375568236473], [46.65759627959477, 24.593827302855615], [46.65760988786171, 24.593864011570023], [46.657608566058535, 24.593906027670652], [46.657556956215096, 24.59397345555271], [46.65750875662898, 24.594015131002916], [46.657441719905925, 24.594050156262604], [46.65738575041846, 24.59407134443792], [46.657327974645135, 24.594097695454185], [46.65728146931217, 24.594125636984916], [46.657242529613576, 24.59415863817785], [46.65725585565587, 24.59417392127982], [46.65732969033611, 24.594227967316183], [46.65739015386034, 24.594263302375087], [46.657429657951866, 24.594273153336218], [46.657579473556034, 24.594259503937614], [46.657624623190834, 24.5942710063989], [46.657807257151326, 24.594471288261722], [46.65790831941629, 24.594599608103415], [46.65797321076771, 24.59468632475881], [46.65801119011099, 24.594722764974893], [46.658184981468544, 24.594821140257455], [46.65834542522952, 24.594902517945627], [46.658464231018236, 24.594954354182292], [46.65865445537554, 24.595019117616953], [46.65873366656621, 24.595054245506795], [46.658822634911516, 24.595118409918793], [46.659001499414394, 24.595317017097628], [46.65913572094707, 24.595400398436837], [46.65939098499487, 24.595563018112564], [46.65960759235051, 24.595637775346223], [46.6597638245318, 24.595684054857326], [46.65992963431621, 24.595745656575534], [46.66009012554107, 24.59583046101936], [46.66014693203072, 24.59587269372633], [46.6601812980383, 24.595919459135946], [46.66019670314947, 24.59595014701655], [46.66019764170754, 24.59602128224225], [46.660178410494225, 24.596126926087926], [46.66016272574018, 24.596217102816226], [46.66013238209945, 24.59633315516017], [46.66009308372774, 24.596481022732867], [46.660059949074785, 24.59652767489464], [46.65999643572347, 24.59654551892429], [46.65994764812557, 24.596542628654383], [46.65987000561329, 24.596519912700245], [46.65976242426421, 24.596466240173015], [46.65966628213363, 24.59639144067531], [46.65957911863416, 24.596322113056956], [46.659522402551325, 24.59628673763572], [46.65922615354082, 24.596144284192043], [46.65891490712148, 24.596001995431703], [46.658799985748736, 24.595960403638518], [46.65866272553315, 24.595931057589812], [46.65853325811771, 24.59592391294934], [46.65845641843656, 24.595926474260636], [46.6583851575818, 24.595925544815973], [46.65831697909008, 24.59590958134855], [46.65807021969271, 24.595823153838527], [46.657901011002465, 24.595752586373028], [46.657836266483955, 24.595712583722616], [46.657648978504035, 24.595586070385888], [46.65746900828848, 24.595445761925273], [46.65740825063935, 24.595388142750917], [46.65729627839425, 24.59525008565487], [46.65715926893578, 24.595097303179326], [46.6571003630263, 24.595037948852813], [46.657016568107586, 24.59493943934119], [46.65696301647512, 24.59485945502079], [46.65691700802197, 24.59478281599031], [46.656877878225934, 24.594694528631653], [46.65683010955096, 24.59448418982819], [46.6568048604237, 24.59427531774988], [46.656806272487195, 24.59420458541574], [46.65682070614779, 24.594161568127227], [46.656848126259824, 24.594108121041536], [46.656872000509736, 24.59407014280651], [46.656922436433156, 24.594055873330486], [46.65699385424178, 24.59406880145513], [46.65704445843995, 24.594067387519885], [46.6570817263303, 24.59404983370169], [46.657200509672855, 24.593957665287427], [46.65729368954054, 24.59391463783475], [46.65736448649379, 24.5938804290032], [46.657381156105025, 24.59386481653954], [46.6573770675241, 24.593839145790202], [46.65735545348679, 24.593763952902297], [46.65733233599243, 24.593717062915523], [46.65732600097425, 24.593663130545444], [46.65732727773064, 24.59361768659037], [46.65735120817497, 24.59358399287727], [46.65741227085913, 24.59352246171811], [46.657456562333294, 24.59346882876433], [46.657471040846445, 24.593429239276244], [46.657470521598206, 24.593389814931484], [46.65744763088384, 24.593360066006955], [46.65738148646001, 24.593320507388064], [46.65731715030825, 24.593275785855354], [46.65727711606373, 24.59322565285709], [46.65725763577682, 24.59317015148346], [46.65724345308125, 24.593089732871793], [46.65722370986979, 24.593057305535098], [46.657038453522084, 24.59295986239787], [46.65683310853767, 24.59283912565122], [46.65676721844853, 24.592792822815515], [46.656610893364395, 24.592638988174436], [46.65640325397462, 24.592502388442682], [46.65627464990823, 24.592418085759526], [46.6561820814775, 24.592365102107536], [46.65609514827473, 24.592312914162424], [46.65591388573305, 24.592216333034536], [46.65567785194789, 24.592089496246597], [46.655600360530585, 24.5920423471249], [46.65542266726168, 24.59193201090484], [46.65536584157116, 24.591888062739223], [46.65531842347468, 24.5918465825896], [46.65527448378197, 24.591784492263237], [46.65520522700127, 24.591650677705495], [46.65510833189237, 24.591696316173678]], [[46.64988851614157, 24.589116944914906], [46.64987202686573, 24.58914626892877], [46.64979229478396, 24.58921400247509], [46.64973860524168, 24.58926602163111], [46.64967793370214, 24.589357547462726], [46.64961520743763, 24.589435380548423], [46.649540605578814, 24.58946534220241], [46.64947691326086, 24.589469468438526], [46.64941118978409, 24.589461617195568], [46.64936023804515, 24.58943645958284], [46.64930337158102, 24.58938908106559], [46.64924262056424, 24.58933145819863], [46.649144130242085, 24.589255391396808], [46.64909877993608, 24.58922845860004], [46.64901196393989, 24.589184836392576], [46.648761563449824, 24.589105290223475], [46.648300354959055, 24.588962905810188], [46.64821403320529, 24.588956994186276], [46.648135412087775, 24.58896642628075], [46.6480906680685, 24.588985774357944], [46.64804619433555, 24.589025691431097], [46.647996342702626, 24.58908452469935], [46.64783111897773, 24.589209766904183], [46.64775084714289, 24.589236360482015], [46.64763672056359, 24.58925475319244], [46.6476011480085, 24.589258571775787], [46.64756921210058, 24.589253778294943], [46.647486392185506, 24.58922896879127], [46.64742042211781, 24.58920226112378], [46.64736911289847, 24.589149678032758], [46.6473014698779, 24.58913841759595], [46.64711050614818, 24.58915936438662], [46.64698903785247, 24.589189837551434], [46.64692934206224, 24.589212777229037], [46.64684240212453, 24.58930287473811], [46.64674879215759, 24.58945647662376], [46.646665466218195, 24.589536247617012], [46.64657997375652, 24.58959375655874], [46.64651829165258, 24.58960814645268], [46.64646573452391, 24.58960357827635], [46.64640712860844, 24.589566503635396], [46.646387799427515, 24.589522141806444], [46.64637608104534, 24.589486268097648], [46.64636607966631, 24.5894383758916], [46.646380538928206, 24.589397072903925], [46.6464190532679, 24.58933150650012], [46.64652020609895, 24.589181251572846], [46.64666759667878, 24.588982488360408], [46.646978031248814, 24.588778513048464], [46.64711937998253, 24.58869124946855], [46.647212548680365, 24.588647370608893], [46.647285478676125, 24.588632858280683], [46.64738851435122, 24.58862658783954], [46.64750654727213, 24.588620153207696], [46.64760018694244, 24.588612270814654], [46.64774042302649, 24.588583306403535], [46.64785823146998, 24.588559730345615], [46.647963231703876, 24.58856029563485], [46.648184725498375, 24.588580157501873], [46.64831436487872, 24.58860102476254], [46.648449650458495, 24.58862354381408], [46.64853601590377, 24.588632884096413], [46.64858475549809, 24.588632350376567], [46.64874219927427, 24.58862891246226], [46.648929996795225, 24.58865257060674], [46.64910112334943, 24.588691841003016], [46.64921594634052, 24.588726584113196], [46.64932512222379, 24.588759675272257], [46.64979737617087, 24.588886505615015], [46.64995944625586, 24.588949875472156], [46.64997674437183, 24.588982258449033], [46.64996949288385, 24.589001195249], [46.64988851614157, 24.589116944914906]], [[46.650681755408996, 24.587843057235425], [46.65064634073082, 24.587858875395106], [46.65051313286732, 24.58785176358388], [46.65039333943939, 24.587866792088754], [46.65027196321334, 24.5879041235323], [46.65014503064437, 24.587946659674344], [46.650038831180744, 24.587997539825793], [46.64996833756992, 24.58805488620776], [46.64992203481457, 24.588098252205672], [46.64985145221102, 24.588148741891885], [46.64977140619183, 24.588192477630376], [46.649659650048285, 24.588248561409078], [46.649557131539886, 24.588294257912857], [46.64949007287408, 24.58832756612956], [46.649269555421256, 24.588382269740247], [46.64917227857576, 24.588398764354373], [46.649058063196335, 24.588410301456157], [46.64893630427297, 24.588418492736132], [46.64879760681803, 24.588421725535085], [46.648383074048645, 24.588407407568717], [46.64832116730826, 24.588404656121142], [46.648217885015335, 24.588392072555614], [46.647984852384305, 24.588350050432567], [46.647787323877424, 24.588299067992804], [46.647679844130685, 24.588252241868773], [46.647511613822395, 24.588147792930986], [46.647379046746366, 24.588046382819602], [46.64718324899476, 24.58784108808535], [46.64707641118066, 24.58769996594775], [46.64696671094694, 24.58748344294185], [46.646935775769556, 24.587411778523254], [46.646908680107586, 24.587346929723157], [46.64688890263115, 24.58726828560873], [46.64687897331432, 24.58693923802386], [46.64687818844142, 24.58687924439663], [46.646866222562736, 24.58682451606894], [46.64680480120604, 24.586715469479433], [46.64677838968335, 24.58670289997833], [46.64668447008629, 24.586689356018592], [46.64664303913112, 24.58667523703465], [46.646482590546725, 24.58659213054263], [46.6463403947804, 24.586471109571736], [46.64631164894776, 24.586423422302584], [46.64630557698081, 24.58638920145274], [46.646305038976536, 24.586348062460566], [46.646327017897526, 24.586308391884277], [46.64634377669509, 24.58629963726889], [46.64637739613611, 24.58628984051086], [46.646680582531694, 24.586248809209856], [46.64669343558799, 24.586228096649602], [46.646679932305915, 24.586199100091775], [46.64652904725865, 24.586130461146322], [46.6460098530563, 24.585997275487195], [46.645632752320246, 24.58597739735779], [46.64533237392114, 24.585946392967962], [46.645257155884835, 24.585929214444405], [46.64517053482423, 24.585900159852425], [46.64506319144531, 24.585863616226874], [46.644865758423926, 24.585819486313078], [46.64418810019323, 24.585467730487046], [46.64436407289841, 24.58516065342838], [46.644778579097135, 24.58531727530136], [46.644839342145595, 24.585232607968358], [46.644914301167475, 24.585230074418988], [46.64494929040261, 24.585181690524383], [46.64512483388331, 24.58527234744556], [46.645257658177975, 24.5852503240864], [46.645416972882025, 24.58524686847672], [46.645524023547864, 24.58526112753831], [46.64595317730359, 24.585534162130532], [46.646030100958185, 24.58553846417205], [46.646193471751054, 24.58563011063613], [46.64629803602971, 24.585669254434087], [46.64637957559326, 24.58559635996473], [46.646536881268844, 24.585582640030236], [46.64678763219421, 24.585689616068343], [46.64679356969956, 24.585713551473205], [46.64693376678355, 24.585825165683577], [46.647054612911525, 24.58589070358056], [46.647188244822985, 24.585930386516697], [46.647318105635485, 24.585968395958556], [46.64739349214306, 24.585998429082487], [46.647860300759184, 24.586283046534753], [46.64791904010685, 24.586330405197142], [46.647947607000134, 24.586364379744786], [46.647949885767986, 24.58639521276458], [46.64794450897637, 24.58641412986249], [46.64785594355929, 24.586523103915397], [46.64775664576479, 24.58667162470005], [46.64785477260083, 24.587006564454292], [46.647989460615634, 24.587126809216315], [46.64806985347902, 24.587252791201877], [46.64805058582493, 24.587284717843712], [46.64803989952282, 24.58732769339793], [46.64801766751319, 24.587419654672132], [46.648038298486696, 24.587563434441503], [46.64807264648591, 24.587609346280995], [46.64812364210102, 24.587637931354603], [46.64819132925142, 24.587652620234635], [46.64831342419845, 24.58767014086846], [46.64841467389306, 24.587670746935974], [46.64862105773433, 24.587682201410274], [46.64864179081073, 24.587690546625552], [46.64878716638451, 24.587767815001932], [46.64885315837807, 24.58779623558209], [46.64888130024803, 24.587797641998066], [46.648957866030436, 24.587774516811734], [46.64902293741858, 24.587732660155744], [46.649245956244904, 24.587582782409154], [46.6493297284129, 24.58753729150384], [46.649443786728504, 24.587513755337234], [46.64965808265984, 24.587413689655946], [46.64973446832489, 24.58737685082032], [46.64979927063284, 24.587314423931378], [46.64983416858236, 24.587259182345967], [46.649839954121184, 24.5871999736577], [46.64981565665846, 24.58713423791205], [46.64959772721246, 24.586885472604276], [46.649538016366364, 24.586835553786536], [46.64921282784622, 24.586628250957872], [46.64918037608247, 24.586584033239827], [46.64917963503326, 24.586527467547555], [46.64920312862192, 24.586460350407606], [46.64922519644862, 24.58642753609462], [46.6493386801382, 24.586360290913575], [46.64941685031667, 24.58631657508553], [46.64945779952084, 24.586293839870258], [46.64949897232375, 24.58628824579947], [46.649542098609, 24.58628863107303], [46.649719632848125, 24.586387831956117], [46.64989535989644, 24.586492196314325], [46.64995229358924, 24.58654471782602], [46.649990234418574, 24.58657858832765], [46.6500525886239, 24.586615621422563], [46.650131634974336, 24.586638755396713], [46.65022576825401, 24.586668582486585], [46.65029577935102, 24.586717531256067], [46.650348873658004, 24.58676323616674], [46.65040578518248, 24.586814043104297], [46.65046617583447, 24.58684423992156], [46.650676891481986, 24.586900217308074], [46.650857592730006, 24.58695480977906], [46.65091235989374, 24.586985067168737], [46.65099368517891, 24.587039035417405], [46.65101658540877, 24.587069642218328], [46.651055143956555, 24.58715065121779], [46.6510747216281, 24.58721386700253], [46.65108345670394, 24.587308060521753], [46.65108303196161, 24.587418641222786], [46.65108165268419, 24.587456371893364], [46.65087750817747, 24.587758622112354], [46.650681755408996, 24.587843057235425]]]]}}, {"type": "Feature", "properties": {"zone": "slope"}, "geometry": {"type": "MultiPolygon", "coordinates": [[[[46.66234458054511, 24.601609763752613], [46.662360008964505, 24.601611850592082], [46.662375590770395, 24.60161022478685], [46.66242882452863, 24.601599379701458], [46.66245701498152, 24.6015901024128], [46.66247311265409, 24.60158641227037], [46.66247661345818, 24.601586034103132], [46.662410356068804, 24.601574472967105], [46.66237078237497, 24.60155948124506], [46.662325356935064, 24.601527410651908], [46.66227367404498, 24.601447407000588], [46.66222176375679, 24.601350263241667], [46.6621770131488, 24.60122732467731], [46.662158758886505, 24.601122951568442], [46.66216114917652, 24.601020064156472], [46.662169277934204, 24.600925685564828], [46.662170178175565, 24.60085195955538], [46.66214860513584, 24.6007801954776], [46.66211783892625, 24.600722247190333], [46.662070176453625, 24.600662771783828], [46.66197697777441, 24.600562654659402], [46.66189724141419, 24.600488104514348], [46.66184589790708, 24.600433811734852], [46.66177743277162, 24.600360851675486], [46.66171077484736, 24.60028272776183], [46.66161380397146, 24.600180937413576], [46.66152808067411, 24.600079023720255], [46.66127299334299, 24.599788687300837], [46.66120491365706, 24.599744865846148], [46.66101477141452, 24.5996869627087], [46.66090206049386, 24.59967106313109], [46.660821015976154, 24.599639385123645], [46.66077360441499, 24.59959876371855], [46.66074123562133, 24.599561405544975], [46.66055714510345, 24.599393716353067], [46.660502619101244, 24.599382317418087], [46.66038297384218, 24.599409353185802], [46.66027487191274, 24.5994585470939], [46.660202729517415, 24.59949356316058], [46.6601652351206, 24.59953347358505], [46.66015260932361, 24.599571328237094], [46.66014931159202, 24.599605651647597], [46.66017422623722, 24.599646521429243], [46.66022541036179, 24.599688815132552], [46.660312192068446, 24.59972900147823], [46.660387520880164, 24.59975388613897], [46.660455102601006, 24.599759998099316], [46.660519116184275, 24.59977986366789], [46.66055335904671, 24.59981720121052], [46.6605841921822, 24.599880292089086], [46.660597496621165, 24.599893859555163], [46.660637070583775, 24.59990885177491], [46.66070282259418, 24.599918413053864], [46.6607573035831, 24.599926383157534], [46.660881558277886, 24.599964441911524], [46.661002153446375, 24.600009398534205], [46.66104193018109, 24.600039817294178], [46.66113388836674, 24.600187950029685], [46.6611721975353, 24.60024924362745], [46.661390828699254, 24.60047655247541], [46.66144601172902, 24.60053765970969], [46.66148235652476, 24.600592117318445], [46.66153968638505, 24.600673772658183], [46.66157955402199, 24.600711047838526], [46.66162671821001, 24.60073281355974], [46.661700173757865, 24.600757717303974], [46.66179996598883, 24.60078918867683], [46.66183217691824, 24.600814547790407], [46.66184588917587, 24.600858969299896], [46.66185031763933, 24.60091035090937], [46.66184372405792, 24.600978996834016], [46.66182371355288, 24.601025505355985], [46.66178685195657, 24.601073913672636], [46.66175563722237, 24.6011239742483], [46.66173567194403, 24.60117391060032], [46.66174762235504, 24.60122692377465], [46.66179325034228, 24.601274421199975], [46.661844571546546, 24.60132699960358], [46.66187732609622, 24.601393497284008], [46.661895014068406, 24.601455018380545], [46.66190057303416, 24.601493445224158], [46.661950794911554, 24.601513707126585], [46.66204660956623, 24.601546045683712], [46.66214442961439, 24.601572900341733], [46.66224388037315, 24.601594166887004], [46.66234458054511, 24.601609763752613]]], [[[46.66536588543933, 24.602057400404803], [46.66537672565191, 24.602055673267028], [46.66540281488196, 24.60204568281615], [46.665331606141486, 24.602053195700716], [46.66536588543933, 24.602057400404803]]], [[[46.6662494652187, 24.60198782915636], [46.666321949441645, 24.601986927241672], [46.66636995170878, 24.601980989107407], [46.66622683100509, 24.601987491978907], [46.6662494652187, 24.60198782915636]]], [[[46.666503272901295, 24.601974932308416], [46.66647518507961, 24.60197620856039], [46.666475797504226, 24.601976293874852], [46.666507615794025, 24.601984446891443], [46.666574928878326, 24.601982329023496], [46.66662661341567, 24.601984046398048], [46.666503272901295, 24.601974932308416]]], [[[46.66698303744069, 24.602024281389472], [46.66702943847063, 24.602026660292697], [46.66702333611654, 24.602025745530792], [46.66690680429637, 24.602004749954602], [46.66674816966296, 24.601993028459674], [46.666759171544314, 24.601994635669765], [46.666822946119204, 24.602000484395944], [46.666887236981076, 24.602012503251903], [46.666950955295576, 24.60202155786191], [46.66698303744069, 24.602024281389472]]], [[[46.66757364170112, 24.60204431945081], [46.667653706256026, 24.602045346372552], [46.66767630542088, 24.60204415690962], [46.66777572379565, 24.60203384549059], [46.66783159776991, 24.602025524466605], [46.66788560332034, 24.602014822401852], [46.66789906250371, 24.602013246637927], [46.667961296506036, 24.60201313471889], [46.668024111556974, 24.602003219809134], [46.668056988461586, 24.60199959590097], [46.66808593637929, 24.60199384856411], [46.66810830236271, 24.601983267793106], [46.66815243649392, 24.60197436710135], [46.66818327972979, 24.601965583032207], [46.66821291301286, 24.601960135061805], [46.66830780547242, 24.60195110141865], [46.66833756539702, 24.60195073537745], [46.6683664788835, 24.60194611700098], [46.668435222342545, 24.60192229465738], [46.66846537376011, 24.601913473056552], [46.66849673868623, 24.601908285732843], [46.66853350744496, 24.601896617927384], [46.66824860105798, 24.60194873663262], [46.667969872716554, 24.601998113730552], [46.66769837077845, 24.60202683753342], [46.66747538579713, 24.602037879791496], [46.66734753316525, 24.602038681543917], [46.66736280453476, 24.602038746192548], [46.66739191130067, 24.60204199919716], [46.66744594709641, 24.602044750247632], [46.66748468706404, 24.602048347946706], [46.66757364170112, 24.60204431945081]]], [[[46.66907987911799, 24.601768425709004], [46.669070350488674, 24.601770452774797], [46.66907136054126, 24.60177028807828], [46.66907987911799, 24.601768425709004]]], [[[46.66931557435579, 24.601746686047242], [46.66932501880584, 24.601749106707622], [46.66933819704241, 24.60175248456197], [46.66936769911598, 24.601762459442654], [46.66939603465923, 24.60177531849622], [46.66943605375479, 24.60178667822536], [46.669482529499405, 24.601785242576206], [46.66952029434837, 24.601797370381636], [46.66953376843537, 24.6018080828455], [46.66954191394819, 24.60182216176602], [46.66955482920173, 24.60182313537355], [46.66958512082492, 24.60191536512737], [46.66960747574809, 24.601920629341883], [46.669593782029175, 24.601865244484742], [46.66956115987326, 24.601809033994325], [46.66951202896451, 24.60178043509508], [46.66942535692921, 24.601748824314654], [46.66933708379503, 24.60173780303328], [46.66916661570594, 24.60174997981633], [46.66913407890415, 24.60175689940644], [46.669157026016094, 24.60175358223138], [46.66919074887718, 24.601751203734317], [46.669256488473486, 24.601745878754297], [46.66929541609262, 24.6017442731735], [46.66931557435579, 24.601746686047242]]], [[[46.64692583842094, 24.586078976541714], [46.64715795707585, 24.586194727974576], [46.647424244082835, 24.586342677759824], [46.647579529154534, 24.586460982935016], [46.647591090496206, 24.58648485765835], [46.64763497754589, 24.586829819366137], [46.64764851477218, 24.586861386949515], [46.64773568669025, 24.586932435748388], [46.64774370126719, 24.586971778253883], [46.64774247804302, 24.587021507848984], [46.647745249418165, 24.58709005197022], [46.647763174934376, 24.58717042995097], [46.647784603436634, 24.587231912246605], [46.64779826415999, 24.587272907582197], [46.6478929350096, 24.587343874195394], [46.64788215888978, 24.58737999309839], [46.64786218982536, 24.587429927871955], [46.64786083103568, 24.58746937296093], [46.647867105441364, 24.587519020487413], [46.647882573799244, 24.58755485303297], [46.647905764132794, 24.58760774376202], [46.64794035894595, 24.587672511174105], [46.64796339322914, 24.587713402982086], [46.64800510517799, 24.58774894824276], [46.64811637924176, 24.587799160070695], [46.6481644386844, 24.58781834905156], [46.648233978380695, 24.58783130299524], [46.648382406847574, 24.58785539288702], [46.64854086617653, 24.587857943960213], [46.64858590156799, 24.587860879173782], [46.64865550768163, 24.587878975184], [46.64876124821113, 24.587936104737935], [46.64884246200372, 24.587981503123576], [46.64892144169635, 24.587999496345436], [46.64897201002588, 24.587995513218264], [46.64909135470162, 24.58794620444488], [46.649154574670916, 24.587906081739195], [46.64954172616381, 24.58769097502326], [46.64977092955909, 24.587583888217125], [46.64986393917924, 24.58752800981721], [46.65001253578632, 24.58742180598854], [46.6500772920379, 24.587355950228083], [46.650095049266305, 24.587280324491694], [46.65006361809684, 24.587170950664756], [46.650019536631206, 24.587097716398784], [46.64991129236892, 24.586992612712592], [46.64982380034423, 24.58691365651282], [46.64960958901444, 24.586718845538464], [46.64951300522298, 24.58664382071704], [46.6494524352033, 24.586599911126076], [46.64944623884849, 24.586556262684482], [46.649482977950136, 24.586498429511266], [46.64950610717027, 24.586475032649325], [46.649534993768405, 24.58646185778433], [46.64964251845827, 24.586512110494688], [46.64970272908682, 24.58652859436215], [46.64977610677818, 24.586548362282343], [46.64983471215407, 24.586585436550006], [46.64987827659633, 24.5866192454555], [46.64989552940676, 24.586648200602394], [46.64992055032154, 24.586697642578454], [46.64994362997123, 24.58674196283348], [46.649985196063184, 24.586766365390744], [46.65005867504855, 24.586793847442483], [46.65012807849983, 24.586796515138204], [46.650178894444615, 24.586811387143115], [46.65021672308161, 24.586836688364897], [46.65028332158692, 24.586911389487522], [46.6503155940347, 24.58694189367154], [46.650346299211485, 24.586964020650953], [46.650364566229605, 24.586994930259255], [46.65042497943935, 24.58702684147259], [46.65051529588167, 24.587051566314297], [46.65057376782521, 24.587078354855123], [46.650555516454865, 24.58711627050182], [46.650550207461634, 24.587140329921738], [46.650599598229746, 24.587189504593873], [46.65068815233049, 24.587222820895953], [46.65082474961131, 24.58720246494017], [46.650870165947396, 24.587234539502287], [46.65099458331678, 24.58721623112299], [46.65099801051379, 24.58722585199183], [46.651029141365214, 24.58745523403831], [46.65084923242689, 24.58774693156268], [46.65087750817747, 24.587758622112354], [46.65108165268419, 24.587456371893364], [46.65108303196161, 24.587418641222786], [46.65108345670394, 24.587308060521753], [46.6510747216281, 24.58721386700253], [46.651055143956555, 24.58715065121779], [46.65101658540877, 24.587069642218328], [46.65099368517891, 24.587039035417405], [46.65091235989374, 24.586985067168737], [46.650857592730006, 24.58695480977906], [46.650676891481986, 24.586900217308074], [46.65046617583447, 24.58684423992156], [46.65040578518248, 24.586814043104297], [46.650348873658004, 24.58676323616674], [46.65029577935102, 24.586717531256067], [46.65022576825401, 24.586668582486585], [46.650131634974336, 24.586638755396713], [46.6500525886239, 24.586615621422563], [46.649990234418574, 24.58657858832765], [46.64995229358924, 24.58654471782602], [46.64989535989644, 24.586492196314325], [46.649719632848125, 24.586387831956117], [46.649542098609, 24.58628863107303], [46.64949897232375, 24.58628824579947], [46.64945779952084, 24.586293839870258], [46.64941685031667, 24.58631657508553], [46.6493386801382, 24.586360290913575], [46.64922519644862, 24.58642753609462], [46.64920312862192, 24.586460350407606], [46.64917963503326, 24.586527467547555], [46.64918037608247, 24.586584033239827], [46.64921282784622, 24.586628250957872], [46.649538016366364, 24.586835553786536], [46.64959772721246, 24.586885472604276], [46.64981565665846, 24.58713423791205], [46.649839954121184, 24.5871999736577], [46.64983416858236, 24.587259182345967], [46.64979927063284, 24.587314423931378], [46.64973446832489, 24.58737685082032], [46.64965808265984, 24.587413689655946], [46.649443786728504, 24.587513755337234], [46.6493297284129, 24.58753729150384], [46.649245956244904, 24.587582782409154], [46.64902293741858, 24.587732660155744], [46.648957866030436, 24.587774516811734], [46.64888130024803, 24.587797641998066], [46.64885315837807, 24.58779623558209], [46.64878716638451, 24.587767815001932], [46.64864179081073, 24.587690546625552], [46.64862105773433, 24.587682201410274], [46.64841467389306, 24.587670746935974], [46.64831342419845, 24.58767014086846], [46.64819132925142, 24.587652620234635], [46.64812364210102, 24.587637931354603], [46.64807264648591, 24.587609346280995], [46.648038298486696, 24.587563434441503], [46.64801766751319, 24.587419654672132], [46.64803989952282, 24.58732769339793], [46.64805058582493, 24.587284717843712], [46.64806985347902, 24.587252791201877], [46.647989460615634, 24.587126809216315], [46.64785477260083, 24.587006564454292], [46.64775664576479, 24.58667162470005], [46.64785594355929, 24.586523103915397], [46.64794450897637, 24.58641412986249], [46.647949885767986, 24.58639521276458], [46.647947607000134, 24.586364379744786], [46.64791904010685, 24.586330405197142], [46.647860300759184, 24.586283046534753], [46.64739349214306, 24.585998429082487], [46.647318105635485, 24.585968395958556], [46.647188244822985, 24.585930386516697], [46.647054612911525, 24.58589070358056], [46.64693376678355, 24.585825165683577], [46.64679356969956, 24.585713551473205], [46.64678763219421, 24.585689616068343], [46.646536881268844, 24.585582640030236], [46.64637957559326, 24.58559635996473], [46.64629803602971, 24.585669254434087], [46.646193471751054, 24.58563011063613], [46.646030100958185, 24.58553846417205], [46.64595317730359, 24.585534162130532], [46.645524023547864, 24.58526112753831], [46.645416972882025, 24.58524686847672], [46.645257658177975, 24.5852503240864], [46.64512483388331, 24.58527234744556], [46.64494929040261, 24.585181690524383], [46.644914301167475, 24.585230074418988], [46.644839342145595, 24.585232607968358], [46.644778579097135, 24.58531727530136], [46.64436407289841, 24.58516065342838], [46.64418810019323, 24.585467730487046], [46.644865758423926, 24.585819486313078], [46.64506319144531, 24.585863616226874], [46.64517053482423, 24.585900159852425], [46.645257155884835, 24.585929214444405], [46.64533237392114, 24.585946392967962], [46.645632752320246, 24.58597739735779], [46.6460098530563, 24.585997275487195], [46.64652904725865, 24.586130461146322], [46.646679932305915, 24.586199100091775], [46.64669343558799, 24.586228096649602], [46.646680582531694, 24.586248809209856], [46.64637739613611, 24.58628984051086], [46.64634377669509, 24.58629963726889], [46.646327017897526, 24.586308391884277], [46.646305038976536, 24.586348062460566], [46.64630557698081, 24.58638920145274], [46.64631164894776, 24.586423422302584], [46.6463403947804, 24.586471109571736], [46.646482590546725, 24.58659213054263], [46.64664303913112, 24.58667523703465], [46.64668447008629, 24.586689356018592], [46.64677838968335, 24.58670289997833], [46.64680480120604, 24.586715469479433], [46.646866222562736, 24.58682451606894], [46.64687818844142, 24.58687924439663], [46.64687897331432, 24.58693923802386], [46.64688890263115, 24.58726828560873], [46.646908680107586, 24.587346929723157], [46.646935775769556, 24.587411778523254], [46.64696671094694, 24.58748344294185], [46.64707641118066, 24.58769996594775], [46.64718324899476, 24.58784108808535], [46.647379046746366, 24.588046382819602], [46.647511613822395, 24.588147792930986], [46.647679844130685, 24.588252241868773], [46.647787323877424, 24.588299067992804], [46.647984852384305, 24.588350050432567], [46.648217885015335, 24.588392072555614], [46.64832116730826, 24.588404656121142], [46.648383074048645, 24.588407407568717], [46.64879760681803, 24.588421725535085], [46.64893630427297, 24.588418492736132], [46.649058063196335, 24.588410301456157], [46.64917227857576, 24.588398764354373], [46.649269555421256, 24.588382269740247], [46.64949007287408, 24.58832756612956], [46.649557131539886, 24.588294257912857], [46.649659650048285, 24.588248561409078], [46.64977140619183, 24.588192477630376], [46.64985145221102, 24.588148741891885], [46.64992203481457, 24.588098252205672], [46.64996833756992, 24.58805488620776], [46.650038831180744, 24.587997539825793], [46.65014503064437, 24.587946659674344], [46.65027196321334, 24.5879041235323], [46.65039333943939, 24.587866792088754], [46.65051313286732, 24.58785176358388], [46.65064634073082, 24.587858875395106], [46.650681755408996, 24.587843057235425], [46.650623126738346, 24.58780427076915], [46.65056648436786, 24.58777403294501], [46.650560298791774, 24.587731242222553], [46.65054523522115, 24.58772626438175], [46.6504776377245, 24.587718433210632], [46.65036884456103, 24.587714482868716], [46.65025858101132, 24.58774140740194], [46.650084896601875, 24.58779302729557], [46.649961802725606, 24.58784237792545], [46.64990425266904, 24.58788586718028], [46.64972929955691, 24.5879837883908], [46.64966576524749, 24.587999913555223], [46.649471099946275, 24.588024333080423], [46.649431891318685, 24.588036763267734], [46.64940625319371, 24.588083331972324], [46.649383758407716, 24.588083578420765], [46.649359321347674, 24.588078703154313], [46.649327565368694, 24.588087622405187], [46.649296101365806, 24.588118825946278], [46.64927086742902, 24.588196248144243], [46.649242793831846, 24.58819998404758], [46.64914332783188, 24.58819250229785], [46.64904219001812, 24.588200466863327], [46.64890907162365, 24.588200211187978], [46.64868985647642, 24.588211183358013], [46.648564236641775, 24.588210844356823], [46.648320090559906, 24.588179231325377], [46.64820553858649, 24.5881650555965], [46.648106027739544, 24.588154144384422], [46.64801017694171, 24.588136336319224], [46.64790859025725, 24.588110018720073], [46.64775966691121, 24.588048217300727], [46.64767267268156, 24.587990881863885], [46.64746962375189, 24.58780452512133], [46.64737231515738, 24.587675298645223], [46.64728620926621, 24.587542521158834], [46.64722643676263, 24.587416313124407], [46.647153960145566, 24.587178810997884], [46.64713625928882, 24.587115573184132], [46.64712944593381, 24.587024787550636], [46.64712303728549, 24.58696485545641], [46.64711412675629, 24.58685694824352], [46.64711695597521, 24.586786629092813], [46.64712355736617, 24.586717982402774], [46.647139262018776, 24.586628664139944], [46.64713680400988, 24.586584117806428], [46.64712492875808, 24.586536246137058], [46.647105801708896, 24.586507311149063], [46.64703610684645, 24.586482358623623], [46.64694204161489, 24.58645767175035], [46.64683686371056, 24.58644339326438], [46.64676183679832, 24.58644078554688], [46.646664269526106, 24.586434995054113], [46.646562907677726, 24.58642581763381], [46.646547642610514, 24.58640541169122], [46.64654741840979, 24.586388270521883], [46.64656585029355, 24.58636406859638], [46.64660688877485, 24.586348190788062], [46.64666854785379, 24.58633208653776], [46.64673772686204, 24.58631761554913], [46.646821926244904, 24.586304693965413], [46.64690614704869, 24.58629348673376], [46.64698648354127, 24.586272035956018], [46.64702171988295, 24.586242506252123], [46.647013817715305, 24.586211733821724], [46.64691006638642, 24.586163152533132], [46.64671024083322, 24.586079621021813], [46.64653726601446, 24.586042082559665], [46.64637930967823, 24.5860060942998], [46.64601454656809, 24.585926079078202], [46.645886874738686, 24.585912045820013], [46.64568415292289, 24.585893688898214], [46.64559959613885, 24.585879184121634], [46.64540571004749, 24.585819586260065], [46.64533969640851, 24.58578944968759], [46.64522655126327, 24.58573925521601], [46.64512311454994, 24.585714670472825], [46.64495205926487, 24.58568053753648], [46.64489739476961, 24.58565799126563], [46.64483114714818, 24.585609855615917], [46.644778233402754, 24.585577861039464], [46.644691579092076, 24.585546235019102], [46.64456360542715, 24.58550905950902], [46.644503294092544, 24.585484860133548], [46.64447481786863, 24.585457741525342], [46.6444763568712, 24.58543200971496], [46.64449853776037, 24.58540776617882], [46.644528351448514, 24.585393726173287], [46.64456590988246, 24.585398458933863], [46.64464307976703, 24.58542161636624], [46.644810632243484, 24.585474645303872], [46.6448782955212, 24.585487621369968], [46.64499648155967, 24.585493187782507], [46.64534909959834, 24.585504763760014], [46.64551252182663, 24.58552869277438], [46.64573662541074, 24.58560510385003], [46.645845954647015, 24.58565019665085], [46.64603272318244, 24.585739015113262], [46.646311548238074, 24.585842256655138], [46.64636033164787, 24.585845152487924], [46.64640520839471, 24.585836089495487], [46.64655498225609, 24.58581987949061], [46.64659662185681, 24.58582294637284], [46.64663949149445, 24.58586652887688], [46.64665879769499, 24.585909176331178], [46.64664651514655, 24.58597350331041], [46.64665843997757, 24.585989326471257], [46.646797740346464, 24.58603237612205], [46.64692583842094, 24.586078976541714]]], [[[46.64646573452391, 24.58960357827635], [46.64651829165258, 24.58960814645268], [46.64657997375652, 24.58959375655874], [46.646665466218195, 24.589536247617012], [46.64674879215759, 24.58945647662376], [46.64684240212453, 24.58930287473811], [46.64692934206224, 24.589212777229037], [46.64698903785247, 24.589189837551434], [46.64711050614818, 24.58915936438662], [46.6473014698779, 24.58913841759595], [46.64736911289847, 24.589149678032758], [46.64742042211781, 24.58920226112378], [46.647486392185506, 24.58922896879127], [46.64756921210058, 24.589253778294943], [46.6476011480085, 24.589258571775787], [46.64763672056359, 24.58925475319244], [46.64775084714289, 24.589236360482015], [46.64783111897773, 24.589209766904183], [46.647996342702626, 24.58908452469935], [46.64804619433555, 24.589025691431097], [46.6480906680685, 24.588985774357944], [46.648135412087775, 24.58896642628075], [46.64821403320529, 24.588956994186276], [46.648300354959055, 24.588962905810188], [46.648761563449824, 24.589105290223475], [46.64901196393989, 24.589184836392576], [46.64909877993608, 24.58922845860004], [46.649144130242085, 24.589255391396808], [46.64924262056424, 24.58933145819863], [46.64930337158102, 24.58938908106559], [46.64936023804515, 24.58943645958284], [46.64941118978409, 24.589461617195568], [46.64947691326086, 24.589469468438526], [46.649540605578814, 24.58946534220241], [46.64961520743763, 24.589435380548423], [46.64967793370214, 24.589357547462726], [46.64973860524168, 24.58926602163111], [46.64979229478396, 24.58921400247509], [46.64987202686573, 24.58914626892877], [46.64988851614157, 24.589116944914906], [46.649876145081464, 24.589096287325603], [46.64984442858795, 24.58909120931355], [46.64980503680031, 24.58910430254796], [46.649739740349254, 24.58912901842295], [46.64962866445136, 24.589231041256863], [46.64959537027137, 24.589265693278058], [46.64956372733175, 24.589283183601193], [46.649526190074766, 24.589280165642798], [46.64945359762805, 24.589264001621064], [46.649357026083855, 24.589191342296697], [46.649243449652666, 24.589108583217232], [46.64914096365159, 24.589013702847897], [46.64908800249795, 24.58897828116341], [46.648993778853566, 24.588941597701716], [46.64883775956512, 24.588910733990623], [46.648349196282645, 24.58882693773501], [46.648090119068506, 24.588800629950633], [46.64803216393923, 24.588813265011296], [46.647987554605955, 24.588842897566398], [46.647865737903814, 24.58898995032621], [46.647819591153095, 24.58904531552787], [46.64775266621222, 24.58908890662066], [46.64767598718801, 24.589103460215473], [46.64758962046305, 24.589094119464526], [46.64747669582676, 24.589061068064], [46.64740498895276, 24.58902585181132], [46.64734678686181, 24.589019631073892], [46.64726430462106, 24.58902053361308], [46.64719690842846, 24.589028128669227], [46.64709405185469, 24.58904811228462], [46.646998737768754, 24.589071441676285], [46.64689420902826, 24.589106871530028], [46.64681610349696, 24.58915572842721], [46.64675875254712, 24.589214643345418], [46.64671448011475, 24.58926998682463], [46.64667585284492, 24.589326983176896], [46.64661359655556, 24.589440811808288], [46.64657691137899, 24.589502929889928], [46.64656044369062, 24.589533967969718], [46.64653993466672, 24.589542764543406], [46.646517439587434, 24.58954301057733], [46.64650235251636, 24.589536317959702], [46.64649090317781, 24.589521014198635], [46.64649237448618, 24.58949013923861], [46.64651801298746, 24.589443570977906], [46.64653798385326, 24.589393636339935], [46.646583951940826, 24.589324560012003], [46.64665399937931, 24.589232932782423], [46.64673147711976, 24.589136081253578], [46.64678692972068, 24.589075472479543], [46.64688540958284, 24.589007535373096], [46.64712430442063, 24.588924347643836], [46.647217519141975, 24.588883897535904], [46.647375963338156, 24.58881358937449], [46.647598143309814, 24.58874258444], [46.6477553853569, 24.588723719879134], [46.64792572726406, 24.588702997130344], [46.64804561167378, 24.58869482717508], [46.64811881089652, 24.58870088346638], [46.64824095176167, 24.588721832875343], [46.64833307666109, 24.58874139619854], [46.64838949452184, 24.58875449371687], [46.64853575834705, 24.58875632051317], [46.64861252682824, 24.58874862223218], [46.64869862393674, 24.588737393391554], [46.64875142672752, 24.58876081634436], [46.64882860034773, 24.58878397236384], [46.648920454921154, 24.588782966319805], [46.64901615010275, 24.588788774870196], [46.649096959337015, 24.58880331957686], [46.64917066172625, 24.58884897880911], [46.64925153035677, 24.58886677145899], [46.64936619534099, 24.58888951646887], [46.64947704413671, 24.588907159309674], [46.649546764239886, 24.58893382497473], [46.64967667274415, 24.588975260946288], [46.6498119813681, 24.58899949312244], [46.64991334441371, 24.589008668240748], [46.64996949288385, 24.589001195249], [46.64997674437183, 24.588982258449033], [46.64995944625586, 24.588949875472156], [46.64979737617087, 24.588886505615015], [46.64932512222379, 24.588759675272257], [46.64921594634052, 24.588726584113196], [46.64910112334943, 24.588691841003016], [46.648929996795225, 24.58865257060674], [46.64874219927427, 24.58862891246226], [46.64858475549809, 24.588632350376567], [46.64853601590377, 24.588632884096413], [46.648449650458495, 24.58862354381408], [46.64831436487872, 24.58860102476254], [46.648184725498375, 24.588580157501873], [46.647963231703876, 24.58856029563485], [46.64785823146998, 24.588559730345615], [46.64774042302649, 24.588583306403535], [46.64760018694244, 24.588612270814654], [46.64750654727213, 24.588620153207696], [46.64738851435122, 24.58862658783954], [46.647285478676125, 24.588632858280683], [46.647212548680365, 24.588647370608893], [46.64711937998253, 24.58869124946855], [46.646978031248814, 24.588778513048464], [46.64666759667878, 24.588982488360408], [46.64652020609895, 24.589181251572846], [46.6464190532679, 24.58933150650012], [46.646380538928206, 24.589397072903925], [46.64636607966631, 24.5894383758916], [46.64637608104534, 24.589486268097648], [46.646387799427515, 24.589522141806444], [46.64640712860844, 24.589566503635396], [46.64646573452391, 24.58960357827635]]], [[[46.66468816400409, 24.600695551764943], [46.664469828864654, 24.600632821128702], [46.66434548288666, 24.60058790975266], [46.66428695652683, 24.60055769835849], [46.66420733224803, 24.600491719550746], [46.66404297444572, 24.600256958237438], [46.66398004168548, 24.60021269293257], [46.66390338107922, 24.600193356950093], [46.66362004289642, 24.60017763122536], [46.66350918371847, 24.60015999854538], [46.66331749890908, 24.59998554020442], [46.66315843343615, 24.599867294570338], [46.66312208718221, 24.599812837399767], [46.66309866141946, 24.599742807656693], [46.66308977998657, 24.599638331088286], [46.66309068071389, 24.59956460507941], [46.6631142593662, 24.59950434181822], [46.66320200367018, 24.599333652679995], [46.663309985047945, 24.599133595799827], [46.66318229300688, 24.59897728715096], [46.66320569025006, 24.598903311623737], [46.66326312110627, 24.598708956373557], [46.663200393612215, 24.59864450483159], [46.663152891099536, 24.598597028515346], [46.66316524398343, 24.598538603921213], [46.66321402568559, 24.59839920310837], [46.66323197999116, 24.59833900288956], [46.66300869431288, 24.598043174964307], [46.663002367864465, 24.59799009973727], [46.66247748017518, 24.5977147466973], [46.66243587415456, 24.59768777683831], [46.66241848098917, 24.597648538979342], [46.662459251730695, 24.597363936377494], [46.66247088951564, 24.597215945863013], [46.66246006692975, 24.597106346772183], [46.662373173238876, 24.59705759063744], [46.66202940657931, 24.596902382380502], [46.66194829669913, 24.596865561762872], [46.661854266522916, 24.596844313552698], [46.66177731327014, 24.596838306530717], [46.66164811654371, 24.59685173348638], [46.66155469755811, 24.596876765014187], [46.661440974209206, 24.596926022626366], [46.661374581586685, 24.596974327925103], [46.66133182525341, 24.59700222932286], [46.66116479869884, 24.59713264880304], [46.66106499011981, 24.597241754421987], [46.66103958104065, 24.597305465041945], [46.66103861116921, 24.59737404980997], [46.66105437874681, 24.59743216302548], [46.6610757015616, 24.597485072866306], [46.66116783779111, 24.597646918911565], [46.661215883359354, 24.59773553452781], [46.661322750139334, 24.59801893527553], [46.661361331258895, 24.598100797717198], [46.66139760735786, 24.59815011409144], [46.661575891773666, 24.598304150336343], [46.6616559660671, 24.59840441272359], [46.66168108466776, 24.59846070888733], [46.661708756516745, 24.598568407384086], [46.66172527168527, 24.598683085738056], [46.66174151422987, 24.598777195247823], [46.66179389842669, 24.598910335669007], [46.661821571469744, 24.59901803321483], [46.66182848617422, 24.599115674948035], [46.66182460539399, 24.59924772199695], [46.66183705371973, 24.599338445039738], [46.66192006818413, 24.599519248439538], [46.66197394204531, 24.599623228264505], [46.66204681269614, 24.599745856397195], [46.66210046129743, 24.599832695148436], [46.662189100695656, 24.600013436236253], [46.66230608786777, 24.600211008546548], [46.66235219130946, 24.60029450218901], [46.662360211512, 24.600333842660028], [46.662355153556476, 24.600376757737425], [46.662331257287484, 24.600413022416966], [46.66229021658497, 24.600428904623048], [46.662237722628596, 24.600429484441296], [46.66220185317545, 24.600411023402973], [46.66216953002985, 24.600377093402464], [46.66214271689376, 24.60033453123811], [46.662140185073774, 24.600284843311467], [46.66215773246312, 24.600193789028292], [46.66215906399651, 24.60015262973237], [46.66212246995537, 24.600079317821496], [46.662022695439376, 24.599907270967602], [46.6619341242877, 24.599731671974048], [46.661846640208985, 24.599638349200994], [46.66167020588463, 24.59948257744356], [46.661378438370676, 24.599254362585288], [46.661213366641036, 24.599107037011464], [46.66069211362369, 24.59882306547835], [46.660669481297866, 24.598813029283356], [46.66052634460816, 24.598764892701823], [46.66041914558667, 24.59874035969875], [46.660317548130855, 24.59871405110181], [46.66021028035378, 24.598684376642435], [46.66010678531577, 24.598656374208986], [46.660001981659214, 24.598671244482738], [46.659824177138546, 24.598837783139164], [46.65970625171359, 24.598995089058224], [46.65946703424302, 24.59933888094168], [46.65946719251021, 24.599350879751437], [46.65937937517642, 24.599516425664255], [46.65937616864469, 24.599557604747286], [46.65940264057981, 24.59957445638776], [46.659441943009725, 24.599568880063376], [46.65972123289609, 24.599420080786604], [46.65993436438889, 24.5992308670064], [46.660056526383116, 24.599145945480785], [46.660134541833486, 24.599090226029727], [46.66026416966843, 24.599058390640007], [46.66041989823543, 24.599081506196192], [46.660576067136724, 24.599122641483326], [46.66069352316506, 24.59921391970882], [46.66073908311639, 24.599256276202823], [46.660778859542134, 24.599286695051237], [46.66084890440024, 24.599337352616736], [46.66089030702059, 24.59934889625507], [46.66092407464354, 24.599350237313114], [46.660995338370476, 24.599351165440265], [46.661089346714164, 24.5993706997277], [46.66115912015135, 24.599400788284573], [46.6612305866123, 24.599417142949925], [46.66130008848453, 24.599426661682312], [46.66134539873273, 24.599450162604317], [46.66151616317172, 24.599602568115532], [46.66160330740161, 24.59967017913144], [46.661722911412504, 24.599782005528688], [46.661863929819894, 24.59995359717092], [46.66190415959621, 24.600018297703347], [46.661965284853984, 24.600103340216364], [46.662003934052734, 24.600190344637337], [46.66202733765436, 24.600258660192665], [46.66206074772132, 24.600374866500555], [46.66207272179556, 24.60042959310863], [46.66208654632427, 24.600482584656827], [46.66210775791078, 24.6005269233171], [46.66215544200839, 24.600588113096382], [46.662202900660276, 24.6006321618457], [46.662291738878324, 24.600686039438592], [46.66238213514288, 24.60071589958524], [46.66247034022467, 24.600721781896773], [46.662550727899166, 24.600703750340482], [46.6626383892988, 24.600668495785076], [46.66270545049769, 24.600635182499726], [46.662757490428454, 24.60060032053224], [46.662774045898146, 24.60057613653409], [46.66279918275652, 24.60049185592216], [46.66282493130563, 24.600453856086663], [46.662830079729055, 24.600417797581194], [46.66281620860536, 24.600361378289872], [46.662764524952514, 24.6002813747974], [46.66262540269181, 24.60011147774664], [46.66248928245552, 24.59988497391754], [46.66233883893259, 24.599567767668958], [46.66219363538972, 24.599221360205767], [46.66217425378328, 24.59917357299159], [46.66209624748782, 24.59880413584636], [46.66201521722047, 24.598489591786805], [46.66197817095337, 24.598381997779175], [46.6618149470751, 24.598090646762323], [46.661780263661115, 24.59805545786264], [46.66144493864848, 24.59775872095832], [46.66138739690649, 24.59769635394809], [46.66129736072417, 24.59755162838548], [46.661235921405556, 24.597442588771848], [46.66122934680995, 24.597370658938292], [46.661237973106445, 24.597313990216023], [46.66126927773345, 24.59727078634994], [46.66136781223367, 24.597194361878064], [46.66145506116834, 24.597128173593823], [46.66153915256439, 24.597083943628515], [46.66161150877355, 24.59706128723897], [46.66167719239378, 24.597065705042812], [46.66177168447353, 24.59711316780023], [46.661974649335356, 24.597229866766277], [46.662019337306184, 24.597277333049586], [46.66204961883848, 24.597346061169496], [46.66209279738128, 24.59759689337112], [46.66211831112792, 24.597671140325442], [46.662206224190676, 24.597797030669092], [46.662310737976796, 24.59790216575152], [46.6623303837796, 24.59791906247585], [46.66241484618935, 24.597992362111455], [46.66252551378083, 24.5980862284866], [46.66258991084209, 24.59813523301317], [46.662671339834425, 24.598196049896078], [46.66271314994519, 24.598238446307672], [46.66276451549651, 24.59829445230217], [46.66279148693415, 24.598349013169702], [46.66280748101302, 24.598424267156684], [46.662802649786116, 24.59848432324814], [46.66277909377509, 24.59854629903146], [46.662774330493505, 24.598611497331962], [46.6627774288274, 24.598704037296848], [46.66284877073621, 24.598994687716385], [46.662857039208106, 24.599052883544196], [46.66285780949178, 24.599111163120956], [46.66284218306908, 24.599205624584982], [46.66278750466656, 24.599324517699934], [46.6627545516189, 24.59938488448817], [46.662729211010216, 24.59945373756322], [46.66272044938431, 24.599500121908857], [46.662727500744616, 24.59960804707238], [46.66277557616601, 24.59984066644859], [46.66280085417274, 24.59990896116189], [46.66292884132386, 24.600087553295538], [46.66307720232062, 24.600247062036523], [46.66333547817644, 24.60049450163394], [46.66346160450099, 24.600585361182226], [46.66409901906348, 24.600808356803732], [46.66429357098478, 24.600915922985006], [46.66445026483043, 24.600996478218637], [46.66452177888301, 24.601016259070366], [46.66463065141891, 24.601025340743753], [46.66505442614952, 24.60101687847235], [46.66517342793035, 24.60082616088605], [46.665010255022175, 24.600724371309934], [46.66486662877339, 24.60072100694596], [46.66479529729546, 24.600714938481435], [46.66468816400409, 24.600695551764943]]], [[[46.67271288126138, 24.60404724332729], [46.67268684006916, 24.604048277697416], [46.67285304876054, 24.604112314930596], [46.67284866534297, 24.604105735444495], [46.67278629505204, 24.604068713608743], [46.67271288126138, 24.60404724332729]]], [[[46.65951167418855, 24.59988012196115], [46.65972871787088, 24.599987446269047], [46.659764248654575, 24.5999801968285], [46.65982945789759, 24.599948619854032], [46.65990763224469, 24.59990489930097], [46.66001198556287, 24.5998557460829], [46.66008482963197, 24.599834370717417], [46.66015943464335, 24.59980440368284], [46.660194647689686, 24.599773157448865], [46.66017754893013, 24.599756202556122], [46.66003612803635, 24.59969604607083], [46.65998919164857, 24.599691420824538], [46.65996497816839, 24.599703688451115], [46.659862884459315, 24.599781959878708], [46.65974506848063, 24.59980554573807], [46.6596814856129, 24.599818247500046], [46.65961392649167, 24.59981384956525], [46.65957771838861, 24.59976967588], [46.65958087962519, 24.59972506805013], [46.659608526700424, 24.599688761512034], [46.6596643615415, 24.59965728798885], [46.659746331112025, 24.599616954012568], [46.65978886253724, 24.599571911984594], [46.65978642212554, 24.59952907965115], [46.65976168854153, 24.59950192297782], [46.65971854658674, 24.599500685042152], [46.65965331492227, 24.599530547586127], [46.65957525376454, 24.599582838966057], [46.65949707948408, 24.599626559343697], [46.659480342602606, 24.59963703073091], [46.659448810704674, 24.599663093248118], [46.65943455832614, 24.599719823927455], [46.65942064605654, 24.599802265684286], [46.65942473432254, 24.599827935434426], [46.65951167418855, 24.59988012196115]]], [[[46.64246196265242, 24.585162243539887], [46.642519138778574, 24.585233622762356], [46.64255730095327, 24.585284636475564], [46.642604790771436, 24.585332120950245], [46.64269306330149, 24.585478048601157], [46.64276675263314, 24.58552181789773], [46.64285171159241, 24.5855671788231], [46.642931002259346, 24.585609172279966], [46.64298174991847, 24.58561890541956], [46.64306532195236, 24.585557990226523], [46.64306261934555, 24.585494589054036], [46.64308107416986, 24.585472101012506], [46.643069647995404, 24.585458510430232], [46.643014749002305, 24.58541796550613], [46.64297746760133, 24.585362655268398], [46.642760127203495, 24.585229593164584], [46.642252227456275, 24.584955693411953], [46.64218407276802, 24.58490500583353], [46.64215546300551, 24.584867602205602], [46.64202421540783, 24.58457930710087], [46.641970699154996, 24.584501030107635], [46.641944053824496, 24.584470462649644], [46.64176445190893, 24.584355844824195], [46.64171354837925, 24.584334113202488], [46.64162339176455, 24.584321380916254], [46.64154262977263, 24.584310260788026], [46.641495498339275, 24.584290202601494], [46.641396815393584, 24.58419870340239], [46.64120206214284, 24.584072249384167], [46.64100152934466, 24.583933857434342], [46.64078932449696, 24.583763019707938], [46.64074397886177, 24.583736084166482], [46.64058502161866, 24.583622954507394], [46.64043026001672, 24.583544066280325], [46.64039799074356, 24.583513558889273], [46.64038232503014, 24.58346229857216], [46.640365207842336, 24.583443627655953], [46.64035590264372, 24.58344887203747], [46.64034862762106, 24.583466094955373], [46.64034559357977, 24.583520987367173], [46.64036776488394, 24.583567890672885], [46.6404170163927, 24.583606784434537], [46.64046902385428, 24.583641362011402], [46.64051637824631, 24.583678561769876], [46.640580759599196, 24.58372757664353], [46.6406280480342, 24.583759634074607], [46.640690667313436, 24.58381724037836], [46.64075321863637, 24.58386970348336], [46.64083085712276, 24.583928860694904], [46.640899122448666, 24.583988119108994], [46.640952212336884, 24.584033827589856], [46.64098470529779, 24.584081476068675], [46.64102101399856, 24.584134225056005], [46.641055336176876, 24.584178424307268], [46.64110070537264, 24.584207074123782], [46.64119282608661, 24.584226642060486], [46.64123042879415, 24.58423480446464], [46.64131569920015, 24.584304163323917], [46.64141786271149, 24.584375052606266], [46.641480214459754, 24.584412088539214], [46.64157650874394, 24.58446418430502], [46.64184680396471, 24.584632672741275], [46.641909424217744, 24.58469027757684], [46.64195329898217, 24.584748087711887], [46.641972692863824, 24.584797592531164], [46.64199065903757, 24.58488140021741], [46.642019581755704, 24.58494280175602], [46.6421033816442, 24.58504303418888], [46.64219278192708, 24.585141492655158], [46.64221739707658, 24.585160081557568], [46.642319188074595, 24.5851188348951], [46.64238581340925, 24.585124108917455], [46.64244608968145, 24.58514573804775], [46.64246196265242, 24.585162243539887]]], [[[46.640784585801775, 24.584837974292814], [46.64078918442766, 24.584903069534054], [46.640806881760625, 24.584966308295513], [46.6408430342799, 24.585007058364866], [46.64089413904079, 24.58504421800381], [46.64093754429789, 24.58506603161584], [46.641100140740434, 24.585170548848843], [46.64120991506321, 24.58524992756316], [46.64127282587799, 24.585329816150576], [46.6413032656736, 24.58536377163194], [46.641358007701406, 24.58539231917179], [46.64143140601616, 24.58541380565934], [46.64150475965779, 24.58543186422784], [46.64159315494454, 24.585453187129097], [46.64166092873924, 24.585474734825926], [46.64171951002107, 24.5855100971047], [46.64174624594043, 24.58554752124462], [46.64175999294499, 24.585595373926107], [46.64176820674678, 24.58565014367915], [46.64179503213341, 24.585694424472763], [46.64184803367364, 24.585733276810632], [46.641966779866365, 24.585781698161238], [46.642172672010375, 24.585899457253955], [46.642442590979, 24.586038804245877], [46.642544331610125, 24.58607712462278], [46.642617551574936, 24.58608489807689], [46.64270719506515, 24.586058204113428], [46.64274435104304, 24.586032083697617], [46.64276064034518, 24.58598733267279], [46.64275818489592, 24.585942786171437], [46.64272212095802, 24.585908892372675], [46.642623883149334, 24.585851676518818], [46.6424129475312, 24.585778545470948], [46.64234881040262, 24.585748387084724], [46.64229596425652, 24.585721533878065], [46.64201905867213, 24.58561887237326], [46.642002928706304, 24.58559553366796], [46.64198816497599, 24.585525152631217], [46.64190871842614, 24.58534875693003], [46.641727803784505, 24.585139705799648], [46.6416597609434, 24.585097588134932], [46.64156377905301, 24.585069491238645], [46.6414340323515, 24.58504004684442], [46.641332090757274, 24.58498629883611], [46.64122678139672, 24.5849617317678], [46.641151352106625, 24.58492826665576], [46.64107944912398, 24.584877619413838], [46.6410432965715, 24.584836869402668], [46.64104458950876, 24.584792281986424], [46.64106268711684, 24.5847423684048], [46.641090470791355, 24.584716349643898], [46.641127805500325, 24.584703942060244], [46.64117283874901, 24.5847068804751], [46.641234922454245, 24.58472334740153], [46.641293077689944, 24.58472614184067], [46.64132302569974, 24.58472238700902], [46.64134340028574, 24.58470330661266], [46.64134496227031, 24.58467928828864], [46.64134021384555, 24.584638623985843], [46.64130789938942, 24.584604689840525], [46.641205780427, 24.584537228374945], [46.64102981602959, 24.58441399862278], [46.640909728006704, 24.584370305201514], [46.64087020574999, 24.584358735266875], [46.64077612175623, 24.5843323308854], [46.640651932507964, 24.584297682206085], [46.64055784761062, 24.58427127769393], [46.64049752737758, 24.58424621988193], [46.64044834258619, 24.58421246844196], [46.64036700104363, 24.58415678065176], [46.64028594891742, 24.58412337723382], [46.640116726978476, 24.584085790303643], [46.63994242778214, 24.58401825729311], [46.63992093752409, 24.584023634364755], [46.63991735529031, 24.584036530902676], [46.63993460647629, 24.58406548732889], [46.63995736858247, 24.58408581144599], [46.63997629267934, 24.584099319716696], [46.64001786727803, 24.584124582830427], [46.64009731246471, 24.58417857683631], [46.64015229934425, 24.584225979580808], [46.64019615082335, 24.584282075888485], [46.640252923313255, 24.58432260239861], [46.64031518538705, 24.584352782162075], [46.640389007283844, 24.584406837262573], [46.64046796709297, 24.584459550593014], [46.64052824275815, 24.58448118052714], [46.64061453901438, 24.58448538325215], [46.640772000680535, 24.584483667425175], [46.64080025252971, 24.584493646470232], [46.64081005024567, 24.584526112377898], [46.640797866543444, 24.58459824815105], [46.64078213516809, 24.584685851604608], [46.64077349910469, 24.584742519694633], [46.640784585801775, 24.584837974292814]]], [[[46.65722370986979, 24.593057305535098], [46.65724345308125, 24.593089732871793], [46.65725763577682, 24.59317015148346], [46.65727711606373, 24.59322565285709], [46.65731715030825, 24.593275785855354], [46.65738148646001, 24.593320507388064], [46.65744763088384, 24.593360066006955], [46.657470521598206, 24.593389814931484], [46.657471040846445, 24.593429239276244], [46.657456562333294, 24.59346882876433], [46.65741227085913, 24.59352246171811], [46.65735120817497, 24.59358399287727], [46.65732727773064, 24.59361768659037], [46.65732600097425, 24.593663130545444], [46.65733233599243, 24.593717062915523], [46.65735545348679, 24.593763952902297], [46.6573770675241, 24.593839145790202], [46.657381156105025, 24.59386481653954], [46.65736448649379, 24.5938804290032], [46.65729368954054, 24.59391463783475], [46.657200509672855, 24.593957665287427], [46.6570817263303, 24.59404983370169], [46.65704445843995, 24.594067387519885], [46.65699385424178, 24.59406880145513], [46.656922436433156, 24.594055873330486], [46.656872000509736, 24.59407014280651], [46.656848126259824, 24.594108121041536], [46.65682070614779, 24.594161568127227], [46.656806272487195, 24.59420458541574], [46.6568048604237, 24.59427531774988], [46.65683010955096, 24.59448418982819], [46.656877878225934, 24.594694528631653], [46.65691700802197, 24.59478281599031], [46.65696301647512, 24.59485945502079], [46.657016568107586, 24.59493943934119], [46.6571003630263, 24.595037948852813], [46.65715926893578, 24.595097303179326], [46.65729627839425, 24.59525008565487], [46.65740825063935, 24.595388142750917], [46.65746900828848, 24.595445761925273], [46.657648978504035, 24.595586070385888], [46.657836266483955, 24.595712583722616], [46.657901011002465, 24.595752586373028], [46.65807021969271, 24.595823153838527], [46.65831697909008, 24.59590958134855], [46.6583851575818, 24.595925544815973], [46.65845641843656, 24.595926474260636], [46.65853325811771, 24.59592391294934], [46.65866272553315, 24.595931057589812], [46.658799985748736, 24.595960403638518], [46.65891490712148, 24.596001995431703], [46.65922615354082, 24.596144284192043], [46.659522402551325, 24.59628673763572], [46.65957911863416, 24.596322113056956], [46.65966628213363, 24.59639144067531], [46.65976242426421, 24.596466240173015], [46.65987000561329, 24.596519912700245], [46.65994764812557, 24.596542628654383], [46.65999643572347, 24.59654551892429], [46.660059949074785, 24.59652767489464], [46.66009308372774, 24.596481022732867], [46.66013238209945, 24.59633315516017], [46.66016272574018, 24.596217102816226], [46.660178410494225, 24.596126926087926], [46.66019764170754, 24.59602128224225], [46.66019670314947, 24.59595014701655], [46.6601812980383, 24.595919459135946], [46.66014693203072, 24.59587269372633], [46.66009012554107, 24.59583046101936], [46.65992963431621, 24.595745656575534], [46.6597638245318, 24.595684054857326], [46.65960759235051, 24.595637775346223], [46.65939098499487, 24.595563018112564], [46.65913572094707, 24.595400398436837], [46.659001499414394, 24.595317017097628], [46.658822634911516, 24.595118409918793], [46.65873366656621, 24.595054245506795], [46.65865445537554, 24.595019117616953], [46.658464231018236, 24.594954354182292], [46.65834542522952, 24.594902517945627], [46.658184981468544, 24.594821140257455], [46.65801119011099, 24.594722764974893], [46.65797321076771, 24.59468632475881], [46.65790831941629, 24.594599608103415], [46.657807257151326, 24.594471288261722], [46.657624623190834, 24.5942710063989], [46.657579473556034, 24.594259503937614], [46.657429657951866, 24.594273153336218], [46.65739015386034, 24.594263302375087], [46.65732969033611, 24.594227967316183], [46.65725585565587, 24.59417392127982], [46.657242529613576, 24.59415863817785], [46.65728146931217, 24.594125636984916], [46.657327974645135, 24.594097695454185], [46.65738575041846, 24.59407134443792], [46.657441719905925, 24.594050156262604], [46.65750875662898, 24.594015131002916], [46.657556956215096, 24.59397345555271], [46.657608566058535, 24.593906027670652], [46.65760988786171, 24.593864011570023], [46.65759627959477, 24.593827302855615], [46.65756158775725, 24.59375568236473], [46.657542253996496, 24.593711322233414], [46.65754730220763, 24.59366755137469], [46.65757141322559, 24.59364757083636], [46.65762145277136, 24.59360330362243], [46.65765834789531, 24.59355746742474], [46.65769688087068, 24.593493611874422], [46.65771104222008, 24.5934300256211], [46.65769685919754, 24.593349607071683], [46.65767565049714, 24.593305267602865], [46.65761295117034, 24.59324252776972], [46.65746178224391, 24.593153331686565], [46.65744649103919, 24.593131213540058], [46.65744609597226, 24.593101216911457], [46.65748202026826, 24.592981674292698], [46.657511744925195, 24.5928184837562], [46.657491846960745, 24.59273127140599], [46.657417290754175, 24.592622374362428], [46.65731287580371, 24.592524091967405], [46.6572165015455, 24.592466864763356], [46.65707490975831, 24.592392992621235], [46.65699759722236, 24.592359556579733], [46.65688706156485, 24.592365916262235], [46.656772324678954, 24.592338035002214], [46.656711928977366, 24.592307841869296], [46.656685436395904, 24.592289275262377], [46.65667775707634, 24.592275645478626], [46.65660769532107, 24.59222327125146], [46.656582332178665, 24.592148119465975], [46.656430851878305, 24.591892634018993], [46.65637192533951, 24.591831565810512], [46.656099767390565, 24.59166655392454], [46.655739524360605, 24.591504225021872], [46.65561458046991, 24.591413024742753], [46.65561796858158, 24.59138555796505], [46.65534565472222, 24.59120854575514], [46.65483174343092, 24.590909042039904], [46.65464410357298, 24.590794037732675], [46.65444404229241, 24.59065443715709], [46.654162177740325, 24.590463813302502], [46.6540618773582, 24.59039291276317], [46.65382855031984, 24.59018632506693], [46.65385335378559, 24.590076334436205], [46.65383438231614, 24.59005939928502], [46.65359049148186, 24.590332945477382], [46.65350089275253, 24.59036307380699], [46.65331440946647, 24.59072513524795], [46.653437273501645, 24.59080093144351], [46.653461418482614, 24.590783523573627], [46.65365291793334, 24.590945997279828], [46.653657004630226, 24.590971667292898], [46.653747730869895, 24.59102724432382], [46.654008823164475, 24.59134924495673], [46.65411309947781, 24.591437245371978], [46.65414336392189, 24.59145748473514], [46.654239556845944, 24.591501000784536], [46.65434367572082, 24.591577002169743], [46.65444797498923, 24.591666716707827], [46.65451819232495, 24.59173108996819], [46.65456400659482, 24.591793160831042], [46.654649582227485, 24.591884794735254], [46.654731262592556, 24.59196532858403], [46.654788008236004, 24.592003277133223], [46.65483690675344, 24.592014740170853], [46.65489655811469, 24.59198836950371], [46.65495248110024, 24.591963753527907], [46.65504354975062, 24.591902750275896], [46.65509536407877, 24.591850749904857], [46.655126623575825, 24.591804118499844], [46.65512401699902, 24.59174843126215], [46.65510833189237, 24.591696316173678], [46.6550837474317, 24.591680299777316], [46.65505383218501, 24.591686629429766], [46.655039217817595, 24.59171593425395], [46.655011639574376, 24.591757381287543], [46.6549669418389, 24.591780159243964], [46.654921905010156, 24.591777226023293], [46.65487108656299, 24.591762355764637], [46.65482742883472, 24.591721690973625], [46.654796555699804, 24.591655170735716], [46.65476677384647, 24.591577466780453], [46.654768028026915, 24.591530308418754], [46.654795652366026, 24.591492289272296], [46.65488596761218, 24.591468181011752], [46.65495516047735, 24.59145456288346], [46.654966182740665, 24.591437298142747], [46.65494721091347, 24.591420363153535], [46.65490206151317, 24.591408858925845], [46.65473481393403, 24.591379839595387], [46.65446227119052, 24.591327976192186], [46.654409476629795, 24.59130541211305], [46.65428636370883, 24.59121076130169], [46.65418158058861, 24.591084194219363], [46.65416602086273, 24.591041506728917], [46.654007689065764, 24.59083495305168], [46.65394532037173, 24.590797065048104], [46.653841697915745, 24.590758773383794], [46.65374570839635, 24.590730683755407], [46.65367043125527, 24.59070922414744], [46.65360613050965, 24.590667072003594], [46.653592264809376, 24.59061065061389], [46.65358775663824, 24.590437301477962], [46.65364634747619, 24.590303188659608], [46.65374096064412, 24.590210771112474], [46.653759934936105, 24.590208079665867], [46.653781470570344, 24.59020612935912], [46.65379887182928, 24.590210652292477], [46.65414234610147, 24.59055635114931], [46.654140899069446, 24.59055662167042], [46.65414674814135, 24.590573700969227], [46.65415094756691, 24.5906079419638], [46.654088224599676, 24.59068577677794], [46.654030718902796, 24.59073269635996], [46.65409490407738, 24.59077919078009], [46.654117582609246, 24.59077974337316], [46.654153065193675, 24.590769067522686], [46.65419981888406, 24.590759981535435], [46.6542259728589, 24.59075283743196], [46.65426317264621, 24.590730142097964], [46.65429723185004, 24.590753768089673], [46.65433519667938, 24.590789352642894], [46.65437309491328, 24.590819794034438], [46.65444493879817, 24.590865292189683], [46.65449417483025, 24.59090246654951], [46.65453988734986, 24.59095682318501], [46.65456287833237, 24.590994285975185], [46.65458765413483, 24.591024872439586], [46.65463097350381, 24.59103982523611], [46.654696652926454, 24.591044246280564], [46.65474548345086, 24.591050567133337], [46.654850733401624, 24.59106998206914], [46.65505057083746, 24.591153502929725], [46.6551397384194, 24.591233096489994], [46.6551662766251, 24.5912550912401], [46.65543167779019, 24.591476752875668], [46.65552242766397, 24.591534042248473], [46.655600144228316, 24.59159833341331], [46.65568373273907, 24.591681416329333], [46.65578432920614, 24.59177459987548], [46.655975359418974, 24.591901073838603], [46.656146921707595, 24.591972903615808], [46.65629581859309, 24.592032125137155], [46.656337478833635, 24.592063381461884], [46.65649191943057, 24.592258832438407], [46.6565414037977, 24.59231486151908], [46.656583233423525, 24.592358974245254], [46.65665146541929, 24.592414796966686], [46.65673656907814, 24.592470433061962], [46.65681774239239, 24.592512398969866], [46.656902373267194, 24.592532039346352], [46.657015303107016, 24.59256508336414], [46.65709841921989, 24.592612169798688], [46.65728965513805, 24.592754069530663], [46.65737525593385, 24.59284741611114], [46.65740441478347, 24.59292595518862], [46.65740710144273, 24.592987642191506], [46.657396756642946, 24.59305633027777], [46.657395774362236, 24.593124057511954], [46.65741123387948, 24.59315903124418], [46.65743786318848, 24.59318788215021], [46.65749455471451, 24.59322154500203], [46.65755318797653, 24.593260329422257], [46.65763293963614, 24.593336596693085], [46.65764834378591, 24.593367284894267], [46.65765457731673, 24.593413503906], [46.657640279484184, 24.593466805712723], [46.65762398349013, 24.593510701341142], [46.657498098066995, 24.593632949245276], [46.657479791566004, 24.593666580150096], [46.65747100468569, 24.593711249939453], [46.657486600750595, 24.593756508099677], [46.657517317817984, 24.593811028835102], [46.657538492694954, 24.59385279720842], [46.65754652119091, 24.593892996622888], [46.65752998804716, 24.59391889354675], [46.657494730697366, 24.593946711278328], [46.65742769400529, 24.593981736530353], [46.65736058955021, 24.594011619527123], [46.65728594197759, 24.594038156296122], [46.65723200545724, 24.594071322603185], [46.65718767884106, 24.59412238440008], [46.65716557808314, 24.59415262869651], [46.65717142775629, 24.59416970783944], [46.657196069391674, 24.59419000843768], [46.657233912923566, 24.594216164417237], [46.65730012452916, 24.594260865312123], [46.657392751263785, 24.594318132752235], [46.657455608120394, 24.5943928723896], [46.657508912478846, 24.59445400199286], [46.65759042699825, 24.594521677610015], [46.657661085909176, 24.594573674524753], [46.65770972792371, 24.594611224449253], [46.65774195900735, 24.594638298961925], [46.65782016415612, 24.59473944110918], [46.657919409128446, 24.5948720670559], [46.65799368490924, 24.59495953808993], [46.65806182862857, 24.59500850344519], [46.65815244574214, 24.595055506570173], [46.65828060199622, 24.595105525315635], [46.65835771324769, 24.595123533004717], [46.658479951965994, 24.59515133026567], [46.65855902765726, 24.59517617470119], [46.65863250197471, 24.595202794539848], [46.65870808756755, 24.59524739146927], [46.65875381481827, 24.595302603351186], [46.6587997106028, 24.59537067168667], [46.65883790506494, 24.595423395973487], [46.658890984557054, 24.595467383978782], [46.65897767150309, 24.595500714706287], [46.65904168269423, 24.59552058194399], [46.659080882137474, 24.595542864346612], [46.65913409637835, 24.59559713671225], [46.65923094856141, 24.595690358040777], [46.65939051364343, 24.595811604026988], [46.65968888570411, 24.595972891014334], [46.65984063334512, 24.59603828027595], [46.65989497505418, 24.596056335084633], [46.65999941893495, 24.596078131541084], [46.66004341219527, 24.596113821366476], [46.66006452889891, 24.596164183845943], [46.66006306094333, 24.596195057838155], [46.66003612826516, 24.596320930500728], [46.659994519460064, 24.596435822228877], [46.65998757986709, 24.596442756355767], [46.65997253752303, 24.59643949301006], [46.65992336555108, 24.596407462888006], [46.65983999616546, 24.59634152283071], [46.659782895625824, 24.596277007667517], [46.659716580359024, 24.596224594650092], [46.65964020265621, 24.596155577007497], [46.65952330410868, 24.596070720336815], [46.65937052667106, 24.596002116010194], [46.65933666853741, 24.59599391797015], [46.659302901800345, 24.595992575603905], [46.65921470006811, 24.595986690345647], [46.65913553335343, 24.595954990597942], [46.65907317192115, 24.595917962598964], [46.659008708539986, 24.595863814209963], [46.65895370962711, 24.595816419067678], [46.65887438489472, 24.595772720353757], [46.65878403815681, 24.595746286598725], [46.65869956400391, 24.595738645324968], [46.65860020481023, 24.59573974024809], [46.65846515875945, 24.595736085359835], [46.65834671465443, 24.595711675552852], [46.65825300245593, 24.59567481202953], [46.65817117015716, 24.595622748918558], [46.65810871880402, 24.59557886389474], [46.6580500155138, 24.595534937555087], [46.65796850005986, 24.59546726134061], [46.6578964716089, 24.59540805280176], [46.65781760401814, 24.595342490838725], [46.65778252278144, 24.59529787532344], [46.65774791972403, 24.595233111528216], [46.657712933810025, 24.59513920783198], [46.657670471561865, 24.595047101087093], [46.657605331831014, 24.594941528873644], [46.65753492949088, 24.59486344406411], [46.65748941839212, 24.594824515176867], [46.65741183429603, 24.594770510526345], [46.65733237429228, 24.594716526487815], [46.65724123850007, 24.594630098494964], [46.65713099478959, 24.59451645041472], [46.657065901937386, 24.594414306664962], [46.65702263851499, 24.594296921631635], [46.65702354294897, 24.594223194520243], [46.657045316474914, 24.594168095839954], [46.657070974375756, 24.5941232403413], [46.65711403613209, 24.594082907330428], [46.65715656680086, 24.59403786606393], [46.657249488133964, 24.593975126451024], [46.65739309251764, 24.59391697260304], [46.65742281624462, 24.593896072521066], [46.657429841063895, 24.59385999435997], [46.65741747472036, 24.593775270570454], [46.657392110719435, 24.59370011807559], [46.65738584340137, 24.59365132793662], [46.657422614460195, 24.593596064074024], [46.657498528130176, 24.593523225646788], [46.65753563677771, 24.593493673809576], [46.65756136309422, 24.593453960456145], [46.65756987899394, 24.593388720851596], [46.657552419272776, 24.593344340080666], [46.65750324912688, 24.593312309058568], [46.657418359019914, 24.59327295687056], [46.657363531169196, 24.59323841660916], [46.65732335118385, 24.593177142419684], [46.65728751877, 24.593018959810614], [46.65724526078843, 24.592942279551302], [46.65719159708174, 24.59285372427219], [46.65708134379112, 24.592739219308125], [46.65698666288389, 24.59266825902226], [46.65688276725503, 24.59260940067402], [46.656613202936676, 24.592499220286648], [46.65649787938181, 24.592426773124487], [46.65617718387379, 24.592135433988762], [46.656139465261106, 24.59211870541757], [46.65608117128509, 24.592105631549], [46.65596120563009, 24.592107809076413], [46.65589342515971, 24.592086268165783], [46.65580477517177, 24.59204609860036], [46.65564404349866, 24.59194243458337], [46.65549660381536, 24.591851480743543], [46.65541137708999, 24.59178641616195], [46.65536950394637, 24.591738874306404], [46.65531215983383, 24.59165550171706], [46.655259174372134, 24.591618368879434], [46.65521613653297, 24.591624842858007], [46.65520522700127, 24.591650677705495], [46.65527448378197, 24.591784492263237], [46.65531842347468, 24.5918465825896], [46.65536584157116, 24.591888062739223], [46.65542266726168, 24.59193201090484], [46.655600360530585, 24.5920423471249], [46.65567785194789, 24.592089496246597], [46.65591388573305, 24.592216333034536], [46.65609514827473, 24.592312914162424], [46.6561820814775, 24.592365102107536], [46.65627464990823, 24.592418085759526], [46.65640325397462, 24.592502388442682], [46.656610893364395, 24.592638988174436], [46.65676721844853, 24.592792822815515], [46.65683310853767, 24.59283912565122], [46.657038453522084, 24.59295986239787], [46.65722370986979, 24.593057305535098]]]]}}, {"type": "Feature", "properties": {"zone": "bed"}, "geometry": {"type": "MultiPolygon", "coordinates": [[[[46.63992093752409, 24.584023634364755], [46.63994242778214, 24.58401825729311], [46.640116726978476, 24.584085790303643], [46.64028594891742, 24.58412337723382], [46.64036700104363, 24.58415678065176], [46.64044834258619, 24.58421246844196], [46.64049752737758, 24.58424621988193], [46.64055784761062, 24.58427127769393], [46.640651932507964, 24.584297682206085], [46.64077612175623, 24.5843323308854], [46.64087020574999, 24.584358735266875], [46.640909728006704, 24.584370305201514], [46.64102981602959, 24.58441399862278], [46.641205780427, 24.584537228374945], [46.64130789938942, 24.584604689840525], [46.64134021384555, 24.584638623985843], [46.64134496227031, 24.58467928828864], [46.64134340028574, 24.58470330661266], [46.64132302569974, 24.58472238700902], [46.641293077689944, 24.58472614184067], [46.641234922454245, 24.58472334740153], [46.64117283874901, 24.5847068804751], [46.641127805500325, 24.584703942060244], [46.641090470791355, 24.584716349643898], [46.64106268711684, 24.5847423684048], [46.64104458950876, 24.584792281986424], [46.6410432965715, 24.584836869402668], [46.64107944912398, 24.584877619413838], [46.641151352106625, 24.58492826665576], [46.64122678139672, 24.5849617317678], [46.641332090757274, 24.58498629883611], [46.6414340323515, 24.58504004684442], [46.64156377905301, 24.585069491238645], [46.6416597609434, 24.585097588134932], [46.641727803784505, 24.585139705799648], [46.64190871842614, 24.58534875693003], [46.64198816497599, 24.585525152631217], [46.642002928706304, 24.58559553366796], [46.64201905867213, 24.58561887237326], [46.64229596425652, 24.585721533878065], [46.64234881040262, 24.585748387084724], [46.6424129475312, 24.585778545470948], [46.642623883149334, 24.585851676518818], [46.64272212095802, 24.585908892372675], [46.64298174991847, 24.58561890541956], [46.642931002259346, 24.585609172279966], [46.64285171159241, 24.5855671788231], [46.64276675263314, 24.58552181789773], [46.64279096460119, 24.58534998635322], [46.64261854112393, 24.58532473587908], [46.64255730095327, 24.585284636475564], [46.642519138778574, 24.585233622762356], [46.64246196265242, 24.585162243539887], [46.64244608968145, 24.58514573804775], [46.64238581340925, 24.585124108917455], [46.642319188074595, 24.5851188348951], [46.6422207134203, 24.58515543148972], [46.64219278192708, 24.585141492655158], [46.6421033816442, 24.58504303418888], [46.642019581755704, 24.58494280175602], [46.64199065903757, 24.58488140021741], [46.641972692863824, 24.584797592531164], [46.64195329898217, 24.584748087711887], [46.641909424217744, 24.58469027757684], [46.64184680396471, 24.584632672741275], [46.64157650874394, 24.58446418430502], [46.641480214459754, 24.584412088539214], [46.64141786271149, 24.584375052606266], [46.64131569920015, 24.584304163323917], [46.64123042879415, 24.58423480446464], [46.64119282608661, 24.584226642060486], [46.64110070537264, 24.584207074123782], [46.641055336176876, 24.584178424307268], [46.64102101399856, 24.584134225056005], [46.64098470529779, 24.584081476068675], [46.640952212336884, 24.584033827589856], [46.640899122448666, 24.583988119108994], [46.64083085712276, 24.583928860694904], [46.64075321863637, 24.58386970348336], [46.640690667313436, 24.58381724037836], [46.6406280480342, 24.583759634074607], [46.640580759599196, 24.58372757664353], [46.64051637824631, 24.583678561769876], [46.64046902385428, 24.583641362011402], [46.6404170163927, 24.583606784434537], [46.64038217738686, 24.583579272921384], [46.63988791025901, 24.58396806205041], [46.63991735529031, 24.584036530902676], [46.63992093752409, 24.584023634364755]]], [[[46.65978886253724, 24.599571911984594], [46.659746331112025, 24.599616954012568], [46.6596643615415, 24.59965728798885], [46.659608526700424, 24.599688761512034], [46.65958087962519, 24.59972506805013], [46.65957771838861, 24.59976967588], [46.65961392649167, 24.59981384956525], [46.6596814856129, 24.599818247500046], [46.65974506848063, 24.59980554573807], [46.659862884459315, 24.599781959878708], [46.65996497816839, 24.599703688451115], [46.65998919164857, 24.599691420824538], [46.66003612803635, 24.59969604607083], [46.66015260932361, 24.599571328237094], [46.6601652351206, 24.59953347358505], [46.660202729517415, 24.59949356316058], [46.66027487191274, 24.5994585470939], [46.66038297384218, 24.599409353185802], [46.660502619101244, 24.599382317418087], [46.66055714510345, 24.599393716353067], [46.66074123562133, 24.599561405544975], [46.66077360441499, 24.59959876371855], [46.660821015976154, 24.599639385123645], [46.66090206049386, 24.59967106313109], [46.66101477141452, 24.5996869627087], [46.66120491365706, 24.599744865846148], [46.66127299334299, 24.599788687300837], [46.66152808067411, 24.600079023720255], [46.66161380397146, 24.600180937413576], [46.66171077484736, 24.60028272776183], [46.66177743277162, 24.600360851675486], [46.66184589790708, 24.600433811734852], [46.66189724141419, 24.600488104514348], [46.66197697777441, 24.600562654659402], [46.662070176453625, 24.600662771783828], [46.66211783892625, 24.600722247190333], [46.66214860513584, 24.6007801954776], [46.662170178175565, 24.60085195955538], [46.662169277934204, 24.600925685564828], [46.66216114917652, 24.601020064156472], [46.662158758886505, 24.601122951568442], [46.6621770131488, 24.60122732467731], [46.66222176375679, 24.601350263241667], [46.66227367404498, 24.601447407000588], [46.662325356935064, 24.601527410651908], [46.66237078237497, 24.60155948124506], [46.662410356068804, 24.601574472967105], [46.66247661345818, 24.601586034103132], [46.66254072244425, 24.601579101220892], [46.662647243192886, 24.60156368553346], [46.66267043731546, 24.60156267986188], [46.662710727271865, 24.601562523642887], [46.66282476775432, 24.601557461450245], [46.66291293644361, 24.60157735428702], [46.662968415738916, 24.601592948405262], [46.66303798197167, 24.60161687325197], [46.663141527159986, 24.60163058717921], [46.663181084980344, 24.60164451975897], [46.6632218022695, 24.6016632384638], [46.66324074853059, 24.60167034261099], [46.66327966523538, 24.601682092700255], [46.66331167655027, 24.601694406672994], [46.66334664193873, 24.60170532459769], [46.663363601361716, 24.60170929954427], [46.66340601869164, 24.60171468152932], [46.663438549376885, 24.601720714530376], [46.66345486222418, 24.60172687532782], [46.66346842415181, 24.601741729020382], [46.66348195046432, 24.60175269428534], [46.663500474215404, 24.601762945184873], [46.663511077582484, 24.60176645765952], [46.66354320893986, 24.601772910388494], [46.66362081184149, 24.601779718195548], [46.66366107620055, 24.601788076413307], [46.66369434341983, 24.60180648909656], [46.66372343569577, 24.601819855534195], [46.663786256608965, 24.601840225813746], [46.66380521306388, 24.60185033645403], [46.663818765144406, 24.601859513646517], [46.66385245329691, 24.601875402529085], [46.66388340484131, 24.601887475278804], [46.66392777114227, 24.60189893921337], [46.6640201385345, 24.601924001049483], [46.66407367755013, 24.601963408695706], [46.66411664483792, 24.60197526906943], [46.66414524895962, 24.601980021672862], [46.66417070474336, 24.60198074149263], [46.66422928641422, 24.601990599870263], [46.66432698341792, 24.60199197531198], [46.66437414650941, 24.60199313671452], [46.66442607760558, 24.602001172465805], [46.664454896742846, 24.6020080679374], [46.66454863518192, 24.602022245087372], [46.66460311802025, 24.602028928890334], [46.6646355348014, 24.602036046374053], [46.6646741565873, 24.602050119823517], [46.66468702152981, 24.602053634282345], [46.66470787926474, 24.602057412455764], [46.6648621113221, 24.602069800597405], [46.66493069595676, 24.60207271664206], [46.664958803579545, 24.602075096326047], [46.6650285738753, 24.602072834583307], [46.66509106076777, 24.602072423094103], [46.66524415556551, 24.602059325350606], [46.66529568312313, 24.60205238965952], [46.665318841054926, 24.602051630470385], [46.665331606141486, 24.602053195700716], [46.66540281488196, 24.60204568281615], [46.665403215772265, 24.60204552940003], [46.66541270443843, 24.602040178504794], [46.665433196106626, 24.602031970032847], [46.66546625182601, 24.60202468793861], [46.665593467627, 24.60201568651454], [46.66565313369372, 24.602013310591396], [46.665781314006445, 24.601996605573216], [46.665812804525075, 24.601995670101804], [46.66587504611213, 24.60199985679605], [46.66591115774413, 24.6019996195605], [46.66599866410889, 24.60198913419191], [46.666051234056695, 24.60198559968964], [46.666073899031495, 24.6019826671301], [46.66608983739203, 24.60197813866401], [46.66609568241462, 24.601968497729676], [46.666109438286824, 24.60198022406424], [46.66612711137855, 24.60198438943161], [46.66619439770949, 24.601983978522423], [46.66622305287029, 24.601987435394726], [46.66622683100509, 24.601987491978907], [46.66636995170878, 24.601980989107407], [46.66637878865702, 24.601979896251063], [46.66641331713762, 24.601973464432795], [46.666446749121114, 24.60197222742929], [46.66647518507961, 24.60197620856039], [46.666503272901295, 24.601974932308416], [46.66662661341567, 24.601984046398048], [46.666629149571726, 24.601984130270566], [46.666675622789946, 24.601984057997846], [46.66669834898516, 24.601985747544884], [46.66674816966296, 24.601993028459674], [46.66690680429637, 24.602004749954602], [46.66702333611654, 24.602025745530792], [46.66702943847063, 24.602026660292697], [46.667044010806755, 24.602027407188057], [46.667140804181734, 24.60202990138268], [46.66720240139902, 24.602036135230236], [46.66723660809268, 24.602038212160878], [46.66734753316525, 24.602038681543917], [46.66747538579713, 24.602037879791496], [46.66769837077845, 24.60202683753342], [46.667969872716554, 24.601998113730552], [46.66824860105798, 24.60194873663262], [46.66853350744496, 24.601896617927384], [46.668593978376684, 24.60187742975238], [46.66864211657288, 24.60186812877797], [46.66868742279192, 24.601854534274764], [46.66880663102706, 24.601827073266456], [46.66884567137254, 24.601812374424604], [46.66887312940596, 24.60180524395849], [46.66890882301243, 24.601801046887225], [46.66899050695464, 24.601783464325543], [46.669070350488674, 24.601770452774797], [46.66907987911799, 24.601768425709004], [46.66912976270595, 24.601757523333198], [46.66913407890415, 24.60175689940644], [46.66916661570594, 24.60174997981633], [46.66933708379503, 24.60173780303328], [46.66942535692921, 24.601748824314654], [46.66951202896451, 24.60178043509508], [46.66956115987326, 24.601809033994325], [46.669593782029175, 24.601865244484742], [46.66960747574809, 24.601920629341883], [46.66964803183546, 24.601930180855483], [46.669670020144984, 24.601933641512268], [46.669870300918376, 24.601965160787028], [46.669984162941496, 24.60198728702389], [46.67034310017437, 24.6019222245699], [46.67056569837788, 24.601850057526164], [46.67064265406029, 24.601845069716212], [46.67068747315364, 24.601843669240864], [46.67072204144594, 24.601851411605143], [46.670831379709874, 24.601889835191095], [46.67097308685506, 24.601971148409593], [46.67110523866621, 24.602071271263572], [46.6711377330282, 24.602094166530076], [46.67131062377076, 24.602229089781037], [46.67135320892549, 24.602262086581806], [46.671519667018245, 24.602411710774014], [46.67169285942002, 24.602561689734802], [46.67176721741917, 24.60264945394588], [46.671812029499314, 24.602717650868154], [46.671901612896676, 24.602872588061555], [46.6720016148611, 24.60309176121424], [46.672091021135955, 24.60325770212134], [46.672121650933725, 24.60334281171013], [46.672142961271184, 24.603406682905412], [46.672174980211, 24.603482622498138], [46.672182163870154, 24.60350075876015], [46.672220809642674, 24.60359833322177], [46.67224118761647, 24.603649783575644], [46.67228481360932, 24.603749574377012], [46.67232844325303, 24.603828761755114], [46.672409096684255, 24.60391002333268], [46.67257458111859, 24.604005025900726], [46.67268684006916, 24.604048277697416], [46.67271288126138, 24.60404724332729], [46.67278629505204, 24.604068713608743], [46.67284866534297, 24.604105735444495], [46.67285304876054, 24.604112314930596], [46.672921711555254, 24.60413876962056], [46.67319059796268, 24.604240607145876], [46.67328149742188, 24.604262122918716], [46.673348586433505, 24.60427604996344], [46.67342740240702, 24.60427628765981], [46.67350137116542, 24.604262256463425], [46.67358912851001, 24.604229313151013], [46.673632187747366, 24.604214568364245], [46.673714160225494, 24.604185215160452], [46.67376441942442, 24.6041623544118], [46.673818074506876, 24.60413494135553], [46.673861701000575, 24.60411013817097], [46.67390512425265, 24.604086390020715], [46.673986851477856, 24.60403862017166], [46.67418117389901, 24.603925040011664], [46.6742518057407, 24.603919197898264], [46.67435017239712, 24.60394184976773], [46.67456179324663, 24.604022381444224], [46.67477103355152, 24.604109530499024], [46.67499358369973, 24.604202399964176], [46.675216250937474, 24.604296622135934], [46.675245848572615, 24.604238360561894], [46.675508707544694, 24.604344110029547], [46.67554559095292, 24.60435439602701], [46.67558358581787, 24.604360415160087], [46.67562210426079, 24.60436207284938], [46.67565591391057, 24.604357275743602], [46.67568865727312, 24.60434820081282], [46.6757196898702, 24.604335026786387], [46.675748400891614, 24.604318013280505], [46.67580214758732, 24.604344204758323], [46.67577953157173, 24.60438402905281], [46.675837285613596, 24.60440968380598], [46.6758600492377, 24.604369598726457], [46.67600406800054, 24.60443006565636], [46.67615004447279, 24.604486472853754], [46.676297841644086, 24.604538766762744], [46.67644732157602, 24.604586898352753], [46.67658138171174, 24.604633918572993], [46.67671744127166, 24.604675863746966], [46.67683590467594, 24.60470782917048], [46.67698542075721, 24.604744125461657], [46.67713315001504, 24.604786095490752], [46.677278834714876, 24.60483366538836], [46.677422221937775, 24.60488675220333], [46.67756306061792, 24.604945263935807], [46.6777011054681, 24.605009097687486], [46.67779586984854, 24.605047740779387], [46.67788823826758, 24.605090961152843], [46.67797794737948, 24.60513863534227], [46.67806474056859, 24.60519062626407], [46.67814836798526, 24.605246785924788], [46.67821320880202, 24.60528939664425], [46.67827475003624, 24.60533591939111], [46.67833270739461, 24.60538614154666], [46.678386817077374, 24.605439832205846], [46.6784356616016, 24.605496079904018], [46.6784888789518, 24.60554890827229], [46.67854618092975, 24.605598034301114], [46.678607262802245, 24.605643194126515], [46.67867179544994, 24.60568414672933], [46.67873360182982, 24.6056364141958], [46.67866838597196, 24.60559688137967], [46.67860676826201, 24.60555278846625], [46.67854912762501, 24.605504408423634], [46.67849582058655, 24.605452037945533], [46.6784471764078, 24.60539600292291], [46.678389635173744, 24.60533863241166], [46.67832797768253, 24.60528495460916], [46.67826248769914, 24.605235216449326], [46.67819346452075, 24.605189644829284], [46.67810749004576, 24.605132033317002], [46.67801830622613, 24.605078655133536], [46.67792616291114, 24.605029658272052], [46.67783131674017, 24.604985181621394], [46.67773403302134, 24.60494534772215], [46.677593784094455, 24.604880634765724], [46.677450717417045, 24.604821300974184], [46.67730508025065, 24.604767449223615], [46.677157123660514, 24.60471917151373], [46.67700710156448, 24.60467655168723], [46.67685527365926, 24.604639662688594], [46.67672655107353, 24.604604631572993], [46.67659943428671, 24.604565002929935], [46.67647411867607, 24.60452083778936], [46.67632686147994, 24.60447349497616], [46.67618125823482, 24.604422051566555], [46.676037446890696, 24.60436655749371], [46.67589556047173, 24.604307063649003], [46.67591832403614, 24.60426697675658], [46.6758605430489, 24.60424137108886], [46.675838050607915, 24.604280980026854], [46.67578466927791, 24.60425715641779], [46.67579446260221, 24.60422540331565], [46.67579550691739, 24.60420920444248], [46.67579469591147, 24.60419354810923], [46.675791143765274, 24.604178213940624], [46.67578494171341, 24.604163600906382], [46.67577625184394, 24.60415008912897], [46.67576530005398, 24.604138030030214], [46.67575237098027, 24.604127736455798], [46.67562048351036, 24.604073613407493], [46.67529230585101, 24.603952759831838], [46.67527518029543, 24.603912778529857], [46.675249030034, 24.60387959182031], [46.67521770081327, 24.60385039490439], [46.67518191059197, 24.603825855157766], [46.67514247865934, 24.60380653680035], [46.675100308584696, 24.603792881222613], [46.67494012010453, 24.603732746849378], [46.67476850294266, 24.6036744839053], [46.67466451076174, 24.60365231205085], [46.6746708155372, 24.603627699167863], [46.674335221815994, 24.603555848859283], [46.67421534573593, 24.603530625541502], [46.67409119599051, 24.603532297506003], [46.67400285916612, 24.603564394290906], [46.67391504770079, 24.60362172404384], [46.67387187193266, 24.603654261913128], [46.673796148351464, 24.60371391032758], [46.67375046685602, 24.603749029447247], [46.67370178500149, 24.603784362506474], [46.6736547180313, 24.603814815453944], [46.673622092238425, 24.603828349881606], [46.67355691118651, 24.60384416955889], [46.673475923144686, 24.603852416281857], [46.67331832351689, 24.603841487600935], [46.673156230398675, 24.603802339703726], [46.672908418315544, 24.60370441752884], [46.67290046633222, 24.603689334440233], [46.672894736334435, 24.603673432093494], [46.67289132574006, 24.603656981179956], [46.67289029361359, 24.603640264555], [46.672890930218756, 24.603629469582767], [46.67289261983905, 24.603618769446644], [46.67289839622914, 24.603599696395086], [46.67290750075489, 24.603581741157683], [46.67291968997437, 24.60356538588223], [46.6728258409961, 24.603493431230675], [46.6727781139996, 24.60352646723114], [46.672672279888076, 24.603563295748533], [46.672657824533964, 24.603566235567094], [46.6726430476304, 24.603567125754996], [46.67262829456964, 24.603565947123528], [46.6726139113682, 24.603562727428276], [46.67260023180632, 24.603557539706074], [46.67258757749997, 24.60355050769179], [46.672532446951905, 24.60334797700437], [46.672463941630184, 24.603105302842323], [46.67243160912555, 24.603017890885578], [46.67238139609131, 24.602902485359397], [46.6722580382173, 24.602662753762722], [46.67214859464889, 24.602462558190673], [46.672037750941925, 24.60226651157198], [46.671859233585025, 24.60208531555722], [46.67171305539254, 24.601941673918436], [46.67158651490675, 24.601837567065267], [46.67148826134021, 24.601767899605516], [46.67142088121883, 24.60171752915489], [46.67130500810262, 24.601663552005476], [46.671194744885504, 24.601581070066413], [46.67101794490836, 24.601460004477815], [46.67098965384259, 24.60142841899721], [46.67079450066847, 24.601400810719117], [46.670580166126676, 24.601442706739405], [46.67019423511748, 24.601524824499588], [46.66995100506643, 24.601542512018614], [46.66970705770164, 24.601522308570196], [46.66946603536802, 24.601473519705138], [46.66932103233781, 24.601448694798467], [46.6692154815841, 24.601430623790637], [46.66896176953885, 24.60142120608816], [46.6687193347863, 24.601424257532567], [46.668475483184885, 24.601438054423056], [46.66817452254096, 24.60147574734865], [46.668061756433474, 24.60148408242674], [46.66797205964316, 24.601486849032174], [46.66791210528133, 24.601492556265907], [46.66787061050166, 24.601514229927414], [46.6676019765073, 24.601537000473915], [46.6672051641464, 24.601558322111508], [46.667109619761135, 24.6015634563014], [46.66686736647424, 24.601569207868042], [46.66661941799871, 24.60158055332007], [46.66625107201461, 24.601605284386423], [46.66564272595807, 24.60164882683998], [46.66515597835045, 24.601689983059707], [46.664939784823275, 24.601694450884022], [46.66465433286482, 24.601658205909693], [46.66465430602568, 24.601658192662992], [46.66465429186752, 24.60165816753821], [46.66465429742161, 24.601658139486666], [46.66505442614952, 24.60101687847235], [46.66463065141891, 24.601025340743753], [46.66452177888301, 24.601016259070366], [46.66445026483043, 24.600996478218637], [46.66429357098478, 24.600915922985006], [46.66409901906348, 24.600808356803732], [46.66346160450099, 24.600585361182226], [46.66333547817644, 24.60049450163394], [46.66307720232062, 24.600247062036523], [46.66292884132386, 24.600087553295538], [46.66280085417274, 24.59990896116189], [46.66277557616601, 24.59984066644859], [46.662727500744616, 24.59960804707238], [46.66272044938431, 24.599500121908857], [46.662729211010216, 24.59945373756322], [46.6627545516189, 24.59938488448817], [46.66278750466656, 24.599324517699934], [46.66284218306908, 24.599205624584982], [46.66285780949178, 24.599111163120956], [46.662857039208106, 24.599052883544196], [46.66284877073621, 24.598994687716385], [46.6627774288274, 24.598704037296848], [46.662774330493505, 24.598611497331962], [46.66277909377509, 24.59854629903146], [46.662802649786116, 24.59848432324814], [46.66280748101302, 24.598424267156684], [46.66279148693415, 24.598349013169702], [46.66276451549651, 24.59829445230217], [46.66271314994519, 24.598238446307672], [46.662671339834425, 24.598196049896078], [46.66258991084209, 24.59813523301317], [46.66252551378083, 24.5980862284866], [46.66241484618935, 24.597992362111455], [46.6623303837796, 24.59791906247585], [46.662310737976796, 24.59790216575152], [46.662206224190676, 24.597797030669092], [46.66211831112792, 24.597671140325442], [46.66209279738128, 24.59759689337112], [46.66204961883848, 24.597346061169496], [46.662019337306184, 24.597277333049586], [46.661974649335356, 24.597229866766277], [46.66177168447353, 24.59711316780023], [46.66167719239378, 24.597065705042812], [46.66161150877355, 24.59706128723897], [46.66153915256439, 24.597083943628515], [46.66145506116834, 24.597128173593823], [46.66136781223367, 24.597194361878064], [46.66126927773345, 24.59727078634994], [46.661237973106445, 24.597313990216023], [46.66122934680995, 24.597370658938292], [46.661235921405556, 24.597442588771848], [46.66129736072417, 24.59755162838548], [46.66138739690649, 24.59769635394809], [46.66144493864848, 24.59775872095832], [46.661780263661115, 24.59805545786264], [46.6618149470751, 24.598090646762323], [46.66197817095337, 24.598381997779175], [46.66201521722047, 24.598489591786805], [46.66209624748782, 24.59880413584636], [46.66217425378328, 24.59917357299159], [46.66219363538972, 24.599221360205767], [46.66233883893259, 24.599567767668958], [46.66248928245552, 24.59988497391754], [46.66262540269181, 24.60011147774664], [46.662764524952514, 24.6002813747974], [46.66281620860536, 24.600361378289872], [46.662830079729055, 24.600417797581194], [46.66282493130563, 24.600453856086663], [46.66279918275652, 24.60049185592216], [46.662774045898146, 24.60057613653409], [46.662757490428454, 24.60060032053224], [46.66270545049769, 24.600635182499726], [46.6626383892988, 24.600668495785076], [46.662550727899166, 24.600703750340482], [46.66247034022467, 24.600721781896773], [46.66238213514288, 24.60071589958524], [46.662291738878324, 24.600686039438592], [46.662202900660276, 24.6006321618457], [46.66215544200839, 24.600588113096382], [46.66210775791078, 24.6005269233171], [46.66208654632427, 24.600482584656827], [46.66207272179556, 24.60042959310863], [46.66206074772132, 24.600374866500555], [46.66202733765436, 24.600258660192665], [46.662003934052734, 24.600190344637337], [46.661965284853984, 24.600103340216364], [46.66190415959621, 24.600018297703347], [46.661863929819894, 24.59995359717092], [46.661722911412504, 24.599782005528688], [46.66160330740161, 24.59967017913144], [46.66151616317172, 24.599602568115532], [46.66134539873273, 24.599450162604317], [46.66130008848453, 24.599426661682312], [46.6612305866123, 24.599417142949925], [46.66115912015135, 24.599400788284573], [46.661089346714164, 24.5993706997277], [46.660995338370476, 24.599351165440265], [46.66092407464354, 24.599350237313114], [46.66089030702059, 24.59934889625507], [46.66084890440024, 24.599337352616736], [46.660778859542134, 24.599286695051237], [46.66073908311639, 24.599256276202823], [46.66069352316506, 24.59921391970882], [46.660576067136724, 24.599122641483326], [46.66041989823543, 24.599081506196192], [46.66026416966843, 24.599058390640007], [46.660134541833486, 24.599090226029727], [46.660056526383116, 24.599145945480785], [46.65993436438889, 24.5992308670064], [46.65972123289609, 24.599420080786604], [46.65976168854153, 24.59950192297782], [46.65978642212554, 24.59952907965115], [46.65978886253724, 24.599571911984594]]], [[[46.655259174372134, 24.591618368879434], [46.65531215983383, 24.59165550171706], [46.65536950394637, 24.591738874306404], [46.65541137708999, 24.59178641616195], [46.65549660381536, 24.591851480743543], [46.65564404349866, 24.59194243458337], [46.65580477517177, 24.59204609860036], [46.65589342515971, 24.592086268165783], [46.65596120563009, 24.592107809076413], [46.65608117128509, 24.592105631549], [46.656139465261106, 24.59211870541757], [46.65617718387379, 24.592135433988762], [46.65649787938181, 24.592426773124487], [46.656613202936676, 24.592499220286648], [46.65688276725503, 24.59260940067402], [46.65698666288389, 24.59266825902226], [46.65708134379112, 24.592739219308125], [46.65719159708174, 24.59285372427219], [46.65724526078843, 24.592942279551302], [46.65728751877, 24.593018959810614], [46.65732335118385, 24.593177142419684], [46.657363531169196, 24.59323841660916], [46.657418359019914, 24.59327295687056], [46.65750324912688, 24.593312309058568], [46.657552419272776, 24.593344340080666], [46.65756987899394, 24.593388720851596], [46.65756136309422, 24.593453960456145], [46.65753563677771, 24.593493673809576], [46.657498528130176, 24.593523225646788], [46.657422614460195, 24.593596064074024], [46.65738584340137, 24.59365132793662], [46.657392110719435, 24.59370011807559], [46.65741747472036, 24.593775270570454], [46.657429841063895, 24.59385999435997], [46.65742281624462, 24.593896072521066], [46.65739309251764, 24.59391697260304], [46.657249488133964, 24.593975126451024], [46.65715656680086, 24.59403786606393], [46.65711403613209, 24.594082907330428], [46.657070974375756, 24.5941232403413], [46.657045316474914, 24.594168095839954], [46.65702354294897, 24.594223194520243], [46.65702263851499, 24.594296921631635], [46.657065901937386, 24.594414306664962], [46.65713099478959, 24.59451645041472], [46.65724123850007, 24.594630098494964], [46.65733237429228, 24.594716526487815], [46.65741183429603, 24.594770510526345], [46.65748941839212, 24.594824515176867], [46.65753492949088, 24.59486344406411], [46.657605331831014, 24.594941528873644], [46.657670471561865, 24.595047101087093], [46.657712933810025, 24.59513920783198], [46.65774791972403, 24.595233111528216], [46.65778252278144, 24.59529787532344], [46.65781760401814, 24.595342490838725], [46.6578964716089, 24.59540805280176], [46.65796850005986, 24.59546726134061], [46.6580500155138, 24.595534937555087], [46.65810871880402, 24.59557886389474], [46.65817117015716, 24.595622748918558], [46.65825300245593, 24.59567481202953], [46.65834671465443, 24.595711675552852], [46.65846515875945, 24.595736085359835], [46.65860020481023, 24.59573974024809], [46.65869956400391, 24.595738645324968], [46.65878403815681, 24.595746286598725], [46.65887438489472, 24.595772720353757], [46.65895370962711, 24.595816419067678], [46.659008708539986, 24.595863814209963], [46.65907317192115, 24.595917962598964], [46.65913553335343, 24.595954990597942], [46.65921470006811, 24.595986690345647], [46.659302901800345, 24.595992575603905], [46.65933666853741, 24.59599391797015], [46.65937052667106, 24.596002116010194], [46.65952330410868, 24.596070720336815], [46.65964020265621, 24.596155577007497], [46.659716580359024, 24.596224594650092], [46.659782895625824, 24.596277007667517], [46.65983999616546, 24.59634152283071], [46.65992336555108, 24.596407462888006], [46.65997253752303, 24.59643949301006], [46.65998757986709, 24.596442756355767], [46.659994519460064, 24.596435822228877], [46.66003612826516, 24.596320930500728], [46.66006306094333, 24.596195057838155], [46.66006452889891, 24.596164183845943], [46.66004341219527, 24.596113821366476], [46.65997947305576, 24.59606569003479], [46.65989497505418, 24.596056335084633], [46.65984063334512, 24.59603828027595], [46.65968888570411, 24.595972891014334], [46.65939051364343, 24.595811604026988], [46.65923094856141, 24.595690358040777], [46.65913409637835, 24.59559713671225], [46.659080882137474, 24.595542864346612], [46.65904168269423, 24.59552058194399], [46.65897767150309, 24.595500714706287], [46.658890984557054, 24.595467383978782], [46.65883790506494, 24.595423395973487], [46.6587997106028, 24.59537067168667], [46.65875381481827, 24.595302603351186], [46.65870808756755, 24.59524739146927], [46.65863250197471, 24.595202794539848], [46.65855902765726, 24.59517617470119], [46.658479951965994, 24.59515133026567], [46.65835771324769, 24.595123533004717], [46.65828060199622, 24.595105525315635], [46.65815244574214, 24.595055506570173], [46.65806182862857, 24.59500850344519], [46.65799368490924, 24.59495953808993], [46.657919409128446, 24.5948720670559], [46.65782016415612, 24.59473944110918], [46.65774195900735, 24.594638298961925], [46.65770972792371, 24.594611224449253], [46.657661085909176, 24.594573674524753], [46.65759042699825, 24.594521677610015], [46.657508912478846, 24.59445400199286], [46.657455608120394, 24.5943928723896], [46.657392751263785, 24.594318132752235], [46.65730012452916, 24.594260865312123], [46.657233912923566, 24.594216164417237], [46.657196069391674, 24.59419000843768], [46.65717142775629, 24.59416970783944], [46.65716557808314, 24.59415262869651], [46.65718767884106, 24.59412238440008], [46.65723200545724, 24.594071322603185], [46.65728594197759, 24.594038156296122], [46.65736058955021, 24.594011619527123], [46.65742769400529, 24.593981736530353], [46.657494730697366, 24.593946711278328], [46.65752998804716, 24.59391889354675], [46.65754652119091, 24.593892996622888], [46.657538492694954, 24.59385279720842], [46.657517317817984, 24.593811028835102], [46.657486600750595, 24.593756508099677], [46.65747100468569, 24.593711249939453], [46.657479791566004, 24.593666580150096], [46.657498098066995, 24.593632949245276], [46.65762398349013, 24.593510701341142], [46.657640279484184, 24.593466805712723], [46.65765457731673, 24.593413503906], [46.65764834378591, 24.593367284894267], [46.65763293963614, 24.593336596693085], [46.65755318797653, 24.593260329422257], [46.65749455471451, 24.59322154500203], [46.65743786318848, 24.59318788215021], [46.65741123387948, 24.59315903124418], [46.657395774362236, 24.593124057511954], [46.657396756642946, 24.59305633027777], [46.65740710144273, 24.592987642191506], [46.65740441478347, 24.59292595518862], [46.65737525593385, 24.59284741611114], [46.65728965513805, 24.592754069530663], [46.65709841921989, 24.592612169798688], [46.657015303107016, 24.59256508336414], [46.656902373267194, 24.592532039346352], [46.65681774239239, 24.592512398969866], [46.65673656907814, 24.592470433061962], [46.65665146541929, 24.592414796966686], [46.656583233423525, 24.592358974245254], [46.6565414037977, 24.59231486151908], [46.65649191943057, 24.592258832438407], [46.656337478833635, 24.592063381461884], [46.65629581859309, 24.592032125137155], [46.656146921707595, 24.591972903615808], [46.655975359418974, 24.591901073838603], [46.65578432920614, 24.59177459987548], [46.65568373273907, 24.591681416329333], [46.655600144228316, 24.59159833341331], [46.65552242766397, 24.591534042248473], [46.65543167779019, 24.591476752875668], [46.6551662766251, 24.5912550912401], [46.6551397384194, 24.591233096489994], [46.65505057083746, 24.591153502929725], [46.654850733401624, 24.59106998206914], [46.65474548345086, 24.591050567133337], [46.654696652926454, 24.591044246280564], [46.65463097350381, 24.59103982523611], [46.65458765413483, 24.591024872439586], [46.65456287833237, 24.590994285975185], [46.65453988734986, 24.59095682318501], [46.65449417483025, 24.59090246654951], [46.65444493879817, 24.590865292189683], [46.65437309491328, 24.590819794034438], [46.65433519667938, 24.590789352642894], [46.65429723185004, 24.590753768089673], [46.65426317264621, 24.590730142097964], [46.6542259728589, 24.59075283743196], [46.65419981888406, 24.590759981535435], [46.654153065193675, 24.590769067522686], [46.654117582609246, 24.59077974337316], [46.65409490407738, 24.59077919078009], [46.654030718902796, 24.59073269635996], [46.654088224599676, 24.59068577677794], [46.65415094756691, 24.5906079419638], [46.65414674814135, 24.590573700969227], [46.654140899069446, 24.59055662167042], [46.65414234610147, 24.59055635114931], [46.65379887182928, 24.590210652292477], [46.653781470570344, 24.59020612935912], [46.653759934936105, 24.590208079665867], [46.65374096064412, 24.590210771112474], [46.65364634747619, 24.590303188659608], [46.65358775663824, 24.590437301477962], [46.653592264809376, 24.59061065061389], [46.65360613050965, 24.590667072003594], [46.65367043125527, 24.59070922414744], [46.65374570839635, 24.590730683755407], [46.653841697915745, 24.590758773383794], [46.65394532037173, 24.590797065048104], [46.654007689065764, 24.59083495305168], [46.65416602086273, 24.591041506728917], [46.65418158058861, 24.591084194219363], [46.65428636370883, 24.59121076130169], [46.654409476629795, 24.59130541211305], [46.65446227119052, 24.591327976192186], [46.65473481393403, 24.591379839595387], [46.65490206151317, 24.591408858925845], [46.65494721091347, 24.591420363153535], [46.654966182740665, 24.591437298142747], [46.65495516047735, 24.59145456288346], [46.65488596761218, 24.591468181011752], [46.654795652366026, 24.591492289272296], [46.654768028026915, 24.591530308418754], [46.65476677384647, 24.591577466780453], [46.654796555699804, 24.591655170735716], [46.65482742883472, 24.591721690973625], [46.65487108656299, 24.591762355764637], [46.654921905010156, 24.591777226023293], [46.6549669418389, 24.591780159243964], [46.655011639574376, 24.591757381287543], [46.655039217817595, 24.59171593425395], [46.65505383218501, 24.591686629429766], [46.6550837474317, 24.591680299777316], [46.65510833189237, 24.591696316173678], [46.65520522700127, 24.591650677705495], [46.65521613653297, 24.591624842858007], [46.655259174372134, 24.591618368879434]]], [[[46.64991334441371, 24.589008668240748], [46.6498119813681, 24.58899949312244], [46.64967667274415, 24.588975260946288], [46.649546764239886, 24.58893382497473], [46.64947704413671, 24.588907159309674], [46.64936619534099, 24.58888951646887], [46.64925153035677, 24.58886677145899], [46.64917066172625, 24.58884897880911], [46.649096959337015, 24.58880331957686], [46.64901615010275, 24.588788774870196], [46.648920454921154, 24.588782966319805], [46.64882860034773, 24.58878397236384], [46.64875142672752, 24.58876081634436], [46.64869862393674, 24.588737393391554], [46.64861252682824, 24.58874862223218], [46.64853575834705, 24.58875632051317], [46.64838949452184, 24.58875449371687], [46.64833307666109, 24.58874139619854], [46.64824095176167, 24.588721832875343], [46.64811881089652, 24.58870088346638], [46.64804561167378, 24.58869482717508], [46.64792572726406, 24.588702997130344], [46.6477553853569, 24.588723719879134], [46.647598143309814, 24.58874258444], [46.647375963338156, 24.58881358937449], [46.647217519141975, 24.588883897535904], [46.64712430442063, 24.588924347643836], [46.64688540958284, 24.589007535373096], [46.64678692972068, 24.589075472479543], [46.64673147711976, 24.589136081253578], [46.64665399937931, 24.589232932782423], [46.646583951940826, 24.589324560012003], [46.64653798385326, 24.589393636339935], [46.64651801298746, 24.589443570977906], [46.64649237448618, 24.58949013923861], [46.64649090317781, 24.589521014198635], [46.64650235251636, 24.589536317959702], [46.646517439587434, 24.58954301057733], [46.64653993466672, 24.589542764543406], [46.64656044369062, 24.589533967969718], [46.64657691137899, 24.589502929889928], [46.64661359655556, 24.589440811808288], [46.64667585284492, 24.589326983176896], [46.64671448011475, 24.58926998682463], [46.64675875254712, 24.589214643345418], [46.64681610349696, 24.58915572842721], [46.64689420902826, 24.589106871530028], [46.646998737768754, 24.589071441676285], [46.64709405185469, 24.58904811228462], [46.64719690842846, 24.589028128669227], [46.64726430462106, 24.58902053361308], [46.64734678686181, 24.589019631073892], [46.64740498895276, 24.58902585181132], [46.64747669582676, 24.589061068064], [46.64758962046305, 24.589094119464526], [46.64767598718801, 24.589103460215473], [46.64775266621222, 24.58908890662066], [46.647819591153095, 24.58904531552787], [46.647865737903814, 24.58898995032621], [46.647987554605955, 24.588842897566398], [46.64803216393923, 24.588813265011296], [46.648090119068506, 24.588800629950633], [46.648349196282645, 24.58882693773501], [46.64883775956512, 24.588910733990623], [46.648993778853566, 24.588941597701716], [46.64908800249795, 24.58897828116341], [46.64914096365159, 24.589013702847897], [46.649243449652666, 24.589108583217232], [46.649357026083855, 24.589191342296697], [46.64945359762805, 24.589264001621064], [46.649526190074766, 24.589280165642798], [46.64956372733175, 24.589283183601193], [46.64959537027137, 24.589265693278058], [46.64962866445136, 24.589231041256863], [46.649739740349254, 24.58912901842295], [46.64980503680031, 24.58910430254796], [46.64984442858795, 24.58909120931355], [46.649876145081464, 24.589096287325603], [46.64988851614157, 24.589116944914906], [46.64996949288385, 24.589001195249], [46.64991334441371, 24.589008668240748]]], [[[46.65087750817747, 24.587758622112354], [46.65084923242689, 24.58774693156268], [46.651029141365214, 24.58745523403831], [46.65099801051379, 24.58722585199183], [46.65099458331678, 24.58721623112299], [46.650870165947396, 24.587234539502287], [46.65082474961131, 24.58720246494017], [46.65068815233049, 24.587222820895953], [46.650599598229746, 24.587189504593873], [46.650550207461634, 24.587140329921738], [46.650555516454865, 24.58711627050182], [46.65057376782521, 24.587078354855123], [46.65055558810325, 24.58705576465566], [46.65042497943935, 24.58702684147259], [46.650364566229605, 24.586994930259255], [46.650346299211485, 24.586964020650953], [46.6503155940347, 24.58694189367154], [46.65028332158692, 24.586911389487522], [46.65021672308161, 24.586836688364897], [46.650178894444615, 24.586811387143115], [46.65012807849983, 24.586796515138204], [46.65005867504855, 24.586793847442483], [46.649985196063184, 24.586766365390744], [46.64994362997123, 24.58674196283348], [46.64992055032154, 24.586697642578454], [46.64989552940676, 24.586648200602394], [46.64987827659633, 24.5866192454555], [46.64983471215407, 24.586585436550006], [46.64977610677818, 24.586548362282343], [46.64970272908682, 24.58652859436215], [46.64964251845827, 24.586512110494688], [46.649534993768405, 24.58646185778433], [46.64950610717027, 24.586475032649325], [46.649482977950136, 24.586498429511266], [46.64944623884849, 24.586556262684482], [46.6494524352033, 24.586599911126076], [46.64951300522298, 24.58664382071704], [46.649599976788956, 24.586699440719684], [46.64973785418491, 24.5867767903649], [46.64991129236892, 24.586992612712592], [46.650019536631206, 24.587097716398784], [46.65006361809684, 24.587170950664756], [46.650095049266305, 24.587280324491694], [46.6500772920379, 24.587355950228083], [46.65001253578632, 24.58742180598854], [46.64986393917924, 24.58752800981721], [46.64977092955909, 24.587583888217125], [46.64954172616381, 24.58769097502326], [46.649154574670916, 24.587906081739195], [46.64909135470162, 24.58794620444488], [46.64897201002588, 24.587995513218264], [46.64892144169635, 24.587999496345436], [46.64884246200372, 24.587981503123576], [46.64876124821113, 24.587936104737935], [46.64865550768163, 24.587878975184], [46.64858590156799, 24.587860879173782], [46.64854086617653, 24.587857943960213], [46.648382406847574, 24.58785539288702], [46.648233978380695, 24.58783130299524], [46.6481644386844, 24.58781834905156], [46.64811637924176, 24.587799160070695], [46.64800510517799, 24.58774894824276], [46.64796339322914, 24.587713402982086], [46.64794035894595, 24.587672511174105], [46.647905764132794, 24.58760774376202], [46.647882573799244, 24.58755485303297], [46.647867105441364, 24.587519020487413], [46.64786083103568, 24.58746937296093], [46.64786218982536, 24.587429927871955], [46.64788215888978, 24.58737999309839], [46.6478929350096, 24.587343874195394], [46.64779826415999, 24.587272907582197], [46.647784603436634, 24.587231912246605], [46.647763174934376, 24.58717042995097], [46.647745249418165, 24.58709005197022], [46.64774247804302, 24.587021507848984], [46.64774370126719, 24.586971778253883], [46.64773568669025, 24.586932435748388], [46.64764851477218, 24.586861386949515], [46.64763497754589, 24.586829819366137], [46.647591090496206, 24.58648485765835], [46.647579529154534, 24.586460982935016], [46.647424244082835, 24.586342677759824], [46.64715795707585, 24.586194727974576], [46.64692583842094, 24.586078976541714], [46.646797740346464, 24.58603237612205], [46.64665843997757, 24.585989326471257], [46.64664651514655, 24.58597350331041], [46.64665879769499, 24.585909176331178], [46.64663949149445, 24.58586652887688], [46.64659662185681, 24.58582294637284], [46.64655498225609, 24.58581987949061], [46.64640520839471, 24.585836089495487], [46.64636033164787, 24.585845152487924], [46.646311548238074, 24.585842256655138], [46.64603272318244, 24.585739015113262], [46.645845954647015, 24.58565019665085], [46.64573662541074, 24.58560510385003], [46.64551252182663, 24.58552869277438], [46.64534909959834, 24.585504763760014], [46.64499648155967, 24.585493187782507], [46.6448782955212, 24.585487621369968], [46.644810632243484, 24.585474645303872], [46.64464307976703, 24.58542161636624], [46.64456590988246, 24.585398458933863], [46.644528351448514, 24.585393726173287], [46.64449853776037, 24.58540776617882], [46.6444763568712, 24.58543200971496], [46.64447481786863, 24.585457741525342], [46.644503294092544, 24.585484860133548], [46.64456360542715, 24.58550905950902], [46.644691579092076, 24.585546235019102], [46.644778233402754, 24.585577861039464], [46.64483114714818, 24.585609855615917], [46.64489739476961, 24.58565799126563], [46.64495205926487, 24.58568053753648], [46.64512311454994, 24.585714670472825], [46.64522655126327, 24.58573925521601], [46.64533969640851, 24.58578944968759], [46.64540571004749, 24.585819586260065], [46.64559959613885, 24.585879184121634], [46.64568415292289, 24.585893688898214], [46.645886874738686, 24.585912045820013], [46.64601454656809, 24.585926079078202], [46.64637930967823, 24.5860060942998], [46.64653726601446, 24.586042082559665], [46.64671024083322, 24.586079621021813], [46.64691006638642, 24.586163152533132], [46.647013817715305, 24.586211733821724], [46.64702171988295, 24.586242506252123], [46.64698648354127, 24.586272035956018], [46.64690614704869, 24.58629348673376], [46.646821926244904, 24.586304693965413], [46.64673772686204, 24.58631761554913], [46.64666854785379, 24.58633208653776], [46.64660688877485, 24.586348190788062], [46.64656585029355, 24.58636406859638], [46.64654741840979, 24.586388270521883], [46.646547642610514, 24.58640541169122], [46.646562907677726, 24.58642581763381], [46.646664269526106, 24.586434995054113], [46.64676183679832, 24.58644078554688], [46.64683686371056, 24.58644339326438], [46.64694204161489, 24.58645767175035], [46.64703610684645, 24.586482358623623], [46.647105801708896, 24.586507311149063], [46.64712492875808, 24.586536246137058], [46.64713680400988, 24.586584117806428], [46.647139262018776, 24.586628664139944], [46.64712355736617, 24.586717982402774], [46.64711695597521, 24.586786629092813], [46.64711412675629, 24.58685694824352], [46.64712303728549, 24.58696485545641], [46.64712944593381, 24.587024787550636], [46.64713625928882, 24.587115573184132], [46.647153960145566, 24.587178810997884], [46.64722643676263, 24.587416313124407], [46.64728620926621, 24.587542521158834], [46.64737231515738, 24.587675298645223], [46.64746962375189, 24.58780452512133], [46.64767267268156, 24.587990881863885], [46.64775966691121, 24.588048217300727], [46.64790859025725, 24.588110018720073], [46.64801017694171, 24.588136336319224], [46.648106027739544, 24.588154144384422], [46.64820553858649, 24.5881650555965], [46.648320090559906, 24.588179231325377], [46.648564236641775, 24.588210844356823], [46.64868985647642, 24.588211183358013], [46.64890907162365, 24.588200211187978], [46.64904219001812, 24.588200466863327], [46.64914332783188, 24.58819250229785], [46.649242793831846, 24.58819998404758], [46.64927086742902, 24.588196248144243], [46.649296101365806, 24.588118825946278], [46.649327565368694, 24.588087622405187], [46.649359321347674, 24.588078703154313], [46.649383758407716, 24.588083578420765], [46.64940625319371, 24.588083331972324], [46.649431891318685, 24.588036763267734], [46.649471099946275, 24.588024333080423], [46.64966576524749, 24.587999913555223], [46.64972929955691, 24.5879837883908], [46.64990425266904, 24.58788586718028], [46.649961802725606, 24.58784237792545], [46.650084896601875, 24.58779302729557], [46.65025858101132, 24.58774140740194], [46.65036884456103, 24.587714482868716], [46.6504776377245, 24.587718433210632], [46.65054523522115, 24.58772626438175], [46.650560298791774, 24.587731242222553], [46.65056648436786, 24.58777403294501], [46.650623126738346, 24.58780427076915], [46.650681755408996, 24.587843057235425], [46.65087750817747, 24.587758622112354]]]]}}]}