{"type": "FeatureCollection", "features": [{"type": "Feature", "id": 1, "geometry": {"type": "Point", "coordinates": [46.67655000000008, 24.852860000000078]}, "properties": {"OBJECTID": 1, "Species": "Ficus nitida", "Spread": 3, "SpreadP": 20}}, {"type": "Feature", "id": 2, "geometry": {"type": "Point", "coordinates": [46.67659000000003, 24.852870000000053]}, "properties": {"OBJECTID": 2, "Species": "Ficus nitida", "Spread": 3, "SpreadP": 20}}, {"type": "Feature", "id": 3, "geometry": {"type": "Point", "coordinates": [46.67657121700006, 24.852903106000042]}, "properties": {"OBJECTID": 3, "Species": null, "Spread": 7.967467641162103, "SpreadP": 11.3}}, {"type": "Feature", "id": 4, "geometry": {"type": "Point", "coordinates": [46.676681270000074, 24.852928717000054]}, "properties": {"OBJECTID": 4, "Species": null, "Spread": 5.57121144850435, "SpreadP": 11.3}}, {"type": "Feature", "id": 5, "geometry": {"type": "Point", "coordinates": [46.676100000000076, 24.852700000000027]}, "properties": {"OBJECTID": 5, "Species": "Ficus nitida", "Spread": 2, "SpreadP": 20}}, {"type": "Feature", "id": 6, "geometry": {"type": "Point", "coordinates": [46.67617000000007, 24.852730000000065]}, "properties": {"OBJECTID": 6, "Species": "Ficus nitida", "Spread": 1, "SpreadP": 20}}, {"type": "Feature", "id": 7, "geometry": {"type": "Point", "coordinates": [46.67631000000006, 24.852730000000065]}, "properties": {"OBJECTID": 7, "Species": "Ficus nitida", "Spread": 3, "SpreadP": 20}}, {"type": "Feature", "id": 8, "geometry": {"type": "Point", "coordinates": [46.67621439900006, 24.852735004000067]}, "properties": {"OBJECTID": 8, "Species": "Phoenix dactylifera", "Spread": 3.494515770969555, "SpreadP": 10}}, {"type": "Feature", "id": 9, "geometry": {"type": "Point", "coordinates": [46.67634000000004, 24.85275000000007]}, "properties": {"OBJECTID": 9, "Species": "Ficus nitida", "Spread": 3, "SpreadP": 20}}, {"type": "Feature", "id": 10, "geometry": {"type": "Point", "coordinates": [46.67644000000007, 24.852790000000027]}, "properties": {"OBJECTID": 10, "Species": "Ficus nitida", "Spread": 3, "SpreadP": 20}}, {"type": "Feature", "id": 11, "geometry": {"type": "Point", "coordinates": [46.67638122300008, 24.852801697000075]}, "properties": {"OBJECTID": 11, "Species": null, "Spread": 4.162694376434467, "SpreadP": 11.3}}, {"type": "Feature", "id": 12, "geometry": {"type": "Point", "coordinates": [46.676722260000076, 24.852946124000027]}, "properties": {"OBJECTID": 12, "Species": null, "Spread": 5.231947784584213, "SpreadP": 11.3}}, {"type": "Feature", "id": 13, "geometry": {"type": "Point", "coordinates": [46.67684324700008, 24.85298794700003]}, "properties": {"OBJECTID": 13, "Species": null, "Spread": 3.9096343465011048, "SpreadP": 11.3}}, {"type": "Feature", "id": 14, "geometry": {"type": "Point", "coordinates": [46.67691139600004, 24.853012292000074]}, "properties": {"OBJECTID": 14, "Species": "Phoenix dactylifera", "Spread": 3.9438425778021045, "SpreadP": 10}}, {"type": "Feature", "id": 15, "geometry": {"type": "Point", "coordinates": [46.67685000000006, 24.853030000000047]}, "properties": {"OBJECTID": 15, "Species": "Ficus nitida", "Spread": 4, "SpreadP": 20}}, {"type": "Feature", "id": 16, "geometry": {"type": "Point", "coordinates": [46.67711773900004, 24.853091582000047]}, "properties": {"OBJECTID": 16, "Species": null, "Spread": 3.7236512527829237, "SpreadP": 11.3}}, {"type": "Feature", "id": 17, "geometry": {"type": "Point", "coordinates": [46.677040000000034, 24.85310000000004]}, "properties": {"OBJECTID": 17, "Species": "Ficus nitida", "Spread": 2, "SpreadP": 20}}, {"type": "Feature", "id": 18, "geometry": {"type": "Point", "coordinates": [46.67920000000004, 24.85373000000004]}, "properties": {"OBJECTID": 18, "Species": "Phoenix dactylifera", "Spread": 2.5, "SpreadP": 10}}, {"type": "Feature", "id": 19, "geometry": {"type": "Point", "coordinates": [46.67927000000003, 24.853760000000023]}, "properties": {"OBJECTID": 19, "Species": "Phoenix dactylifera", "Spread": 2, "SpreadP": 10}}, {"type": "Feature", "id": 20, "geometry": {"type": "Point", "coordinates": [46.67934000000008, 24.85379000000006]}, "properties": {"OBJECTID": 20, "Species": "Phoenix dactylifera", "Spread": 2.5, "SpreadP": 10}}, {"type": "Feature", "id": 21, "geometry": {"type": "Point", "coordinates": [46.69475502600005, 24.86880601100006]}, "properties": {"OBJECTID": 21, "Species": null, "Spread": 3.3042441030555154, "SpreadP": 11.3}}, {"type": "Feature", "id": 22, "geometry": {"type": "Point", "coordinates": [46.69220000000007, 24.863990000000058]}, "properties": {"OBJECTID": 22, "Species": "Vachellia farnesiana", "Spread": 0.5, "SpreadP": 8}}, {"type": "Feature", "id": 23, "geometry": {"type": "Point", "coordinates": [46.692477162000046, 24.864007539000056]}, "properties": {"OBJECTID": 23, "Species": null, "Spread": 3.510238695100514, "SpreadP": 11.3}}, {"type": "Feature", "id": 24, "geometry": {"type": "Point", "coordinates": [46.69254433400005, 24.864031760000046]}, "properties": {"OBJECTID": 24, "Species": null, "Spread": 5.057606395287701, "SpreadP": 11.3}}, {"type": "Feature", "id": 25, "geometry": {"type": "Point", "coordinates": [46.69211000000007, 24.864070000000027]}, "properties": {"OBJECTID": 25, "Species": "Ziziphus spina-christi", "Spread": 3, "SpreadP": 10}}, {"type": "Feature", "id": 26, "geometry": {"type": "Point", "coordinates": [46.692236345000026, 24.86408326800006]}, "properties": {"OBJECTID": 26, "Species": "Vachellia farnesiana", "Spread": 2.5, "SpreadP": 8}}, {"type": "Feature", "id": 27, "geometry": {"type": "Point", "coordinates": [46.69232000000005, 24.864160000000027]}, "properties": {"OBJECTID": 27, "Species": "Vachellia farnesiana", "Spread": 3, "SpreadP": 8}}, {"type": "Feature", "id": 28, "geometry": {"type": "Point", "coordinates": [46.69216000000006, 24.86417000000006]}, "properties": {"OBJECTID": 28, "Species": "Ziziphus spina-christi", "Spread": 3, "SpreadP": 10}}, {"type": "Feature", "id": 29, "geometry": {"type": "Point", "coordinates": [46.69218616300003, 24.864185020000036]}, "properties": {"OBJECTID": 29, "Species": null, "Spread": 3.554421159991604, "SpreadP": 11.3}}, {"type": "Feature", "id": 30, "geometry": {"type": "Point", "coordinates": [46.692390000000046, 24.864330000000052]}, "properties": {"OBJECTID": 30, "Species": "Vachellia farnesiana", "Spread": 2.5, "SpreadP": 8}}, {"type": "Feature", "id": 31, "geometry": {"type": "Point", "coordinates": [46.69021786700006, 24.860771310000075]}, "properties": {"OBJECTID": 31, "Species": null, "Spread": 5.22257016560573, "SpreadP": 11.3}}, {"type": "Feature", "id": 32, "geometry": {"type": "Point", "coordinates": [46.689874832000044, 24.860788015000026]}, "properties": {"OBJECTID": 32, "Species": null, "Spread": 4.391127193442192, "SpreadP": 11.3}}, {"type": "Feature", "id": 33, "geometry": {"type": "Point", "coordinates": [46.68972000000008, 24.860810000000072]}, "properties": {"OBJECTID": 33, "Species": "Ziziphus spina-christi", "Spread": 3.5, "SpreadP": 10}}, {"type": "Feature", "id": 34, "geometry": {"type": "Point", "coordinates": [46.68977342800008, 24.860815298000034]}, "properties": {"OBJECTID": 34, "Species": null, "Spread": 3.0591356050480756, "SpreadP": 11.3}}, {"type": "Feature", "id": 35, "geometry": {"type": "Point", "coordinates": [46.68995000000007, 24.860840000000053]}, "properties": {"OBJECTID": 35, "Species": "Vachellia farnesiana", "Spread": 3, "SpreadP": 8}}, {"type": "Feature", "id": 36, "geometry": {"type": "Point", "coordinates": [46.690311863000034, 24.860884731000056]}, "properties": {"OBJECTID": 36, "Species": null, "Spread": 4.462609818730932, "SpreadP": 11.3}}, {"type": "Feature", "id": 37, "geometry": {"type": "Point", "coordinates": [46.68986196600008, 24.86091921800005]}, "properties": {"OBJECTID": 37, "Species": null, "Spread": 2.915555781966347, "SpreadP": 11.3}}, {"type": "Feature", "id": 38, "geometry": {"type": "Point", "coordinates": [46.68983000000003, 24.860940000000028]}, "properties": {"OBJECTID": 38, "Species": "Vachellia xanthophloea", "Spread": 3, "SpreadP": 10}}, {"type": "Feature", "id": 39, "geometry": {"type": "Point", "coordinates": [46.690030000000036, 24.86098000000004]}, "properties": {"OBJECTID": 39, "Species": "Ziziphus spina-christi", "Spread": 4.3, "SpreadP": 10}}, {"type": "Feature", "id": 40, "geometry": {"type": "Point", "coordinates": [46.68998000000005, 24.86104000000006]}, "properties": {"OBJECTID": 40, "Species": "Vachellia xanthophloea", "Spread": 3, "SpreadP": 10}}, {"type": "Feature", "id": 41, "geometry": {"type": "Point", "coordinates": [46.690090000000055, 24.86107000000004]}, "properties": {"OBJECTID": 41, "Species": "Ziziphus spina-christi", "Spread": 4, "SpreadP": 10}}, {"type": "Feature", "id": 42, "geometry": {"type": "Point", "coordinates": [46.690426692000074, 24.86107895600003]}, "properties": {"OBJECTID": 42, "Species": "Ziziphus spina-christi", "Spread": 4, "SpreadP": 10}}, {"type": "Feature", "id": 43, "geometry": {"type": "Point", "coordinates": [46.69053328600006, 24.86113146100007]}, "properties": {"OBJECTID": 43, "Species": null, "Spread": 3.565347851351069, "SpreadP": 11.3}}, {"type": "Feature", "id": 44, "geometry": {"type": "Point", "coordinates": [46.69017000000008, 24.861140000000034]}, "properties": {"OBJECTID": 44, "Species": "Ziziphus spina-christi", "Spread": 3, "SpreadP": 10}}, {"type": "Feature", "id": 45, "geometry": {"type": "Point", "coordinates": [46.69057372700007, 24.86118192600003]}, "properties": {"OBJECTID": 45, "Species": null, "Spread": 3.949327085882075, "SpreadP": 11.3}}, {"type": "Feature", "id": 46, "geometry": {"type": "Point", "coordinates": [46.690643270000066, 24.861253127000055]}, "properties": {"OBJECTID": 46, "Species": null, "Spread": 4.9522679297033045, "SpreadP": 11.3}}, {"type": "Feature", "id": 47, "geometry": {"type": "Point", "coordinates": [46.690360000000055, 24.86134000000004]}, "properties": {"OBJECTID": 47, "Species": "Vachellia farnesiana", "Spread": 2, "SpreadP": 8}}, {"type": "Feature", "id": 48, "geometry": {"type": "Point", "coordinates": [46.690420000000074, 24.861410000000035]}, "properties": {"OBJECTID": 48, "Species": "Vachellia farnesiana", "Spread": 2, "SpreadP": 8}}, {"type": "Feature", "id": 49, "geometry": {"type": "Point", "coordinates": [46.69108999200006, 24.861795608000023]}, "properties": {"OBJECTID": 49, "Species": null, "Spread": 4.928064260654013, "SpreadP": 11.3}}, {"type": "Feature", "id": 50, "geometry": {"type": "Point", "coordinates": [46.69049000000007, 24.86148000000003]}, "properties": {"OBJECTID": 50, "Species": "Vachellia farnesiana", "Spread": 2.5, "SpreadP": 8}}, {"type": "Feature", "id": 51, "geometry": {"type": "Point", "coordinates": [46.69038000000006, 24.861540000000048]}, "properties": {"OBJECTID": 51, "Species": "Vachellia farnesiana", "Spread": 2, "SpreadP": 8}}, {"type": "Feature", "id": 52, "geometry": {"type": "Point", "coordinates": [46.69056000000006, 24.861590000000035]}, "properties": {"OBJECTID": 52, "Species": "Ziziphus spina-christi", "Spread": 3, "SpreadP": 10}}, {"type": "Feature", "id": 53, "geometry": {"type": "Point", "coordinates": [46.690450000000055, 24.861650000000054]}, "properties": {"OBJECTID": 53, "Species": "Vachellia farnesiana", "Spread": 2, "SpreadP": 8}}, {"type": "Feature", "id": 54, "geometry": {"type": "Point", "coordinates": [46.690600000000074, 24.86166000000003]}, "properties": {"OBJECTID": 54, "Species": "Ziziphus spina-christi", "Spread": 4, "SpreadP": 10}}, {"type": "Feature", "id": 55, "geometry": {"type": "Point", "coordinates": [46.69066000000004, 24.861740000000054]}, "properties": {"OBJECTID": 55, "Species": "Ziziphus spina-christi", "Spread": 3.5, "SpreadP": 10}}, {"type": "Feature", "id": 56, "geometry": {"type": "Point", "coordinates": [46.690638611000054, 24.861803241000075]}, "properties": {"OBJECTID": 56, "Species": null, "Spread": 4.940606606141218, "SpreadP": 11.3}}, {"type": "Feature", "id": 57, "geometry": {"type": "Point", "coordinates": [46.691042509000056, 24.861810555000034]}, "properties": {"OBJECTID": 57, "Species": null, "Spread": 4.927330967055231, "SpreadP": 11.3}}, {"type": "Feature", "id": 58, "geometry": {"type": "Point", "coordinates": [46.691148207000026, 24.86198396700007]}, "properties": {"OBJECTID": 58, "Species": "Ziziphus spina-christi", "Spread": 5, "SpreadP": 10}}, {"type": "Feature", "id": 59, "geometry": {"type": "Point", "coordinates": [46.69126054000003, 24.86208311300004]}, "properties": {"OBJECTID": 59, "Species": null, "Spread": 5.324970185908314, "SpreadP": 11.3}}, {"type": "Feature", "id": 60, "geometry": {"type": "Point", "coordinates": [46.690940762000025, 24.86209454300007]}, "properties": {"OBJECTID": 60, "Species": null, "Spread": 5.562041682889677, "SpreadP": 11.3}}, {"type": "Feature", "id": 61, "geometry": {"type": "Point", "coordinates": [46.69133776600006, 24.862155631000064]}, "properties": {"OBJECTID": 61, "Species": null, "Spread": 4.450665590876391, "SpreadP": 11.3}}, {"type": "Feature", "id": 62, "geometry": {"type": "Point", "coordinates": [46.69100956300008, 24.86216048500006]}, "properties": {"OBJECTID": 62, "Species": null, "Spread": 4.063841904185056, "SpreadP": 11.3}}, {"type": "Feature", "id": 63, "geometry": {"type": "Point", "coordinates": [46.691064796000035, 24.862222030000055]}, "properties": {"OBJECTID": 63, "Species": null, "Spread": 4.584304885531351, "SpreadP": 11.3}}, {"type": "Feature", "id": 64, "geometry": {"type": "Point", "coordinates": [46.69061959800007, 24.861824884000043]}, "properties": {"OBJECTID": 64, "Species": null, "Spread": 2.955405771860855, "SpreadP": 11.3}}, {"type": "Feature", "id": 65, "geometry": {"type": "Point", "coordinates": [46.69120000000004, 24.862430000000074]}, "properties": {"OBJECTID": 65, "Species": "Ziziphus spina-christi", "Spread": 4.5, "SpreadP": 10}}, {"type": "Feature", "id": 66, "geometry": {"type": "Point", "coordinates": [46.69107000000008, 24.862520000000075]}, "properties": {"OBJECTID": 66, "Species": "Ziziphus spina-christi", "Spread": 2, "SpreadP": 10}}, {"type": "Feature", "id": 67, "geometry": {"type": "Point", "coordinates": [46.691230000000076, 24.862540000000024]}, "properties": {"OBJECTID": 67, "Species": "Ziziphus spina-christi", "Spread": 3, "SpreadP": 10}}, {"type": "Feature", "id": 68, "geometry": {"type": "Point", "coordinates": [46.691340000000025, 24.862610000000075]}, "properties": {"OBJECTID": 68, "Species": "Ziziphus spina-christi", "Spread": 4, "SpreadP": 10}}, {"type": "Feature", "id": 69, "geometry": {"type": "Point", "coordinates": [46.69164835400005, 24.862649417000057]}, "properties": {"OBJECTID": 69, "Species": "Ziziphus spina-christi", "Spread": 5, "SpreadP": 10}}, {"type": "Feature", "id": 70, "geometry": {"type": "Point", "coordinates": [46.69171654000007, 24.86267500500003]}, "properties": {"OBJECTID": 70, "Species": null, "Spread": 4.365343786589242, "SpreadP": 11.3}}, {"type": "Feature", "id": 71, "geometry": {"type": "Point", "coordinates": [46.69149310700004, 24.862835723000046]}, "properties": {"OBJECTID": 71, "Species": null, "Spread": 4.685238008748666, "SpreadP": 11.3}}, {"type": "Feature", "id": 72, "geometry": {"type": "Point", "coordinates": [46.69153000000006, 24.862900000000025]}, "properties": {"OBJECTID": 72, "Species": "Vachellia farnesiana", "Spread": 2, "SpreadP": 8}}, {"type": "Feature", "id": 73, "geometry": {"type": "Point", "coordinates": [46.69143974900004, 24.862929864000023]}, "properties": {"OBJECTID": 73, "Species": null, "Spread": 3.007717899038978, "SpreadP": 11.3}}, {"type": "Feature", "id": 74, "geometry": {"type": "Point", "coordinates": [46.691684397000074, 24.862731435000057]}, "properties": {"OBJECTID": 74, "Species": "Ziziphus spina-christi", "Spread": 4, "SpreadP": 10}}, {"type": "Feature", "id": 75, "geometry": {"type": "Point", "coordinates": [46.69180429100004, 24.86281735700004]}, "properties": {"OBJECTID": 75, "Species": null, "Spread": 4.362174343526915, "SpreadP": 11.3}}, {"type": "Feature", "id": 76, "geometry": {"type": "Point", "coordinates": [46.691410000000076, 24.862940000000037]}, "properties": {"OBJECTID": 76, "Species": "Ziziphus spina-christi", "Spread": 3, "SpreadP": 10}}, {"type": "Feature", "id": 77, "geometry": {"type": "Point", "coordinates": [46.691590000000076, 24.862990000000025]}, "properties": {"OBJECTID": 77, "Species": "Vachellia farnesiana", "Spread": 3, "SpreadP": 8}}, {"type": "Feature", "id": 78, "geometry": {"type": "Point", "coordinates": [46.69147000000004, 24.86301000000003]}, "properties": {"OBJECTID": 78, "Species": "Ziziphus spina-christi", "Spread": 2, "SpreadP": 10}}, {"type": "Feature", "id": 79, "geometry": {"type": "Point", "coordinates": [46.69187124300004, 24.862973199000066]}, "properties": {"OBJECTID": 79, "Species": null, "Spread": 5.293714275991751, "SpreadP": 11.3}}, {"type": "Feature", "id": 80, "geometry": {"type": "Point", "coordinates": [46.691972478000025, 24.863134261000027]}, "properties": {"OBJECTID": 80, "Species": null, "Spread": 4.361394445844482, "SpreadP": 11.3}}, {"type": "Feature", "id": 81, "geometry": {"type": "Point", "coordinates": [46.69205588800003, 24.86318924300008]}, "properties": {"OBJECTID": 81, "Species": null, "Spread": 4.589946803372709, "SpreadP": 11.3}}, {"type": "Feature", "id": 82, "geometry": {"type": "Point", "coordinates": [46.69171000000006, 24.863200000000063]}, "properties": {"OBJECTID": 82, "Species": "Ziziphus spina-christi", "Spread": 3, "SpreadP": 10}}, {"type": "Feature", "id": 83, "geometry": {"type": "Point", "coordinates": [46.69263108600006, 24.864174757000058]}, "properties": {"OBJECTID": 83, "Species": null, "Spread": 3.4879758030025703, "SpreadP": 11.3}}, {"type": "Feature", "id": 84, "geometry": {"type": "Point", "coordinates": [46.69266382300003, 24.864334935000045]}, "properties": {"OBJECTID": 84, "Species": "Ziziphus spina-christi", "Spread": 4.4, "SpreadP": 10}}, {"type": "Feature", "id": 85, "geometry": {"type": "Point", "coordinates": [46.69267640600003, 24.86437159600007]}, "properties": {"OBJECTID": 85, "Species": null, "Spread": 2.968570227499881, "SpreadP": 11.3}}, {"type": "Feature", "id": 86, "geometry": {"type": "Point", "coordinates": [46.692780377000076, 24.86445055200005]}, "properties": {"OBJECTID": 86, "Species": null, "Spread": 3.56534785129393, "SpreadP": 11.3}}, {"type": "Feature", "id": 87, "geometry": {"type": "Point", "coordinates": [46.69281015400003, 24.86449067800004]}, "properties": {"OBJECTID": 87, "Species": null, "Spread": 5.4479067861086845, "SpreadP": 11.3}}, {"type": "Feature", "id": 88, "geometry": {"type": "Point", "coordinates": [46.69284152300003, 24.864598699000055]}, "properties": {"OBJECTID": 88, "Species": null, "Spread": 4.866398572152617, "SpreadP": 11.3}}, {"type": "Feature", "id": 89, "geometry": {"type": "Point", "coordinates": [46.692630000000065, 24.864790000000028]}, "properties": {"OBJECTID": 89, "Species": "Ziziphus spina-christi", "Spread": 1, "SpreadP": 10}}, {"type": "Feature", "id": 90, "geometry": {"type": "Point", "coordinates": [46.69266368500007, 24.86481844000008]}, "properties": {"OBJECTID": 90, "Species": null, "Spread": 3.5653478517885344, "SpreadP": 11.3}}, {"type": "Feature", "id": 91, "geometry": {"type": "Point", "coordinates": [46.69297466800003, 24.864827741000056]}, "properties": {"OBJECTID": 91, "Species": null, "Spread": 3.630374750986672, "SpreadP": 11.3}}, {"type": "Feature", "id": 92, "geometry": {"type": "Point", "coordinates": [46.69268000000005, 24.864910000000066]}, "properties": {"OBJECTID": 92, "Species": "Ziziphus spina-christi", "Spread": 3.5, "SpreadP": 10}}, {"type": "Feature", "id": 93, "geometry": {"type": "Point", "coordinates": [46.692750000000046, 24.864990000000034]}, "properties": {"OBJECTID": 93, "Species": "Ziziphus spina-christi", "Spread": 3.5, "SpreadP": 10}}, {"type": "Feature", "id": 94, "geometry": {"type": "Point", "coordinates": [46.69304989300008, 24.865062774000023]}, "properties": {"OBJECTID": 94, "Species": "Ziziphus spina-christi", "Spread": 6, "SpreadP": 10}}, {"type": "Feature", "id": 95, "geometry": {"type": "Point", "coordinates": [46.693113167000035, 24.865149031000044]}, "properties": {"OBJECTID": 95, "Species": null, "Spread": 5.5543686755163915, "SpreadP": 11.3}}, {"type": "Feature", "id": 96, "geometry": {"type": "Point", "coordinates": [46.69314124200008, 24.865165498000067]}, "properties": {"OBJECTID": 96, "Species": null, "Spread": 3.8085931144732177, "SpreadP": 11.3}}, {"type": "Feature", "id": 97, "geometry": {"type": "Point", "coordinates": [46.69314563700004, 24.865197185000056]}, "properties": {"OBJECTID": 97, "Species": null, "Spread": 5.452758523356434, "SpreadP": 11.3}}, {"type": "Feature", "id": 98, "geometry": {"type": "Point", "coordinates": [46.69286000000005, 24.865230000000054]}, "properties": {"OBJECTID": 98, "Species": "Vachellia farnesiana", "Spread": 2, "SpreadP": 8}}, {"type": "Feature", "id": 99, "geometry": {"type": "Point", "coordinates": [46.69291000000004, 24.865300000000047]}, "properties": {"OBJECTID": 99, "Species": "Vachellia farnesiana", "Spread": 2, "SpreadP": 8}}, {"type": "Feature", "id": 100, "geometry": {"type": "Point", "coordinates": [46.69276000000008, 24.865310000000022]}, "properties": {"OBJECTID": 100, "Species": "Ziziphus spina-christi", "Spread": 4, "SpreadP": 10}}, {"type": "Feature", "id": 101, "geometry": {"type": "Point", "coordinates": [46.69321217500004, 24.865317597000058]}, "properties": {"OBJECTID": 101, "Species": null, "Spread": 4.502925685869586, "SpreadP": 11.3}}, {"type": "Feature", "id": 102, "geometry": {"type": "Point", "coordinates": [46.69278300500008, 24.865329763000034]}, "properties": {"OBJECTID": 102, "Species": null, "Spread": 3.7257877201109024, "SpreadP": 11.3}}, {"type": "Feature", "id": 103, "geometry": {"type": "Point", "coordinates": [46.69294000000008, 24.865380000000073]}, "properties": {"OBJECTID": 103, "Species": "Vachellia farnesiana", "Spread": 2.5, "SpreadP": 8}}, {"type": "Feature", "id": 104, "geometry": {"type": "Point", "coordinates": [46.693186222000065, 24.86538130300005]}, "properties": {"OBJECTID": 104, "Species": null, "Spread": 4.890376564885514, "SpreadP": 11.3}}, {"type": "Feature", "id": 105, "geometry": {"type": "Point", "coordinates": [46.692810000000065, 24.865470000000073]}, "properties": {"OBJECTID": 105, "Species": "Ziziphus spina-christi", "Spread": 3, "SpreadP": 10}}, {"type": "Feature", "id": 106, "geometry": {"type": "Point", "coordinates": [46.69283933100007, 24.86548119200006]}, "properties": {"OBJECTID": 106, "Species": null, "Spread": 3.777778995978122, "SpreadP": 11.3}}, {"type": "Feature", "id": 107, "geometry": {"type": "Point", "coordinates": [46.69328333100003, 24.86551995600007]}, "properties": {"OBJECTID": 107, "Species": null, "Spread": 5.682947192330949, "SpreadP": 11.3}}, {"type": "Feature", "id": 108, "geometry": {"type": "Point", "coordinates": [46.69331866200008, 24.865529795000043]}, "properties": {"OBJECTID": 108, "Species": null, "Spread": 4.170235079620929, "SpreadP": 11.3}}, {"type": "Feature", "id": 109, "geometry": {"type": "Point", "coordinates": [46.69303000000008, 24.865620000000035]}, "properties": {"OBJECTID": 109, "Species": "Ziziphus spina-christi", "Spread": 4, "SpreadP": 10}}, {"type": "Feature", "id": 110, "geometry": {"type": "Point", "coordinates": [46.69335337500007, 24.86566423200003]}, "properties": {"OBJECTID": 110, "Species": null, "Spread": 6.555744951142363, "SpreadP": 11.3}}, {"type": "Feature", "id": 111, "geometry": {"type": "Point", "coordinates": [46.693070000000034, 24.865720000000067]}, "properties": {"OBJECTID": 111, "Species": "Ziziphus spina-christi", "Spread": 4.6, "SpreadP": 10}}, {"type": "Feature", "id": 112, "geometry": {"type": "Point", "coordinates": [46.693384611000056, 24.86575612200005]}, "properties": {"OBJECTID": 112, "Species": null, "Spread": 3.702649161646656, "SpreadP": 11.3}}, {"type": "Feature", "id": 113, "geometry": {"type": "Point", "coordinates": [46.69313000000005, 24.865800000000036]}, "properties": {"OBJECTID": 113, "Species": "Ziziphus spina-christi", "Spread": 4.7, "SpreadP": 10}}, {"type": "Feature", "id": 114, "geometry": {"type": "Point", "coordinates": [46.69313892100007, 24.865832581000063]}, "properties": {"OBJECTID": 114, "Species": null, "Spread": 4.066081097796872, "SpreadP": 11.3}}, {"type": "Feature", "id": 115, "geometry": {"type": "Point", "coordinates": [46.693405434000056, 24.865848871000026]}, "properties": {"OBJECTID": 115, "Species": null, "Spread": 4.837117175392278, "SpreadP": 11.3}}, {"type": "Feature", "id": 116, "geometry": {"type": "Point", "coordinates": [46.69347547700005, 24.86592358400003]}, "properties": {"OBJECTID": 116, "Species": null, "Spread": 4.272760702655938, "SpreadP": 11.3}}, {"type": "Feature", "id": 117, "geometry": {"type": "Point", "coordinates": [46.69349535400005, 24.86598198100006]}, "properties": {"OBJECTID": 117, "Species": null, "Spread": 4.606590303275986, "SpreadP": 11.3}}, {"type": "Feature", "id": 118, "geometry": {"type": "Point", "coordinates": [46.69323000000003, 24.86605000000003]}, "properties": {"OBJECTID": 118, "Species": "Vachellia farnesiana", "Spread": 3, "SpreadP": 8}}, {"type": "Feature", "id": 119, "geometry": {"type": "Point", "coordinates": [46.693250000000035, 24.866100000000074]}, "properties": {"OBJECTID": 119, "Species": "Vachellia farnesiana", "Spread": 1.5, "SpreadP": 8}}, {"type": "Feature", "id": 120, "geometry": {"type": "Point", "coordinates": [46.69313000000005, 24.86611000000005]}, "properties": {"OBJECTID": 120, "Species": "Ziziphus spina-christi", "Spread": 3, "SpreadP": 10}}, {"type": "Feature", "id": 121, "geometry": {"type": "Point", "coordinates": [46.69352848300008, 24.866122820000044]}, "properties": {"OBJECTID": 121, "Species": null, "Spread": 6.839249272444565, "SpreadP": 11.3}}, {"type": "Feature", "id": 122, "geometry": {"type": "Point", "coordinates": [46.69357017100003, 24.866145963000065]}, "properties": {"OBJECTID": 122, "Species": null, "Spread": 3.6836870721768924, "SpreadP": 11.3}}, {"type": "Feature", "id": 123, "geometry": {"type": "Point", "coordinates": [46.69321000000008, 24.86620000000005]}, "properties": {"OBJECTID": 123, "Species": "Ziziphus spina-christi", "Spread": 3, "SpreadP": 10}}, {"type": "Feature", "id": 124, "geometry": {"type": "Point", "coordinates": [46.693558394000036, 24.86620055000003]}, "properties": {"OBJECTID": 124, "Species": null, "Spread": 3.5434070424148927, "SpreadP": 11.3}}, {"type": "Feature", "id": 125, "geometry": {"type": "Point", "coordinates": [46.69332000000003, 24.866210000000024]}, "properties": {"OBJECTID": 125, "Species": "Vachellia farnesiana", "Spread": 2.5, "SpreadP": 8}}, {"type": "Feature", "id": 126, "geometry": {"type": "Point", "coordinates": [46.69359284700005, 24.86623875500004]}, "properties": {"OBJECTID": 126, "Species": null, "Spread": 5.7306209274368385, "SpreadP": 11.3}}, {"type": "Feature", "id": 127, "geometry": {"type": "Point", "coordinates": [46.69361367000005, 24.866309175000026]}, "properties": {"OBJECTID": 127, "Species": null, "Spread": 6.168091770020492, "SpreadP": 11.3}}, {"type": "Feature", "id": 128, "geometry": {"type": "Point", "coordinates": [46.69338000000005, 24.866450000000043]}, "properties": {"OBJECTID": 128, "Species": "Ziziphus spina-christi", "Spread": 2, "SpreadP": 10}}, {"type": "Feature", "id": 129, "geometry": {"type": "Point", "coordinates": [46.69366747200007, 24.866468457000053]}, "properties": {"OBJECTID": 129, "Species": "Ziziphus spina-christi", "Spread": 6, "SpreadP": 10}}, {"type": "Feature", "id": 130, "geometry": {"type": "Point", "coordinates": [46.69341112600006, 24.866476687000045]}, "properties": {"OBJECTID": 130, "Species": null, "Spread": 3.715307284403698, "SpreadP": 11.3}}, {"type": "Feature", "id": 131, "geometry": {"type": "Point", "coordinates": [46.69372157300006, 24.866606312000044]}, "properties": {"OBJECTID": 131, "Species": null, "Spread": 4.739964295079367, "SpreadP": 11.3}}, {"type": "Feature", "id": 132, "geometry": {"type": "Point", "coordinates": [46.69375293300004, 24.86661263800005]}, "properties": {"OBJECTID": 132, "Species": null, "Spread": 3.7674179258973877, "SpreadP": 11.3}}, {"type": "Feature", "id": 133, "geometry": {"type": "Point", "coordinates": [46.69343302400006, 24.86658142300007]}, "properties": {"OBJECTID": 133, "Species": null, "Spread": 3.385845475967028, "SpreadP": 11.3}}, {"type": "Feature", "id": 134, "geometry": {"type": "Point", "coordinates": [46.69357000000008, 24.866910000000075]}, "properties": {"OBJECTID": 134, "Species": "Ziziphus spina-christi", "Spread": 3.5, "SpreadP": 10}}, {"type": "Feature", "id": 135, "geometry": {"type": "Point", "coordinates": [46.693771740000045, 24.866712800000073]}, "properties": {"OBJECTID": 135, "Species": null, "Spread": 6.545871752286952, "SpreadP": 11.3}}, {"type": "Feature", "id": 136, "geometry": {"type": "Point", "coordinates": [46.69357984700008, 24.866937539000048]}, "properties": {"OBJECTID": 136, "Species": null, "Spread": 3.8594444065045086, "SpreadP": 11.3}}, {"type": "Feature", "id": 137, "geometry": {"type": "Point", "coordinates": [46.69360000000006, 24.867000000000075]}, "properties": {"OBJECTID": 137, "Species": "Ziziphus spina-christi", "Spread": 4, "SpreadP": 10}}, {"type": "Feature", "id": 138, "geometry": {"type": "Point", "coordinates": [46.69362000000007, 24.867110000000025]}, "properties": {"OBJECTID": 138, "Species": "Ziziphus spina-christi", "Spread": 4, "SpreadP": 10}}, {"type": "Feature", "id": 139, "geometry": {"type": "Point", "coordinates": [46.69387491200007, 24.866966997000077]}, "properties": {"OBJECTID": 139, "Species": null, "Spread": 5.432673609521961, "SpreadP": 11.3}}, {"type": "Feature", "id": 140, "geometry": {"type": "Point", "coordinates": [46.69393990000003, 24.867237370000055]}, "properties": {"OBJECTID": 140, "Species": null, "Spread": 3.8896360848892004, "SpreadP": 11.3}}, {"type": "Feature", "id": 141, "geometry": {"type": "Point", "coordinates": [46.693700000000035, 24.867310000000032]}, "properties": {"OBJECTID": 141, "Species": "Ziziphus spina-christi", "Spread": 2.5, "SpreadP": 10}}, {"type": "Feature", "id": 142, "geometry": {"type": "Point", "coordinates": [46.69400898600003, 24.867332220000037]}, "properties": {"OBJECTID": 142, "Species": null, "Spread": 3.3743065422816394, "SpreadP": 11.3}}, {"type": "Feature", "id": 143, "geometry": {"type": "Point", "coordinates": [46.69398281600007, 24.867395522000038]}, "properties": {"OBJECTID": 143, "Species": null, "Spread": 5.682383001561831, "SpreadP": 11.3}}, {"type": "Feature", "id": 144, "geometry": {"type": "Point", "coordinates": [46.693700000000035, 24.86742000000004]}, "properties": {"OBJECTID": 144, "Species": "Ziziphus spina-christi", "Spread": 3, "SpreadP": 10}}, {"type": "Feature", "id": 145, "geometry": {"type": "Point", "coordinates": [46.693735444000026, 24.867429033000064]}, "properties": {"OBJECTID": 145, "Species": null, "Spread": 2.9947255368992733, "SpreadP": 11.3}}, {"type": "Feature", "id": 146, "geometry": {"type": "Point", "coordinates": [46.69402351600007, 24.867451343000027]}, "properties": {"OBJECTID": 146, "Species": null, "Spread": 4.812688141594086, "SpreadP": 11.3}}, {"type": "Feature", "id": 147, "geometry": {"type": "Point", "coordinates": [46.69375000000008, 24.867530000000045]}, "properties": {"OBJECTID": 147, "Species": "Ziziphus spina-christi", "Spread": 3, "SpreadP": 10}}, {"type": "Feature", "id": 148, "geometry": {"type": "Point", "coordinates": [46.69404623300005, 24.86757672300007]}, "properties": {"OBJECTID": 148, "Species": null, "Spread": 5.432617033250488, "SpreadP": 11.3}}, {"type": "Feature", "id": 149, "geometry": {"type": "Point", "coordinates": [46.693700000000035, 24.867590000000064]}, "properties": {"OBJECTID": 149, "Species": "Vachellia farnesiana", "Spread": 2, "SpreadP": 8}}, {"type": "Feature", "id": 150, "geometry": {"type": "Point", "coordinates": [46.694095024000035, 24.86771384000008]}, "properties": {"OBJECTID": 150, "Species": null, "Spread": 4.123218527702335, "SpreadP": 11.3}}, {"type": "Feature", "id": 151, "geometry": {"type": "Point", "coordinates": [46.69374000000005, 24.867760000000033]}, "properties": {"OBJECTID": 151, "Species": "Vachellia farnesiana", "Spread": 2, "SpreadP": 8}}, {"type": "Feature", "id": 152, "geometry": {"type": "Point", "coordinates": [46.694133314000055, 24.867760499000042]}, "properties": {"OBJECTID": 152, "Species": null, "Spread": 4.432481980497612, "SpreadP": 11.3}}, {"type": "Feature", "id": 153, "geometry": {"type": "Point", "coordinates": [46.69382000000007, 24.86778000000004]}, "properties": {"OBJECTID": 153, "Species": "Ziziphus spina-christi", "Spread": 2, "SpreadP": 10}}, {"type": "Feature", "id": 154, "geometry": {"type": "Point", "coordinates": [46.69375000000008, 24.867830000000026]}, "properties": {"OBJECTID": 154, "Species": "Vachellia farnesiana", "Spread": 3, "SpreadP": 8}}, {"type": "Feature", "id": 155, "geometry": {"type": "Point", "coordinates": [46.69386000000003, 24.86787000000004]}, "properties": {"OBJECTID": 155, "Species": "Ziziphus spina-christi", "Spread": 3, "SpreadP": 10}}, {"type": "Feature", "id": 156, "geometry": {"type": "Point", "coordinates": [46.69442903300006, 24.86787644800006]}, "properties": {"OBJECTID": 156, "Species": null, "Spread": 2.968570227812983, "SpreadP": 11.3}}, {"type": "Feature", "id": 157, "geometry": {"type": "Point", "coordinates": [46.69373000000007, 24.867900000000077]}, "properties": {"OBJECTID": 157, "Species": "Vachellia farnesiana", "Spread": 2.5, "SpreadP": 8}}, {"type": "Feature", "id": 158, "geometry": {"type": "Point", "coordinates": [46.69380000000007, 24.867930000000058]}, "properties": {"OBJECTID": 158, "Species": "Vachellia farnesiana", "Spread": 2, "SpreadP": 8}}, {"type": "Feature", "id": 159, "geometry": {"type": "Point", "coordinates": [46.69389000000007, 24.867950000000064]}, "properties": {"OBJECTID": 159, "Species": "Ziziphus spina-christi", "Spread": 1.5, "SpreadP": 10}}, {"type": "Feature", "id": 160, "geometry": {"type": "Point", "coordinates": [46.69414467100006, 24.867961450000053]}, "properties": {"OBJECTID": 160, "Species": null, "Spread": 5.855306365464079, "SpreadP": 11.3}}, {"type": "Feature", "id": 161, "geometry": {"type": "Point", "coordinates": [46.694477937000045, 24.867984499000045]}, "properties": {"OBJECTID": 161, "Species": null, "Spread": 3.2566985435787257, "SpreadP": 11.3}}, {"type": "Feature", "id": 162, "geometry": {"type": "Point", "coordinates": [46.693790000000035, 24.86811000000006]}, "properties": {"OBJECTID": 162, "Species": "Vachellia farnesiana", "Spread": 2, "SpreadP": 8}}, {"type": "Feature", "id": 163, "geometry": {"type": "Point", "coordinates": [46.69423726200006, 24.868121861000077]}, "properties": {"OBJECTID": 163, "Species": null, "Spread": 4.308207219725852, "SpreadP": 11.3}}, {"type": "Feature", "id": 164, "geometry": {"type": "Point", "coordinates": [46.693940000000055, 24.868190000000027]}, "properties": {"OBJECTID": 164, "Species": "Ziziphus spina-christi", "Spread": 3.5, "SpreadP": 10}}, {"type": "Feature", "id": 165, "geometry": {"type": "Point", "coordinates": [46.69425655200007, 24.868195652000054]}, "properties": {"OBJECTID": 165, "Species": "Ziziphus spina-christi", "Spread": 6, "SpreadP": 10}}, {"type": "Feature", "id": 166, "geometry": {"type": "Point", "coordinates": [46.693966783000064, 24.868202301000053]}, "properties": {"OBJECTID": 166, "Species": null, "Spread": 3.4542504367488576, "SpreadP": 11.3}}, {"type": "Feature", "id": 167, "geometry": {"type": "Point", "coordinates": [46.693880000000036, 24.86823000000004]}, "properties": {"OBJECTID": 167, "Species": "Vachellia farnesiana", "Spread": 2, "SpreadP": 8}}, {"type": "Feature", "id": 168, "geometry": {"type": "Point", "coordinates": [46.69454522400008, 24.868243751000023]}, "properties": {"OBJECTID": 168, "Species": "Ziziphus spina-christi", "Spread": 4, "SpreadP": 10}}, {"type": "Feature", "id": 169, "geometry": {"type": "Point", "coordinates": [46.69462912700004, 24.868254081000032]}, "properties": {"OBJECTID": 169, "Species": null, "Spread": 3.3042441042808797, "SpreadP": 11.3}}, {"type": "Feature", "id": 170, "geometry": {"type": "Point", "coordinates": [46.693970000000036, 24.86829000000006]}, "properties": {"OBJECTID": 170, "Species": "Ziziphus spina-christi", "Spread": 3, "SpreadP": 10}}, {"type": "Feature", "id": 171, "geometry": {"type": "Point", "coordinates": [46.69424205000007, 24.868318560000034]}, "properties": {"OBJECTID": 171, "Species": "Ziziphus spina-christi", "Spread": 4.5, "SpreadP": 10}}, {"type": "Feature", "id": 172, "geometry": {"type": "Point", "coordinates": [46.69455905500007, 24.86832794700007]}, "properties": {"OBJECTID": 172, "Species": "Ziziphus spina-christi", "Spread": 5, "SpreadP": 10}}, {"type": "Feature", "id": 173, "geometry": {"type": "Point", "coordinates": [46.694651373000056, 24.868347232000076]}, "properties": {"OBJECTID": 173, "Species": null, "Spread": 3.8290146698549683, "SpreadP": 11.3}}, {"type": "Feature", "id": 174, "geometry": {"type": "Point", "coordinates": [46.694298797000044, 24.868380294000076]}, "properties": {"OBJECTID": 174, "Species": "Ziziphus spina-christi", "Spread": 5.5, "SpreadP": 10}}, {"type": "Feature", "id": 175, "geometry": {"type": "Point", "coordinates": [46.694000000000074, 24.868390000000034]}, "properties": {"OBJECTID": 175, "Species": "Ziziphus spina-christi", "Spread": 3, "SpreadP": 10}}, {"type": "Feature", "id": 176, "geometry": {"type": "Point", "coordinates": [46.694588475000046, 24.868405522000046]}, "properties": {"OBJECTID": 176, "Species": "Ziziphus spina-christi", "Spread": 4.5, "SpreadP": 10}}, {"type": "Feature", "id": 177, "geometry": {"type": "Point", "coordinates": [46.69390000000004, 24.868440000000078]}, "properties": {"OBJECTID": 177, "Species": "Vachellia farnesiana", "Spread": 2.5, "SpreadP": 8}}, {"type": "Feature", "id": 178, "geometry": {"type": "Point", "coordinates": [46.69396067200006, 24.86848858700006]}, "properties": {"OBJECTID": 178, "Species": null, "Spread": 3.4315993710744115, "SpreadP": 11.3}}, {"type": "Feature", "id": 179, "geometry": {"type": "Point", "coordinates": [46.69393000000008, 24.86850000000004]}, "properties": {"OBJECTID": 179, "Species": "Vachellia farnesiana", "Spread": 3, "SpreadP": 8}}, {"type": "Feature", "id": 180, "geometry": {"type": "Point", "coordinates": [46.69395000000003, 24.868540000000053]}, "properties": {"OBJECTID": 180, "Species": "Vachellia farnesiana", "Spread": 3, "SpreadP": 8}}, {"type": "Feature", "id": 181, "geometry": {"type": "Point", "coordinates": [46.693970000000036, 24.868640000000028]}, "properties": {"OBJECTID": 181, "Species": "Vachellia farnesiana", "Spread": 2.5, "SpreadP": 8}}, {"type": "Feature", "id": 182, "geometry": {"type": "Point", "coordinates": [46.694060000000036, 24.86865000000006]}, "properties": {"OBJECTID": 182, "Species": "Ziziphus spina-christi", "Spread": 3, "SpreadP": 10}}, {"type": "Feature", "id": 183, "geometry": {"type": "Point", "coordinates": [46.694090000000074, 24.86874000000006]}, "properties": {"OBJECTID": 183, "Species": "Ziziphus spina-christi", "Spread": 3, "SpreadP": 10}}, {"type": "Feature", "id": 184, "geometry": {"type": "Point", "coordinates": [46.69399000000004, 24.868780000000072]}, "properties": {"OBJECTID": 184, "Species": "Vachellia farnesiana", "Spread": 2.5, "SpreadP": 8}}, {"type": "Feature", "id": 185, "geometry": {"type": "Point", "coordinates": [46.69411000000008, 24.868820000000028]}, "properties": {"OBJECTID": 185, "Species": "Ziziphus spina-christi", "Spread": 3.5, "SpreadP": 10}}, {"type": "Feature", "id": 186, "geometry": {"type": "Point", "coordinates": [46.69407000000007, 24.86889000000008]}, "properties": {"OBJECTID": 186, "Species": "Vachellia farnesiana", "Spread": 3, "SpreadP": 8}}, {"type": "Feature", "id": 187, "geometry": {"type": "Point", "coordinates": [46.69443525400004, 24.868906842000058]}, "properties": {"OBJECTID": 187, "Species": "Vachellia farnesiana", "Spread": 3.5, "SpreadP": 8}}, {"type": "Feature", "id": 188, "geometry": {"type": "Point", "coordinates": [46.69445235300003, 24.868967376000057]}, "properties": {"OBJECTID": 188, "Species": "Vachellia farnesiana", "Spread": 3.6, "SpreadP": 8}}, {"type": "Feature", "id": 189, "geometry": {"type": "Point", "coordinates": [46.694090000000074, 24.86904000000004]}, "properties": {"OBJECTID": 189, "Species": "Vachellia farnesiana", "Spread": 3, "SpreadP": 8}}, {"type": "Feature", "id": 190, "geometry": {"type": "Point", "coordinates": [46.69416000000007, 24.86907000000008]}, "properties": {"OBJECTID": 190, "Species": "Ziziphus spina-christi", "Spread": 3, "SpreadP": 10}}, {"type": "Feature", "id": 191, "geometry": {"type": "Point", "coordinates": [46.69411000000008, 24.869150000000047]}, "properties": {"OBJECTID": 191, "Species": "Vachellia farnesiana", "Spread": 3.5, "SpreadP": 8}}, {"type": "Feature", "id": 192, "geometry": {"type": "Point", "coordinates": [46.694180000000074, 24.86918000000003]}, "properties": {"OBJECTID": 192, "Species": "Ziziphus spina-christi", "Spread": 3.5, "SpreadP": 10}}, {"type": "Feature", "id": 193, "geometry": {"type": "Point", "coordinates": [46.694090000000074, 24.869210000000066]}, "properties": {"OBJECTID": 193, "Species": "Vachellia farnesiana", "Spread": 2.5, "SpreadP": 8}}, {"type": "Feature", "id": 194, "geometry": {"type": "Point", "coordinates": [46.694491664000054, 24.86920544800006]}, "properties": {"OBJECTID": 194, "Species": "Ziziphus spina-christi", "Spread": 4.5, "SpreadP": 10}}, {"type": "Feature", "id": 195, "geometry": {"type": "Point", "coordinates": [46.69450266400003, 24.869270891000042]}, "properties": {"OBJECTID": 195, "Species": null, "Spread": 4.961407837200701, "SpreadP": 11.3}}, {"type": "Feature", "id": 196, "geometry": {"type": "Point", "coordinates": [46.694210000000055, 24.869290000000035]}, "properties": {"OBJECTID": 196, "Species": "Ziziphus spina-christi", "Spread": 3, "SpreadP": 10}}, {"type": "Feature", "id": 197, "geometry": {"type": "Point", "coordinates": [46.69411000000008, 24.86931000000004]}, "properties": {"OBJECTID": 197, "Species": "Vachellia farnesiana", "Spread": 1.5, "SpreadP": 8}}, {"type": "Feature", "id": 198, "geometry": {"type": "Point", "coordinates": [46.69469636700006, 24.868845942000064]}, "properties": {"OBJECTID": 198, "Species": null, "Spread": 2.9685702289667417, "SpreadP": 11.3}}, {"type": "Feature", "id": 199, "geometry": {"type": "Point", "coordinates": [46.69481243900003, 24.86900306800004]}, "properties": {"OBJECTID": 199, "Species": "Vachellia farnesiana", "Spread": 2.5, "SpreadP": 8}}, {"type": "Feature", "id": 200, "geometry": {"type": "Point", "coordinates": [46.69476125300008, 24.869107185000075]}, "properties": {"OBJECTID": 200, "Species": null, "Spread": 3.4991127128045694, "SpreadP": 11.3}}, {"type": "Feature", "id": 201, "geometry": {"type": "Point", "coordinates": [46.69483649500006, 24.869133029000068]}, "properties": {"OBJECTID": 201, "Species": "Vachellia farnesiana", "Spread": 3, "SpreadP": 8}}, {"type": "Feature", "id": 202, "geometry": {"type": "Point", "coordinates": [46.69478716200007, 24.86919153200006]}, "properties": {"OBJECTID": 202, "Species": null, "Spread": 3.2924220820661616, "SpreadP": 11.3}}, {"type": "Feature", "id": 203, "geometry": {"type": "Point", "coordinates": [46.69482853300008, 24.869243273000052]}, "properties": {"OBJECTID": 203, "Species": "Vachellia farnesiana", "Spread": 3.5, "SpreadP": 8}}, {"type": "Feature", "id": 204, "geometry": {"type": "Point", "coordinates": [46.694797365000056, 24.86928785300006]}, "properties": {"OBJECTID": 204, "Species": null, "Spread": 3.7153072840952674, "SpreadP": 11.3}}, {"type": "Feature", "id": 205, "geometry": {"type": "Point", "coordinates": [46.69485493500008, 24.869343499000024]}, "properties": {"OBJECTID": 205, "Species": "Vachellia farnesiana", "Spread": 3, "SpreadP": 8}}, {"type": "Feature", "id": 206, "geometry": {"type": "Point", "coordinates": [46.69487111800004, 24.869426300000043]}, "properties": {"OBJECTID": 206, "Species": null, "Spread": 2.9155557813964466, "SpreadP": 11.3}}, {"type": "Feature", "id": 207, "geometry": {"type": "Point", "coordinates": [46.69481545700006, 24.869517648000055]}, "properties": {"OBJECTID": 207, "Species": "Ziziphus spina-christi", "Spread": 4, "SpreadP": 10}}, {"type": "Feature", "id": 208, "geometry": {"type": "Point", "coordinates": [46.69450792500004, 24.869317557000045]}, "properties": {"OBJECTID": 208, "Species": "Ziziphus spina-christi", "Spread": 4, "SpreadP": 10}}, {"type": "Feature", "id": 209, "geometry": {"type": "Point", "coordinates": [46.694120000000055, 24.86936000000003]}, "properties": {"OBJECTID": 209, "Species": "Vachellia farnesiana", "Spread": 3, "SpreadP": 8}}, {"type": "Feature", "id": 210, "geometry": {"type": "Point", "coordinates": [46.69451010800003, 24.869419433000076]}, "properties": {"OBJECTID": 210, "Species": null, "Spread": 4.344259793566846, "SpreadP": 11.3}}, {"type": "Feature", "id": 211, "geometry": {"type": "Point", "coordinates": [46.69425000000007, 24.869530000000054]}, "properties": {"OBJECTID": 211, "Species": "Ziziphus spina-christi", "Spread": 3, "SpreadP": 10}}, {"type": "Feature", "id": 212, "geometry": {"type": "Point", "coordinates": [46.69426000000004, 24.86963000000003]}, "properties": {"OBJECTID": 212, "Species": "Ziziphus spina-christi", "Spread": 3, "SpreadP": 10}}, {"type": "Feature", "id": 213, "geometry": {"type": "Point", "coordinates": [46.69419000000005, 24.86969000000005]}, "properties": {"OBJECTID": 213, "Species": "Vachellia farnesiana", "Spread": 3, "SpreadP": 8}}, {"type": "Feature", "id": 214, "geometry": {"type": "Point", "coordinates": [46.69428000000005, 24.869710000000055]}, "properties": {"OBJECTID": 214, "Species": "Ziziphus spina-christi", "Spread": 3.5, "SpreadP": 10}}, {"type": "Feature", "id": 215, "geometry": {"type": "Point", "coordinates": [46.69423000000006, 24.869830000000036]}, "properties": {"OBJECTID": 215, "Species": "Vachellia farnesiana", "Spread": 3, "SpreadP": 8}}, {"type": "Feature", "id": 216, "geometry": {"type": "Point", "coordinates": [46.694618356000035, 24.869835375000036]}, "properties": {"OBJECTID": 216, "Species": null, "Spread": 3.5543943765962425, "SpreadP": 11.3}}, {"type": "Feature", "id": 217, "geometry": {"type": "Point", "coordinates": [46.69425000000007, 24.869920000000036]}, "properties": {"OBJECTID": 217, "Species": "Vachellia farnesiana", "Spread": 3, "SpreadP": 8}}, {"type": "Feature", "id": 218, "geometry": {"type": "Point", "coordinates": [46.69487714700006, 24.869629588000066]}, "properties": {"OBJECTID": 218, "Species": "Ziziphus spina-christi", "Spread": 5, "SpreadP": 10}}, {"type": "Feature", "id": 219, "geometry": {"type": "Point", "coordinates": [46.69490642400007, 24.869643696000026]}, "properties": {"OBJECTID": 219, "Species": null, "Spread": 4.546016866435354, "SpreadP": 11.3}}, {"type": "Feature", "id": 220, "geometry": {"type": "Point", "coordinates": [46.69496521100007, 24.86969153900003]}, "properties": {"OBJECTID": 220, "Species": null, "Spread": 3.171779303988212, "SpreadP": 11.3}}, {"type": "Feature", "id": 221, "geometry": {"type": "Point", "coordinates": [46.69485233800003, 24.869727536000028]}, "properties": {"OBJECTID": 221, "Species": "Ziziphus spina-christi", "Spread": 4.5, "SpreadP": 10}}, {"type": "Feature", "id": 222, "geometry": {"type": "Point", "coordinates": [46.69497393800003, 24.869811264000077]}, "properties": {"OBJECTID": 222, "Species": null, "Spread": 3.5323855309165335, "SpreadP": 11.3}}, {"type": "Feature", "id": 223, "geometry": {"type": "Point", "coordinates": [46.694966169000054, 24.86990647700003]}, "properties": {"OBJECTID": 223, "Species": null, "Spread": 3.4087977917634857, "SpreadP": 11.3}}, {"type": "Feature", "id": 224, "geometry": {"type": "Point", "coordinates": [46.69494358900005, 24.870003195000038]}, "properties": {"OBJECTID": 224, "Species": null, "Spread": 3.798341163449397, "SpreadP": 11.3}}, {"type": "Feature", "id": 225, "geometry": {"type": "Point", "coordinates": [46.69495401200004, 24.870109600000035]}, "properties": {"OBJECTID": 225, "Species": null, "Spread": 3.56534785129393, "SpreadP": 11.3}}, {"type": "Feature", "id": 226, "geometry": {"type": "Point", "coordinates": [46.69495494300003, 24.870187487000067]}, "properties": {"OBJECTID": 226, "Species": null, "Spread": 6.349702491167575, "SpreadP": 11.3}}, {"type": "Feature", "id": 227, "geometry": {"type": "Point", "coordinates": [46.69496130200008, 24.870412558000055]}, "properties": {"OBJECTID": 227, "Species": "Ziziphus spina-christi", "Spread": 5, "SpreadP": 10}}, {"type": "Feature", "id": 228, "geometry": {"type": "Point", "coordinates": [46.694330000000036, 24.869940000000042]}, "properties": {"OBJECTID": 228, "Species": "Ziziphus spina-christi", "Spread": 3, "SpreadP": 10}}, {"type": "Feature", "id": 229, "geometry": {"type": "Point", "coordinates": [46.694356965000054, 24.86996287100004]}, "properties": {"OBJECTID": 229, "Species": null, "Spread": 2.88868372528549, "SpreadP": 11.3}}, {"type": "Feature", "id": 230, "geometry": {"type": "Point", "coordinates": [46.69422000000003, 24.869980000000055]}, "properties": {"OBJECTID": 230, "Species": "Vachellia farnesiana", "Spread": 3, "SpreadP": 8}}, {"type": "Feature", "id": 231, "geometry": {"type": "Point", "coordinates": [46.69460462100005, 24.869994810000037]}, "properties": {"OBJECTID": 231, "Species": null, "Spread": 4.008129233985917, "SpreadP": 11.3}}, {"type": "Feature", "id": 232, "geometry": {"type": "Point", "coordinates": [46.694270000000074, 24.870030000000042]}, "properties": {"OBJECTID": 232, "Species": "Vachellia farnesiana", "Spread": 3, "SpreadP": 8}}, {"type": "Feature", "id": 233, "geometry": {"type": "Point", "coordinates": [46.69434000000007, 24.87005000000005]}, "properties": {"OBJECTID": 233, "Species": "Ziziphus spina-christi", "Spread": 3.5, "SpreadP": 10}}, {"type": "Feature", "id": 234, "geometry": {"type": "Point", "coordinates": [46.69429000000008, 24.870130000000074]}, "properties": {"OBJECTID": 234, "Species": "Vachellia farnesiana", "Spread": 2, "SpreadP": 8}}, {"type": "Feature", "id": 235, "geometry": {"type": "Point", "coordinates": [46.69426000000004, 24.87018000000006]}, "properties": {"OBJECTID": 235, "Species": "Vachellia farnesiana", "Spread": 3.5, "SpreadP": 8}}, {"type": "Feature", "id": 236, "geometry": {"type": "Point", "coordinates": [46.69435000000004, 24.87018000000006]}, "properties": {"OBJECTID": 236, "Species": "Ziziphus spina-christi", "Spread": 2.5, "SpreadP": 10}}, {"type": "Feature", "id": 237, "geometry": {"type": "Point", "coordinates": [46.69431000000003, 24.870270000000062]}, "properties": {"OBJECTID": 237, "Species": "Vachellia farnesiana", "Spread": 3, "SpreadP": 8}}, {"type": "Feature", "id": 238, "geometry": {"type": "Point", "coordinates": [46.69469578500008, 24.870332578000045]}, "properties": {"OBJECTID": 238, "Species": null, "Spread": 3.565347851118944, "SpreadP": 11.3}}, {"type": "Feature", "id": 239, "geometry": {"type": "Point", "coordinates": [46.69432000000006, 24.870360000000062]}, "properties": {"OBJECTID": 239, "Species": "Vachellia farnesiana", "Spread": 2.5, "SpreadP": 8}}, {"type": "Feature", "id": 240, "geometry": {"type": "Point", "coordinates": [46.69469626600005, 24.870402133000027]}, "properties": {"OBJECTID": 240, "Species": "Ziziphus spina-christi", "Spread": 4, "SpreadP": 10}}, {"type": "Feature", "id": 241, "geometry": {"type": "Point", "coordinates": [46.69428000000005, 24.870420000000024]}, "properties": {"OBJECTID": 241, "Species": "Vachellia farnesiana", "Spread": 2, "SpreadP": 8}}, {"type": "Feature", "id": 242, "geometry": {"type": "Point", "coordinates": [46.69470477500005, 24.870435538000038]}, "properties": {"OBJECTID": 242, "Species": null, "Spread": 3.630374750793777, "SpreadP": 11.3}}, {"type": "Feature", "id": 243, "geometry": {"type": "Point", "coordinates": [46.69440000000003, 24.87044000000003]}, "properties": {"OBJECTID": 243, "Species": "Ziziphus spina-christi", "Spread": 2.5, "SpreadP": 10}}, {"type": "Feature", "id": 244, "geometry": {"type": "Point", "coordinates": [46.694330000000036, 24.87047000000007]}, "properties": {"OBJECTID": 244, "Species": "Vachellia farnesiana", "Spread": 3, "SpreadP": 8}}, {"type": "Feature", "id": 245, "geometry": {"type": "Point", "coordinates": [46.69442000000004, 24.870520000000056]}, "properties": {"OBJECTID": 245, "Species": "Ziziphus spina-christi", "Spread": 3, "SpreadP": 10}}, {"type": "Feature", "id": 246, "geometry": {"type": "Point", "coordinates": [46.694300000000055, 24.870550000000037]}, "properties": {"OBJECTID": 246, "Species": "Vachellia farnesiana", "Spread": 2.5, "SpreadP": 8}}, {"type": "Feature", "id": 247, "geometry": {"type": "Point", "coordinates": [46.69469593100007, 24.870546512000033]}, "properties": {"OBJECTID": 247, "Species": "Ziziphus spina-christi", "Spread": 6, "SpreadP": 10}}, {"type": "Feature", "id": 248, "geometry": {"type": "Point", "coordinates": [46.69360000000006, 24.867380000000026]}, "properties": {"OBJECTID": 248, "Species": "Vachellia farnesiana", "Spread": 3, "SpreadP": 8}}, {"type": "Feature", "id": 249, "geometry": {"type": "Point", "coordinates": [46.69368000000003, 24.86769000000004]}, "properties": {"OBJECTID": 249, "Species": "Vachellia farnesiana", "Spread": 3, "SpreadP": 8}}, {"type": "Feature", "id": 250, "geometry": {"type": "Point", "coordinates": [46.69468905800005, 24.87058472500007]}, "properties": {"OBJECTID": 250, "Species": "Ziziphus spina-christi", "Spread": 5, "SpreadP": 10}}, {"type": "Feature", "id": 251, "geometry": {"type": "Point", "coordinates": [46.69442000000004, 24.870600000000024]}, "properties": {"OBJECTID": 251, "Species": "Ziziphus spina-christi", "Spread": 1, "SpreadP": 10}}, {"type": "Feature", "id": 252, "geometry": {"type": "Point", "coordinates": [46.69444469900003, 24.870615660000055]}, "properties": {"OBJECTID": 252, "Species": null, "Spread": 3.059135605963735, "SpreadP": 11.3}}, {"type": "Feature", "id": 253, "geometry": {"type": "Point", "coordinates": [46.69431000000003, 24.870640000000037]}, "properties": {"OBJECTID": 253, "Species": "Vachellia farnesiana", "Spread": 2.5, "SpreadP": 8}}, {"type": "Feature", "id": 254, "geometry": {"type": "Point", "coordinates": [46.69437000000005, 24.870700000000056]}, "properties": {"OBJECTID": 254, "Species": "Vachellia farnesiana", "Spread": 2.5, "SpreadP": 8}}, {"type": "Feature", "id": 255, "geometry": {"type": "Point", "coordinates": [46.69431000000003, 24.87074000000007]}, "properties": {"OBJECTID": 255, "Species": "Vachellia farnesiana", "Spread": 4, "SpreadP": 8}}, {"type": "Feature", "id": 256, "geometry": {"type": "Point", "coordinates": [46.69438000000008, 24.870790000000056]}, "properties": {"OBJECTID": 256, "Species": "Vachellia farnesiana", "Spread": 2.5, "SpreadP": 8}}, {"type": "Feature", "id": 257, "geometry": {"type": "Point", "coordinates": [46.694450000000074, 24.87083000000007]}, "properties": {"OBJECTID": 257, "Species": "Ziziphus spina-christi", "Spread": 3, "SpreadP": 10}}, {"type": "Feature", "id": 258, "geometry": {"type": "Point", "coordinates": [46.69440000000003, 24.870910000000038]}, "properties": {"OBJECTID": 258, "Species": "Vachellia farnesiana", "Spread": 2.5, "SpreadP": 8}}, {"type": "Feature", "id": 259, "geometry": {"type": "Point", "coordinates": [46.69447000000008, 24.870960000000025]}, "properties": {"OBJECTID": 259, "Species": "Ziziphus spina-christi", "Spread": 3, "SpreadP": 10}}, {"type": "Feature", "id": 260, "geometry": {"type": "Point", "coordinates": [46.69503238000004, 24.87051598000005]}, "properties": {"OBJECTID": 260, "Species": "Ziziphus spina-christi", "Spread": 5, "SpreadP": 10}}, {"type": "Feature", "id": 261, "geometry": {"type": "Point", "coordinates": [46.69498678300005, 24.870635220000054]}, "properties": {"OBJECTID": 261, "Species": "Ziziphus spina-christi", "Spread": 4.5, "SpreadP": 10}}, {"type": "Feature", "id": 262, "geometry": {"type": "Point", "coordinates": [46.69502151300003, 24.870638515000053]}, "properties": {"OBJECTID": 262, "Species": null, "Spread": 4.2718503924293385, "SpreadP": 11.3}}, {"type": "Feature", "id": 263, "geometry": {"type": "Point", "coordinates": [46.69473934900003, 24.870651949000035]}, "properties": {"OBJECTID": 263, "Species": "Ziziphus spina-christi", "Spread": 4, "SpreadP": 10}}, {"type": "Feature", "id": 264, "geometry": {"type": "Point", "coordinates": [46.69507717100004, 24.870891658000062]}, "properties": {"OBJECTID": 264, "Species": null, "Spread": 4.056479948443966, "SpreadP": 11.3}}, {"type": "Feature", "id": 265, "geometry": {"type": "Point", "coordinates": [46.69505241300004, 24.870916196000053]}, "properties": {"OBJECTID": 265, "Species": "Ziziphus spina-christi", "Spread": 4.5, "SpreadP": 10}}, {"type": "Feature", "id": 266, "geometry": {"type": "Point", "coordinates": [46.695091138000066, 24.870995782000023]}, "properties": {"OBJECTID": 266, "Species": "Ziziphus spina-christi", "Spread": 4.6, "SpreadP": 10}}, {"type": "Feature", "id": 267, "geometry": {"type": "Point", "coordinates": [46.69530382100004, 24.871083543000054]}, "properties": {"OBJECTID": 267, "Species": null, "Spread": 2.9421824126693066, "SpreadP": 11.3}}, {"type": "Feature", "id": 268, "geometry": {"type": "Point", "coordinates": [46.69505694000003, 24.87109514900004]}, "properties": {"OBJECTID": 268, "Species": "Ziziphus spina-christi", "Spread": 4.5, "SpreadP": 10}}, {"type": "Feature", "id": 269, "geometry": {"type": "Point", "coordinates": [46.69475820800005, 24.871109482000065]}, "properties": {"OBJECTID": 269, "Species": "Ziziphus spina-christi", "Spread": 4, "SpreadP": 10}}, {"type": "Feature", "id": 270, "geometry": {"type": "Point", "coordinates": [46.694360000000074, 24.870990000000063]}, "properties": {"OBJECTID": 270, "Species": "Vachellia farnesiana", "Spread": 3, "SpreadP": 8}}, {"type": "Feature", "id": 271, "geometry": {"type": "Point", "coordinates": [46.69441000000006, 24.871060000000057]}, "properties": {"OBJECTID": 271, "Species": "Vachellia farnesiana", "Spread": 2.5, "SpreadP": 8}}, {"type": "Feature", "id": 272, "geometry": {"type": "Point", "coordinates": [46.69447000000008, 24.871060000000057]}, "properties": {"OBJECTID": 272, "Species": "Ziziphus spina-christi", "Spread": 3, "SpreadP": 10}}, {"type": "Feature", "id": 273, "geometry": {"type": "Point", "coordinates": [46.69449670500006, 24.871073831000047]}, "properties": {"OBJECTID": 273, "Species": null, "Spread": 2.9421824148893316, "SpreadP": 11.3}}, {"type": "Feature", "id": 274, "geometry": {"type": "Point", "coordinates": [46.69440000000003, 24.87116000000003]}, "properties": {"OBJECTID": 274, "Species": "Vachellia farnesiana", "Spread": 2.5, "SpreadP": 8}}, {"type": "Feature", "id": 275, "geometry": {"type": "Point", "coordinates": [46.69438000000008, 24.871290000000045]}, "properties": {"OBJECTID": 275, "Species": "Vachellia farnesiana", "Spread": 2, "SpreadP": 8}}, {"type": "Feature", "id": 276, "geometry": {"type": "Point", "coordinates": [46.69450000000006, 24.871320000000026]}, "properties": {"OBJECTID": 276, "Species": "Ziziphus spina-christi", "Spread": 3.5, "SpreadP": 10}}, {"type": "Feature", "id": 277, "geometry": {"type": "Point", "coordinates": [46.69442000000004, 24.871330000000057]}, "properties": {"OBJECTID": 277, "Species": "Vachellia farnesiana", "Spread": 3, "SpreadP": 8}}, {"type": "Feature", "id": 278, "geometry": {"type": "Point", "coordinates": [46.69437000000005, 24.87137000000007]}, "properties": {"OBJECTID": 278, "Species": "Vachellia farnesiana", "Spread": 3, "SpreadP": 8}}, {"type": "Feature", "id": 279, "geometry": {"type": "Point", "coordinates": [46.69477623000006, 24.87118731000004]}, "properties": {"OBJECTID": 279, "Species": "Ziziphus spina-christi", "Spread": 4.5, "SpreadP": 10}}, {"type": "Feature", "id": 280, "geometry": {"type": "Point", "coordinates": [46.69477094900003, 24.871283826000024]}, "properties": {"OBJECTID": 280, "Species": "Ziziphus spina-christi", "Spread": 5, "SpreadP": 10}}, {"type": "Feature", "id": 281, "geometry": {"type": "Point", "coordinates": [46.69506389700007, 24.871313545000078]}, "properties": {"OBJECTID": 281, "Species": "Ziziphus spina-christi", "Spread": 4.5, "SpreadP": 10}}, {"type": "Feature", "id": 282, "geometry": {"type": "Point", "coordinates": [46.694804271000066, 24.87137768200006]}, "properties": {"OBJECTID": 282, "Species": null, "Spread": 3.3160239770215574, "SpreadP": 11.3}}, {"type": "Feature", "id": 283, "geometry": {"type": "Point", "coordinates": [46.69512391100005, 24.871409362000065]}, "properties": {"OBJECTID": 283, "Species": "Ziziphus spina-christi", "Spread": 4.5, "SpreadP": 10}}, {"type": "Feature", "id": 284, "geometry": {"type": "Point", "coordinates": [46.694784894000065, 24.871434743000066]}, "properties": {"OBJECTID": 284, "Species": null, "Spread": 5.318369298074709, "SpreadP": 11.3}}, {"type": "Feature", "id": 285, "geometry": {"type": "Point", "coordinates": [46.695076553000035, 24.87158217900003]}, "properties": {"OBJECTID": 285, "Species": "Ziziphus spina-christi", "Spread": 5.5, "SpreadP": 10}}, {"type": "Feature", "id": 286, "geometry": {"type": "Point", "coordinates": [46.69480946600004, 24.871610733000068]}, "properties": {"OBJECTID": 286, "Species": null, "Spread": 5.963353124192502, "SpreadP": 11.3}}, {"type": "Feature", "id": 287, "geometry": {"type": "Point", "coordinates": [46.695060209000076, 24.871649968000042]}, "properties": {"OBJECTID": 287, "Species": "Vachellia farnesiana", "Spread": 3, "SpreadP": 8}}, {"type": "Feature", "id": 288, "geometry": {"type": "Point", "coordinates": [46.69450000000006, 24.871410000000026]}, "properties": {"OBJECTID": 288, "Species": "Ziziphus spina-christi", "Spread": 3.5, "SpreadP": 10}}, {"type": "Feature", "id": 289, "geometry": {"type": "Point", "coordinates": [46.69443000000007, 24.871430000000032]}, "properties": {"OBJECTID": 289, "Species": "Vachellia farnesiana", "Spread": 3, "SpreadP": 8}}, {"type": "Feature", "id": 290, "geometry": {"type": "Point", "coordinates": [46.694390000000055, 24.871480000000076]}, "properties": {"OBJECTID": 290, "Species": "Vachellia farnesiana", "Spread": 3, "SpreadP": 8}}, {"type": "Feature", "id": 291, "geometry": {"type": "Point", "coordinates": [46.69451000000004, 24.871510000000058]}, "properties": {"OBJECTID": 291, "Species": "Ziziphus spina-christi", "Spread": 4, "SpreadP": 10}}, {"type": "Feature", "id": 292, "geometry": {"type": "Point", "coordinates": [46.694450000000074, 24.871570000000077]}, "properties": {"OBJECTID": 292, "Species": "Vachellia farnesiana", "Spread": 3, "SpreadP": 8}}, {"type": "Feature", "id": 293, "geometry": {"type": "Point", "coordinates": [46.69444000000004, 24.871680000000026]}, "properties": {"OBJECTID": 293, "Species": "Vachellia farnesiana", "Spread": 3, "SpreadP": 8}}, {"type": "Feature", "id": 294, "geometry": {"type": "Point", "coordinates": [46.69441000000006, 24.871710000000064]}, "properties": {"OBJECTID": 294, "Species": "Vachellia farnesiana", "Spread": 2.5, "SpreadP": 8}}, {"type": "Feature", "id": 295, "geometry": {"type": "Point", "coordinates": [46.69452000000007, 24.871710000000064]}, "properties": {"OBJECTID": 295, "Species": "Ziziphus spina-christi", "Spread": 2.5, "SpreadP": 10}}, {"type": "Feature", "id": 296, "geometry": {"type": "Point", "coordinates": [46.69444000000004, 24.871770000000026]}, "properties": {"OBJECTID": 296, "Species": "Vachellia farnesiana", "Spread": 2.5, "SpreadP": 8}}, {"type": "Feature", "id": 297, "geometry": {"type": "Point", "coordinates": [46.69447000000008, 24.871840000000077]}, "properties": {"OBJECTID": 297, "Species": "Vachellia farnesiana", "Spread": 2, "SpreadP": 8}}, {"type": "Feature", "id": 298, "geometry": {"type": "Point", "coordinates": [46.69452000000007, 24.87185000000005]}, "properties": {"OBJECTID": 298, "Species": "Ziziphus spina-christi", "Spread": 2.5, "SpreadP": 10}}, {"type": "Feature", "id": 299, "geometry": {"type": "Point", "coordinates": [46.69442000000004, 24.871880000000033]}, "properties": {"OBJECTID": 299, "Species": "Vachellia farnesiana", "Spread": 3, "SpreadP": 8}}, {"type": "Feature", "id": 300, "geometry": {"type": "Point", "coordinates": [46.69446000000005, 24.871920000000046]}, "properties": {"OBJECTID": 300, "Species": "Vachellia farnesiana", "Spread": 2, "SpreadP": 8}}, {"type": "Feature", "id": 301, "geometry": {"type": "Point", "coordinates": [46.694540000000075, 24.87196000000006]}, "properties": {"OBJECTID": 301, "Species": "Ziziphus spina-christi", "Spread": 3, "SpreadP": 10}}, {"type": "Feature", "id": 302, "geometry": {"type": "Point", "coordinates": [46.69456690700008, 24.871971699000028]}, "properties": {"OBJECTID": 302, "Species": null, "Spread": 3.767417926117062, "SpreadP": 11.3}}, {"type": "Feature", "id": 303, "geometry": {"type": "Point", "coordinates": [46.694450000000074, 24.872060000000033]}, "properties": {"OBJECTID": 303, "Species": "Vachellia farnesiana", "Spread": 1.5, "SpreadP": 8}}, {"type": "Feature", "id": 304, "geometry": {"type": "Point", "coordinates": [46.69447000000008, 24.87217000000004]}, "properties": {"OBJECTID": 304, "Species": "Vachellia farnesiana", "Spread": 3, "SpreadP": 8}}, {"type": "Feature", "id": 305, "geometry": {"type": "Point", "coordinates": [46.69455000000005, 24.872220000000027]}, "properties": {"OBJECTID": 305, "Species": "Ziziphus spina-christi", "Spread": 2.5, "SpreadP": 10}}, {"type": "Feature", "id": 306, "geometry": {"type": "Point", "coordinates": [46.69442000000004, 24.87232000000006]}, "properties": {"OBJECTID": 306, "Species": "Vachellia farnesiana", "Spread": 2.5, "SpreadP": 8}}, {"type": "Feature", "id": 307, "geometry": {"type": "Point", "coordinates": [46.69455000000005, 24.87232000000006]}, "properties": {"OBJECTID": 307, "Species": "Ziziphus spina-christi", "Spread": 3, "SpreadP": 10}}, {"type": "Feature", "id": 308, "geometry": {"type": "Point", "coordinates": [46.69485290400007, 24.872320385000023]}, "properties": {"OBJECTID": 308, "Species": null, "Spread": 4.26271273433661, "SpreadP": 11.3}}, {"type": "Feature", "id": 309, "geometry": {"type": "Point", "coordinates": [46.69483289100003, 24.872357489000024]}, "properties": {"OBJECTID": 309, "Species": "Ziziphus spina-christi", "Spread": 6, "SpreadP": 10}}, {"type": "Feature", "id": 310, "geometry": {"type": "Point", "coordinates": [46.69447000000008, 24.872400000000027]}, "properties": {"OBJECTID": 310, "Species": "Vachellia farnesiana", "Spread": 2, "SpreadP": 8}}, {"type": "Feature", "id": 311, "geometry": {"type": "Point", "coordinates": [46.69457312900005, 24.87242496300007]}, "properties": {"OBJECTID": 311, "Species": null, "Spread": 2.9554057712641733, "SpreadP": 11.3}}, {"type": "Feature", "id": 312, "geometry": {"type": "Point", "coordinates": [46.694540000000075, 24.872430000000065]}, "properties": {"OBJECTID": 312, "Species": "Ziziphus spina-christi", "Spread": 2, "SpreadP": 10}}, {"type": "Feature", "id": 313, "geometry": {"type": "Point", "coordinates": [46.69446000000005, 24.872550000000047]}, "properties": {"OBJECTID": 313, "Species": "Vachellia farnesiana", "Spread": 2.5, "SpreadP": 8}}, {"type": "Feature", "id": 314, "geometry": {"type": "Point", "coordinates": [46.69447000000008, 24.87262000000004]}, "properties": {"OBJECTID": 314, "Species": "Vachellia farnesiana", "Spread": 2, "SpreadP": 8}}, {"type": "Feature", "id": 315, "geometry": {"type": "Point", "coordinates": [46.694540000000075, 24.872640000000047]}, "properties": {"OBJECTID": 315, "Species": "Ziziphus spina-christi", "Spread": 3, "SpreadP": 10}}, {"type": "Feature", "id": 316, "geometry": {"type": "Point", "coordinates": [46.69444247600006, 24.87267952700006]}, "properties": {"OBJECTID": 316, "Species": null, "Spread": 3.5606603359794495, "SpreadP": 11.3}}, {"type": "Feature", "id": 317, "geometry": {"type": "Point", "coordinates": [46.69449338600003, 24.87272172400003]}, "properties": {"OBJECTID": 317, "Species": null, "Spread": 4.810742193193174, "SpreadP": 11.3}}, {"type": "Feature", "id": 318, "geometry": {"type": "Point", "coordinates": [46.694540000000075, 24.872730000000047]}, "properties": {"OBJECTID": 318, "Species": "Ziziphus spina-christi", "Spread": 3, "SpreadP": 10}}, {"type": "Feature", "id": 319, "geometry": {"type": "Point", "coordinates": [46.694823014000065, 24.872633777000033]}, "properties": {"OBJECTID": 319, "Species": null, "Spread": 5.14929252409862, "SpreadP": 11.3}}, {"type": "Feature", "id": 320, "geometry": {"type": "Point", "coordinates": [46.69484563200007, 24.872676268000077]}, "properties": {"OBJECTID": 320, "Species": "Ziziphus spina-christi", "Spread": 5, "SpreadP": 10}}, {"type": "Feature", "id": 321, "geometry": {"type": "Point", "coordinates": [46.69484697200005, 24.872756570000035]}, "properties": {"OBJECTID": 321, "Species": "Ziziphus spina-christi", "Spread": 4, "SpreadP": 10}}, {"type": "Feature", "id": 322, "geometry": {"type": "Point", "coordinates": [46.694856360000074, 24.872817406000024]}, "properties": {"OBJECTID": 322, "Species": "Ziziphus spina-christi", "Spread": 5, "SpreadP": 10}}, {"type": "Feature", "id": 323, "geometry": {"type": "Point", "coordinates": [46.69443156600005, 24.87281923100005]}, "properties": {"OBJECTID": 323, "Species": "Vachellia farnesiana", "Spread": 2.5, "SpreadP": 8}}, {"type": "Feature", "id": 324, "geometry": {"type": "Point", "coordinates": [46.69446900500003, 24.872892943000068]}, "properties": {"OBJECTID": 324, "Species": "Ziziphus spina-christi", "Spread": 2, "SpreadP": 10}}, {"type": "Feature", "id": 325, "geometry": {"type": "Point", "coordinates": [46.694493185000056, 24.872909176000064]}, "properties": {"OBJECTID": 325, "Species": null, "Spread": 3.303255097542806, "SpreadP": 11.3}}, {"type": "Feature", "id": 326, "geometry": {"type": "Point", "coordinates": [46.69441837900007, 24.872945870000024]}, "properties": {"OBJECTID": 326, "Species": "Vachellia farnesiana", "Spread": 3, "SpreadP": 8}}, {"type": "Feature", "id": 327, "geometry": {"type": "Point", "coordinates": [46.69444561200004, 24.87296003700004]}, "properties": {"OBJECTID": 327, "Species": null, "Spread": 3.6468612629062362, "SpreadP": 11.3}}, {"type": "Feature", "id": 328, "geometry": {"type": "Point", "coordinates": [46.69448542600003, 24.873019326000076]}, "properties": {"OBJECTID": 328, "Species": "Vachellia farnesiana", "Spread": 2, "SpreadP": 8}}, {"type": "Feature", "id": 329, "geometry": {"type": "Point", "coordinates": [46.69447213400008, 24.873123408000026]}, "properties": {"OBJECTID": 329, "Species": "Ziziphus spina-christi", "Spread": 2, "SpreadP": 10}}, {"type": "Feature", "id": 330, "geometry": {"type": "Point", "coordinates": [46.69449848700003, 24.87314625700003]}, "properties": {"OBJECTID": 330, "Species": null, "Spread": 2.8691739848812454, "SpreadP": 11.3}}, {"type": "Feature", "id": 331, "geometry": {"type": "Point", "coordinates": [46.69485300800005, 24.87290744200004]}, "properties": {"OBJECTID": 331, "Species": "Ziziphus spina-christi", "Spread": 5.5, "SpreadP": 10}}, {"type": "Feature", "id": 332, "geometry": {"type": "Point", "coordinates": [46.69485535500007, 24.87297588100006]}, "properties": {"OBJECTID": 332, "Species": "Ziziphus spina-christi", "Spread": 6, "SpreadP": 10}}, {"type": "Feature", "id": 333, "geometry": {"type": "Point", "coordinates": [46.694853343000034, 24.873093294000057]}, "properties": {"OBJECTID": 333, "Species": "Ziziphus spina-christi", "Spread": 6, "SpreadP": 10}}, {"type": "Feature", "id": 334, "geometry": {"type": "Point", "coordinates": [46.69484429100004, 24.873159604000023]}, "properties": {"OBJECTID": 334, "Species": "Ziziphus spina-christi", "Spread": 4.5, "SpreadP": 10}}, {"type": "Feature", "id": 335, "geometry": {"type": "Point", "coordinates": [46.69482345200004, 24.873354389000042]}, "properties": {"OBJECTID": 335, "Species": null, "Spread": 5.118912954536791, "SpreadP": 11.3}}, {"type": "Feature", "id": 336, "geometry": {"type": "Point", "coordinates": [46.69485476800003, 24.873412536000046]}, "properties": {"OBJECTID": 336, "Species": "Ziziphus spina-christi", "Spread": 4.5, "SpreadP": 10}}, {"type": "Feature", "id": 337, "geometry": {"type": "Point", "coordinates": [46.69484926700005, 24.873453382000037]}, "properties": {"OBJECTID": 337, "Species": null, "Spread": 4.225964522869709, "SpreadP": 11.3}}, {"type": "Feature", "id": 338, "geometry": {"type": "Point", "coordinates": [46.694839932000036, 24.873482031000037]}, "properties": {"OBJECTID": 338, "Species": "Ziziphus spina-christi", "Spread": 5, "SpreadP": 10}}, {"type": "Feature", "id": 339, "geometry": {"type": "Point", "coordinates": [46.694808203000036, 24.873585665000064]}, "properties": {"OBJECTID": 339, "Species": null, "Spread": 5.342550656857938, "SpreadP": 11.3}}, {"type": "Feature", "id": 340, "geometry": {"type": "Point", "coordinates": [46.694458723000025, 24.873223481000025]}, "properties": {"OBJECTID": 340, "Species": "Ziziphus spina-christi", "Spread": 2, "SpreadP": 10}}, {"type": "Feature", "id": 341, "geometry": {"type": "Point", "coordinates": [46.69444860900006, 24.873280806000025]}, "properties": {"OBJECTID": 341, "Species": null, "Spread": 3.055951760366594, "SpreadP": 11.3}}, {"type": "Feature", "id": 342, "geometry": {"type": "Point", "coordinates": [46.69446308200003, 24.87332507700006]}, "properties": {"OBJECTID": 342, "Species": "Ziziphus spina-christi", "Spread": 2, "SpreadP": 10}}, {"type": "Feature", "id": 343, "geometry": {"type": "Point", "coordinates": [46.69447582200007, 24.873532220000072]}, "properties": {"OBJECTID": 343, "Species": "Ziziphus spina-christi", "Spread": 2, "SpreadP": 10}}, {"type": "Feature", "id": 344, "geometry": {"type": "Point", "coordinates": [46.69444765900005, 24.873640506000072]}, "properties": {"OBJECTID": 344, "Species": "Ziziphus spina-christi", "Spread": 2.5, "SpreadP": 10}}, {"type": "Feature", "id": 345, "geometry": {"type": "Point", "coordinates": [46.69440000000003, 24.873780000000068]}, "properties": {"OBJECTID": 345, "Species": "Vachellia farnesiana", "Spread": 2, "SpreadP": 8}}, {"type": "Feature", "id": 346, "geometry": {"type": "Point", "coordinates": [46.69443827100008, 24.873793810000052]}, "properties": {"OBJECTID": 346, "Species": "Ziziphus spina-christi", "Spread": 2, "SpreadP": 10}}, {"type": "Feature", "id": 347, "geometry": {"type": "Point", "coordinates": [46.69437711100005, 24.87401705900004]}, "properties": {"OBJECTID": 347, "Species": null, "Spread": 5.006392687806402, "SpreadP": 11.3}}, {"type": "Feature", "id": 348, "geometry": {"type": "Point", "coordinates": [46.694442295000044, 24.874071522000065]}, "properties": {"OBJECTID": 348, "Species": "Ziziphus spina-christi", "Spread": 3.5, "SpreadP": 10}}, {"type": "Feature", "id": 349, "geometry": {"type": "Point", "coordinates": [46.69442720700005, 24.87414269800007]}, "properties": {"OBJECTID": 349, "Species": "Ziziphus spina-christi", "Spread": 6, "SpreadP": 10}}, {"type": "Feature", "id": 350, "geometry": {"type": "Point", "coordinates": [46.69481194200006, 24.87364387100007]}, "properties": {"OBJECTID": 350, "Species": null, "Spread": 5.164415296335741, "SpreadP": 11.3}}, {"type": "Feature", "id": 351, "geometry": {"type": "Point", "coordinates": [46.69481579200004, 24.873709250000047]}, "properties": {"OBJECTID": 351, "Species": "Ziziphus spina-christi", "Spread": 6, "SpreadP": 10}}, {"type": "Feature", "id": 352, "geometry": {"type": "Point", "coordinates": [46.694849067000064, 24.87372475500007]}, "properties": {"OBJECTID": 352, "Species": null, "Spread": 4.5833981651454625, "SpreadP": 11.3}}, {"type": "Feature", "id": 353, "geometry": {"type": "Point", "coordinates": [46.69481478600005, 24.873961715000064]}, "properties": {"OBJECTID": 353, "Species": "Ziziphus spina-christi", "Spread": 4, "SpreadP": 10}}, {"type": "Feature", "id": 354, "geometry": {"type": "Point", "coordinates": [46.694838651000055, 24.873983090000024]}, "properties": {"OBJECTID": 354, "Species": null, "Spread": 4.188893944139054, "SpreadP": 11.3}}, {"type": "Feature", "id": 355, "geometry": {"type": "Point", "coordinates": [46.69443750700003, 24.87421600600004]}, "properties": {"OBJECTID": 355, "Species": null, "Spread": 5.244311435842206, "SpreadP": 11.3}}, {"type": "Feature", "id": 356, "geometry": {"type": "Point", "coordinates": [46.69444698800004, 24.874252505000072]}, "properties": {"OBJECTID": 356, "Species": "Ziziphus spina-christi", "Spread": 3, "SpreadP": 10}}, {"type": "Feature", "id": 357, "geometry": {"type": "Point", "coordinates": [46.69446315000005, 24.874343860000067]}, "properties": {"OBJECTID": 357, "Species": null, "Spread": 4.587143409201572, "SpreadP": 11.3}}, {"type": "Feature", "id": 358, "geometry": {"type": "Point", "coordinates": [46.694389321000074, 24.874472422000053]}, "properties": {"OBJECTID": 358, "Species": "Vachellia farnesiana", "Spread": 3.5, "SpreadP": 8}}, {"type": "Feature", "id": 359, "geometry": {"type": "Point", "coordinates": [46.694477834000054, 24.87449097700005]}, "properties": {"OBJECTID": 359, "Species": "Ziziphus spina-christi", "Spread": 4, "SpreadP": 10}}, {"type": "Feature", "id": 360, "geometry": {"type": "Point", "coordinates": [46.69439334500004, 24.874618730000066]}, "properties": {"OBJECTID": 360, "Species": "Ziziphus spina-christi", "Spread": 5, "SpreadP": 10}}, {"type": "Feature", "id": 361, "geometry": {"type": "Point", "coordinates": [46.69445067700008, 24.874697510000033]}, "properties": {"OBJECTID": 361, "Species": "Ziziphus spina-christi", "Spread": 2.5, "SpreadP": 10}}, {"type": "Feature", "id": 362, "geometry": {"type": "Point", "coordinates": [46.69436685800008, 24.874801538000042]}, "properties": {"OBJECTID": 362, "Species": "Vachellia farnesiana", "Spread": 3, "SpreadP": 8}}, {"type": "Feature", "id": 363, "geometry": {"type": "Point", "coordinates": [46.69442041800005, 24.874854474000074]}, "properties": {"OBJECTID": 363, "Species": "Vachellia farnesiana", "Spread": 2.5, "SpreadP": 8}}, {"type": "Feature", "id": 364, "geometry": {"type": "Point", "coordinates": [46.69440373700007, 24.874948148000044]}, "properties": {"OBJECTID": 364, "Species": "Ziziphus spina-christi", "Spread": 2.5, "SpreadP": 10}}, {"type": "Feature", "id": 365, "geometry": {"type": "Point", "coordinates": [46.69442000000004, 24.875030000000038]}, "properties": {"OBJECTID": 365, "Species": "Vachellia farnesiana", "Spread": 3, "SpreadP": 8}}, {"type": "Feature", "id": 366, "geometry": {"type": "Point", "coordinates": [46.69439703200004, 24.875033925000025]}, "properties": {"OBJECTID": 366, "Species": "Ziziphus spina-christi", "Spread": 1, "SpreadP": 10}}, {"type": "Feature", "id": 367, "geometry": {"type": "Point", "coordinates": [46.69441000000006, 24.87510000000003]}, "properties": {"OBJECTID": 367, "Species": "Ziziphus spina-christi", "Spread": 2, "SpreadP": 10}}, {"type": "Feature", "id": 368, "geometry": {"type": "Point", "coordinates": [46.69434000000007, 24.875120000000038]}, "properties": {"OBJECTID": 368, "Species": "Vachellia farnesiana", "Spread": 2, "SpreadP": 8}}, {"type": "Feature", "id": 369, "geometry": {"type": "Point", "coordinates": [46.69440000000003, 24.875170000000026]}, "properties": {"OBJECTID": 369, "Species": "Vachellia farnesiana", "Spread": 2, "SpreadP": 8}}, {"type": "Feature", "id": 370, "geometry": {"type": "Point", "coordinates": [46.69442000000004, 24.87525000000005]}, "properties": {"OBJECTID": 370, "Species": "Ziziphus spina-christi", "Spread": 2, "SpreadP": 10}}, {"type": "Feature", "id": 371, "geometry": {"type": "Point", "coordinates": [46.69437000000005, 24.875260000000026]}, "properties": {"OBJECTID": 371, "Species": "Vachellia farnesiana", "Spread": 2, "SpreadP": 8}}, {"type": "Feature", "id": 372, "geometry": {"type": "Point", "coordinates": [46.69440000000003, 24.875380000000064]}, "properties": {"OBJECTID": 372, "Species": "Ziziphus spina-christi", "Spread": 2, "SpreadP": 10}}, {"type": "Feature", "id": 373, "geometry": {"type": "Point", "coordinates": [46.694799028000034, 24.874299348000022]}, "properties": {"OBJECTID": 373, "Species": "Ziziphus spina-christi", "Spread": 5, "SpreadP": 10}}, {"type": "Feature", "id": 374, "geometry": {"type": "Point", "coordinates": [46.69478930500003, 24.87466100900008]}, "properties": {"OBJECTID": 374, "Species": "Ziziphus spina-christi", "Spread": 3, "SpreadP": 10}}, {"type": "Feature", "id": 375, "geometry": {"type": "Point", "coordinates": [46.69508669600003, 24.874912864000066]}, "properties": {"OBJECTID": 375, "Species": "Ziziphus spina-christi", "Spread": 2, "SpreadP": 10}}, {"type": "Feature", "id": 376, "geometry": {"type": "Point", "coordinates": [46.69508066000003, 24.875126393000073]}, "properties": {"OBJECTID": 376, "Species": "Ziziphus spina-christi", "Spread": 1.5, "SpreadP": 10}}, {"type": "Feature", "id": 377, "geometry": {"type": "Point", "coordinates": [46.69508011600004, 24.87540649600004]}, "properties": {"OBJECTID": 377, "Species": null, "Spread": 4.353226282592998, "SpreadP": 11.3}}, {"type": "Feature", "id": 378, "geometry": {"type": "Point", "coordinates": [46.69507642000008, 24.87549131000003]}, "properties": {"OBJECTID": 378, "Species": null, "Spread": 4.63099650067589, "SpreadP": 11.3}}, {"type": "Feature", "id": 379, "geometry": {"type": "Point", "coordinates": [46.69502835700007, 24.875841498000057]}, "properties": {"OBJECTID": 379, "Species": "Ziziphus spina-christi", "Spread": 1, "SpreadP": 10}}, {"type": "Feature", "id": 380, "geometry": {"type": "Point", "coordinates": [46.69503774400005, 24.875948565000044]}, "properties": {"OBJECTID": 380, "Species": "Ziziphus spina-christi", "Spread": 3, "SpreadP": 10}}, {"type": "Feature", "id": 381, "geometry": {"type": "Point", "coordinates": [46.69434776600008, 24.875438605000056]}, "properties": {"OBJECTID": 381, "Species": null, "Spread": 3.502409649708091, "SpreadP": 11.3}}, {"type": "Feature", "id": 382, "geometry": {"type": "Point", "coordinates": [46.694390000000055, 24.875500000000045]}, "properties": {"OBJECTID": 382, "Species": "Vachellia farnesiana", "Spread": 2, "SpreadP": 8}}, {"type": "Feature", "id": 383, "geometry": {"type": "Point", "coordinates": [46.69437000000005, 24.875560000000064]}, "properties": {"OBJECTID": 383, "Species": "Vachellia farnesiana", "Spread": 2, "SpreadP": 8}}, {"type": "Feature", "id": 384, "geometry": {"type": "Point", "coordinates": [46.694390000000055, 24.875640000000033]}, "properties": {"OBJECTID": 384, "Species": "Vachellia farnesiana", "Spread": 2, "SpreadP": 8}}, {"type": "Feature", "id": 385, "geometry": {"type": "Point", "coordinates": [46.69438000000008, 24.875720000000058]}, "properties": {"OBJECTID": 385, "Species": "Vachellia farnesiana", "Spread": 1.5, "SpreadP": 8}}, {"type": "Feature", "id": 386, "geometry": {"type": "Point", "coordinates": [46.69434000000007, 24.87590000000006]}, "properties": {"OBJECTID": 386, "Species": "Vachellia farnesiana", "Spread": 2, "SpreadP": 8}}, {"type": "Feature", "id": 387, "geometry": {"type": "Point", "coordinates": [46.69443000000007, 24.876320000000078]}, "properties": {"OBJECTID": 387, "Species": "Ziziphus spina-christi", "Spread": 2.5, "SpreadP": 10}}, {"type": "Feature", "id": 388, "geometry": {"type": "Point", "coordinates": [46.69437000000005, 24.876360000000034]}, "properties": {"OBJECTID": 388, "Species": "Ziziphus spina-christi", "Spread": 4, "SpreadP": 10}}, {"type": "Feature", "id": 389, "geometry": {"type": "Point", "coordinates": [46.69444115400006, 24.876477994000027]}, "properties": {"OBJECTID": 389, "Species": null, "Spread": 2.9947255380429554, "SpreadP": 11.3}}, {"type": "Feature", "id": 390, "geometry": {"type": "Point", "coordinates": [46.69442000000004, 24.876510000000053]}, "properties": {"OBJECTID": 390, "Species": "Ziziphus spina-christi", "Spread": 2.5, "SpreadP": 10}}, {"type": "Feature", "id": 391, "geometry": {"type": "Point", "coordinates": [46.69441000000006, 24.87659000000008]}, "properties": {"OBJECTID": 391, "Species": "Ziziphus spina-christi", "Spread": 4, "SpreadP": 10}}, {"type": "Feature", "id": 392, "geometry": {"type": "Point", "coordinates": [46.69442000000004, 24.876670000000047]}, "properties": {"OBJECTID": 392, "Species": "Ziziphus spina-christi", "Spread": 2, "SpreadP": 10}}, {"type": "Feature", "id": 393, "geometry": {"type": "Point", "coordinates": [46.69442000000004, 24.87677000000008]}, "properties": {"OBJECTID": 393, "Species": "Ziziphus spina-christi", "Spread": 3, "SpreadP": 10}}, {"type": "Feature", "id": 394, "geometry": {"type": "Point", "coordinates": [46.694390000000055, 24.876870000000054]}, "properties": {"OBJECTID": 394, "Species": "Ziziphus spina-christi", "Spread": 2.5, "SpreadP": 10}}, {"type": "Feature", "id": 395, "geometry": {"type": "Point", "coordinates": [46.69431000000003, 24.87697000000003]}, "properties": {"OBJECTID": 395, "Species": "Ziziphus spina-christi", "Spread": 5, "SpreadP": 10}}, {"type": "Feature", "id": 396, "geometry": {"type": "Point", "coordinates": [46.69439341400005, 24.87707891200006]}, "properties": {"OBJECTID": 396, "Species": null, "Spread": 3.0971387472065652, "SpreadP": 11.3}}, {"type": "Feature", "id": 397, "geometry": {"type": "Point", "coordinates": [46.69435000000004, 24.87710000000004]}, "properties": {"OBJECTID": 397, "Species": "Ziziphus spina-christi", "Spread": 2.5, "SpreadP": 10}}, {"type": "Feature", "id": 398, "geometry": {"type": "Point", "coordinates": [46.69432000000006, 24.877180000000067]}, "properties": {"OBJECTID": 398, "Species": "Ziziphus spina-christi", "Spread": 4, "SpreadP": 10}}, {"type": "Feature", "id": 399, "geometry": {"type": "Point", "coordinates": [46.69434000000007, 24.87725000000006]}, "properties": {"OBJECTID": 399, "Species": "Ziziphus spina-christi", "Spread": 2.5, "SpreadP": 10}}, {"type": "Feature", "id": 400, "geometry": {"type": "Point", "coordinates": [46.694387807000055, 24.87728843000008]}, "properties": {"OBJECTID": 400, "Species": null, "Spread": 3.3511151558621637, "SpreadP": 11.3}}, {"type": "Feature", "id": 401, "geometry": {"type": "Point", "coordinates": [46.69502902800008, 24.876019437000025]}, "properties": {"OBJECTID": 401, "Species": "Ziziphus spina-christi", "Spread": 1.5, "SpreadP": 10}}, {"type": "Feature", "id": 402, "geometry": {"type": "Point", "coordinates": [46.69499516500008, 24.876323910000053]}, "properties": {"OBJECTID": 402, "Species": "Ziziphus spina-christi", "Spread": 2, "SpreadP": 10}}, {"type": "Feature", "id": 403, "geometry": {"type": "Point", "coordinates": [46.69499013600006, 24.87641607300003]}, "properties": {"OBJECTID": 403, "Species": "Ziziphus spina-christi", "Spread": 3, "SpreadP": 10}}, {"type": "Feature", "id": 404, "geometry": {"type": "Point", "coordinates": [46.694985442000075, 24.876497590000042]}, "properties": {"OBJECTID": 404, "Species": "Ziziphus spina-christi", "Spread": 2, "SpreadP": 10}}, {"type": "Feature", "id": 405, "geometry": {"type": "Point", "coordinates": [46.694969349000075, 24.87715519900007]}, "properties": {"OBJECTID": 405, "Species": "Ziziphus spina-christi", "Spread": 2, "SpreadP": 10}}, {"type": "Feature", "id": 406, "geometry": {"type": "Point", "coordinates": [46.694964320000054, 24.877242495000075]}, "properties": {"OBJECTID": 406, "Species": "Ziziphus spina-christi", "Spread": 3, "SpreadP": 10}}, {"type": "Feature", "id": 407, "geometry": {"type": "Point", "coordinates": [46.69495828500004, 24.877321579000068]}, "properties": {"OBJECTID": 407, "Species": "Ziziphus spina-christi", "Spread": 2, "SpreadP": 10}}, {"type": "Feature", "id": 408, "geometry": {"type": "Point", "coordinates": [46.69493682600006, 24.877907097000048]}, "properties": {"OBJECTID": 408, "Species": "Ziziphus spina-christi", "Spread": 2, "SpreadP": 10}}, {"type": "Feature", "id": 409, "geometry": {"type": "Point", "coordinates": [46.69496264300005, 24.87797705500003]}, "properties": {"OBJECTID": 409, "Species": "Ziziphus spina-christi", "Spread": 3, "SpreadP": 10}}, {"type": "Feature", "id": 410, "geometry": {"type": "Point", "coordinates": [46.69432000000006, 24.877380000000073]}, "properties": {"OBJECTID": 410, "Species": "Ziziphus spina-christi", "Spread": 5, "SpreadP": 10}}, {"type": "Feature", "id": 411, "geometry": {"type": "Point", "coordinates": [46.69437000000005, 24.877470000000073]}, "properties": {"OBJECTID": 411, "Species": "Ziziphus spina-christi", "Spread": 3.5, "SpreadP": 10}}, {"type": "Feature", "id": 412, "geometry": {"type": "Point", "coordinates": [46.69437000000005, 24.87760000000003]}, "properties": {"OBJECTID": 412, "Species": "Ziziphus spina-christi", "Spread": 3, "SpreadP": 10}}, {"type": "Feature", "id": 413, "geometry": {"type": "Point", "coordinates": [46.694360000000074, 24.877710000000036]}, "properties": {"OBJECTID": 413, "Species": "Ziziphus spina-christi", "Spread": 3, "SpreadP": 10}}, {"type": "Feature", "id": 414, "geometry": {"type": "Point", "coordinates": [46.69437000000005, 24.87788000000006]}, "properties": {"OBJECTID": 414, "Species": "Ziziphus spina-christi", "Spread": 4, "SpreadP": 10}}, {"type": "Feature", "id": 415, "geometry": {"type": "Point", "coordinates": [46.69433835900003, 24.877989525000032]}, "properties": {"OBJECTID": 415, "Species": "Ziziphus spina-christi", "Spread": 6, "SpreadP": 10}}, {"type": "Feature", "id": 416, "geometry": {"type": "Point", "coordinates": [46.69436317000003, 24.878117275000022]}, "properties": {"OBJECTID": 416, "Species": "Ziziphus spina-christi", "Spread": 4, "SpreadP": 10}}, {"type": "Feature", "id": 417, "geometry": {"type": "Point", "coordinates": [46.694334000000026, 24.878153774000054]}, "properties": {"OBJECTID": 417, "Species": "Ziziphus spina-christi", "Spread": 2, "SpreadP": 10}}, {"type": "Feature", "id": 418, "geometry": {"type": "Point", "coordinates": [46.69433840500005, 24.87820148700007]}, "properties": {"OBJECTID": 418, "Species": null, "Spread": 3.1717793047730023, "SpreadP": 11.3}}, {"type": "Feature", "id": 419, "geometry": {"type": "Point", "coordinates": [46.69436216400004, 24.878282739000042]}, "properties": {"OBJECTID": 419, "Species": "Ziziphus spina-christi", "Spread": 2.5, "SpreadP": 10}}, {"type": "Feature", "id": 420, "geometry": {"type": "Point", "coordinates": [46.69493448000003, 24.87804731700004]}, "properties": {"OBJECTID": 420, "Species": "Ziziphus spina-christi", "Spread": 4, "SpreadP": 10}}, {"type": "Feature", "id": 421, "geometry": {"type": "Point", "coordinates": [46.694930457000055, 24.878273614000022]}, "properties": {"OBJECTID": 421, "Species": "Ziziphus spina-christi", "Spread": 2, "SpreadP": 10}}, {"type": "Feature", "id": 422, "geometry": {"type": "Point", "coordinates": [46.69501610000003, 24.878281300000026]}, "properties": {"OBJECTID": 422, "Species": "Ziziphus spina-christi", "Spread": 3, "SpreadP": 10}}, {"type": "Feature", "id": 423, "geometry": {"type": "Point", "coordinates": [46.694929116000026, 24.878346918000034]}, "properties": {"OBJECTID": 423, "Species": "Ziziphus spina-christi", "Spread": 3, "SpreadP": 10}}, {"type": "Feature", "id": 424, "geometry": {"type": "Point", "coordinates": [46.69494764500007, 24.87842975600006]}, "properties": {"OBJECTID": 424, "Species": null, "Spread": 3.4087977929213844, "SpreadP": 11.3}}, {"type": "Feature", "id": 425, "geometry": {"type": "Point", "coordinates": [46.69489937600008, 24.878737724000075]}, "properties": {"OBJECTID": 425, "Species": null, "Spread": 4.259445777115277, "SpreadP": 11.3}}, {"type": "Feature", "id": 426, "geometry": {"type": "Point", "coordinates": [46.694891564000045, 24.87889958200003]}, "properties": {"OBJECTID": 426, "Species": "Ziziphus spina-christi", "Spread": 3, "SpreadP": 10}}, {"type": "Feature", "id": 427, "geometry": {"type": "Point", "coordinates": [46.69487647700004, 24.87897653500005]}, "properties": {"OBJECTID": 427, "Species": "Ziziphus spina-christi", "Spread": 3, "SpreadP": 10}}, {"type": "Feature", "id": 428, "geometry": {"type": "Point", "coordinates": [46.694873459000064, 24.879057138000064]}, "properties": {"OBJECTID": 428, "Species": "Ziziphus spina-christi", "Spread": 3, "SpreadP": 10}}, {"type": "Feature", "id": 429, "geometry": {"type": "Point", "coordinates": [46.69486038400004, 24.87921743100003]}, "properties": {"OBJECTID": 429, "Species": "Ziziphus spina-christi", "Spread": 3, "SpreadP": 10}}, {"type": "Feature", "id": 430, "geometry": {"type": "Point", "coordinates": [46.694319919000066, 24.878319543000032]}, "properties": {"OBJECTID": 430, "Species": "Ziziphus spina-christi", "Spread": 2.5, "SpreadP": 10}}, {"type": "Feature", "id": 431, "geometry": {"type": "Point", "coordinates": [46.69431153700003, 24.87849017900004]}, "properties": {"OBJECTID": 431, "Species": "Ziziphus spina-christi", "Spread": 3.5, "SpreadP": 10}}, {"type": "Feature", "id": 432, "geometry": {"type": "Point", "coordinates": [46.69433896400005, 24.87850691600005]}, "properties": {"OBJECTID": 432, "Species": null, "Spread": 3.988624838579727, "SpreadP": 11.3}}, {"type": "Feature", "id": 433, "geometry": {"type": "Point", "coordinates": [46.69431455500006, 24.878616407000038]}, "properties": {"OBJECTID": 433, "Species": "Ziziphus spina-christi", "Spread": 3, "SpreadP": 10}}, {"type": "Feature", "id": 434, "geometry": {"type": "Point", "coordinates": [46.69426962700004, 24.878758451000067]}, "properties": {"OBJECTID": 434, "Species": "Ziziphus spina-christi", "Spread": 3.5, "SpreadP": 10}}, {"type": "Feature", "id": 435, "geometry": {"type": "Point", "coordinates": [46.69421195900003, 24.880722413000058]}, "properties": {"OBJECTID": 435, "Species": "Ziziphus spina-christi", "Spread": 3, "SpreadP": 10}}, {"type": "Feature", "id": 436, "geometry": {"type": "Point", "coordinates": [46.694157645000075, 24.880760433000034]}, "properties": {"OBJECTID": 436, "Species": "Ziziphus spina-christi", "Spread": 2.5, "SpreadP": 10}}, {"type": "Feature", "id": 437, "geometry": {"type": "Point", "coordinates": [46.69416573400008, 24.88082131500005]}, "properties": {"OBJECTID": 437, "Species": null, "Spread": 3.38584266663916, "SpreadP": 11.3}}, {"type": "Feature", "id": 438, "geometry": {"type": "Point", "coordinates": [46.694209949000026, 24.88086384500008]}, "properties": {"OBJECTID": 438, "Species": "Ziziphus spina-christi", "Spread": 3, "SpreadP": 10}}, {"type": "Feature", "id": 439, "geometry": {"type": "Point", "coordinates": [46.69421547400003, 24.88090109500007]}, "properties": {"OBJECTID": 439, "Species": null, "Spread": 2.9288993537074504, "SpreadP": 11.3}}, {"type": "Feature", "id": 440, "geometry": {"type": "Point", "coordinates": [46.69484496100006, 24.879296817000068]}, "properties": {"OBJECTID": 440, "Species": "Ziziphus spina-christi", "Spread": 4, "SpreadP": 10}}, {"type": "Feature", "id": 441, "geometry": {"type": "Point", "coordinates": [46.694927104000044, 24.880953877000024]}, "properties": {"OBJECTID": 441, "Species": "Ziziphus spina-christi", "Spread": 3, "SpreadP": 10}}, {"type": "Feature", "id": 442, "geometry": {"type": "Point", "coordinates": [46.694911681000065, 24.881004671000028]}, "properties": {"OBJECTID": 442, "Species": "Ziziphus spina-christi", "Spread": 2, "SpreadP": 10}}, {"type": "Feature", "id": 443, "geometry": {"type": "Point", "coordinates": [46.69487672900004, 24.88103529500006]}, "properties": {"OBJECTID": 443, "Species": null, "Spread": 2.589746956644191, "SpreadP": 11.3}}, {"type": "Feature", "id": 444, "geometry": {"type": "Point", "coordinates": [46.69490329900003, 24.881066718000056]}, "properties": {"OBJECTID": 444, "Species": "Ziziphus spina-christi", "Spread": 2, "SpreadP": 10}}, {"type": "Feature", "id": 445, "geometry": {"type": "Point", "coordinates": [46.69487553500005, 24.881107029000077]}, "properties": {"OBJECTID": 445, "Species": null, "Spread": 3.084523057812275, "SpreadP": 11.3}}, {"type": "Feature", "id": 446, "geometry": {"type": "Point", "coordinates": [46.694866958000034, 24.881238843000062]}, "properties": {"OBJECTID": 446, "Species": null, "Spread": 4.911937965972253, "SpreadP": 11.3}}, {"type": "Feature", "id": 447, "geometry": {"type": "Point", "coordinates": [46.69486541300006, 24.88130943500005]}, "properties": {"OBJECTID": 447, "Species": "Ziziphus spina-christi", "Spread": 2, "SpreadP": 10}}, {"type": "Feature", "id": 448, "geometry": {"type": "Point", "coordinates": [46.694207266000035, 24.880960263000077]}, "properties": {"OBJECTID": 448, "Species": "Ziziphus spina-christi", "Spread": 3.5, "SpreadP": 10}}, {"type": "Feature", "id": 449, "geometry": {"type": "Point", "coordinates": [46.694185137000034, 24.881039040000076]}, "properties": {"OBJECTID": 449, "Species": "Ziziphus spina-christi", "Spread": 4.5, "SpreadP": 10}}, {"type": "Feature", "id": 450, "geometry": {"type": "Point", "coordinates": [46.69419563100007, 24.88106560600005]}, "properties": {"OBJECTID": 450, "Species": null, "Spread": 4.2351814694982215, "SpreadP": 11.3}}, {"type": "Feature", "id": 451, "geometry": {"type": "Point", "coordinates": [46.69417675600005, 24.881119642000044]}, "properties": {"OBJECTID": 451, "Species": "Ziziphus spina-christi", "Spread": 5, "SpreadP": 10}}, {"type": "Feature", "id": 452, "geometry": {"type": "Point", "coordinates": [46.69485022200007, 24.88128249400006]}, "properties": {"OBJECTID": 452, "Species": null, "Spread": 4.580197927914687, "SpreadP": 11.3}}, {"type": "Feature", "id": 453, "geometry": {"type": "Point", "coordinates": [46.69483765500007, 24.881339639000032]}, "properties": {"OBJECTID": 453, "Species": null, "Spread": 3.8493278898413767, "SpreadP": 11.3}}, {"type": "Feature", "id": 454, "geometry": {"type": "Point", "coordinates": [46.694169715000044, 24.88252422900007]}, "properties": {"OBJECTID": 454, "Species": "Ziziphus spina-christi", "Spread": 3, "SpreadP": 10}}, {"type": "Feature", "id": 455, "geometry": {"type": "Point", "coordinates": [46.69416938000006, 24.88264984500006]}, "properties": {"OBJECTID": 455, "Species": "Ziziphus spina-christi", "Spread": 3, "SpreadP": 10}}, {"type": "Feature", "id": 456, "geometry": {"type": "Point", "coordinates": [46.69419474800003, 24.88266620400003]}, "properties": {"OBJECTID": 456, "Species": null, "Spread": 3.4879512397117254, "SpreadP": 11.3}}, {"type": "Feature", "id": 457, "geometry": {"type": "Point", "coordinates": [46.69419012800006, 24.88278742600005]}, "properties": {"OBJECTID": 457, "Species": null, "Spread": 3.0591356057930894, "SpreadP": 11.3}}, {"type": "Feature", "id": 458, "geometry": {"type": "Point", "coordinates": [46.70048631700007, 24.898205375000032]}, "properties": {"OBJECTID": 458, "Species": "Ziziphus spina-christi", "Spread": 4, "SpreadP": 10}}, {"type": "Feature", "id": 459, "geometry": {"type": "Point", "coordinates": [46.699952222000036, 24.89766405000006]}, "properties": {"OBJECTID": 459, "Species": "Ziziphus spina-christi", "Spread": 5, "SpreadP": 10}}, {"type": "Feature", "id": 460, "geometry": {"type": "Point", "coordinates": [46.70001592500006, 24.897736429000076]}, "properties": {"OBJECTID": 460, "Species": "Ziziphus spina-christi", "Spread": 6, "SpreadP": 10}}, {"type": "Feature", "id": 461, "geometry": {"type": "Point", "coordinates": [46.699880000000064, 24.897740000000056]}, "properties": {"OBJECTID": 461, "Species": "Ziziphus spina-christi", "Spread": 2.5, "SpreadP": 10}}, {"type": "Feature", "id": 462, "geometry": {"type": "Point", "coordinates": [46.69993000000005, 24.897760000000062]}, "properties": {"OBJECTID": 462, "Species": "Ziziphus spina-christi", "Spread": 2.5, "SpreadP": 10}}, {"type": "Feature", "id": 463, "geometry": {"type": "Point", "coordinates": [46.69996000000003, 24.897800000000075]}, "properties": {"OBJECTID": 463, "Species": "Ziziphus spina-christi", "Spread": 2.5, "SpreadP": 10}}, {"type": "Feature", "id": 464, "geometry": {"type": "Point", "coordinates": [46.700041741000064, 24.897827969000048]}, "properties": {"OBJECTID": 464, "Species": "Ziziphus spina-christi", "Spread": 4, "SpreadP": 10}}, {"type": "Feature", "id": 465, "geometry": {"type": "Point", "coordinates": [46.700090000000046, 24.89787000000007]}, "properties": {"OBJECTID": 465, "Species": "Ziziphus spina-christi", "Spread": 2, "SpreadP": 10}}, {"type": "Feature", "id": 466, "geometry": {"type": "Point", "coordinates": [46.70010343200005, 24.897897003000026]}, "properties": {"OBJECTID": 466, "Species": "Ziziphus spina-christi", "Spread": 2, "SpreadP": 10}}, {"type": "Feature", "id": 467, "geometry": {"type": "Point", "coordinates": [46.70016411700004, 24.897918291000053]}, "properties": {"OBJECTID": 467, "Species": "Ziziphus spina-christi", "Spread": 4, "SpreadP": 10}}, {"type": "Feature", "id": 468, "geometry": {"type": "Point", "coordinates": [46.70020000000005, 24.89793000000003]}, "properties": {"OBJECTID": 468, "Species": "Ziziphus spina-christi", "Spread": 2.2, "SpreadP": 10}}, {"type": "Feature", "id": 469, "geometry": {"type": "Point", "coordinates": [46.70023000000003, 24.89796000000007]}, "properties": {"OBJECTID": 469, "Species": "Ziziphus spina-christi", "Spread": 2.5, "SpreadP": 10}}, {"type": "Feature", "id": 470, "geometry": {"type": "Point", "coordinates": [46.700172499000075, 24.89797789800008]}, "properties": {"OBJECTID": 470, "Species": "Ziziphus spina-christi", "Spread": 2, "SpreadP": 10}}, {"type": "Feature", "id": 471, "geometry": {"type": "Point", "coordinates": [46.700334773000066, 24.89802990100003]}, "properties": {"OBJECTID": 471, "Species": "Ziziphus spina-christi", "Spread": 5, "SpreadP": 10}}, {"type": "Feature", "id": 472, "geometry": {"type": "Point", "coordinates": [46.70037064700006, 24.898084338000047]}, "properties": {"OBJECTID": 472, "Species": "Ziziphus spina-christi", "Spread": 3, "SpreadP": 10}}, {"type": "Feature", "id": 473, "geometry": {"type": "Point", "coordinates": [46.700455807000026, 24.89816310300006]}, "properties": {"OBJECTID": 473, "Species": "Ziziphus spina-christi", "Spread": 3, "SpreadP": 10}}, {"type": "Feature", "id": 474, "geometry": {"type": "Point", "coordinates": [46.70041000000003, 24.898180000000025]}, "properties": {"OBJECTID": 474, "Species": "Ziziphus spina-christi", "Spread": 2.5, "SpreadP": 10}}, {"type": "Feature", "id": 475, "geometry": {"type": "Point", "coordinates": [46.700450000000046, 24.898220000000038]}, "properties": {"OBJECTID": 475, "Species": "Ziziphus spina-christi", "Spread": 2.5, "SpreadP": 10}}, {"type": "Feature", "id": 476, "geometry": {"type": "Point", "coordinates": [46.699490000000026, 24.898340000000076]}, "properties": {"OBJECTID": 476, "Species": "Ziziphus spina-christi", "Spread": 3, "SpreadP": 10}}, {"type": "Feature", "id": 477, "geometry": {"type": "Point", "coordinates": [46.69954000000007, 24.898390000000063]}, "properties": {"OBJECTID": 477, "Species": "Ziziphus spina-christi", "Spread": 3, "SpreadP": 10}}, {"type": "Feature", "id": 478, "geometry": {"type": "Point", "coordinates": [46.699610000000064, 24.89847000000003]}, "properties": {"OBJECTID": 478, "Species": "Ziziphus spina-christi", "Spread": 3, "SpreadP": 10}}, {"type": "Feature", "id": 479, "geometry": {"type": "Point", "coordinates": [46.699760000000026, 24.89862000000005]}, "properties": {"OBJECTID": 479, "Species": "Ziziphus spina-christi", "Spread": 3.2, "SpreadP": 10}}, {"type": "Feature", "id": 480, "geometry": {"type": "Point", "coordinates": [46.699820000000045, 24.89868000000007]}, "properties": {"OBJECTID": 480, "Species": "Ziziphus spina-christi", "Spread": 2, "SpreadP": 10}}, {"type": "Feature", "id": 481, "geometry": {"type": "Point", "coordinates": [46.69990000000007, 24.898750000000064]}, "properties": {"OBJECTID": 481, "Species": "Ziziphus spina-christi", "Spread": 2.5, "SpreadP": 10}}, {"type": "Feature", "id": 482, "geometry": {"type": "Point", "coordinates": [46.683800000000076, 24.855950000000064]}, "properties": {"OBJECTID": 482, "Species": "Vachellia farnesiana", "Spread": 3, "SpreadP": 8}}, {"type": "Feature", "id": 483, "geometry": {"type": "Point", "coordinates": [46.68401364300007, 24.856083734000038]}, "properties": {"OBJECTID": 483, "Species": null, "Spread": 4.399646332929874, "SpreadP": 11.3}}, {"type": "Feature", "id": 484, "geometry": {"type": "Point", "coordinates": [46.684059639000054, 24.85609762300004]}, "properties": {"OBJECTID": 484, "Species": null, "Spread": 4.10426110093071, "SpreadP": 11.3}}, {"type": "Feature", "id": 485, "geometry": {"type": "Point", "coordinates": [46.68409239400006, 24.856127650000076]}, "properties": {"OBJECTID": 485, "Species": null, "Spread": 3.7466606440567527, "SpreadP": 11.3}}, {"type": "Feature", "id": 486, "geometry": {"type": "Point", "coordinates": [46.68425000000008, 24.85615000000007]}, "properties": {"OBJECTID": 486, "Species": "Ziziphus spina-christi", "Spread": 5, "SpreadP": 10}}, {"type": "Feature", "id": 487, "geometry": {"type": "Point", "coordinates": [46.68422902800006, 24.856195041000035]}, "properties": {"OBJECTID": 487, "Species": null, "Spread": 3.565347852370632, "SpreadP": 11.3}}, {"type": "Feature", "id": 488, "geometry": {"type": "Point", "coordinates": [46.684264968000036, 24.856195935000073]}, "properties": {"OBJECTID": 488, "Species": null, "Spread": 4.179574924750354, "SpreadP": 11.3}}, {"type": "Feature", "id": 489, "geometry": {"type": "Point", "coordinates": [46.683696747000056, 24.85620402400008]}, "properties": {"OBJECTID": 489, "Species": null, "Spread": 3.079898996892437, "SpreadP": 11.3}}, {"type": "Feature", "id": 490, "geometry": {"type": "Point", "coordinates": [46.68429636500008, 24.85622678200008]}, "properties": {"OBJECTID": 490, "Species": null, "Spread": 4.520211454892199, "SpreadP": 11.3}}, {"type": "Feature", "id": 491, "geometry": {"type": "Point", "coordinates": [46.683790000000045, 24.856250000000045]}, "properties": {"OBJECTID": 491, "Species": "Vachellia farnesiana", "Spread": 2, "SpreadP": 8}}, {"type": "Feature", "id": 492, "geometry": {"type": "Point", "coordinates": [46.684390000000064, 24.856270000000052]}, "properties": {"OBJECTID": 492, "Species": "Ziziphus spina-christi", "Spread": 4.4, "SpreadP": 10}}, {"type": "Feature", "id": 493, "geometry": {"type": "Point", "coordinates": [46.68445000000003, 24.856270000000052]}, "properties": {"OBJECTID": 493, "Species": "Ziziphus spina-christi", "Spread": 4.8, "SpreadP": 10}}, {"type": "Feature", "id": 494, "geometry": {"type": "Point", "coordinates": [46.683730000000025, 24.856310000000065]}, "properties": {"OBJECTID": 494, "Species": "Ziziphus spina-christi", "Spread": 2, "SpreadP": 10}}, {"type": "Feature", "id": 495, "geometry": {"type": "Point", "coordinates": [46.683910000000026, 24.856310000000065]}, "properties": {"OBJECTID": 495, "Species": "Vachellia farnesiana", "Spread": 2.5, "SpreadP": 8}}, {"type": "Feature", "id": 496, "geometry": {"type": "Point", "coordinates": [46.684750000000065, 24.856490000000065]}, "properties": {"OBJECTID": 496, "Species": "Ziziphus spina-christi", "Spread": 5.2, "SpreadP": 10}}, {"type": "Feature", "id": 497, "geometry": {"type": "Point", "coordinates": [46.68491114900007, 24.85653141000006]}, "properties": {"OBJECTID": 497, "Species": null, "Spread": 3.7153072833927303, "SpreadP": 11.3}}, {"type": "Feature", "id": 498, "geometry": {"type": "Point", "coordinates": [46.68486714200003, 24.856543874000067]}, "properties": {"OBJECTID": 498, "Species": null, "Spread": 3.9130911201617287, "SpreadP": 11.3}}, {"type": "Feature", "id": 499, "geometry": {"type": "Point", "coordinates": [46.684920000000034, 24.85656000000006]}, "properties": {"OBJECTID": 499, "Species": "Vachellia farnesiana", "Spread": 3, "SpreadP": 8}}, {"type": "Feature", "id": 500, "geometry": {"type": "Point", "coordinates": [46.68500157700004, 24.856606417000023]}, "properties": {"OBJECTID": 500, "Species": null, "Spread": 4.697873557715523, "SpreadP": 11.3}}, {"type": "Feature", "id": 501, "geometry": {"type": "Point", "coordinates": [46.68508210500005, 24.85664627400007]}, "properties": {"OBJECTID": 501, "Species": null, "Spread": 5.471884778681453, "SpreadP": 11.3}}, {"type": "Feature", "id": 502, "geometry": {"type": "Point", "coordinates": [46.68518372300008, 24.856700799000066]}, "properties": {"OBJECTID": 502, "Species": null, "Spread": 5.028207515170422, "SpreadP": 11.3}}, {"type": "Feature", "id": 503, "geometry": {"type": "Point", "coordinates": [46.68522471500006, 24.85671441900007]}, "properties": {"OBJECTID": 503, "Species": null, "Spread": 6.64966298618203, "SpreadP": 11.3}}, {"type": "Feature", "id": 504, "geometry": {"type": "Point", "coordinates": [46.68474000000003, 24.85678000000007]}, "properties": {"OBJECTID": 504, "Species": "Vachellia farnesiana", "Spread": 2, "SpreadP": 8}}, {"type": "Feature", "id": 505, "geometry": {"type": "Point", "coordinates": [46.68489000000005, 24.856800000000078]}, "properties": {"OBJECTID": 505, "Species": "Ziziphus spina-christi", "Spread": 3, "SpreadP": 10}}, {"type": "Feature", "id": 506, "geometry": {"type": "Point", "coordinates": [46.68548955600005, 24.85688609500005]}, "properties": {"OBJECTID": 506, "Species": null, "Spread": 4.893310361698517, "SpreadP": 11.3}}, {"type": "Feature", "id": 507, "geometry": {"type": "Point", "coordinates": [46.685520000000054, 24.856890000000078]}, "properties": {"OBJECTID": 507, "Species": "Ziziphus spina-christi", "Spread": 5, "SpreadP": 10}}, {"type": "Feature", "id": 508, "geometry": {"type": "Point", "coordinates": [46.68559000000005, 24.856930000000034]}, "properties": {"OBJECTID": 508, "Species": "Ziziphus spina-christi", "Spread": 4.6, "SpreadP": 10}}, {"type": "Feature", "id": 509, "geometry": {"type": "Point", "coordinates": [46.68562000000003, 24.85698000000008]}, "properties": {"OBJECTID": 509, "Species": "Ziziphus spina-christi", "Spread": 4.5, "SpreadP": 10}}, {"type": "Feature", "id": 510, "geometry": {"type": "Point", "coordinates": [46.68584081200004, 24.857091311000033]}, "properties": {"OBJECTID": 510, "Species": null, "Spread": 5.386164035150526, "SpreadP": 11.3}}, {"type": "Feature", "id": 511, "geometry": {"type": "Point", "coordinates": [46.685470000000066, 24.857150000000047]}, "properties": {"OBJECTID": 511, "Species": "Ziziphus spina-christi", "Spread": 2.5, "SpreadP": 10}}, {"type": "Feature", "id": 512, "geometry": {"type": "Point", "coordinates": [46.68595661100005, 24.857150297000032]}, "properties": {"OBJECTID": 512, "Species": null, "Spread": 4.755761663422516, "SpreadP": 11.3}}, {"type": "Feature", "id": 513, "geometry": {"type": "Point", "coordinates": [46.68541000000005, 24.857270000000028]}, "properties": {"OBJECTID": 513, "Species": "Vachellia farnesiana", "Spread": 3.5, "SpreadP": 8}}, {"type": "Feature", "id": 514, "geometry": {"type": "Point", "coordinates": [46.68576000000007, 24.85731000000004]}, "properties": {"OBJECTID": 514, "Species": "Ziziphus spina-christi", "Spread": 1, "SpreadP": 10}}, {"type": "Feature", "id": 515, "geometry": {"type": "Point", "coordinates": [46.68566000000004, 24.85737000000006]}, "properties": {"OBJECTID": 515, "Species": "Ziziphus spina-christi", "Spread": 2.5, "SpreadP": 10}}, {"type": "Feature", "id": 516, "geometry": {"type": "Point", "coordinates": [46.68577000000005, 24.857440000000054]}, "properties": {"OBJECTID": 516, "Species": "Ziziphus spina-christi", "Spread": 3.5, "SpreadP": 10}}, {"type": "Feature", "id": 517, "geometry": {"type": "Point", "coordinates": [46.686240000000055, 24.85737000000006]}, "properties": {"OBJECTID": 517, "Species": "Ziziphus spina-christi", "Spread": 4.6, "SpreadP": 10}}, {"type": "Feature", "id": 518, "geometry": {"type": "Point", "coordinates": [46.68635000000006, 24.85737000000006]}, "properties": {"OBJECTID": 518, "Species": "Ziziphus spina-christi", "Spread": 5, "SpreadP": 10}}, {"type": "Feature", "id": 519, "geometry": {"type": "Point", "coordinates": [46.686268307000034, 24.857380809000063]}, "properties": {"OBJECTID": 519, "Species": null, "Spread": 6.288094573836003, "SpreadP": 11.3}}, {"type": "Feature", "id": 520, "geometry": {"type": "Point", "coordinates": [46.686352879000026, 24.85740970300003]}, "properties": {"OBJECTID": 520, "Species": null, "Spread": 4.23518146895708, "SpreadP": 11.3}}, {"type": "Feature", "id": 521, "geometry": {"type": "Point", "coordinates": [46.68641000000008, 24.857420000000047]}, "properties": {"OBJECTID": 521, "Species": "Ziziphus spina-christi", "Spread": 6, "SpreadP": 10}}, {"type": "Feature", "id": 522, "geometry": {"type": "Point", "coordinates": [46.68641780400003, 24.85745084900003]}, "properties": {"OBJECTID": 522, "Species": null, "Spread": 4.769866144441704, "SpreadP": 11.3}}, {"type": "Feature", "id": 523, "geometry": {"type": "Point", "coordinates": [46.686930000000075, 24.857840000000067]}, "properties": {"OBJECTID": 523, "Species": "Ziziphus spina-christi", "Spread": 2.5, "SpreadP": 10}}, {"type": "Feature", "id": 524, "geometry": {"type": "Point", "coordinates": [46.68704000000008, 24.857860000000073]}, "properties": {"OBJECTID": 524, "Species": "Ziziphus spina-christi", "Spread": 3.5, "SpreadP": 10}}, {"type": "Feature", "id": 525, "geometry": {"type": "Point", "coordinates": [46.687100000000044, 24.85791000000006]}, "properties": {"OBJECTID": 525, "Species": "Ziziphus spina-christi", "Spread": 3.5, "SpreadP": 10}}, {"type": "Feature", "id": 526, "geometry": {"type": "Point", "coordinates": [46.68645981900005, 24.85751911500006]}, "properties": {"OBJECTID": 526, "Species": null, "Spread": 4.150670545370124, "SpreadP": 11.3}}, {"type": "Feature", "id": 527, "geometry": {"type": "Point", "coordinates": [46.68649000000005, 24.857530000000054]}, "properties": {"OBJECTID": 527, "Species": "Ziziphus spina-christi", "Spread": 5.2, "SpreadP": 10}}, {"type": "Feature", "id": 528, "geometry": {"type": "Point", "coordinates": [46.68655400200004, 24.85753649800006]}, "properties": {"OBJECTID": 528, "Species": "Ziziphus spina-christi", "Spread": 5, "SpreadP": 10}}, {"type": "Feature", "id": 529, "geometry": {"type": "Point", "coordinates": [46.686180000000036, 24.857570000000067]}, "properties": {"OBJECTID": 529, "Species": "Ziziphus spina-christi", "Spread": 1, "SpreadP": 10}}, {"type": "Feature", "id": 530, "geometry": {"type": "Point", "coordinates": [46.68658000000005, 24.857590000000073]}, "properties": {"OBJECTID": 530, "Species": "Ziziphus spina-christi", "Spread": 2, "SpreadP": 10}}, {"type": "Feature", "id": 531, "geometry": {"type": "Point", "coordinates": [46.68688000000003, 24.85776000000004]}, "properties": {"OBJECTID": 531, "Species": "Ziziphus spina-christi", "Spread": 3, "SpreadP": 10}}, {"type": "Feature", "id": 532, "geometry": {"type": "Point", "coordinates": [46.68649000000005, 24.857780000000048]}, "properties": {"OBJECTID": 532, "Species": "Ziziphus spina-christi", "Spread": 3, "SpreadP": 10}}, {"type": "Feature", "id": 533, "geometry": {"type": "Point", "coordinates": [46.68650086800005, 24.857815237000068]}, "properties": {"OBJECTID": 533, "Species": null, "Spread": 4.108807830964903, "SpreadP": 11.3}}, {"type": "Feature", "id": 534, "geometry": {"type": "Point", "coordinates": [46.68663000000004, 24.858040000000074]}, "properties": {"OBJECTID": 534, "Species": "Ziziphus spina-christi", "Spread": 3.5, "SpreadP": 10}}, {"type": "Feature", "id": 535, "geometry": {"type": "Point", "coordinates": [46.68668000000008, 24.85808000000003]}, "properties": {"OBJECTID": 535, "Species": "Ziziphus spina-christi", "Spread": 5, "SpreadP": 10}}, {"type": "Feature", "id": 536, "geometry": {"type": "Point", "coordinates": [46.687139882000054, 24.857993434000036]}, "properties": {"OBJECTID": 536, "Species": null, "Spread": 5.30110503083804, "SpreadP": 11.3}}, {"type": "Feature", "id": 537, "geometry": {"type": "Point", "coordinates": [46.68717000000004, 24.858010000000036]}, "properties": {"OBJECTID": 537, "Species": "Ziziphus spina-christi", "Spread": 5, "SpreadP": 10}}, {"type": "Feature", "id": 538, "geometry": {"type": "Point", "coordinates": [46.68726000000004, 24.858010000000036]}, "properties": {"OBJECTID": 538, "Species": "Ziziphus spina-christi", "Spread": 3, "SpreadP": 10}}, {"type": "Feature", "id": 539, "geometry": {"type": "Point", "coordinates": [46.68733000000003, 24.858100000000036]}, "properties": {"OBJECTID": 539, "Species": "Ziziphus spina-christi", "Spread": 3.2, "SpreadP": 10}}, {"type": "Feature", "id": 540, "geometry": {"type": "Point", "coordinates": [46.687290000000075, 24.858110000000067]}, "properties": {"OBJECTID": 540, "Species": "Ziziphus spina-christi", "Spread": 3, "SpreadP": 10}}, {"type": "Feature", "id": 541, "geometry": {"type": "Point", "coordinates": [46.68733000000003, 24.858160000000055]}, "properties": {"OBJECTID": 541, "Species": "Ziziphus spina-christi", "Spread": 4, "SpreadP": 10}}, {"type": "Feature", "id": 542, "geometry": {"type": "Point", "coordinates": [46.68748000000005, 24.85823000000005]}, "properties": {"OBJECTID": 542, "Species": "Ziziphus spina-christi", "Spread": 4.7, "SpreadP": 10}}, {"type": "Feature", "id": 543, "geometry": {"type": "Point", "coordinates": [46.68696108200004, 24.858322083000076]}, "properties": {"OBJECTID": 543, "Species": null, "Spread": 3.046362541820723, "SpreadP": 11.3}}, {"type": "Feature", "id": 544, "geometry": {"type": "Point", "coordinates": [46.68760000000003, 24.858340000000055]}, "properties": {"OBJECTID": 544, "Species": "Ziziphus spina-christi", "Spread": 4.6, "SpreadP": 10}}, {"type": "Feature", "id": 545, "geometry": {"type": "Point", "coordinates": [46.68768000000006, 24.858370000000036]}, "properties": {"OBJECTID": 545, "Species": "Ziziphus spina-christi", "Spread": 4.5, "SpreadP": 10}}, {"type": "Feature", "id": 546, "geometry": {"type": "Point", "coordinates": [46.687290000000075, 24.858380000000068]}, "properties": {"OBJECTID": 546, "Species": "Ziziphus spina-christi", "Spread": 2.5, "SpreadP": 10}}, {"type": "Feature", "id": 547, "geometry": {"type": "Point", "coordinates": [46.68721008000006, 24.85847496100007]}, "properties": {"OBJECTID": 547, "Species": null, "Spread": 3.2447032965788427, "SpreadP": 11.3}}, {"type": "Feature", "id": 548, "geometry": {"type": "Point", "coordinates": [46.68746525700004, 24.858527151000033]}, "properties": {"OBJECTID": 548, "Species": null, "Spread": 4.75570508819132, "SpreadP": 11.3}}, {"type": "Feature", "id": 549, "geometry": {"type": "Point", "coordinates": [46.68743765000005, 24.858603130000063]}, "properties": {"OBJECTID": 549, "Species": null, "Spread": 3.109703256063811, "SpreadP": 11.3}}, {"type": "Feature", "id": 550, "geometry": {"type": "Point", "coordinates": [46.68738270400007, 24.858645164000052]}, "properties": {"OBJECTID": 550, "Species": null, "Spread": 3.097138746201421, "SpreadP": 11.3}}, {"type": "Feature", "id": 551, "geometry": {"type": "Point", "coordinates": [46.687912770000025, 24.858589212000027]}, "properties": {"OBJECTID": 551, "Species": null, "Spread": 6.91778413979869, "SpreadP": 11.3}}, {"type": "Feature", "id": 552, "geometry": {"type": "Point", "coordinates": [46.68876820300005, 24.859355742000048]}, "properties": {"OBJECTID": 552, "Species": null, "Spread": 4.927443806267195, "SpreadP": 11.3}}, {"type": "Feature", "id": 553, "geometry": {"type": "Point", "coordinates": [46.68881277700007, 24.859730248000062]}, "properties": {"OBJECTID": 553, "Species": null, "Spread": 3.351115155024385, "SpreadP": 11.3}}, {"type": "Feature", "id": 554, "geometry": {"type": "Point", "coordinates": [46.689242009000054, 24.859761182000057]}, "properties": {"OBJECTID": 554, "Species": null, "Spread": 6.12464109553939, "SpreadP": 11.3}}, {"type": "Feature", "id": 555, "geometry": {"type": "Point", "coordinates": [46.68890580400006, 24.859773380000036]}, "properties": {"OBJECTID": 555, "Species": null, "Spread": 4.685350846907898, "SpreadP": 11.3}}, {"type": "Feature", "id": 556, "geometry": {"type": "Point", "coordinates": [46.68908992000007, 24.859964175000073]}, "properties": {"OBJECTID": 556, "Species": null, "Spread": 4.0459009196182585, "SpreadP": 11.3}}, {"type": "Feature", "id": 557, "geometry": {"type": "Point", "coordinates": [46.689494231000026, 24.860012477000055]}, "properties": {"OBJECTID": 557, "Species": null, "Spread": 3.757053619902196, "SpreadP": 11.3}}, {"type": "Feature", "id": 558, "geometry": {"type": "Point", "coordinates": [46.689040000000034, 24.86008000000004]}, "properties": {"OBJECTID": 558, "Species": "Ziziphus spina-christi", "Spread": 4, "SpreadP": 10}}, {"type": "Feature", "id": 559, "geometry": {"type": "Point", "coordinates": [46.68943000000007, 24.860380000000077]}, "properties": {"OBJECTID": 559, "Species": "Ziziphus spina-christi", "Spread": 5, "SpreadP": 10}}, {"type": "Feature", "id": 560, "geometry": {"type": "Point", "coordinates": [46.689477416000045, 24.86039979900005]}, "properties": {"OBJECTID": 560, "Species": null, "Spread": 4.317248590183209, "SpreadP": 11.3}}, {"type": "Feature", "id": 561, "geometry": {"type": "Point", "coordinates": [46.68956000000003, 24.860430000000065]}, "properties": {"OBJECTID": 561, "Species": "Ziziphus spina-christi", "Spread": 4, "SpreadP": 10}}, {"type": "Feature", "id": 562, "geometry": {"type": "Point", "coordinates": [46.68956183600005, 24.860460063000062]}, "properties": {"OBJECTID": 562, "Species": null, "Spread": 4.256342878971357, "SpreadP": 11.3}}, {"type": "Feature", "id": 563, "geometry": {"type": "Point", "coordinates": [46.68953000000005, 24.860560000000078]}, "properties": {"OBJECTID": 563, "Species": "Vachellia farnesiana", "Spread": 2, "SpreadP": 8}}, {"type": "Feature", "id": 564, "geometry": {"type": "Point", "coordinates": [46.68970000000007, 24.860560000000078]}, "properties": {"OBJECTID": 564, "Species": "Vachellia farnesiana", "Spread": 3, "SpreadP": 8}}, {"type": "Feature", "id": 565, "geometry": {"type": "Point", "coordinates": [46.68989829700007, 24.860490621000054]}, "properties": {"OBJECTID": 565, "Species": "Ziziphus spina-christi", "Spread": 4.6, "SpreadP": 10}}, {"type": "Feature", "id": 566, "geometry": {"type": "Point", "coordinates": [46.69009770800005, 24.86063678800008]}, "properties": {"OBJECTID": 566, "Species": null, "Spread": 5.2385932114957265, "SpreadP": 11.3}}, {"type": "Feature", "id": 567, "geometry": {"type": "Point", "coordinates": [46.68974692000006, 24.860647338000035]}, "properties": {"OBJECTID": 567, "Species": null, "Spread": 4.238119641663638, "SpreadP": 11.3}}, {"type": "Feature", "id": 568, "geometry": {"type": "Point", "coordinates": [46.68980215400006, 24.86071503900007]}, "properties": {"OBJECTID": 568, "Species": null, "Spread": 3.5535909508846752, "SpreadP": 11.3}}, {"type": "Feature", "id": 569, "geometry": {"type": "Point", "coordinates": [46.68969000000004, 24.860760000000028]}, "properties": {"OBJECTID": 569, "Species": "Ziziphus spina-christi", "Spread": 3, "SpreadP": 10}}, {"type": "Feature", "id": 570, "geometry": {"type": "Point", "coordinates": [46.68814000000003, 24.858790000000056]}, "properties": {"OBJECTID": 570, "Species": "Vachellia farnesiana", "Spread": 2.5, "SpreadP": 8}}, {"type": "Feature", "id": 571, "geometry": {"type": "Point", "coordinates": [46.687830000000076, 24.858840000000043]}, "properties": {"OBJECTID": 571, "Species": "Ziziphus spina-christi", "Spread": 4, "SpreadP": 10}}, {"type": "Feature", "id": 572, "geometry": {"type": "Point", "coordinates": [46.688219580000066, 24.858872914000074]}, "properties": {"OBJECTID": 572, "Species": null, "Spread": 3.644594298422881, "SpreadP": 11.3}}, {"type": "Feature", "id": 573, "geometry": {"type": "Point", "coordinates": [46.68829114300007, 24.858874858000036]}, "properties": {"OBJECTID": 573, "Species": null, "Spread": 3.362730839325942, "SpreadP": 11.3}}, {"type": "Feature", "id": 574, "geometry": {"type": "Point", "coordinates": [46.68793000000005, 24.858900000000062]}, "properties": {"OBJECTID": 574, "Species": "Vachellia farnesiana", "Spread": 2, "SpreadP": 8}}, {"type": "Feature", "id": 575, "geometry": {"type": "Point", "coordinates": [46.68840000000006, 24.85901000000007]}, "properties": {"OBJECTID": 575, "Species": "Ziziphus spina-christi", "Spread": 5, "SpreadP": 10}}, {"type": "Feature", "id": 576, "geometry": {"type": "Point", "coordinates": [46.68804990600006, 24.859022826000057]}, "properties": {"OBJECTID": 576, "Species": null, "Spread": 2.9685702275685064, "SpreadP": 11.3}}, {"type": "Feature", "id": 577, "geometry": {"type": "Point", "coordinates": [46.68842086300003, 24.859031611000034]}, "properties": {"OBJECTID": 577, "Species": null, "Spread": 6.409620538754328, "SpreadP": 11.3}}, {"type": "Feature", "id": 578, "geometry": {"type": "Point", "coordinates": [46.68849000000006, 24.859050000000025]}, "properties": {"OBJECTID": 578, "Species": "Ziziphus spina-christi", "Spread": 4.5, "SpreadP": 10}}, {"type": "Feature", "id": 579, "geometry": {"type": "Point", "coordinates": [46.68843813900003, 24.85905968700007]}, "properties": {"OBJECTID": 579, "Species": null, "Spread": 4.406642101644943, "SpreadP": 11.3}}, {"type": "Feature", "id": 580, "geometry": {"type": "Point", "coordinates": [46.68810000000008, 24.85910000000007]}, "properties": {"OBJECTID": 580, "Species": "Ziziphus spina-christi", "Spread": 3.5, "SpreadP": 10}}, {"type": "Feature", "id": 581, "geometry": {"type": "Point", "coordinates": [46.688540000000046, 24.859140000000025]}, "properties": {"OBJECTID": 581, "Species": "Ziziphus spina-christi", "Spread": 5, "SpreadP": 10}}, {"type": "Feature", "id": 582, "geometry": {"type": "Point", "coordinates": [46.68858000000006, 24.859140000000025]}, "properties": {"OBJECTID": 582, "Species": "Ziziphus spina-christi", "Spread": 4.8, "SpreadP": 10}}, {"type": "Feature", "id": 583, "geometry": {"type": "Point", "coordinates": [46.68801000000008, 24.859150000000056]}, "properties": {"OBJECTID": 583, "Species": "Vachellia farnesiana", "Spread": 2.5, "SpreadP": 8}}, {"type": "Feature", "id": 584, "geometry": {"type": "Point", "coordinates": [46.68857000000003, 24.859170000000063]}, "properties": {"OBJECTID": 584, "Species": "Ziziphus spina-christi", "Spread": 4.7, "SpreadP": 10}}, {"type": "Feature", "id": 585, "geometry": {"type": "Point", "coordinates": [46.688120000000026, 24.85925000000003]}, "properties": {"OBJECTID": 585, "Species": "Vachellia farnesiana", "Spread": 1.5, "SpreadP": 8}}, {"type": "Feature", "id": 586, "geometry": {"type": "Point", "coordinates": [46.68883119000003, 24.859403221000036]}, "properties": {"OBJECTID": 586, "Species": null, "Spread": 3.484647343900603, "SpreadP": 11.3}}, {"type": "Feature", "id": 587, "geometry": {"type": "Point", "coordinates": [46.688962977000074, 24.859472682000046]}, "properties": {"OBJECTID": 587, "Species": null, "Spread": 4.927330968114685, "SpreadP": 11.3}}, {"type": "Feature", "id": 588, "geometry": {"type": "Point", "coordinates": [46.68902465100007, 24.85958750800006]}, "properties": {"OBJECTID": 588, "Species": "Ziziphus spina-christi", "Spread": 5, "SpreadP": 10}}, {"type": "Feature", "id": 589, "geometry": {"type": "Point", "coordinates": [46.68874000000005, 24.859620000000064]}, "properties": {"OBJECTID": 589, "Species": "Ziziphus spina-christi", "Spread": 4, "SpreadP": 10}}, {"type": "Feature", "id": 590, "geometry": {"type": "Point", "coordinates": [46.68908860600004, 24.859619672000065]}, "properties": {"OBJECTID": 590, "Species": "Ziziphus spina-christi", "Spread": 4.5, "SpreadP": 10}}, {"type": "Feature", "id": 591, "geometry": {"type": "Point", "coordinates": [46.68835381400004, 24.859285767000074]}, "properties": {"OBJECTID": 591, "Species": null, "Spread": 4.5977889122282685, "SpreadP": 11.3}}, {"type": "Feature", "id": 592, "geometry": {"type": "Point", "coordinates": [46.68841968600003, 24.859348628000077]}, "properties": {"OBJECTID": 592, "Species": null, "Spread": 4.597732648215558, "SpreadP": 11.3}}, {"type": "Feature", "id": 593, "geometry": {"type": "Point", "coordinates": [46.68830000000003, 24.859410000000025]}, "properties": {"OBJECTID": 593, "Species": "Ziziphus spina-christi", "Spread": 3, "SpreadP": 10}}, {"type": "Feature", "id": 594, "geometry": {"type": "Point", "coordinates": [46.68849351000006, 24.859412519000045]}, "properties": {"OBJECTID": 594, "Species": null, "Spread": 4.9672188550954415, "SpreadP": 11.3}}, {"type": "Feature", "id": 595, "geometry": {"type": "Point", "coordinates": [46.68833373500007, 24.85941848300007]}, "properties": {"OBJECTID": 595, "Species": null, "Spread": 2.9947255386679417, "SpreadP": 11.3}}, {"type": "Feature", "id": 596, "geometry": {"type": "Point", "coordinates": [46.68839000000003, 24.859480000000076]}, "properties": {"OBJECTID": 596, "Species": "Ziziphus spina-christi", "Spread": 3.5, "SpreadP": 10}}, {"type": "Feature", "id": 597, "geometry": {"type": "Point", "coordinates": [46.68862000000007, 24.859540000000038]}, "properties": {"OBJECTID": 597, "Species": "Vachellia farnesiana", "Spread": 0.5, "SpreadP": 8}}, {"type": "Feature", "id": 598, "geometry": {"type": "Point", "coordinates": [46.68862000000007, 24.859680000000026]}, "properties": {"OBJECTID": 598, "Species": "Vachellia farnesiana", "Spread": 2.5, "SpreadP": 8}}, {"type": "Feature", "id": 599, "geometry": {"type": "Point", "coordinates": [46.68922364500003, 24.860100456000055]}, "properties": {"OBJECTID": 599, "Species": null, "Spread": 3.7399420784312363, "SpreadP": 11.3}}, {"type": "Feature", "id": 600, "geometry": {"type": "Point", "coordinates": [46.68909000000008, 24.860150000000033]}, "properties": {"OBJECTID": 600, "Species": "Ziziphus spina-christi", "Spread": 3, "SpreadP": 10}}, {"type": "Feature", "id": 601, "geometry": {"type": "Point", "coordinates": [46.68934000000007, 24.860210000000052]}, "properties": {"OBJECTID": 601, "Species": "Vachellia farnesiana", "Spread": 2.5, "SpreadP": 8}}, {"type": "Feature", "id": 602, "geometry": {"type": "Point", "coordinates": [46.689400000000035, 24.860300000000052]}, "properties": {"OBJECTID": 602, "Species": "Ziziphus spina-christi", "Spread": 4, "SpreadP": 10}}, {"type": "Feature", "id": 603, "geometry": {"type": "Point", "coordinates": [46.689320000000066, 24.86035000000004]}, "properties": {"OBJECTID": 603, "Species": "Vachellia farnesiana", "Spread": 3.5, "SpreadP": 8}}, {"type": "Feature", "id": 604, "geometry": {"type": "Point", "coordinates": [46.687560000000076, 24.858700000000056]}, "properties": {"OBJECTID": 604, "Species": "Vachellia farnesiana", "Spread": 2, "SpreadP": 8}}, {"type": "Feature", "id": 605, "geometry": {"type": "Point", "coordinates": [46.68769000000003, 24.858700000000056]}, "properties": {"OBJECTID": 605, "Species": "Ziziphus spina-christi", "Spread": 3, "SpreadP": 10}}, {"type": "Feature", "id": 606, "geometry": {"type": "Point", "coordinates": [46.68777000000006, 24.858760000000075]}, "properties": {"OBJECTID": 606, "Species": "Ziziphus spina-christi", "Spread": 4.5, "SpreadP": 10}}, {"type": "Feature", "id": 607, "geometry": {"type": "Point", "coordinates": [46.687640000000044, 24.85883000000007]}, "properties": {"OBJECTID": 607, "Species": "Ziziphus spina-christi", "Spread": 3, "SpreadP": 10}}, {"type": "Feature", "id": 608, "geometry": {"type": "Point", "coordinates": [46.68771000000004, 24.858880000000056]}, "properties": {"OBJECTID": 608, "Species": "Ziziphus spina-christi", "Spread": 3.5, "SpreadP": 10}}, {"type": "Feature", "id": 609, "geometry": {"type": "Point", "coordinates": [46.68692000000004, 24.85808000000003]}, "properties": {"OBJECTID": 609, "Species": "Ziziphus spina-christi", "Spread": 3, "SpreadP": 10}}, {"type": "Feature", "id": 610, "geometry": {"type": "Point", "coordinates": [46.68669766100004, 24.858117148000076]}, "properties": {"OBJECTID": 610, "Species": null, "Spread": 4.353226284450258, "SpreadP": 11.3}}, {"type": "Feature", "id": 611, "geometry": {"type": "Point", "coordinates": [46.686780000000056, 24.858130000000074]}, "properties": {"OBJECTID": 611, "Species": "Ziziphus spina-christi", "Spread": 3.5, "SpreadP": 10}}, {"type": "Feature", "id": 612, "geometry": {"type": "Point", "coordinates": [46.68682000000007, 24.858190000000036]}, "properties": {"OBJECTID": 612, "Species": "Vachellia farnesiana", "Spread": 2, "SpreadP": 8}}, {"type": "Feature", "id": 613, "geometry": {"type": "Point", "coordinates": [46.69178000000005, 24.863300000000038]}, "properties": {"OBJECTID": 613, "Species": "Ziziphus spina-christi", "Spread": 3.5, "SpreadP": 10}}, {"type": "Feature", "id": 614, "geometry": {"type": "Point", "coordinates": [46.69208113900004, 24.863312978000067]}, "properties": {"OBJECTID": 614, "Species": null, "Spread": 3.3743065407138175, "SpreadP": 11.3}}, {"type": "Feature", "id": 615, "geometry": {"type": "Point", "coordinates": [46.69215961700007, 24.863357591000067]}, "properties": {"OBJECTID": 615, "Species": null, "Spread": 3.61491242336344, "SpreadP": 11.3}}, {"type": "Feature", "id": 616, "geometry": {"type": "Point", "coordinates": [46.691820000000064, 24.863380000000063]}, "properties": {"OBJECTID": 616, "Species": "Ziziphus spina-christi", "Spread": 4, "SpreadP": 10}}, {"type": "Feature", "id": 617, "geometry": {"type": "Point", "coordinates": [46.692189916000075, 24.863419518000057]}, "properties": {"OBJECTID": 617, "Species": null, "Spread": 4.183393355016043, "SpreadP": 11.3}}, {"type": "Feature", "id": 618, "geometry": {"type": "Point", "coordinates": [46.69224124600004, 24.863473206000037]}, "properties": {"OBJECTID": 618, "Species": null, "Spread": 3.784569177384114, "SpreadP": 11.3}}, {"type": "Feature", "id": 619, "geometry": {"type": "Point", "coordinates": [46.692030000000045, 24.863640000000032]}, "properties": {"OBJECTID": 619, "Species": "Vachellia farnesiana", "Spread": 1, "SpreadP": 8}}, {"type": "Feature", "id": 620, "geometry": {"type": "Point", "coordinates": [46.69235745300006, 24.863691836000044]}, "properties": {"OBJECTID": 620, "Species": null, "Spread": 4.767101760773194, "SpreadP": 11.3}}, {"type": "Feature", "id": 621, "geometry": {"type": "Point", "coordinates": [46.69232016700005, 24.86369900400007]}, "properties": {"OBJECTID": 621, "Species": null, "Spread": 4.9799119719624185, "SpreadP": 11.3}}, {"type": "Feature", "id": 622, "geometry": {"type": "Point", "coordinates": [46.69205000000005, 24.863710000000026]}, "properties": {"OBJECTID": 622, "Species": "Vachellia farnesiana", "Spread": 1, "SpreadP": 8}}, {"type": "Feature", "id": 623, "geometry": {"type": "Point", "coordinates": [46.69236573300003, 24.86372217400003]}, "properties": {"OBJECTID": 623, "Species": null, "Spread": 3.7047972007572256, "SpreadP": 11.3}}, {"type": "Feature", "id": 624, "geometry": {"type": "Point", "coordinates": [46.69241234700007, 24.863801153000054]}, "properties": {"OBJECTID": 624, "Species": null, "Spread": 3.4392300654324717, "SpreadP": 11.3}}, {"type": "Feature", "id": 625, "geometry": {"type": "Point", "coordinates": [46.69190000000003, 24.86384000000004]}, "properties": {"OBJECTID": 625, "Species": "Vachellia farnesiana", "Spread": 3, "SpreadP": 8}}, {"type": "Feature", "id": 626, "geometry": {"type": "Point", "coordinates": [46.69243088300004, 24.86385289900005]}, "properties": {"OBJECTID": 626, "Species": null, "Spread": 4.255891525304656, "SpreadP": 11.3}}, {"type": "Feature", "id": 627, "geometry": {"type": "Point", "coordinates": [46.69246357800006, 24.863978494000037]}, "properties": {"OBJECTID": 627, "Species": "Ziziphus spina-christi", "Spread": 5, "SpreadP": 10}}, {"type": "Feature", "id": 628, "geometry": {"type": "Point", "coordinates": [46.69244000000003, 24.864420000000052]}, "properties": {"OBJECTID": 628, "Species": "Vachellia farnesiana", "Spread": 2, "SpreadP": 8}}, {"type": "Feature", "id": 629, "geometry": {"type": "Point", "coordinates": [46.69235000000003, 24.864500000000078]}, "properties": {"OBJECTID": 629, "Species": "Ziziphus spina-christi", "Spread": 3, "SpreadP": 10}}, {"type": "Feature", "id": 630, "geometry": {"type": "Point", "coordinates": [46.69247000000007, 24.864500000000078]}, "properties": {"OBJECTID": 630, "Species": "Vachellia farnesiana", "Spread": 2.5, "SpreadP": 8}}, {"type": "Feature", "id": 631, "geometry": {"type": "Point", "coordinates": [46.69249789700007, 24.864512671000057]}, "properties": {"OBJECTID": 631, "Species": null, "Spread": 3.84211642346946, "SpreadP": 11.3}}, {"type": "Feature", "id": 632, "geometry": {"type": "Point", "coordinates": [46.692390000000046, 24.864580000000046]}, "properties": {"OBJECTID": 632, "Species": "Ziziphus spina-christi", "Spread": 2.5, "SpreadP": 10}}, {"type": "Feature", "id": 633, "geometry": {"type": "Point", "coordinates": [46.69241659800008, 24.86459676900006]}, "properties": {"OBJECTID": 633, "Species": null, "Spread": 3.4429435312066827, "SpreadP": 11.3}}, {"type": "Feature", "id": 634, "geometry": {"type": "Point", "coordinates": [46.69253000000003, 24.864600000000053]}, "properties": {"OBJECTID": 634, "Species": "Vachellia farnesiana", "Spread": 2.5, "SpreadP": 8}}, {"type": "Feature", "id": 635, "geometry": {"type": "Point", "coordinates": [46.68278440800003, 24.855235325000024]}, "properties": {"OBJECTID": 635, "Species": "Albizia lebbeck", "Spread": 4, "SpreadP": 18}}, {"type": "Feature", "id": 636, "geometry": {"type": "Point", "coordinates": [46.68218011100004, 24.85526407800006]}, "properties": {"OBJECTID": 636, "Species": null, "Spread": 3.7592936993572086, "SpreadP": 11.3}}, {"type": "Feature", "id": 637, "geometry": {"type": "Point", "coordinates": [46.68284300000005, 24.85525700000005]}, "properties": {"OBJECTID": 637, "Species": "Albizia lebbeck", "Spread": 3.5, "SpreadP": 18}}, {"type": "Feature", "id": 638, "geometry": {"type": "Point", "coordinates": [46.682271771000046, 24.85526757200006]}, "properties": {"OBJECTID": 638, "Species": "Ziziphus spina-christi", "Spread": 5, "SpreadP": 10}}, {"type": "Feature", "id": 639, "geometry": {"type": "Point", "coordinates": [46.68279188200006, 24.855264985000076]}, "properties": {"OBJECTID": 639, "Species": null, "Spread": 4.280968546754926, "SpreadP": 11.3}}, {"type": "Feature", "id": 640, "geometry": {"type": "Point", "coordinates": [46.68229296700008, 24.85529200600007]}, "properties": {"OBJECTID": 640, "Species": null, "Spread": 5.36965386001649, "SpreadP": 11.3}}, {"type": "Feature", "id": 641, "geometry": {"type": "Point", "coordinates": [46.68231000000003, 24.855330000000038]}, "properties": {"OBJECTID": 641, "Species": "Ziziphus spina-christi", "Spread": 5, "SpreadP": 10}}, {"type": "Feature", "id": 642, "geometry": {"type": "Point", "coordinates": [46.682673901000044, 24.855424450000044]}, "properties": {"OBJECTID": 642, "Species": null, "Spread": 5.026120161663063, "SpreadP": 11.3}}, {"type": "Feature", "id": 643, "geometry": {"type": "Point", "coordinates": [46.68275627500003, 24.85544634400003]}, "properties": {"OBJECTID": 643, "Species": null, "Spread": 5.754824597498057, "SpreadP": 11.3}}, {"type": "Feature", "id": 644, "geometry": {"type": "Point", "coordinates": [46.682600000000036, 24.855450000000076]}, "properties": {"OBJECTID": 644, "Species": "Ziziphus spina-christi", "Spread": 3, "SpreadP": 10}}, {"type": "Feature", "id": 645, "geometry": {"type": "Point", "coordinates": [46.68297000000007, 24.855620000000044]}, "properties": {"OBJECTID": 645, "Species": "Vachellia farnesiana", "Spread": 2.5, "SpreadP": 8}}, {"type": "Feature", "id": 646, "geometry": {"type": "Point", "coordinates": [46.68295190100008, 24.855872900000065]}, "properties": {"OBJECTID": 646, "Species": null, "Spread": 3.608829311151958, "SpreadP": 11.3}}, {"type": "Feature", "id": 647, "geometry": {"type": "Point", "coordinates": [46.68304000000006, 24.855950000000064]}, "properties": {"OBJECTID": 647, "Species": "Vachellia farnesiana", "Spread": 2.5, "SpreadP": 8}}, {"type": "Feature", "id": 648, "geometry": {"type": "Point", "coordinates": [46.683163258000036, 24.85595997100006]}, "properties": {"OBJECTID": 648, "Species": null, "Spread": 4.5202114545964385, "SpreadP": 11.3}}, {"type": "Feature", "id": 649, "geometry": {"type": "Point", "coordinates": [46.68313000000006, 24.85597000000007]}, "properties": {"OBJECTID": 649, "Species": "Ziziphus spina-christi", "Spread": 3.5, "SpreadP": 10}}, {"type": "Feature", "id": 650, "geometry": {"type": "Point", "coordinates": [46.682690000000036, 24.855450000000076]}, "properties": {"OBJECTID": 650, "Species": "Ziziphus spina-christi", "Spread": 3.6, "SpreadP": 10}}, {"type": "Feature", "id": 651, "geometry": {"type": "Point", "coordinates": [46.68276000000003, 24.855480000000057]}, "properties": {"OBJECTID": 651, "Species": "Ziziphus spina-christi", "Spread": 4.6, "SpreadP": 10}}, {"type": "Feature", "id": 652, "geometry": {"type": "Point", "coordinates": [46.68283364200005, 24.855540793000046]}, "properties": {"OBJECTID": 652, "Species": null, "Spread": 3.4879512386713634, "SpreadP": 11.3}}, {"type": "Feature", "id": 653, "geometry": {"type": "Point", "coordinates": [46.68228000000005, 24.855600000000038]}, "properties": {"OBJECTID": 653, "Species": "Ziziphus spina-christi", "Spread": 3, "SpreadP": 10}}, {"type": "Feature", "id": 654, "geometry": {"type": "Point", "coordinates": [46.68256000000008, 24.855710000000045]}, "properties": {"OBJECTID": 654, "Species": "Ziziphus spina-christi", "Spread": 3.5, "SpreadP": 10}}, {"type": "Feature", "id": 655, "geometry": {"type": "Point", "coordinates": [46.68271093200008, 24.85572895100006]}, "properties": {"OBJECTID": 655, "Species": null, "Spread": 3.9361664055141676, "SpreadP": 11.3}}, {"type": "Feature", "id": 656, "geometry": {"type": "Point", "coordinates": [46.682630000000074, 24.85573000000005]}, "properties": {"OBJECTID": 656, "Species": "Ziziphus spina-christi", "Spread": 3.5, "SpreadP": 10}}, {"type": "Feature", "id": 657, "geometry": {"type": "Point", "coordinates": [46.68273000000005, 24.855770000000064]}, "properties": {"OBJECTID": 657, "Species": "Ziziphus spina-christi", "Spread": 3.5, "SpreadP": 10}}, {"type": "Feature", "id": 658, "geometry": {"type": "Point", "coordinates": [46.682810000000075, 24.855830000000026]}, "properties": {"OBJECTID": 658, "Species": "Ziziphus spina-christi", "Spread": 2.5, "SpreadP": 10}}, {"type": "Feature", "id": 659, "geometry": {"type": "Point", "coordinates": [46.68323000000004, 24.856020000000058]}, "properties": {"OBJECTID": 659, "Species": "Ziziphus spina-christi", "Spread": 2, "SpreadP": 10}}, {"type": "Feature", "id": 660, "geometry": {"type": "Point", "coordinates": [46.68338000000006, 24.856040000000064]}, "properties": {"OBJECTID": 660, "Species": "Ziziphus spina-christi", "Spread": 4, "SpreadP": 10}}, {"type": "Feature", "id": 661, "geometry": {"type": "Point", "coordinates": [46.68310648700003, 24.856120463000025]}, "properties": {"OBJECTID": 661, "Species": null, "Spread": 3.280557459827009, "SpreadP": 11.3}}, {"type": "Feature", "id": 662, "geometry": {"type": "Point", "coordinates": [46.68360872800008, 24.856157135000046]}, "properties": {"OBJECTID": 662, "Species": null, "Spread": 3.488370696627271, "SpreadP": 11.3}}, {"type": "Feature", "id": 663, "geometry": {"type": "Point", "coordinates": [46.683311468000056, 24.85621217000005]}, "properties": {"OBJECTID": 663, "Species": null, "Spread": 2.9947255360000584, "SpreadP": 11.3}}, {"type": "Feature", "id": 664, "geometry": {"type": "Point", "coordinates": [46.68360010400005, 24.856294628000057]}, "properties": {"OBJECTID": 664, "Species": null, "Spread": 3.7257877198887734, "SpreadP": 11.3}}, {"type": "Feature", "id": 665, "geometry": {"type": "Point", "coordinates": [46.68206874700007, 24.85521036600005]}, "properties": {"OBJECTID": 665, "Species": null, "Spread": 3.9394631419259594, "SpreadP": 11.3}}, {"type": "Feature", "id": 666, "geometry": {"type": "Point", "coordinates": [46.68586000000005, 24.857470000000035]}, "properties": {"OBJECTID": 666, "Species": "Ziziphus spina-christi", "Spread": 4, "SpreadP": 10}}, {"type": "Feature", "id": 667, "geometry": {"type": "Point", "coordinates": [46.685857173000045, 24.85750156100005]}, "properties": {"OBJECTID": 667, "Species": null, "Spread": 3.6730865123280014, "SpreadP": 11.3}}, {"type": "Feature", "id": 668, "geometry": {"type": "Point", "coordinates": [46.685910000000035, 24.857590000000073]}, "properties": {"OBJECTID": 668, "Species": "Vachellia farnesiana", "Spread": 2.5, "SpreadP": 8}}, {"type": "Feature", "id": 669, "geometry": {"type": "Point", "coordinates": [46.684474401000045, 24.85630377900003]}, "properties": {"OBJECTID": 669, "Species": null, "Spread": 8.493349042211587, "SpreadP": 11.3}}, {"type": "Feature", "id": 670, "geometry": {"type": "Point", "coordinates": [46.68369280100006, 24.856336397000064]}, "properties": {"OBJECTID": 670, "Species": null, "Spread": 3.3973396174445494, "SpreadP": 11.3}}, {"type": "Feature", "id": 671, "geometry": {"type": "Point", "coordinates": [46.68404000000004, 24.856340000000046]}, "properties": {"OBJECTID": 671, "Species": "Ziziphus spina-christi", "Spread": 3, "SpreadP": 10}}, {"type": "Feature", "id": 672, "geometry": {"type": "Point", "coordinates": [46.68413000000004, 24.856430000000046]}, "properties": {"OBJECTID": 672, "Species": "Ziziphus spina-christi", "Spread": 3.5, "SpreadP": 10}}, {"type": "Feature", "id": 673, "geometry": {"type": "Point", "coordinates": [46.68423000000007, 24.85647000000006]}, "properties": {"OBJECTID": 673, "Species": "Ziziphus spina-christi", "Spread": 3.5, "SpreadP": 10}}, {"type": "Feature", "id": 674, "geometry": {"type": "Point", "coordinates": [46.68495000000007, 24.856890000000078]}, "properties": {"OBJECTID": 674, "Species": "Ziziphus spina-christi", "Spread": 4.5, "SpreadP": 10}}, {"type": "Feature", "id": 675, "geometry": {"type": "Point", "coordinates": [46.68497491100004, 24.856905781000023]}, "properties": {"OBJECTID": 675, "Species": null, "Spread": 4.151492357137176, "SpreadP": 11.3}}, {"type": "Feature", "id": 676, "geometry": {"type": "Point", "coordinates": [46.68508000000003, 24.85692000000006]}, "properties": {"OBJECTID": 676, "Species": "Ziziphus spina-christi", "Spread": 3.5, "SpreadP": 10}}, {"type": "Feature", "id": 677, "geometry": {"type": "Point", "coordinates": [46.68531000000007, 24.857170000000053]}, "properties": {"OBJECTID": 677, "Species": "Vachellia farnesiana", "Spread": 2, "SpreadP": 8}}, {"type": "Feature", "id": 678, "geometry": {"type": "Point", "coordinates": [46.63746748300008, 24.83642822400003]}, "properties": {"OBJECTID": 678, "Species": null, "Spread": 4.563139401227629, "SpreadP": 11.3}}, {"type": "Feature", "id": 679, "geometry": {"type": "Point", "coordinates": [46.63767297000004, 24.83646538000005]}, "properties": {"OBJECTID": 679, "Species": "Conocarpus erectus", "Spread": 4, "SpreadP": 12}}, {"type": "Feature", "id": 680, "geometry": {"type": "Point", "coordinates": [46.63767534200008, 24.83651639900006]}, "properties": {"OBJECTID": 680, "Species": null, "Spread": 4.229392544657174, "SpreadP": 11.3}}, {"type": "Feature", "id": 681, "geometry": {"type": "Point", "coordinates": [46.63779536100003, 24.836521590000075]}, "properties": {"OBJECTID": 681, "Species": null, "Spread": 3.385137501286538, "SpreadP": 11.3}}, {"type": "Feature", "id": 682, "geometry": {"type": "Point", "coordinates": [46.63782069500007, 24.83653643200006]}, "properties": {"OBJECTID": 682, "Species": null, "Spread": 2.981676562046076, "SpreadP": 11.3}}, {"type": "Feature", "id": 683, "geometry": {"type": "Point", "coordinates": [46.63775915000008, 24.83654247000004]}, "properties": {"OBJECTID": 683, "Species": "Conocarpus erectus", "Spread": 5, "SpreadP": 12}}, {"type": "Feature", "id": 684, "geometry": {"type": "Point", "coordinates": [46.644506688000035, 24.839115642000024]}, "properties": {"OBJECTID": 684, "Species": null, "Spread": 3.2084484897499648, "SpreadP": 11.3}}, {"type": "Feature", "id": 685, "geometry": {"type": "Point", "coordinates": [46.64456297000004, 24.83912931100008]}, "properties": {"OBJECTID": 685, "Species": "Phoenix dactylifera", "Spread": 2.461832697999475, "SpreadP": 10}}, {"type": "Feature", "id": 686, "geometry": {"type": "Point", "coordinates": [46.64459836700007, 24.83915081300006]}, "properties": {"OBJECTID": 686, "Species": "Phoenix dactylifera", "Spread": 3.637939249100005, "SpreadP": 10}}, {"type": "Feature", "id": 687, "geometry": {"type": "Point", "coordinates": [46.64459550500004, 24.839154421000046]}, "properties": {"OBJECTID": 687, "Species": null, "Spread": 3.5871544638583903, "SpreadP": 11.3}}, {"type": "Feature", "id": 688, "geometry": {"type": "Point", "coordinates": [46.64463260300005, 24.839158764000047]}, "properties": {"OBJECTID": 688, "Species": "Phoenix dactylifera", "Spread": 2.3188123247508825, "SpreadP": 10}}, {"type": "Feature", "id": 689, "geometry": {"type": "Point", "coordinates": [46.64807106100005, 24.840611428000045]}, "properties": {"OBJECTID": 689, "Species": "Phoenix dactylifera", "Spread": 4.163703836863758, "SpreadP": 10}}, {"type": "Feature", "id": 690, "geometry": {"type": "Point", "coordinates": [46.64815846000005, 24.84064538000007]}, "properties": {"OBJECTID": 690, "Species": "Phoenix dactylifera", "Spread": 4, "SpreadP": 10}}, {"type": "Feature", "id": 691, "geometry": {"type": "Point", "coordinates": [46.64823000000007, 24.840680000000077]}, "properties": {"OBJECTID": 691, "Species": "Phoenix dactylifera", "Spread": 4, "SpreadP": 10}}, {"type": "Feature", "id": 692, "geometry": {"type": "Point", "coordinates": [46.64830000000006, 24.84071000000006]}, "properties": {"OBJECTID": 692, "Species": "Phoenix dactylifera", "Spread": 3, "SpreadP": 10}}, {"type": "Feature", "id": 693, "geometry": {"type": "Point", "coordinates": [46.648350149000066, 24.840731377000054]}, "properties": {"OBJECTID": 693, "Species": "Phoenix dactylifera", "Spread": 4.685016169842903, "SpreadP": 10}}, {"type": "Feature", "id": 694, "geometry": {"type": "Point", "coordinates": [46.64844000000005, 24.840770000000077]}, "properties": {"OBJECTID": 694, "Species": "Phoenix dactylifera", "Spread": 4, "SpreadP": 10}}, {"type": "Feature", "id": 695, "geometry": {"type": "Point", "coordinates": [46.64636000000007, 24.84012000000007]}, "properties": {"OBJECTID": 695, "Species": "Conocarpus lancifolius", "Spread": 7, "SpreadP": 12}}, {"type": "Feature", "id": 696, "geometry": {"type": "Point", "coordinates": [46.64640166800007, 24.840146824000044]}, "properties": {"OBJECTID": 696, "Species": null, "Spread": 4.948492654486193, "SpreadP": 11.3}}, {"type": "Feature", "id": 697, "geometry": {"type": "Point", "coordinates": [46.64699214800004, 24.84015116000006]}, "properties": {"OBJECTID": 697, "Species": "Phoenix dactylifera", "Spread": 2.7570346537664197, "SpreadP": 10}}, {"type": "Feature", "id": 698, "geometry": {"type": "Point", "coordinates": [46.64641000000006, 24.840180000000032]}, "properties": {"OBJECTID": 698, "Species": "Washingtonia filifera", "Spread": 4, "SpreadP": 5}}, {"type": "Feature", "id": 699, "geometry": {"type": "Point", "coordinates": [46.64706000000007, 24.840180000000032]}, "properties": {"OBJECTID": 699, "Species": "Phoenix dactylifera", "Spread": 4, "SpreadP": 10}}, {"type": "Feature", "id": 700, "geometry": {"type": "Point", "coordinates": [46.64645000000007, 24.84020000000004]}, "properties": {"OBJECTID": 700, "Species": "Washingtonia filifera", "Spread": 3, "SpreadP": 5}}, {"type": "Feature", "id": 701, "geometry": {"type": "Point", "coordinates": [46.64647000000008, 24.84021000000007]}, "properties": {"OBJECTID": 701, "Species": "Phoenix dactylifera", "Spread": 5, "SpreadP": 10}}, {"type": "Feature", "id": 702, "geometry": {"type": "Point", "coordinates": [46.64730545300006, 24.84029524400006]}, "properties": {"OBJECTID": 702, "Species": null, "Spread": 4.415481913823638, "SpreadP": 11.3}}, {"type": "Feature", "id": 703, "geometry": {"type": "Point", "coordinates": [46.64740099900007, 24.84032920100003]}, "properties": {"OBJECTID": 703, "Species": "Phoenix dactylifera", "Spread": 3.995008777442859, "SpreadP": 10}}, {"type": "Feature", "id": 704, "geometry": {"type": "Point", "coordinates": [46.647439887000075, 24.840344860000073]}, "properties": {"OBJECTID": 704, "Species": "Phoenix dactylifera", "Spread": 3.297686909271865, "SpreadP": 10}}, {"type": "Feature", "id": 705, "geometry": {"type": "Point", "coordinates": [46.64754530700003, 24.840381836000063]}, "properties": {"OBJECTID": 705, "Species": "Phoenix dactylifera", "Spread": 3.1930036140822873, "SpreadP": 10}}, {"type": "Feature", "id": 706, "geometry": {"type": "Point", "coordinates": [46.64758000000006, 24.840400000000045]}, "properties": {"OBJECTID": 706, "Species": "Phoenix dactylifera", "Spread": 4, "SpreadP": 10}}, {"type": "Feature", "id": 707, "geometry": {"type": "Point", "coordinates": [46.647615106000046, 24.840417218000027]}, "properties": {"OBJECTID": 707, "Species": "Phoenix dactylifera", "Spread": 3.8402956295218424, "SpreadP": 10}}, {"type": "Feature", "id": 708, "geometry": {"type": "Point", "coordinates": [46.64767000000006, 24.840450000000033]}, "properties": {"OBJECTID": 708, "Species": "Phoenix dactylifera", "Spread": 4, "SpreadP": 10}}, {"type": "Feature", "id": 709, "geometry": {"type": "Point", "coordinates": [46.67039879400005, 24.850011297000037]}, "properties": {"OBJECTID": 709, "Species": "Phoenix dactylifera", "Spread": 2.776821687274166, "SpreadP": 10}}, {"type": "Feature", "id": 710, "geometry": {"type": "Point", "coordinates": [46.67121000000003, 24.850360000000023]}, "properties": {"OBJECTID": 710, "Species": "Phoenix dactylifera", "Spread": 2, "SpreadP": 10}}, {"type": "Feature", "id": 711, "geometry": {"type": "Point", "coordinates": [46.67125736300005, 24.850388690000045]}, "properties": {"OBJECTID": 711, "Species": "Phoenix dactylifera", "Spread": 3.6350625847791833, "SpreadP": 10}}, {"type": "Feature", "id": 712, "geometry": {"type": "Point", "coordinates": [46.67133232900005, 24.850414726000054]}, "properties": {"OBJECTID": 712, "Species": "Phoenix dactylifera", "Spread": 3.6443328183815047, "SpreadP": 10}}, {"type": "Feature", "id": 713, "geometry": {"type": "Point", "coordinates": [46.67161340700005, 24.85053341400004]}, "properties": {"OBJECTID": 713, "Species": "Phoenix dactylifera", "Spread": 4.6106406755350475, "SpreadP": 10}}, {"type": "Feature", "id": 714, "geometry": {"type": "Point", "coordinates": [46.67103500200005, 24.85052958700004]}, "properties": {"OBJECTID": 714, "Species": "Phoenix dactylifera", "Spread": 4.005507646130236, "SpreadP": 10}}, {"type": "Feature", "id": 715, "geometry": {"type": "Point", "coordinates": [46.670990000000074, 24.850540000000024]}, "properties": {"OBJECTID": 715, "Species": "Ficus nitida", "Spread": 2, "SpreadP": 20}}, {"type": "Feature", "id": 716, "geometry": {"type": "Point", "coordinates": [46.67107241800005, 24.850547323000058]}, "properties": {"OBJECTID": 716, "Species": "Phoenix dactylifera", "Spread": 3.678931415579092, "SpreadP": 10}}, {"type": "Feature", "id": 717, "geometry": {"type": "Point", "coordinates": [46.67054013400008, 24.850590430000068]}, "properties": {"OBJECTID": 717, "Species": "Phoenix dactylifera", "Spread": 4.206297268814916, "SpreadP": 10}}, {"type": "Feature", "id": 718, "geometry": {"type": "Point", "coordinates": [46.67118000000005, 24.850590000000068]}, "properties": {"OBJECTID": 718, "Species": "Ficus nitida", "Spread": 2, "SpreadP": 20}}, {"type": "Feature", "id": 719, "geometry": {"type": "Point", "coordinates": [46.67111558800008, 24.850603695000075]}, "properties": {"OBJECTID": 719, "Species": "Phoenix dactylifera", "Spread": 3.1797476668348903, "SpreadP": 10}}, {"type": "Feature", "id": 720, "geometry": {"type": "Point", "coordinates": [46.671159325000076, 24.850624228000072]}, "properties": {"OBJECTID": 720, "Species": "Phoenix dactylifera", "Spread": 5.70852808593877, "SpreadP": 10}}, {"type": "Feature", "id": 721, "geometry": {"type": "Point", "coordinates": [46.66793757100004, 24.848985476000053]}, "properties": {"OBJECTID": 721, "Species": "Phoenix dactylifera", "Spread": 3.9388612234815814, "SpreadP": 10}}, {"type": "Feature", "id": 722, "geometry": {"type": "Point", "coordinates": [46.66799000000003, 24.849010000000078]}, "properties": {"OBJECTID": 722, "Species": "Phoenix dactylifera", "Spread": 2, "SpreadP": 10}}, {"type": "Feature", "id": 723, "geometry": {"type": "Point", "coordinates": [46.668060000000025, 24.84904000000006]}, "properties": {"OBJECTID": 723, "Species": "Phoenix dactylifera", "Spread": 2, "SpreadP": 10}}, {"type": "Feature", "id": 724, "geometry": {"type": "Point", "coordinates": [46.66814000000005, 24.84907000000004]}, "properties": {"OBJECTID": 724, "Species": "Phoenix dactylifera", "Spread": 2.5, "SpreadP": 10}}, {"type": "Feature", "id": 725, "geometry": {"type": "Point", "coordinates": [46.668210000000045, 24.849090000000047]}, "properties": {"OBJECTID": 725, "Species": "Phoenix dactylifera", "Spread": 2, "SpreadP": 10}}, {"type": "Feature", "id": 726, "geometry": {"type": "Point", "coordinates": [46.667260000000056, 24.848930000000053]}, "properties": {"OBJECTID": 726, "Species": "Ficus nitida", "Spread": 2, "SpreadP": 20}}, {"type": "Feature", "id": 727, "geometry": {"type": "Point", "coordinates": [46.66731000000004, 24.84895000000006]}, "properties": {"OBJECTID": 727, "Species": "Ficus nitida", "Spread": 2, "SpreadP": 20}}, {"type": "Feature", "id": 728, "geometry": {"type": "Point", "coordinates": [46.66724000000005, 24.848960000000034]}, "properties": {"OBJECTID": 728, "Species": "Ficus nitida", "Spread": 2, "SpreadP": 20}}, {"type": "Feature", "id": 729, "geometry": {"type": "Point", "coordinates": [46.66746876600007, 24.849069387000043]}, "properties": {"OBJECTID": 729, "Species": "Phoenix dactylifera", "Spread": 4.074370771574066, "SpreadP": 10}}, {"type": "Feature", "id": 730, "geometry": {"type": "Point", "coordinates": [46.66761000000008, 24.849080000000072]}, "properties": {"OBJECTID": 730, "Species": "Ficus nitida", "Spread": 2, "SpreadP": 20}}, {"type": "Feature", "id": 731, "geometry": {"type": "Point", "coordinates": [46.66751018000008, 24.849082661000068]}, "properties": {"OBJECTID": 731, "Species": "Phoenix dactylifera", "Spread": 4.1286960441420675, "SpreadP": 10}}, {"type": "Feature", "id": 732, "geometry": {"type": "Point", "coordinates": [46.66758200000004, 24.849118290000035]}, "properties": {"OBJECTID": 732, "Species": "Phoenix dactylifera", "Spread": 3.940935925218718, "SpreadP": 10}}, {"type": "Feature", "id": 733, "geometry": {"type": "Point", "coordinates": [46.66768001300005, 24.849154820000024]}, "properties": {"OBJECTID": 733, "Species": "Phoenix dactylifera", "Spread": 4.245765593430757, "SpreadP": 10}}, {"type": "Feature", "id": 734, "geometry": {"type": "Point", "coordinates": [46.66777791100003, 24.84915635400006]}, "properties": {"OBJECTID": 734, "Species": null, "Spread": 3.0488389914772296, "SpreadP": 11.3}}, {"type": "Feature", "id": 735, "geometry": {"type": "Point", "coordinates": [46.66772870500006, 24.84917398400006]}, "properties": {"OBJECTID": 735, "Species": "Phoenix dactylifera", "Spread": 2.932700653780748, "SpreadP": 10}}, {"type": "Feature", "id": 736, "geometry": {"type": "Point", "coordinates": [46.66826023300007, 24.84911548100007]}, "properties": {"OBJECTID": 736, "Species": "Phoenix dactylifera", "Spread": 3.377606596515802, "SpreadP": 10}}, {"type": "Feature", "id": 737, "geometry": {"type": "Point", "coordinates": [46.66833657800004, 24.849146878000056]}, "properties": {"OBJECTID": 737, "Species": "Phoenix dactylifera", "Spread": 3.3379813145039336, "SpreadP": 10}}, {"type": "Feature", "id": 738, "geometry": {"type": "Point", "coordinates": [46.668420000000026, 24.849180000000047]}, "properties": {"OBJECTID": 738, "Species": "Phoenix dactylifera", "Spread": 2, "SpreadP": 10}}, {"type": "Feature", "id": 739, "geometry": {"type": "Point", "coordinates": [46.667860000000076, 24.84919000000008]}, "properties": {"OBJECTID": 739, "Species": "Ficus nitida", "Spread": 1, "SpreadP": 20}}, {"type": "Feature", "id": 740, "geometry": {"type": "Point", "coordinates": [46.66844951500008, 24.849196664000033]}, "properties": {"OBJECTID": 740, "Species": "Phoenix dactylifera", "Spread": 4.86362452818013, "SpreadP": 10}}, {"type": "Feature", "id": 741, "geometry": {"type": "Point", "coordinates": [46.66852022900008, 24.849225699000044]}, "properties": {"OBJECTID": 741, "Species": "Phoenix dactylifera", "Spread": 5.350781823792063, "SpreadP": 10}}, {"type": "Feature", "id": 742, "geometry": {"type": "Point", "coordinates": [46.66799000000003, 24.849240000000066]}, "properties": {"OBJECTID": 742, "Species": "Ficus nitida", "Spread": 2, "SpreadP": 20}}, {"type": "Feature", "id": 743, "geometry": {"type": "Point", "coordinates": [46.668551783000055, 24.849234655000032]}, "properties": {"OBJECTID": 743, "Species": "Phoenix dactylifera", "Spread": 3.403891869182977, "SpreadP": 10}}, {"type": "Feature", "id": 744, "geometry": {"type": "Point", "coordinates": [46.66801000000004, 24.849290000000053]}, "properties": {"OBJECTID": 744, "Species": "Ficus nitida", "Spread": 2, "SpreadP": 20}}, {"type": "Feature", "id": 745, "geometry": {"type": "Point", "coordinates": [46.66810393600008, 24.849292423000065]}, "properties": {"OBJECTID": 745, "Species": "Phoenix dactylifera", "Spread": 4.587940295335338, "SpreadP": 10}}, {"type": "Feature", "id": 746, "geometry": {"type": "Point", "coordinates": [46.66871000000003, 24.84931000000006]}, "properties": {"OBJECTID": 746, "Species": "Phoenix dactylifera", "Spread": 2, "SpreadP": 10}}, {"type": "Feature", "id": 747, "geometry": {"type": "Point", "coordinates": [46.668760477000035, 24.849324892000027]}, "properties": {"OBJECTID": 747, "Species": "Phoenix dactylifera", "Spread": 3.403891869182977, "SpreadP": 10}}, {"type": "Feature", "id": 748, "geometry": {"type": "Point", "coordinates": [46.66814000000005, 24.84934000000004]}, "properties": {"OBJECTID": 748, "Species": "Ficus nitida", "Spread": 2, "SpreadP": 20}}, {"type": "Feature", "id": 749, "geometry": {"type": "Point", "coordinates": [46.66823248600008, 24.84935118800007]}, "properties": {"OBJECTID": 749, "Species": "Phoenix dactylifera", "Spread": 3.550720767952273, "SpreadP": 10}}, {"type": "Feature", "id": 750, "geometry": {"type": "Point", "coordinates": [46.668310000000076, 24.84937000000008]}, "properties": {"OBJECTID": 750, "Species": "Ficus nitida", "Spread": 2, "SpreadP": 20}}, {"type": "Feature", "id": 751, "geometry": {"type": "Point", "coordinates": [46.668850030000044, 24.84937310300006]}, "properties": {"OBJECTID": 751, "Species": null, "Spread": 4.780154304197371, "SpreadP": 11.3}}, {"type": "Feature", "id": 752, "geometry": {"type": "Point", "coordinates": [46.66826723500003, 24.849404311000058]}, "properties": {"OBJECTID": 752, "Species": "Phoenix dactylifera", "Spread": 4.539535442260431, "SpreadP": 10}}, {"type": "Feature", "id": 753, "geometry": {"type": "Point", "coordinates": [46.668325597000035, 24.849422292000042]}, "properties": {"OBJECTID": 753, "Species": "Phoenix dactylifera", "Spread": 4.193261035613285, "SpreadP": 10}}, {"type": "Feature", "id": 754, "geometry": {"type": "Point", "coordinates": [46.668375653000055, 24.84944562100003]}, "properties": {"OBJECTID": 754, "Species": "Phoenix dactylifera", "Spread": 4.2203492736147075, "SpreadP": 10}}, {"type": "Feature", "id": 755, "geometry": {"type": "Point", "coordinates": [46.66850000000005, 24.849450000000047]}, "properties": {"OBJECTID": 755, "Species": "Ficus nitida", "Spread": 2, "SpreadP": 20}}, {"type": "Feature", "id": 756, "geometry": {"type": "Point", "coordinates": [46.668411510000055, 24.849464332000025]}, "properties": {"OBJECTID": 756, "Species": "Phoenix dactylifera", "Spread": 4.547382043114893, "SpreadP": 10}}, {"type": "Feature", "id": 757, "geometry": {"type": "Point", "coordinates": [46.66852897200005, 24.849474176000058]}, "properties": {"OBJECTID": 757, "Species": null, "Spread": 2.78700647339673, "SpreadP": 11.3}}, {"type": "Feature", "id": 758, "geometry": {"type": "Point", "coordinates": [46.66845723700004, 24.849477199000034]}, "properties": {"OBJECTID": 758, "Species": "Phoenix dactylifera", "Spread": 3.1550256355122537, "SpreadP": 10}}, {"type": "Feature", "id": 759, "geometry": {"type": "Point", "coordinates": [46.66795826600003, 24.849502490000077]}, "properties": {"OBJECTID": 759, "Species": null, "Spread": 1.208434662927628, "SpreadP": 11.3}}, {"type": "Feature", "id": 760, "geometry": {"type": "Point", "coordinates": [46.66928000000007, 24.849540000000047]}, "properties": {"OBJECTID": 760, "Species": "Phoenix dactylifera", "Spread": 2.5, "SpreadP": 10}}, {"type": "Feature", "id": 761, "geometry": {"type": "Point", "coordinates": [46.66937987800003, 24.849587545000077]}, "properties": {"OBJECTID": 761, "Species": "Phoenix dactylifera", "Spread": 4.750278340323276, "SpreadP": 10}}, {"type": "Feature", "id": 762, "geometry": {"type": "Point", "coordinates": [46.66934981700007, 24.849596225000028]}, "properties": {"OBJECTID": 762, "Species": null, "Spread": 3.510238694864745, "SpreadP": 11.3}}, {"type": "Feature", "id": 763, "geometry": {"type": "Point", "coordinates": [46.669413493000036, 24.849603065000053]}, "properties": {"OBJECTID": 763, "Species": "Phoenix dactylifera", "Spread": 2.867504312097836, "SpreadP": 10}}, {"type": "Feature", "id": 764, "geometry": {"type": "Point", "coordinates": [46.668990000000065, 24.84966000000003]}, "properties": {"OBJECTID": 764, "Species": "Ficus nitida", "Spread": 2, "SpreadP": 20}}, {"type": "Feature", "id": 765, "geometry": {"type": "Point", "coordinates": [46.668505303000074, 24.849508195000055]}, "properties": {"OBJECTID": 765, "Species": "Phoenix dactylifera", "Spread": 5.166941723496298, "SpreadP": 10}}, {"type": "Feature", "id": 766, "geometry": {"type": "Point", "coordinates": [46.66856000000007, 24.84952000000004]}, "properties": {"OBJECTID": 766, "Species": "Ficus nitida", "Spread": 2, "SpreadP": 20}}, {"type": "Feature", "id": 767, "geometry": {"type": "Point", "coordinates": [46.66802679300008, 24.849534239000036]}, "properties": {"OBJECTID": 767, "Species": null, "Spread": 0.9948711493366245, "SpreadP": 11.3}}, {"type": "Feature", "id": 768, "geometry": {"type": "Point", "coordinates": [46.66805945800007, 24.84954904800003]}, "properties": {"OBJECTID": 768, "Species": null, "Spread": 1.1393231264400856, "SpreadP": 11.3}}, {"type": "Feature", "id": 769, "geometry": {"type": "Point", "coordinates": [46.66865000000007, 24.84955000000008]}, "properties": {"OBJECTID": 769, "Species": "Ficus nitida", "Spread": 2, "SpreadP": 20}}, {"type": "Feature", "id": 770, "geometry": {"type": "Point", "coordinates": [46.668094490000044, 24.84956310800004]}, "properties": {"OBJECTID": 770, "Species": null, "Spread": 1.0475036825665065, "SpreadP": 11.3}}, {"type": "Feature", "id": 771, "geometry": {"type": "Point", "coordinates": [46.66812162700006, 24.849579062000032]}, "properties": {"OBJECTID": 771, "Species": null, "Spread": 1.1821335323241315, "SpreadP": 11.3}}, {"type": "Feature", "id": 772, "geometry": {"type": "Point", "coordinates": [46.66878380900005, 24.84958200600005]}, "properties": {"OBJECTID": 772, "Species": "Phoenix dactylifera", "Spread": 4.159267446836841, "SpreadP": 10}}, {"type": "Feature", "id": 773, "geometry": {"type": "Point", "coordinates": [46.66816338800004, 24.84959304700004]}, "properties": {"OBJECTID": 773, "Species": null, "Spread": 1.1393231265151444, "SpreadP": 11.3}}, {"type": "Feature", "id": 774, "geometry": {"type": "Point", "coordinates": [46.66874000000007, 24.849590000000035]}, "properties": {"OBJECTID": 774, "Species": "Ficus nitida", "Spread": 2, "SpreadP": 20}}, {"type": "Feature", "id": 775, "geometry": {"type": "Point", "coordinates": [46.66957000000008, 24.84966000000003]}, "properties": {"OBJECTID": 775, "Species": "Phoenix dactylifera", "Spread": 2.5, "SpreadP": 10}}, {"type": "Feature", "id": 776, "geometry": {"type": "Point", "coordinates": [46.66903000000008, 24.849680000000035]}, "properties": {"OBJECTID": 776, "Species": "Ficus nitida", "Spread": 2, "SpreadP": 20}}, {"type": "Feature", "id": 777, "geometry": {"type": "Point", "coordinates": [46.66896970400006, 24.849699850000036]}, "properties": {"OBJECTID": 777, "Species": "Phoenix dactylifera", "Spread": 3.0445334430207835, "SpreadP": 10}}, {"type": "Feature", "id": 778, "geometry": {"type": "Point", "coordinates": [46.66961957800004, 24.849693927000033]}, "properties": {"OBJECTID": 778, "Species": "Phoenix dactylifera", "Spread": 3.229412502441538, "SpreadP": 10}}, {"type": "Feature", "id": 779, "geometry": {"type": "Point", "coordinates": [46.669012903000066, 24.849719434000065]}, "properties": {"OBJECTID": 779, "Species": "Phoenix dactylifera", "Spread": 4.2221590289610145, "SpreadP": 10}}, {"type": "Feature", "id": 780, "geometry": {"type": "Point", "coordinates": [46.66906000000006, 24.849730000000022]}, "properties": {"OBJECTID": 780, "Species": "Ficus nitida", "Spread": 2, "SpreadP": 20}}, {"type": "Feature", "id": 781, "geometry": {"type": "Point", "coordinates": [46.66969594100004, 24.849726519000058]}, "properties": {"OBJECTID": 781, "Species": "Phoenix dactylifera", "Spread": 2.8362523589477644, "SpreadP": 10}}, {"type": "Feature", "id": 782, "geometry": {"type": "Point", "coordinates": [46.669774896000035, 24.849757288000035]}, "properties": {"OBJECTID": 782, "Species": "Phoenix dactylifera", "Spread": 4.077182298605531, "SpreadP": 10}}, {"type": "Feature", "id": 783, "geometry": {"type": "Point", "coordinates": [46.66922000000005, 24.849800000000073]}, "properties": {"OBJECTID": 783, "Species": "Ficus nitida", "Spread": 2, "SpreadP": 20}}, {"type": "Feature", "id": 784, "geometry": {"type": "Point", "coordinates": [46.668206815000076, 24.849613154000053]}, "properties": {"OBJECTID": 784, "Species": null, "Spread": 1.0120515043928011, "SpreadP": 11.3}}, {"type": "Feature", "id": 785, "geometry": {"type": "Point", "coordinates": [46.66886000000005, 24.84961000000004]}, "properties": {"OBJECTID": 785, "Species": "Ficus nitida", "Spread": 2, "SpreadP": 20}}, {"type": "Feature", "id": 786, "geometry": {"type": "Point", "coordinates": [46.66827207800003, 24.84963771500003]}, "properties": {"OBJECTID": 786, "Species": null, "Spread": 1.2561651031265701, "SpreadP": 11.3}}, {"type": "Feature", "id": 787, "geometry": {"type": "Point", "coordinates": [46.66834225200006, 24.849674142000026]}, "properties": {"OBJECTID": 787, "Species": null, "Spread": 1.0070288855782334, "SpreadP": 11.3}}, {"type": "Feature", "id": 788, "geometry": {"type": "Point", "coordinates": [46.66893334900004, 24.84968305600006]}, "properties": {"OBJECTID": 788, "Species": "Phoenix dactylifera", "Spread": 2.6218734336396072, "SpreadP": 10}}, {"type": "Feature", "id": 789, "geometry": {"type": "Point", "coordinates": [46.66841466500006, 24.849700429000052]}, "properties": {"OBJECTID": 789, "Species": null, "Spread": 1.4220160723347168, "SpreadP": 11.3}}, {"type": "Feature", "id": 790, "geometry": {"type": "Point", "coordinates": [46.66848829000003, 24.849728508000055]}, "properties": {"OBJECTID": 790, "Species": null, "Spread": 0.8218244216795277, "SpreadP": 11.3}}, {"type": "Feature", "id": 791, "geometry": {"type": "Point", "coordinates": [46.66855637800006, 24.849757010000076]}, "properties": {"OBJECTID": 791, "Species": null, "Spread": 0.9119034402870826, "SpreadP": 11.3}}, {"type": "Feature", "id": 792, "geometry": {"type": "Point", "coordinates": [46.66891789400006, 24.849906513000064]}, "properties": {"OBJECTID": 792, "Species": null, "Spread": 1.325305107842468, "SpreadP": 11.3}}, {"type": "Feature", "id": 793, "geometry": {"type": "Point", "coordinates": [46.67012894900006, 24.84990024600006]}, "properties": {"OBJECTID": 793, "Species": "Phoenix dactylifera", "Spread": 3.1630865215053645, "SpreadP": 10}}, {"type": "Feature", "id": 794, "geometry": {"type": "Point", "coordinates": [46.669260000000065, 24.849820000000022]}, "properties": {"OBJECTID": 794, "Species": "Ficus nitida", "Spread": 2, "SpreadP": 20}}, {"type": "Feature", "id": 795, "geometry": {"type": "Point", "coordinates": [46.669415892000075, 24.84989276300007]}, "properties": {"OBJECTID": 795, "Species": null, "Spread": 2.764528959669555, "SpreadP": 11.3}}, {"type": "Feature", "id": 796, "geometry": {"type": "Point", "coordinates": [46.66951000000006, 24.849910000000023]}, "properties": {"OBJECTID": 796, "Species": "Ficus nitida", "Spread": 2, "SpreadP": 20}}, {"type": "Feature", "id": 797, "geometry": {"type": "Point", "coordinates": [46.66955000000007, 24.84994000000006]}, "properties": {"OBJECTID": 797, "Species": "Ficus nitida", "Spread": 2, "SpreadP": 20}}, {"type": "Feature", "id": 798, "geometry": {"type": "Point", "coordinates": [46.66903987000006, 24.849949664000064]}, "properties": {"OBJECTID": 798, "Species": "Phoenix dactylifera", "Spread": 3.077394309109598, "SpreadP": 10}}, {"type": "Feature", "id": 799, "geometry": {"type": "Point", "coordinates": [46.66959000000003, 24.849950000000035]}, "properties": {"OBJECTID": 799, "Species": "Ficus nitida", "Spread": 2, "SpreadP": 20}}, {"type": "Feature", "id": 800, "geometry": {"type": "Point", "coordinates": [46.669620000000066, 24.84997000000004]}, "properties": {"OBJECTID": 800, "Species": "Ficus nitida", "Spread": 2, "SpreadP": 20}}, {"type": "Feature", "id": 801, "geometry": {"type": "Point", "coordinates": [46.669104686000026, 24.849988241000062]}, "properties": {"OBJECTID": 801, "Species": null, "Spread": 0.8056231080855377, "SpreadP": 11.3}}, {"type": "Feature", "id": 802, "geometry": {"type": "Point", "coordinates": [46.66974011500008, 24.849985550000042]}, "properties": {"OBJECTID": 802, "Species": "Phoenix dactylifera", "Spread": 4.514362873433084, "SpreadP": 10}}, {"type": "Feature", "id": 803, "geometry": {"type": "Point", "coordinates": [46.669200000000046, 24.850010000000054]}, "properties": {"OBJECTID": 803, "Species": "Phoenix dactylifera", "Spread": 1.5, "SpreadP": 10}}, {"type": "Feature", "id": 804, "geometry": {"type": "Point", "coordinates": [46.669150933000026, 24.85001192900006]}, "properties": {"OBJECTID": 804, "Species": null, "Spread": 1.4868603311826607, "SpreadP": 11.3}}, {"type": "Feature", "id": 805, "geometry": {"type": "Point", "coordinates": [46.669794412000044, 24.85001265300008]}, "properties": {"OBJECTID": 805, "Species": "Phoenix dactylifera", "Spread": 4.570841026502594, "SpreadP": 10}}, {"type": "Feature", "id": 806, "geometry": {"type": "Point", "coordinates": [46.66984000000008, 24.85002000000003]}, "properties": {"OBJECTID": 806, "Species": "Ficus nitida", "Spread": 2, "SpreadP": 20}}, {"type": "Feature", "id": 807, "geometry": {"type": "Point", "coordinates": [46.669719661000045, 24.85002208900005]}, "properties": {"OBJECTID": 807, "Species": "Phoenix dactylifera", "Spread": 4.30754220936087, "SpreadP": 10}}, {"type": "Feature", "id": 808, "geometry": {"type": "Point", "coordinates": [46.66977642200004, 24.85003769900004]}, "properties": {"OBJECTID": 808, "Species": "Phoenix dactylifera", "Spread": 4.813962292511721, "SpreadP": 10}}, {"type": "Feature", "id": 809, "geometry": {"type": "Point", "coordinates": [46.669880000000035, 24.850040000000035]}, "properties": {"OBJECTID": 809, "Species": "Ficus nitida", "Spread": 2, "SpreadP": 20}}, {"type": "Feature", "id": 810, "geometry": {"type": "Point", "coordinates": [46.669290000000046, 24.850050000000067]}, "properties": {"OBJECTID": 810, "Species": "Phoenix dactylifera", "Spread": 1.5, "SpreadP": 10}}, {"type": "Feature", "id": 811, "geometry": {"type": "Point", "coordinates": [46.66992000000005, 24.850050000000067]}, "properties": {"OBJECTID": 811, "Species": "Ficus nitida", "Spread": 2, "SpreadP": 20}}, {"type": "Feature", "id": 812, "geometry": {"type": "Point", "coordinates": [46.66934590000005, 24.850074647000042]}, "properties": {"OBJECTID": 812, "Species": "Phoenix dactylifera", "Spread": 3.3379813145039336, "SpreadP": 10}}, {"type": "Feature", "id": 813, "geometry": {"type": "Point", "coordinates": [46.66996000000006, 24.850070000000073]}, "properties": {"OBJECTID": 813, "Species": "Ficus nitida", "Spread": 2, "SpreadP": 20}}, {"type": "Feature", "id": 814, "geometry": {"type": "Point", "coordinates": [46.67056370900008, 24.85009962600003]}, "properties": {"OBJECTID": 814, "Species": null, "Spread": 4.820768071552554, "SpreadP": 11.3}}, {"type": "Feature", "id": 815, "geometry": {"type": "Point", "coordinates": [46.67008617400006, 24.850121689000048]}, "properties": {"OBJECTID": 815, "Species": null, "Spread": 3.4202175827434234, "SpreadP": 11.3}}, {"type": "Feature", "id": 816, "geometry": {"type": "Point", "coordinates": [46.67060800400003, 24.850120239000034]}, "properties": {"OBJECTID": 816, "Species": null, "Spread": 3.6836870736113094, "SpreadP": 11.3}}, {"type": "Feature", "id": 817, "geometry": {"type": "Point", "coordinates": [46.67000000000007, 24.850080000000048]}, "properties": {"OBJECTID": 817, "Species": "Ficus nitida", "Spread": 2, "SpreadP": 20}}, {"type": "Feature", "id": 818, "geometry": {"type": "Point", "coordinates": [46.67005000000006, 24.850100000000054]}, "properties": {"OBJECTID": 818, "Species": "Ficus nitida", "Spread": 2, "SpreadP": 20}}, {"type": "Feature", "id": 819, "geometry": {"type": "Point", "coordinates": [46.66997710900006, 24.850126232000036]}, "properties": {"OBJECTID": 819, "Species": "Phoenix dactylifera", "Spread": 5.768103894996564, "SpreadP": 10}}, {"type": "Feature", "id": 820, "geometry": {"type": "Point", "coordinates": [46.66946149800003, 24.850141045000044]}, "properties": {"OBJECTID": 820, "Species": null, "Spread": 1.4418459390256515, "SpreadP": 11.3}}, {"type": "Feature", "id": 821, "geometry": {"type": "Point", "coordinates": [46.67001705700005, 24.85013773000003]}, "properties": {"OBJECTID": 821, "Species": "Phoenix dactylifera", "Spread": 3.9697463200042282, "SpreadP": 10}}, {"type": "Feature", "id": 822, "geometry": {"type": "Point", "coordinates": [46.66949386500005, 24.85016308300004]}, "properties": {"OBJECTID": 822, "Species": null, "Spread": 1.126792875923259, "SpreadP": 11.3}}, {"type": "Feature", "id": 823, "geometry": {"type": "Point", "coordinates": [46.669620000000066, 24.85020000000003]}, "properties": {"OBJECTID": 823, "Species": "Ziziphus spina-christi", "Spread": 2.5, "SpreadP": 10}}, {"type": "Feature", "id": 824, "geometry": {"type": "Point", "coordinates": [46.670682303000035, 24.85014628700003]}, "properties": {"OBJECTID": 824, "Species": null, "Spread": 3.550362164473647, "SpreadP": 11.3}}, {"type": "Feature", "id": 825, "geometry": {"type": "Point", "coordinates": [46.67006705800003, 24.85015676000006]}, "properties": {"OBJECTID": 825, "Species": "Phoenix dactylifera", "Spread": 2.5780439141949363, "SpreadP": 10}}, {"type": "Feature", "id": 826, "geometry": {"type": "Point", "coordinates": [46.67075247100007, 24.850176652000073]}, "properties": {"OBJECTID": 826, "Species": null, "Spread": 4.566800165353645, "SpreadP": 11.3}}, {"type": "Feature", "id": 827, "geometry": {"type": "Point", "coordinates": [46.67023000000006, 24.85020000000003]}, "properties": {"OBJECTID": 827, "Species": "Ficus nitida", "Spread": 2, "SpreadP": 20}}, {"type": "Feature", "id": 828, "geometry": {"type": "Point", "coordinates": [46.67077953000006, 24.85019390700006]}, "properties": {"OBJECTID": 828, "Species": null, "Spread": 3.7570536204613703, "SpreadP": 11.3}}, {"type": "Feature", "id": 829, "geometry": {"type": "Point", "coordinates": [46.67040000000003, 24.850270000000023]}, "properties": {"OBJECTID": 829, "Species": "Ficus nitida", "Spread": 2, "SpreadP": 20}}, {"type": "Feature", "id": 830, "geometry": {"type": "Point", "coordinates": [46.671064493000074, 24.850311302000023]}, "properties": {"OBJECTID": 830, "Species": null, "Spread": 4.062185663038493, "SpreadP": 11.3}}, {"type": "Feature", "id": 831, "geometry": {"type": "Point", "coordinates": [46.67059000000006, 24.850340000000074]}, "properties": {"OBJECTID": 831, "Species": "Ficus nitida", "Spread": 2, "SpreadP": 20}}, {"type": "Feature", "id": 832, "geometry": {"type": "Point", "coordinates": [46.670540422000045, 24.850352610000073]}, "properties": {"OBJECTID": 832, "Species": "Phoenix dactylifera", "Spread": 3.823357583735061, "SpreadP": 10}}, {"type": "Feature", "id": 833, "geometry": {"type": "Point", "coordinates": [46.66968000000003, 24.850230000000067]}, "properties": {"OBJECTID": 833, "Species": "Ziziphus spina-christi", "Spread": 3, "SpreadP": 10}}, {"type": "Feature", "id": 834, "geometry": {"type": "Point", "coordinates": [46.66978000000006, 24.850250000000074]}, "properties": {"OBJECTID": 834, "Species": "Phoenix dactylifera", "Spread": 1.5, "SpreadP": 10}}, {"type": "Feature", "id": 835, "geometry": {"type": "Point", "coordinates": [46.66984686700005, 24.850297504000025]}, "properties": {"OBJECTID": 835, "Species": null, "Spread": 1.1717939737686678, "SpreadP": 11.3}}, {"type": "Feature", "id": 836, "geometry": {"type": "Point", "coordinates": [46.66995316300006, 24.850340752000022]}, "properties": {"OBJECTID": 836, "Species": null, "Spread": 0.8279712864253215, "SpreadP": 11.3}}, {"type": "Feature", "id": 837, "geometry": {"type": "Point", "coordinates": [46.669991777000064, 24.850356216000023]}, "properties": {"OBJECTID": 837, "Species": null, "Spread": 0.77743673493213, "SpreadP": 11.3}}, {"type": "Feature", "id": 838, "geometry": {"type": "Point", "coordinates": [46.67122745300003, 24.850619617000063]}, "properties": {"OBJECTID": 838, "Species": null, "Spread": 3.0466237518934203, "SpreadP": 11.3}}, {"type": "Feature", "id": 839, "geometry": {"type": "Point", "coordinates": [46.671260000000075, 24.85062000000005]}, "properties": {"OBJECTID": 839, "Species": "Ficus nitida", "Spread": 1, "SpreadP": 20}}, {"type": "Feature", "id": 840, "geometry": {"type": "Point", "coordinates": [46.671290000000056, 24.850640000000055]}, "properties": {"OBJECTID": 840, "Species": "Ficus nitida", "Spread": 2, "SpreadP": 20}}, {"type": "Feature", "id": 841, "geometry": {"type": "Point", "coordinates": [46.671354920000056, 24.85065541000006]}, "properties": {"OBJECTID": 841, "Species": "Ficus nitida", "Spread": 2, "SpreadP": 20}}, {"type": "Feature", "id": 842, "geometry": {"type": "Point", "coordinates": [46.671436252000035, 24.850697095000044]}, "properties": {"OBJECTID": 842, "Species": "Phoenix dactylifera", "Spread": 2.643395282871363, "SpreadP": 10}}, {"type": "Feature", "id": 843, "geometry": {"type": "Point", "coordinates": [46.67204116000005, 24.850705402000074]}, "properties": {"OBJECTID": 843, "Species": "Phoenix dactylifera", "Spread": 3.0041174898933023, "SpreadP": 10}}, {"type": "Feature", "id": 844, "geometry": {"type": "Point", "coordinates": [46.67119720000005, 24.85063718200007]}, "properties": {"OBJECTID": 844, "Species": "Phoenix dactylifera", "Spread": 6.305610557510641, "SpreadP": 10}}, {"type": "Feature", "id": 845, "geometry": {"type": "Point", "coordinates": [46.67088164100005, 24.850731831000076]}, "properties": {"OBJECTID": 845, "Species": "Phoenix dactylifera", "Spread": 5.077706251929807, "SpreadP": 10}}, {"type": "Feature", "id": 846, "geometry": {"type": "Point", "coordinates": [46.67089413800005, 24.85075183400005]}, "properties": {"OBJECTID": 846, "Species": null, "Spread": 3.554394376567585, "SpreadP": 11.3}}, {"type": "Feature", "id": 847, "geometry": {"type": "Point", "coordinates": [46.671485250000046, 24.850719481000056]}, "properties": {"OBJECTID": 847, "Species": "Phoenix dactylifera", "Spread": 3.632084101862321, "SpreadP": 10}}, {"type": "Feature", "id": 848, "geometry": {"type": "Point", "coordinates": [46.671531584000036, 24.850738551000063]}, "properties": {"OBJECTID": 848, "Species": "Phoenix dactylifera", "Spread": 3.626119796487704, "SpreadP": 10}}, {"type": "Feature", "id": 849, "geometry": {"type": "Point", "coordinates": [46.67159000000004, 24.850760000000037]}, "properties": {"OBJECTID": 849, "Species": "Ficus nitida", "Spread": 2, "SpreadP": 20}}, {"type": "Feature", "id": 850, "geometry": {"type": "Point", "coordinates": [46.671530000000075, 24.850770000000068]}, "properties": {"OBJECTID": 850, "Species": "Ficus nitida", "Spread": 2, "SpreadP": 20}}, {"type": "Feature", "id": 851, "geometry": {"type": "Point", "coordinates": [46.67163000000005, 24.850780000000043]}, "properties": {"OBJECTID": 851, "Species": "Ficus nitida", "Spread": 2, "SpreadP": 20}}, {"type": "Feature", "id": 852, "geometry": {"type": "Point", "coordinates": [46.67160164300003, 24.850808478000033]}, "properties": {"OBJECTID": 852, "Species": "Phoenix dactylifera", "Spread": 2.7231134953463814, "SpreadP": 10}}, {"type": "Feature", "id": 853, "geometry": {"type": "Point", "coordinates": [46.67172000000005, 24.850810000000024]}, "properties": {"OBJECTID": 853, "Species": "Ficus nitida", "Spread": 2, "SpreadP": 20}}, {"type": "Feature", "id": 854, "geometry": {"type": "Point", "coordinates": [46.67164851300004, 24.850828497000066]}, "properties": {"OBJECTID": 854, "Species": "Phoenix dactylifera", "Spread": 5.539870574868727, "SpreadP": 10}}, {"type": "Feature", "id": 855, "geometry": {"type": "Point", "coordinates": [46.67169332200007, 24.850850929000046]}, "properties": {"OBJECTID": 855, "Species": "Phoenix dactylifera", "Spread": 4.418580674715466, "SpreadP": 10}}, {"type": "Feature", "id": 856, "geometry": {"type": "Point", "coordinates": [46.67187000000007, 24.850880000000075]}, "properties": {"OBJECTID": 856, "Species": "Ficus nitida", "Spread": 2, "SpreadP": 20}}, {"type": "Feature", "id": 857, "geometry": {"type": "Point", "coordinates": [46.671217727000055, 24.85088957100004]}, "properties": {"OBJECTID": 857, "Species": null, "Spread": 3.543407042269365, "SpreadP": 11.3}}, {"type": "Feature", "id": 858, "geometry": {"type": "Point", "coordinates": [46.67178487600006, 24.85088382600003]}, "properties": {"OBJECTID": 858, "Species": "Phoenix dactylifera", "Spread": 3.2856959840815225, "SpreadP": 10}}, {"type": "Feature", "id": 859, "geometry": {"type": "Point", "coordinates": [46.67191233400007, 24.850900077000063]}, "properties": {"OBJECTID": 859, "Species": "Phoenix dactylifera", "Spread": 4.314040151110543, "SpreadP": 10}}, {"type": "Feature", "id": 860, "geometry": {"type": "Point", "coordinates": [46.671266855000056, 24.850907721000056]}, "properties": {"OBJECTID": 860, "Species": null, "Spread": 3.67308651291729, "SpreadP": 11.3}}, {"type": "Feature", "id": 861, "geometry": {"type": "Point", "coordinates": [46.671303591000026, 24.850913220000052]}, "properties": {"OBJECTID": 861, "Species": null, "Spread": 5.018909528853366, "SpreadP": 11.3}}, {"type": "Feature", "id": 862, "geometry": {"type": "Point", "coordinates": [46.67199185100003, 24.850933587000043]}, "properties": {"OBJECTID": 862, "Species": "Phoenix dactylifera", "Spread": 3.8103478225242196, "SpreadP": 10}}, {"type": "Feature", "id": 863, "geometry": {"type": "Point", "coordinates": [46.67136805900003, 24.850943052000048]}, "properties": {"OBJECTID": 863, "Species": null, "Spread": 5.3498673754947985, "SpreadP": 11.3}}, {"type": "Feature", "id": 864, "geometry": {"type": "Point", "coordinates": [46.67195000000004, 24.85095000000007]}, "properties": {"OBJECTID": 864, "Species": "Ficus nitida", "Spread": 2, "SpreadP": 20}}, {"type": "Feature", "id": 865, "geometry": {"type": "Point", "coordinates": [46.67144340100003, 24.850981655000055]}, "properties": {"OBJECTID": 865, "Species": "Phoenix dactylifera", "Spread": 5.294611889122193, "SpreadP": 10}}, {"type": "Feature", "id": 866, "geometry": {"type": "Point", "coordinates": [46.67107805100005, 24.85082628600003]}, "properties": {"OBJECTID": 866, "Species": "Phoenix dactylifera", "Spread": 4.989043982570979, "SpreadP": 10}}, {"type": "Feature", "id": 867, "geometry": {"type": "Point", "coordinates": [46.671155859000066, 24.85084291100003]}, "properties": {"OBJECTID": 867, "Species": "Phoenix dactylifera", "Spread": 5.35078182168617, "SpreadP": 10}}, {"type": "Feature", "id": 868, "geometry": {"type": "Point", "coordinates": [46.67217000000005, 24.851000000000056]}, "properties": {"OBJECTID": 868, "Species": "Ficus nitida", "Spread": 2, "SpreadP": 20}}, {"type": "Feature", "id": 869, "geometry": {"type": "Point", "coordinates": [46.67213725800008, 24.85103850200005]}, "properties": {"OBJECTID": 869, "Species": "Phoenix dactylifera", "Spread": 4.849405570918816, "SpreadP": 10}}, {"type": "Feature", "id": 870, "geometry": {"type": "Point", "coordinates": [46.672270000000026, 24.851050000000043]}, "properties": {"OBJECTID": 870, "Species": "Ficus nitida", "Spread": 2, "SpreadP": 20}}, {"type": "Feature", "id": 871, "geometry": {"type": "Point", "coordinates": [46.67218305100005, 24.851056146000076]}, "properties": {"OBJECTID": 871, "Species": "Phoenix dactylifera", "Spread": 4.971403504328959, "SpreadP": 10}}, {"type": "Feature", "id": 872, "geometry": {"type": "Point", "coordinates": [46.671643568000036, 24.851070192000066]}, "properties": {"OBJECTID": 872, "Species": "Phoenix dactylifera", "Spread": 5.433705163409558, "SpreadP": 10}}, {"type": "Feature", "id": 873, "geometry": {"type": "Point", "coordinates": [46.672232534000045, 24.85107565800007]}, "properties": {"OBJECTID": 873, "Species": "Phoenix dactylifera", "Spread": 5.7718552206370815, "SpreadP": 10}}, {"type": "Feature", "id": 874, "geometry": {"type": "Point", "coordinates": [46.67172969100005, 24.851088643000026]}, "properties": {"OBJECTID": 874, "Species": "Phoenix dactylifera", "Spread": 3.5704561313456975, "SpreadP": 10}}, {"type": "Feature", "id": 875, "geometry": {"type": "Point", "coordinates": [46.67228360000007, 24.851096108000036]}, "properties": {"OBJECTID": 875, "Species": "Phoenix dactylifera", "Spread": 5.18489920321873, "SpreadP": 10}}, {"type": "Feature", "id": 876, "geometry": {"type": "Point", "coordinates": [46.67179046700005, 24.851115076000042]}, "properties": {"OBJECTID": 876, "Species": "Phoenix dactylifera", "Spread": 4.733612247008453, "SpreadP": 10}}, {"type": "Feature", "id": 877, "geometry": {"type": "Point", "coordinates": [46.67232000000007, 24.851060000000075]}, "properties": {"OBJECTID": 877, "Species": "Ficus nitida", "Spread": 2, "SpreadP": 20}}, {"type": "Feature", "id": 878, "geometry": {"type": "Point", "coordinates": [46.67243524400004, 24.851119613000037]}, "properties": {"OBJECTID": 878, "Species": "Phoenix dactylifera", "Spread": 4.6106406755350475, "SpreadP": 10}}, {"type": "Feature", "id": 879, "geometry": {"type": "Point", "coordinates": [46.67237838400007, 24.851135658000032]}, "properties": {"OBJECTID": 879, "Species": "Phoenix dactylifera", "Spread": 5.129473188540139, "SpreadP": 10}}, {"type": "Feature", "id": 880, "geometry": {"type": "Point", "coordinates": [46.672482675000026, 24.851142374000062]}, "properties": {"OBJECTID": 880, "Species": "Phoenix dactylifera", "Spread": 3.695850894708663, "SpreadP": 10}}, {"type": "Feature", "id": 881, "geometry": {"type": "Point", "coordinates": [46.67249000000004, 24.851170000000025]}, "properties": {"OBJECTID": 881, "Species": "Ficus nitida", "Spread": 2, "SpreadP": 20}}, {"type": "Feature", "id": 882, "geometry": {"type": "Point", "coordinates": [46.672540000000026, 24.85119000000003]}, "properties": {"OBJECTID": 882, "Species": "Ficus nitida", "Spread": 2, "SpreadP": 20}}, {"type": "Feature", "id": 883, "geometry": {"type": "Point", "coordinates": [46.67258000000004, 24.851210000000037]}, "properties": {"OBJECTID": 883, "Species": "Ficus nitida", "Spread": 2, "SpreadP": 20}}, {"type": "Feature", "id": 884, "geometry": {"type": "Point", "coordinates": [46.67268000000007, 24.85122000000007]}, "properties": {"OBJECTID": 884, "Species": "Ficus nitida", "Spread": 2, "SpreadP": 20}}, {"type": "Feature", "id": 885, "geometry": {"type": "Point", "coordinates": [46.67262000000005, 24.851230000000044]}, "properties": {"OBJECTID": 885, "Species": "Ficus nitida", "Spread": 2, "SpreadP": 20}}, {"type": "Feature", "id": 886, "geometry": {"type": "Point", "coordinates": [46.67327953000006, 24.85148532900007]}, "properties": {"OBJECTID": 886, "Species": "Phoenix dactylifera", "Spread": 3.1630865215053645, "SpreadP": 10}}, {"type": "Feature", "id": 887, "geometry": {"type": "Point", "coordinates": [46.67326768800007, 24.851511560000063]}, "properties": {"OBJECTID": 887, "Species": null, "Spread": 3.937256980281312, "SpreadP": 11.3}}, {"type": "Feature", "id": 888, "geometry": {"type": "Point", "coordinates": [46.67333000000008, 24.851530000000025]}, "properties": {"OBJECTID": 888, "Species": "Ficus nitida", "Spread": 4, "SpreadP": 20}}, {"type": "Feature", "id": 889, "geometry": {"type": "Point", "coordinates": [46.67340790000003, 24.851540029000034]}, "properties": {"OBJECTID": 889, "Species": "Phoenix dactylifera", "Spread": 3.823357583735061, "SpreadP": 10}}, {"type": "Feature", "id": 890, "geometry": {"type": "Point", "coordinates": [46.67345052700006, 24.85154612100007]}, "properties": {"OBJECTID": 890, "Species": "Phoenix dactylifera", "Spread": 2.484484919027698, "SpreadP": 10}}, {"type": "Feature", "id": 891, "geometry": {"type": "Point", "coordinates": [46.67281000000003, 24.851270000000056]}, "properties": {"OBJECTID": 891, "Species": "Ficus nitida", "Spread": 2, "SpreadP": 20}}, {"type": "Feature", "id": 892, "geometry": {"type": "Point", "coordinates": [46.672750000000065, 24.851290000000063]}, "properties": {"OBJECTID": 892, "Species": "Ficus nitida", "Spread": 2, "SpreadP": 20}}, {"type": "Feature", "id": 893, "geometry": {"type": "Point", "coordinates": [46.67297281200007, 24.851388178000036]}, "properties": {"OBJECTID": 893, "Species": null, "Spread": 3.033535693045167, "SpreadP": 11.3}}, {"type": "Feature", "id": 894, "geometry": {"type": "Point", "coordinates": [46.673190000000034, 24.85143000000005]}, "properties": {"OBJECTID": 894, "Species": "Ficus nitida", "Spread": 3, "SpreadP": 20}}, {"type": "Feature", "id": 895, "geometry": {"type": "Point", "coordinates": [46.67313000000007, 24.851440000000025]}, "properties": {"OBJECTID": 895, "Species": "Ficus nitida", "Spread": 3, "SpreadP": 20}}, {"type": "Feature", "id": 896, "geometry": {"type": "Point", "coordinates": [46.66441000000003, 24.84773000000007]}, "properties": {"OBJECTID": 896, "Species": "Ficus nitida", "Spread": 2, "SpreadP": 20}}, {"type": "Feature", "id": 897, "geometry": {"type": "Point", "coordinates": [46.664450000000045, 24.847750000000076]}, "properties": {"OBJECTID": 897, "Species": "Ficus nitida", "Spread": 2, "SpreadP": 20}}, {"type": "Feature", "id": 898, "geometry": {"type": "Point", "coordinates": [46.66449000000006, 24.847770000000025]}, "properties": {"OBJECTID": 898, "Species": "Ficus nitida", "Spread": 2, "SpreadP": 20}}, {"type": "Feature", "id": 899, "geometry": {"type": "Point", "coordinates": [46.66507000000007, 24.847780000000057]}, "properties": {"OBJECTID": 899, "Species": "Phoenix dactylifera", "Spread": 2.5, "SpreadP": 10}}, {"type": "Feature", "id": 900, "geometry": {"type": "Point", "coordinates": [46.664453362000074, 24.84779433400007]}, "properties": {"OBJECTID": 900, "Species": "Phoenix dactylifera", "Spread": 4.80058702240741, "SpreadP": 10}}, {"type": "Feature", "id": 901, "geometry": {"type": "Point", "coordinates": [46.665140000000065, 24.847810000000038]}, "properties": {"OBJECTID": 901, "Species": "Phoenix dactylifera", "Spread": 2, "SpreadP": 10}}, {"type": "Feature", "id": 902, "geometry": {"type": "Point", "coordinates": [46.66452000000004, 24.84782000000007]}, "properties": {"OBJECTID": 902, "Species": "Ficus nitida", "Spread": 2, "SpreadP": 20}}, {"type": "Feature", "id": 903, "geometry": {"type": "Point", "coordinates": [46.66456000000005, 24.847830000000044]}, "properties": {"OBJECTID": 903, "Species": "Ficus nitida", "Spread": 2, "SpreadP": 20}}, {"type": "Feature", "id": 904, "geometry": {"type": "Point", "coordinates": [46.664647323000054, 24.847840547000033]}, "properties": {"OBJECTID": 904, "Species": "Phoenix dactylifera", "Spread": 2.7284852240879913, "SpreadP": 10}}, {"type": "Feature", "id": 905, "geometry": {"type": "Point", "coordinates": [46.66521000000006, 24.847840000000076]}, "properties": {"OBJECTID": 905, "Species": "Phoenix dactylifera", "Spread": 2, "SpreadP": 10}}, {"type": "Feature", "id": 906, "geometry": {"type": "Point", "coordinates": [46.66461000000004, 24.847860000000026]}, "properties": {"OBJECTID": 906, "Species": "Ficus nitida", "Spread": 2, "SpreadP": 20}}, {"type": "Feature", "id": 907, "geometry": {"type": "Point", "coordinates": [46.66468423300006, 24.847859725000035]}, "properties": {"OBJECTID": 907, "Species": "Phoenix dactylifera", "Spread": 2.7074046721981424, "SpreadP": 10}}, {"type": "Feature", "id": 908, "geometry": {"type": "Point", "coordinates": [46.66528000000005, 24.847860000000026]}, "properties": {"OBJECTID": 908, "Species": "Phoenix dactylifera", "Spread": 2.5, "SpreadP": 10}}, {"type": "Feature", "id": 909, "geometry": {"type": "Point", "coordinates": [46.66472576500007, 24.847872162000044]}, "properties": {"OBJECTID": 909, "Species": "Phoenix dactylifera", "Spread": 2.7259174571278586, "SpreadP": 10}}, {"type": "Feature", "id": 910, "geometry": {"type": "Point", "coordinates": [46.66531644500003, 24.84788186700007]}, "properties": {"OBJECTID": 910, "Species": "Phoenix dactylifera", "Spread": 4.928447097708639, "SpreadP": 10}}, {"type": "Feature", "id": 911, "geometry": {"type": "Point", "coordinates": [46.66537000000005, 24.84790000000004]}, "properties": {"OBJECTID": 911, "Species": "Phoenix dactylifera", "Spread": 2.5, "SpreadP": 10}}, {"type": "Feature", "id": 912, "geometry": {"type": "Point", "coordinates": [46.66484000000003, 24.84791000000007]}, "properties": {"OBJECTID": 912, "Species": "Ficus nitida", "Spread": 2, "SpreadP": 20}}, {"type": "Feature", "id": 913, "geometry": {"type": "Point", "coordinates": [46.66543000000007, 24.847930000000076]}, "properties": {"OBJECTID": 913, "Species": "Phoenix dactylifera", "Spread": 3, "SpreadP": 10}}, {"type": "Feature", "id": 914, "geometry": {"type": "Point", "coordinates": [46.664840025000046, 24.847958799000025]}, "properties": {"OBJECTID": 914, "Species": "Phoenix dactylifera", "Spread": 4.084826095901062, "SpreadP": 10}}, {"type": "Feature", "id": 915, "geometry": {"type": "Point", "coordinates": [46.664960000000065, 24.847960000000057]}, "properties": {"OBJECTID": 915, "Species": "Ficus nitida", "Spread": 2, "SpreadP": 20}}, {"type": "Feature", "id": 916, "geometry": {"type": "Point", "coordinates": [46.66551000000004, 24.847960000000057]}, "properties": {"OBJECTID": 916, "Species": "Phoenix dactylifera", "Spread": 2.5, "SpreadP": 10}}, {"type": "Feature", "id": 917, "geometry": {"type": "Point", "coordinates": [46.66487848500003, 24.847976526000025]}, "properties": {"OBJECTID": 917, "Species": "Phoenix dactylifera", "Spread": 4.275797776187761, "SpreadP": 10}}, {"type": "Feature", "id": 918, "geometry": {"type": "Point", "coordinates": [46.66557000000006, 24.84799000000004]}, "properties": {"OBJECTID": 918, "Species": "Phoenix dactylifera", "Spread": 2.5, "SpreadP": 10}}, {"type": "Feature", "id": 919, "geometry": {"type": "Point", "coordinates": [46.66492380900007, 24.847998476000043]}, "properties": {"OBJECTID": 919, "Species": "Phoenix dactylifera", "Spread": 4.076089157421503, "SpreadP": 10}}, {"type": "Feature", "id": 920, "geometry": {"type": "Point", "coordinates": [46.66504000000003, 24.84800000000007]}, "properties": {"OBJECTID": 920, "Species": "Ficus nitida", "Spread": 2, "SpreadP": 20}}, {"type": "Feature", "id": 921, "geometry": {"type": "Point", "coordinates": [46.664965367000036, 24.84801282500007]}, "properties": {"OBJECTID": 921, "Species": "Phoenix dactylifera", "Spread": 3.8456049344802588, "SpreadP": 10}}, {"type": "Feature", "id": 922, "geometry": {"type": "Point", "coordinates": [46.66509000000008, 24.848020000000076]}, "properties": {"OBJECTID": 922, "Species": "Ficus nitida", "Spread": 2, "SpreadP": 20}}, {"type": "Feature", "id": 923, "geometry": {"type": "Point", "coordinates": [46.66503000000006, 24.84803000000005]}, "properties": {"OBJECTID": 923, "Species": "Ficus nitida", "Spread": 2, "SpreadP": 20}}, {"type": "Feature", "id": 924, "geometry": {"type": "Point", "coordinates": [46.665082692000055, 24.848064417000046]}, "properties": {"OBJECTID": 924, "Species": null, "Spread": 3.2005606951807852, "SpreadP": 11.3}}, {"type": "Feature", "id": 925, "geometry": {"type": "Point", "coordinates": [46.66513000000003, 24.848070000000064]}, "properties": {"OBJECTID": 925, "Species": "Ficus nitida", "Spread": 2, "SpreadP": 20}}, {"type": "Feature", "id": 926, "geometry": {"type": "Point", "coordinates": [46.66461093800007, 24.848094592000052]}, "properties": {"OBJECTID": 926, "Species": null, "Spread": 4.630996499961049, "SpreadP": 11.3}}, {"type": "Feature", "id": 927, "geometry": {"type": "Point", "coordinates": [46.665170000000046, 24.848100000000045]}, "properties": {"OBJECTID": 927, "Species": "Ficus nitida", "Spread": 2, "SpreadP": 20}}, {"type": "Feature", "id": 928, "geometry": {"type": "Point", "coordinates": [46.665310000000034, 24.848150000000032]}, "properties": {"OBJECTID": 928, "Species": "Ficus nitida", "Spread": 2, "SpreadP": 20}}, {"type": "Feature", "id": 929, "geometry": {"type": "Point", "coordinates": [46.665400000000034, 24.848150000000032]}, "properties": {"OBJECTID": 929, "Species": "Ficus nitida", "Spread": 2, "SpreadP": 20}}, {"type": "Feature", "id": 930, "geometry": {"type": "Point", "coordinates": [46.66478770200007, 24.848167094000075]}, "properties": {"OBJECTID": 930, "Species": "Phoenix dactylifera", "Spread": 3.6868828811873855, "SpreadP": 10}}, {"type": "Feature", "id": 931, "geometry": {"type": "Point", "coordinates": [46.665500000000065, 24.848190000000045]}, "properties": {"OBJECTID": 931, "Species": "Ficus nitida", "Spread": 2, "SpreadP": 20}}, {"type": "Feature", "id": 932, "geometry": {"type": "Point", "coordinates": [46.665719255000056, 24.848287980000066]}, "properties": {"OBJECTID": 932, "Species": "Phoenix dactylifera", "Spread": 4.557171295241735, "SpreadP": 10}}, {"type": "Feature", "id": 933, "geometry": {"type": "Point", "coordinates": [46.665654577000055, 24.84830243400006]}, "properties": {"OBJECTID": 933, "Species": "Phoenix dactylifera", "Spread": 3.2264541710296597, "SpreadP": 10}}, {"type": "Feature", "id": 934, "geometry": {"type": "Point", "coordinates": [46.66598000000005, 24.84844000000004]}, "properties": {"OBJECTID": 934, "Species": "Ficus nitida", "Spread": 2, "SpreadP": 20}}, {"type": "Feature", "id": 935, "geometry": {"type": "Point", "coordinates": [46.66610000000003, 24.84844000000004]}, "properties": {"OBJECTID": 935, "Species": "Ficus nitida", "Spread": 2, "SpreadP": 20}}, {"type": "Feature", "id": 936, "geometry": {"type": "Point", "coordinates": [46.66615671100004, 24.84848091300006]}, "properties": {"OBJECTID": 936, "Species": null, "Spread": 5.066409896256432, "SpreadP": 11.3}}, {"type": "Feature", "id": 937, "geometry": {"type": "Point", "coordinates": [46.666120000000035, 24.848490000000027]}, "properties": {"OBJECTID": 937, "Species": "Ficus nitida", "Spread": 2, "SpreadP": 20}}, {"type": "Feature", "id": 938, "geometry": {"type": "Point", "coordinates": [46.66615793300008, 24.848515104000057]}, "properties": {"OBJECTID": 938, "Species": "Phoenix dactylifera", "Spread": 3.34636247228924, "SpreadP": 10}}, {"type": "Feature", "id": 939, "geometry": {"type": "Point", "coordinates": [46.666255129000035, 24.848515028000065]}, "properties": {"OBJECTID": 939, "Species": null, "Spread": 4.062165001653549, "SpreadP": 11.3}}, {"type": "Feature", "id": 940, "geometry": {"type": "Point", "coordinates": [46.66623000000004, 24.84854000000007]}, "properties": {"OBJECTID": 940, "Species": "Ficus nitida", "Spread": 2, "SpreadP": 20}}, {"type": "Feature", "id": 941, "geometry": {"type": "Point", "coordinates": [46.666270000000054, 24.848550000000046]}, "properties": {"OBJECTID": 941, "Species": "Ficus nitida", "Spread": 2, "SpreadP": 20}}, {"type": "Feature", "id": 942, "geometry": {"type": "Point", "coordinates": [46.66634000000005, 24.848550000000046]}, "properties": {"OBJECTID": 942, "Species": "Ficus nitida", "Spread": 2, "SpreadP": 20}}, {"type": "Feature", "id": 943, "geometry": {"type": "Point", "coordinates": [46.66637232100004, 24.84857135900006]}, "properties": {"OBJECTID": 943, "Species": "Phoenix dactylifera", "Spread": 3.9523886416135383, "SpreadP": 10}}, {"type": "Feature", "id": 944, "geometry": {"type": "Point", "coordinates": [46.66631481200005, 24.848577972000044]}, "properties": {"OBJECTID": 944, "Species": "Phoenix dactylifera", "Spread": 2.568147355921802, "SpreadP": 10}}, {"type": "Feature", "id": 945, "geometry": {"type": "Point", "coordinates": [46.66632737900005, 24.848590063000074]}, "properties": {"OBJECTID": 945, "Species": null, "Spread": 6.0932475027336865, "SpreadP": 11.3}}, {"type": "Feature", "id": 946, "geometry": {"type": "Point", "coordinates": [46.666450000000054, 24.84859000000006]}, "properties": {"OBJECTID": 946, "Species": "Ficus nitida", "Spread": 1, "SpreadP": 20}}, {"type": "Feature", "id": 947, "geometry": {"type": "Point", "coordinates": [46.66642000000007, 24.848600000000033]}, "properties": {"OBJECTID": 947, "Species": "Ficus nitida", "Spread": 2, "SpreadP": 20}}, {"type": "Feature", "id": 948, "geometry": {"type": "Point", "coordinates": [46.66657610100003, 24.848653650000074]}, "properties": {"OBJECTID": 948, "Species": null, "Spread": 5.077706254036115, "SpreadP": 11.3}}, {"type": "Feature", "id": 949, "geometry": {"type": "Point", "coordinates": [46.66649761100007, 24.848666715000036]}, "properties": {"OBJECTID": 949, "Species": null, "Spread": 4.062165000603529, "SpreadP": 11.3}}, {"type": "Feature", "id": 950, "geometry": {"type": "Point", "coordinates": [46.666540000000055, 24.848670000000027]}, "properties": {"OBJECTID": 950, "Species": "Ficus nitida", "Spread": 2, "SpreadP": 20}}, {"type": "Feature", "id": 951, "geometry": {"type": "Point", "coordinates": [46.66659000000004, 24.848690000000033]}, "properties": {"OBJECTID": 951, "Species": "Ficus nitida", "Spread": 2, "SpreadP": 20}}, {"type": "Feature", "id": 952, "geometry": {"type": "Point", "coordinates": [46.666947511000046, 24.848805859000038]}, "properties": {"OBJECTID": 952, "Species": "Phoenix dactylifera", "Spread": 3.548209776541022, "SpreadP": 10}}, {"type": "Feature", "id": 953, "geometry": {"type": "Point", "coordinates": [46.66703832600007, 24.848846391000052]}, "properties": {"OBJECTID": 953, "Species": null, "Spread": 4.292095111963388, "SpreadP": 11.3}}, {"type": "Feature", "id": 954, "geometry": {"type": "Point", "coordinates": [46.66697000000005, 24.848850000000027]}, "properties": {"OBJECTID": 954, "Species": "Ficus nitida", "Spread": 2, "SpreadP": 20}}, {"type": "Feature", "id": 955, "geometry": {"type": "Point", "coordinates": [46.66707000000008, 24.848850000000027]}, "properties": {"OBJECTID": 955, "Species": "Ficus nitida", "Spread": 2, "SpreadP": 20}}, {"type": "Feature", "id": 956, "geometry": {"type": "Point", "coordinates": [46.66711000000004, 24.848870000000034]}, "properties": {"OBJECTID": 956, "Species": "Phoenix dactylifera", "Spread": 2, "SpreadP": 10}}, {"type": "Feature", "id": 957, "geometry": {"type": "Point", "coordinates": [46.66705531000008, 24.84888886500005]}, "properties": {"OBJECTID": 957, "Species": "Phoenix dactylifera", "Spread": 2.537724495935375, "SpreadP": 10}}, {"type": "Feature", "id": 958, "geometry": {"type": "Point", "coordinates": [46.66716000000008, 24.84889000000004]}, "properties": {"OBJECTID": 958, "Species": "Ficus nitida", "Spread": 2, "SpreadP": 20}}, {"type": "Feature", "id": 959, "geometry": {"type": "Point", "coordinates": [46.66720000000004, 24.84890000000007]}, "properties": {"OBJECTID": 959, "Species": "Ficus nitida", "Spread": 1, "SpreadP": 20}}, {"type": "Feature", "id": 960, "geometry": {"type": "Point", "coordinates": [46.667091560000074, 24.84890757000005]}, "properties": {"OBJECTID": 960, "Species": "Phoenix dactylifera", "Spread": 4.117888324952839, "SpreadP": 10}}, {"type": "Feature", "id": 961, "geometry": {"type": "Point", "coordinates": [46.66714814300008, 24.848929634000058]}, "properties": {"OBJECTID": 961, "Species": "Phoenix dactylifera", "Spread": 2.7524126309792685, "SpreadP": 10}}, {"type": "Feature", "id": 962, "geometry": {"type": "Point", "coordinates": [46.66406544000006, 24.84762980000005]}, "properties": {"OBJECTID": 962, "Species": "Ficus nitida", "Spread": 2, "SpreadP": 20}}, {"type": "Feature", "id": 963, "geometry": {"type": "Point", "coordinates": [46.664100000000076, 24.84764000000007]}, "properties": {"OBJECTID": 963, "Species": "Ficus nitida", "Spread": 2, "SpreadP": 20}}, {"type": "Feature", "id": 964, "geometry": {"type": "Point", "coordinates": [46.66420248800006, 24.847652483000047]}, "properties": {"OBJECTID": 964, "Species": "Phoenix dactylifera", "Spread": 3.8811978890236594, "SpreadP": 10}}, {"type": "Feature", "id": 965, "geometry": {"type": "Point", "coordinates": [46.66417739700006, 24.847685012000056]}, "properties": {"OBJECTID": 965, "Species": "Phoenix dactylifera", "Spread": 3.7318486223737977, "SpreadP": 10}}, {"type": "Feature", "id": 966, "geometry": {"type": "Point", "coordinates": [46.66432000000003, 24.847690000000057]}, "properties": {"OBJECTID": 966, "Species": "Ficus nitida", "Spread": 2, "SpreadP": 20}}, {"type": "Feature", "id": 967, "geometry": {"type": "Point", "coordinates": [46.664360000000045, 24.847710000000063]}, "properties": {"OBJECTID": 967, "Species": "Ficus nitida", "Spread": 2, "SpreadP": 20}}, {"type": "Feature", "id": 968, "geometry": {"type": "Point", "coordinates": [46.66435184300008, 24.847755568000025]}, "properties": {"OBJECTID": 968, "Species": "Phoenix dactylifera", "Spread": 2.7022266353983264, "SpreadP": 10}}, {"type": "Feature", "id": 969, "geometry": {"type": "Point", "coordinates": [46.663998966000065, 24.847834238000075]}, "properties": {"OBJECTID": 969, "Species": "Phoenix dactylifera", "Spread": 3.073875511708248, "SpreadP": 10}}, {"type": "Feature", "id": 970, "geometry": {"type": "Point", "coordinates": [46.66408544600006, 24.847866182000075]}, "properties": {"OBJECTID": 970, "Species": "Phoenix dactylifera", "Spread": 4.527810523336375, "SpreadP": 10}}, {"type": "Feature", "id": 971, "geometry": {"type": "Point", "coordinates": [46.66490490700005, 24.848215880000055]}, "properties": {"OBJECTID": 971, "Species": "Phoenix dactylifera", "Spread": 3.8596505885422636, "SpreadP": 10}}, {"type": "Feature", "id": 972, "geometry": {"type": "Point", "coordinates": [46.664942720000056, 24.848237751000056]}, "properties": {"OBJECTID": 972, "Species": "Phoenix dactylifera", "Spread": 4.849405570918816, "SpreadP": 10}}, {"type": "Feature", "id": 973, "geometry": {"type": "Point", "coordinates": [46.66503633500008, 24.848271787000044]}, "properties": {"OBJECTID": 973, "Species": "Phoenix dactylifera", "Spread": 3.1947281872793285, "SpreadP": 10}}, {"type": "Feature", "id": 974, "geometry": {"type": "Point", "coordinates": [46.66523820500004, 24.848355823000077]}, "properties": {"OBJECTID": 974, "Species": null, "Spread": 3.1222172029676165, "SpreadP": 11.3}}, {"type": "Feature", "id": 975, "geometry": {"type": "Point", "coordinates": [46.66557000000006, 24.848470000000077]}, "properties": {"OBJECTID": 975, "Species": "Phoenix dactylifera", "Spread": 2, "SpreadP": 10}}, {"type": "Feature", "id": 976, "geometry": {"type": "Point", "coordinates": [46.666630000000055, 24.84871000000004]}, "properties": {"OBJECTID": 976, "Species": "Ficus nitida", "Spread": 2, "SpreadP": 20}}, {"type": "Feature", "id": 977, "geometry": {"type": "Point", "coordinates": [46.637913980000064, 24.83657026000003]}, "properties": {"OBJECTID": 977, "Species": "Conocarpus erectus", "Spread": 3.5, "SpreadP": 12}}, {"type": "Feature", "id": 978, "geometry": {"type": "Point", "coordinates": [46.63783945100005, 24.836582571000065]}, "properties": {"OBJECTID": 978, "Species": null, "Spread": 3.8290146714344577, "SpreadP": 11.3}}, {"type": "Feature", "id": 979, "geometry": {"type": "Point", "coordinates": [46.63800562000006, 24.83660469000006]}, "properties": {"OBJECTID": 979, "Species": "Phoenix dactylifera", "Spread": 5, "SpreadP": 10}}, {"type": "Feature", "id": 980, "geometry": {"type": "Point", "coordinates": [46.63805920000004, 24.836629000000073]}, "properties": {"OBJECTID": 980, "Species": "Phoenix dactylifera", "Spread": 5, "SpreadP": 10}}, {"type": "Feature", "id": 981, "geometry": {"type": "Point", "coordinates": [46.63798576500005, 24.836639800000057]}, "properties": {"OBJECTID": 981, "Species": null, "Spread": 4.075659628772973, "SpreadP": 11.3}}, {"type": "Feature", "id": 982, "geometry": {"type": "Point", "coordinates": [46.63810337800004, 24.83665318100003]}, "properties": {"OBJECTID": 982, "Species": null, "Spread": 3.7408447600513357, "SpreadP": 11.3}}, {"type": "Feature", "id": 983, "geometry": {"type": "Point", "coordinates": [46.63803225500004, 24.836660652000035]}, "properties": {"OBJECTID": 983, "Species": null, "Spread": 3.327762151146698, "SpreadP": 11.3}}, {"type": "Feature", "id": 984, "geometry": {"type": "Point", "coordinates": [46.63813883000006, 24.83666160000007]}, "properties": {"OBJECTID": 984, "Species": "Phoenix dactylifera", "Spread": 5, "SpreadP": 10}}, {"type": "Feature", "id": 985, "geometry": {"type": "Point", "coordinates": [46.638181760000066, 24.83667642000006]}, "properties": {"OBJECTID": 985, "Species": "Phoenix dactylifera", "Spread": 5, "SpreadP": 10}}, {"type": "Feature", "id": 986, "geometry": {"type": "Point", "coordinates": [46.63806016900003, 24.836682562000078]}, "properties": {"OBJECTID": 986, "Species": null, "Spread": 3.723651250150039, "SpreadP": 11.3}}, {"type": "Feature", "id": 987, "geometry": {"type": "Point", "coordinates": [46.63824917900007, 24.836722475000045]}, "properties": {"OBJECTID": 987, "Species": null, "Spread": 4.062165000603529, "SpreadP": 11.3}}, {"type": "Feature", "id": 988, "geometry": {"type": "Point", "coordinates": [46.63833379300007, 24.836740591000023]}, "properties": {"OBJECTID": 988, "Species": null, "Spread": 4.6966891349295095, "SpreadP": 11.3}}, {"type": "Feature", "id": 989, "geometry": {"type": "Point", "coordinates": [46.638243689000035, 24.83675639300003]}, "properties": {"OBJECTID": 989, "Species": null, "Spread": 4.566800163764466, "SpreadP": 11.3}}, {"type": "Feature", "id": 990, "geometry": {"type": "Point", "coordinates": [46.63837741900005, 24.836768470000038]}, "properties": {"OBJECTID": 990, "Species": null, "Spread": 3.550362163021226, "SpreadP": 11.3}}, {"type": "Feature", "id": 991, "geometry": {"type": "Point", "coordinates": [46.63830502400003, 24.836771431000045]}, "properties": {"OBJECTID": 991, "Species": null, "Spread": 6.834732426394517, "SpreadP": 11.3}}, {"type": "Feature", "id": 992, "geometry": {"type": "Point", "coordinates": [46.638425297000026, 24.836797741000055]}, "properties": {"OBJECTID": 992, "Species": null, "Spread": 3.889226888804464, "SpreadP": 11.3}}, {"type": "Feature", "id": 993, "geometry": {"type": "Point", "coordinates": [46.638483730000075, 24.83682667000005]}, "properties": {"OBJECTID": 993, "Species": "Phoenix dactylifera", "Spread": 4, "SpreadP": 10}}, {"type": "Feature", "id": 994, "geometry": {"type": "Point", "coordinates": [46.63845442000007, 24.836833600000034]}, "properties": {"OBJECTID": 994, "Species": "Phoenix dactylifera", "Spread": 4.5, "SpreadP": 10}}, {"type": "Feature", "id": 995, "geometry": {"type": "Point", "coordinates": [46.63855880400007, 24.83684334900005]}, "properties": {"OBJECTID": 995, "Species": "Phoenix dactylifera", "Spread": 2.7852914651919907, "SpreadP": 10}}, {"type": "Feature", "id": 996, "geometry": {"type": "Point", "coordinates": [46.638586660000044, 24.836887200000035]}, "properties": {"OBJECTID": 996, "Species": "Conocarpus erectus", "Spread": 5, "SpreadP": 12}}, {"type": "Feature", "id": 997, "geometry": {"type": "Point", "coordinates": [46.63922129100007, 24.83688870800006]}, "properties": {"OBJECTID": 997, "Species": "Phoenix dactylifera", "Spread": 3.073668398174225, "SpreadP": 10}}, {"type": "Feature", "id": 998, "geometry": {"type": "Point", "coordinates": [46.63951920000005, 24.837011060000066]}, "properties": {"OBJECTID": 998, "Species": "Pithecellobium dulce", "Spread": 5, "SpreadP": 12}}, {"type": "Feature", "id": 999, "geometry": {"type": "Point", "coordinates": [46.639579327000035, 24.837041253000052]}, "properties": {"OBJECTID": 999, "Species": "Phoenix dactylifera", "Spread": 4.390250588315078, "SpreadP": 10}}, {"type": "Feature", "id": 1000, "geometry": {"type": "Point", "coordinates": [46.63967511000004, 24.837071940000044]}, "properties": {"OBJECTID": 1000, "Species": "Phoenix dactylifera", "Spread": 4, "SpreadP": 10}}, {"type": "Feature", "id": 1001, "geometry": {"type": "Point", "coordinates": [46.639150491000066, 24.837094513000068]}, "properties": {"OBJECTID": 1001, "Species": null, "Spread": 4.062165001120703, "SpreadP": 11.3}}, {"type": "Feature", "id": 1002, "geometry": {"type": "Point", "coordinates": [46.63972136400008, 24.83709225100006]}, "properties": {"OBJECTID": 1002, "Species": "Phoenix dactylifera", "Spread": 3.5230014308936015, "SpreadP": 10}}, {"type": "Feature", "id": 1003, "geometry": {"type": "Point", "coordinates": [46.63872438000004, 24.836945470000046]}, "properties": {"OBJECTID": 1003, "Species": "Conocarpus erectus", "Spread": 5, "SpreadP": 12}}, {"type": "Feature", "id": 1004, "geometry": {"type": "Point", "coordinates": [46.638840310000035, 24.836954200000037]}, "properties": {"OBJECTID": 1004, "Species": "Washingtonia filifera", "Spread": 3, "SpreadP": 5}}, {"type": "Feature", "id": 1005, "geometry": {"type": "Point", "coordinates": [46.638966570000036, 24.83702372600004]}, "properties": {"OBJECTID": 1005, "Species": null, "Spread": 5.57771575329461, "SpreadP": 11.3}}, {"type": "Feature", "id": 1006, "geometry": {"type": "Point", "coordinates": [46.639010272000064, 24.83704052300004]}, "properties": {"OBJECTID": 1006, "Species": null, "Spread": 3.8892268867911013, "SpreadP": 11.3}}, {"type": "Feature", "id": 1007, "geometry": {"type": "Point", "coordinates": [46.63893107900003, 24.83704223700005]}, "properties": {"OBJECTID": 1007, "Species": null, "Spread": 3.694257214939158, "SpreadP": 11.3}}, {"type": "Feature", "id": 1008, "geometry": {"type": "Point", "coordinates": [46.63897005300004, 24.837272040000073]}, "properties": {"OBJECTID": 1008, "Species": null, "Spread": 0.786741316566148, "SpreadP": 11.3}}, {"type": "Feature", "id": 1009, "geometry": {"type": "Point", "coordinates": [46.63903469600007, 24.837295605000065]}, "properties": {"OBJECTID": 1009, "Species": null, "Spread": 0.925550251670268, "SpreadP": 11.3}}, {"type": "Feature", "id": 1010, "geometry": {"type": "Point", "coordinates": [46.639776991000076, 24.837119674000064]}, "properties": {"OBJECTID": 1010, "Species": "Phoenix dactylifera", "Spread": 4.161329040464843, "SpreadP": 10}}, {"type": "Feature", "id": 1011, "geometry": {"type": "Point", "coordinates": [46.63919796300007, 24.837156352000022]}, "properties": {"OBJECTID": 1011, "Species": null, "Spread": 2.8479002613997446, "SpreadP": 11.3}}, {"type": "Feature", "id": 1012, "geometry": {"type": "Point", "coordinates": [46.63987472800005, 24.83715865100004]}, "properties": {"OBJECTID": 1012, "Species": "Phoenix dactylifera", "Spread": 3.1945289090963525, "SpreadP": 10}}, {"type": "Feature", "id": 1013, "geometry": {"type": "Point", "coordinates": [46.63990898600008, 24.837187277000055]}, "properties": {"OBJECTID": 1013, "Species": null, "Spread": 3.2686497712897467, "SpreadP": 11.3}}, {"type": "Feature", "id": 1014, "geometry": {"type": "Point", "coordinates": [46.63929738300004, 24.837196282000036]}, "properties": {"OBJECTID": 1014, "Species": null, "Spread": 3.7257877195299494, "SpreadP": 11.3}}, {"type": "Feature", "id": 1015, "geometry": {"type": "Point", "coordinates": [46.63938040600004, 24.83719762900006]}, "properties": {"OBJECTID": 1015, "Species": null, "Spread": 3.70823233904493, "SpreadP": 11.3}}, {"type": "Feature", "id": 1016, "geometry": {"type": "Point", "coordinates": [46.63995587200003, 24.837203531000057]}, "properties": {"OBJECTID": 1016, "Species": null, "Spread": 3.6836870723497137, "SpreadP": 11.3}}, {"type": "Feature", "id": 1017, "geometry": {"type": "Point", "coordinates": [46.63942220500007, 24.837216131000048]}, "properties": {"OBJECTID": 1017, "Species": null, "Spread": 3.3851375007618416, "SpreadP": 11.3}}, {"type": "Feature", "id": 1018, "geometry": {"type": "Point", "coordinates": [46.640007171000036, 24.837225602000046]}, "properties": {"OBJECTID": 1018, "Species": null, "Spread": 5.195694085816236, "SpreadP": 11.3}}, {"type": "Feature", "id": 1019, "geometry": {"type": "Point", "coordinates": [46.639472890000036, 24.837233181000045]}, "properties": {"OBJECTID": 1019, "Species": null, "Spread": 3.550362165024132, "SpreadP": 11.3}}, {"type": "Feature", "id": 1020, "geometry": {"type": "Point", "coordinates": [46.64021334500006, 24.837313718000075]}, "properties": {"OBJECTID": 1020, "Species": null, "Spread": 5.57771575329461, "SpreadP": 11.3}}, {"type": "Feature", "id": 1021, "geometry": {"type": "Point", "coordinates": [46.64027002800003, 24.837331171000073]}, "properties": {"OBJECTID": 1021, "Species": "Phoenix dactylifera", "Spread": 4.383796859552193, "SpreadP": 10}}, {"type": "Feature", "id": 1022, "geometry": {"type": "Point", "coordinates": [46.64030386200005, 24.83734266500005]}, "properties": {"OBJECTID": 1022, "Species": "Phoenix dactylifera", "Spread": 5.294491648580564, "SpreadP": 10}}, {"type": "Feature", "id": 1023, "geometry": {"type": "Point", "coordinates": [46.64035163500006, 24.83736100400006]}, "properties": {"OBJECTID": 1023, "Species": "Phoenix dactylifera", "Spread": 4.161329042040586, "SpreadP": 10}}, {"type": "Feature", "id": 1024, "geometry": {"type": "Point", "coordinates": [46.64113378300004, 24.83769026300007]}, "properties": {"OBJECTID": 1024, "Species": null, "Spread": 4.353226281759425, "SpreadP": 11.3}}, {"type": "Feature", "id": 1025, "geometry": {"type": "Point", "coordinates": [46.64117259300008, 24.837711563000028]}, "properties": {"OBJECTID": 1025, "Species": null, "Spread": 3.8892268893446342, "SpreadP": 11.3}}, {"type": "Feature", "id": 1026, "geometry": {"type": "Point", "coordinates": [46.64122184800004, 24.83773269200003]}, "properties": {"OBJECTID": 1026, "Species": null, "Spread": 4.062165004270762, "SpreadP": 11.3}}, {"type": "Feature", "id": 1027, "geometry": {"type": "Point", "coordinates": [46.641263320000064, 24.83774141200007]}, "properties": {"OBJECTID": 1027, "Species": null, "Spread": 3.8795983008019443, "SpreadP": 11.3}}, {"type": "Feature", "id": 1028, "geometry": {"type": "Point", "coordinates": [46.64038469600007, 24.83736805500007]}, "properties": {"OBJECTID": 1028, "Species": "Phoenix dactylifera", "Spread": 5.742773779954264, "SpreadP": 10}}, {"type": "Feature", "id": 1029, "geometry": {"type": "Point", "coordinates": [46.640485080000076, 24.837416478000023]}, "properties": {"OBJECTID": 1029, "Species": "Phoenix dactylifera", "Spread": 4.361809622163032, "SpreadP": 10}}, {"type": "Feature", "id": 1030, "geometry": {"type": "Point", "coordinates": [46.64051566300003, 24.837423353000077]}, "properties": {"OBJECTID": 1030, "Species": "Phoenix dactylifera", "Spread": 4.410649272387066, "SpreadP": 10}}, {"type": "Feature", "id": 1031, "geometry": {"type": "Point", "coordinates": [46.64054887300006, 24.83744741000004]}, "properties": {"OBJECTID": 1031, "Species": "Phoenix dactylifera", "Spread": 4.6513482022431, "SpreadP": 10}}, {"type": "Feature", "id": 1032, "geometry": {"type": "Point", "coordinates": [46.640590710000026, 24.837456571000075]}, "properties": {"OBJECTID": 1032, "Species": "Phoenix dactylifera", "Spread": 4.005507646130236, "SpreadP": 10}}, {"type": "Feature", "id": 1033, "geometry": {"type": "Point", "coordinates": [46.640625588000034, 24.837481815000046]}, "properties": {"OBJECTID": 1033, "Species": "Phoenix dactylifera", "Spread": 3.223165753591249, "SpreadP": 10}}, {"type": "Feature", "id": 1034, "geometry": {"type": "Point", "coordinates": [46.64066443300004, 24.837488608000058]}, "properties": {"OBJECTID": 1034, "Species": "Phoenix dactylifera", "Spread": 5.713544319200197, "SpreadP": 10}}, {"type": "Feature", "id": 1035, "geometry": {"type": "Point", "coordinates": [46.64020226100007, 24.837530855000068]}, "properties": {"OBJECTID": 1035, "Species": "Phoenix dactylifera", "Spread": 4.539535442260431, "SpreadP": 10}}, {"type": "Feature", "id": 1036, "geometry": {"type": "Point", "coordinates": [46.64071596200006, 24.837527530000045]}, "properties": {"OBJECTID": 1036, "Species": null, "Spread": 4.483774854489357, "SpreadP": 11.3}}, {"type": "Feature", "id": 1037, "geometry": {"type": "Point", "coordinates": [46.64076837600004, 24.837540227000034]}, "properties": {"OBJECTID": 1037, "Species": null, "Spread": 4.63099649978234, "SpreadP": 11.3}}, {"type": "Feature", "id": 1038, "geometry": {"type": "Point", "coordinates": [46.63943412000003, 24.83746903900004]}, "properties": {"OBJECTID": 1038, "Species": null, "Spread": 0.847346330311749, "SpreadP": 11.3}}, {"type": "Feature", "id": 1039, "geometry": {"type": "Point", "coordinates": [46.63994850000006, 24.837464363000038]}, "properties": {"OBJECTID": 1039, "Species": "Phoenix dactylifera", "Spread": 5.034139439706521, "SpreadP": 10}}, {"type": "Feature", "id": 1040, "geometry": {"type": "Point", "coordinates": [46.63999331200006, 24.837487760000045]}, "properties": {"OBJECTID": 1040, "Species": "Phoenix dactylifera", "Spread": 4.700075116543891, "SpreadP": 10}}, {"type": "Feature", "id": 1041, "geometry": {"type": "Point", "coordinates": [46.63952491300006, 24.837505299000043]}, "properties": {"OBJECTID": 1041, "Species": null, "Spread": 0.9174901545958551, "SpreadP": 11.3}}, {"type": "Feature", "id": 1042, "geometry": {"type": "Point", "coordinates": [46.640040111000076, 24.83750301300006]}, "properties": {"OBJECTID": 1042, "Species": "Phoenix dactylifera", "Spread": 5.451601365948189, "SpreadP": 10}}, {"type": "Feature", "id": 1043, "geometry": {"type": "Point", "coordinates": [46.63958527300008, 24.837532297000052]}, "properties": {"OBJECTID": 1043, "Species": null, "Spread": 0.786741316623776, "SpreadP": 11.3}}, {"type": "Feature", "id": 1044, "geometry": {"type": "Point", "coordinates": [46.64010832500003, 24.837536298000032]}, "properties": {"OBJECTID": 1044, "Species": null, "Spread": 4.423023938771018, "SpreadP": 11.3}}, {"type": "Feature", "id": 1045, "geometry": {"type": "Point", "coordinates": [46.63964239100005, 24.837548041000048]}, "properties": {"OBJECTID": 1045, "Species": null, "Spread": 0.8023218657408311, "SpreadP": 11.3}}, {"type": "Feature", "id": 1046, "geometry": {"type": "Point", "coordinates": [46.639665551000064, 24.83756867200003]}, "properties": {"OBJECTID": 1046, "Species": null, "Spread": 0.8473463303702918, "SpreadP": 11.3}}, {"type": "Feature", "id": 1047, "geometry": {"type": "Point", "coordinates": [46.63971575700003, 24.83759374300007]}, "properties": {"OBJECTID": 1047, "Species": null, "Spread": 3.4087977927999917, "SpreadP": 11.3}}, {"type": "Feature", "id": 1048, "geometry": {"type": "Point", "coordinates": [46.640819004000036, 24.83754723100003]}, "properties": {"OBJECTID": 1048, "Species": "Phoenix dactylifera", "Spread": 3.595087567585334, "SpreadP": 10}}, {"type": "Feature", "id": 1049, "geometry": {"type": "Point", "coordinates": [46.64015121500006, 24.83755932500003]}, "properties": {"OBJECTID": 1049, "Species": null, "Spread": 4.0722710384054155, "SpreadP": 11.3}}, {"type": "Feature", "id": 1050, "geometry": {"type": "Point", "coordinates": [46.640258188000075, 24.837559958000043]}, "properties": {"OBJECTID": 1050, "Species": "Phoenix dactylifera", "Spread": 4.763877071649115, "SpreadP": 10}}, {"type": "Feature", "id": 1051, "geometry": {"type": "Point", "coordinates": [46.64030173100008, 24.837569898000027]}, "properties": {"OBJECTID": 1051, "Species": "Phoenix dactylifera", "Spread": 4.220500116200085, "SpreadP": 10}}, {"type": "Feature", "id": 1052, "geometry": {"type": "Point", "coordinates": [46.64084722300004, 24.837572932000057]}, "properties": {"OBJECTID": 1052, "Species": "Phoenix dactylifera", "Spread": 3.723651250150039, "SpreadP": 10}}, {"type": "Feature", "id": 1053, "geometry": {"type": "Point", "coordinates": [46.64088748300003, 24.83757872900003]}, "properties": {"OBJECTID": 1053, "Species": "Phoenix dactylifera", "Spread": 4.532658523851823, "SpreadP": 10}}, {"type": "Feature", "id": 1054, "geometry": {"type": "Point", "coordinates": [46.64034228600008, 24.83758808600004]}, "properties": {"OBJECTID": 1054, "Species": "Phoenix dactylifera", "Spread": 3.6867102055962935, "SpreadP": 10}}, {"type": "Feature", "id": 1055, "geometry": {"type": "Point", "coordinates": [46.640872700000045, 24.83759161300003]}, "properties": {"OBJECTID": 1055, "Species": null, "Spread": 4.566800163764466, "SpreadP": 11.3}}, {"type": "Feature", "id": 1056, "geometry": {"type": "Point", "coordinates": [46.64035491900006, 24.83760542300007]}, "properties": {"OBJECTID": 1056, "Species": null, "Spread": 4.4006787510359775, "SpreadP": 11.3}}, {"type": "Feature", "id": 1057, "geometry": {"type": "Point", "coordinates": [46.64028521000006, 24.837608897000052]}, "properties": {"OBJECTID": 1057, "Species": null, "Spread": 4.905530284336147, "SpreadP": 11.3}}, {"type": "Feature", "id": 1058, "geometry": {"type": "Point", "coordinates": [46.64091280900004, 24.837602299000025]}, "properties": {"OBJECTID": 1058, "Species": "Phoenix dactylifera", "Spread": 3.325244215950404, "SpreadP": 10}}, {"type": "Feature", "id": 1059, "geometry": {"type": "Point", "coordinates": [46.640961805000074, 24.837606580000056]}, "properties": {"OBJECTID": 1059, "Species": "Phoenix dactylifera", "Spread": 4.390250588315078, "SpreadP": 10}}, {"type": "Feature", "id": 1060, "geometry": {"type": "Point", "coordinates": [46.64040554400003, 24.83761889500005]}, "properties": {"OBJECTID": 1060, "Species": null, "Spread": 4.78950542007702, "SpreadP": 11.3}}, {"type": "Feature", "id": 1061, "geometry": {"type": "Point", "coordinates": [46.64092941000007, 24.83761536800006]}, "properties": {"OBJECTID": 1061, "Species": null, "Spread": 3.889226888804464, "SpreadP": 11.3}}, {"type": "Feature", "id": 1062, "geometry": {"type": "Point", "coordinates": [46.64044338900004, 24.83763474700004]}, "properties": {"OBJECTID": 1062, "Species": null, "Spread": 5.423191229238691, "SpreadP": 11.3}}, {"type": "Feature", "id": 1063, "geometry": {"type": "Point", "coordinates": [46.64037069200003, 24.837637941000025]}, "properties": {"OBJECTID": 1063, "Species": "Phoenix dactylifera", "Spread": 5.875920075578241, "SpreadP": 10}}, {"type": "Feature", "id": 1064, "geometry": {"type": "Point", "coordinates": [46.64049222500006, 24.83766350600007]}, "properties": {"OBJECTID": 1064, "Species": null, "Spread": 4.727106496631066, "SpreadP": 11.3}}, {"type": "Feature", "id": 1065, "geometry": {"type": "Point", "coordinates": [46.64042392400006, 24.837664589000042]}, "properties": {"OBJECTID": 1065, "Species": "Phoenix dactylifera", "Spread": 5.5321658450193905, "SpreadP": 10}}, {"type": "Feature", "id": 1066, "geometry": {"type": "Point", "coordinates": [46.64105102900004, 24.837658888000078]}, "properties": {"OBJECTID": 1066, "Species": null, "Spread": 3.7983411633991153, "SpreadP": 11.3}}, {"type": "Feature", "id": 1067, "geometry": {"type": "Point", "coordinates": [46.641103936000036, 24.837664742000072]}, "properties": {"OBJECTID": 1067, "Species": "Phoenix dactylifera", "Spread": 3.304436765267079, "SpreadP": 10}}, {"type": "Feature", "id": 1068, "geometry": {"type": "Point", "coordinates": [46.640531003000035, 24.837677978000045]}, "properties": {"OBJECTID": 1068, "Species": null, "Spread": 4.228035383952499, "SpreadP": 11.3}}, {"type": "Feature", "id": 1069, "geometry": {"type": "Point", "coordinates": [46.64046444200005, 24.837679912000056]}, "properties": {"OBJECTID": 1069, "Species": "Phoenix dactylifera", "Spread": 5.069424717947247, "SpreadP": 10}}, {"type": "Feature", "id": 1070, "geometry": {"type": "Point", "coordinates": [46.64050862900007, 24.837695671000063]}, "properties": {"OBJECTID": 1070, "Species": "Phoenix dactylifera", "Spread": 5.022745099980937, "SpreadP": 10}}, {"type": "Feature", "id": 1071, "geometry": {"type": "Point", "coordinates": [46.640527690000056, 24.837718777000077]}, "properties": {"OBJECTID": 1071, "Species": "Phoenix dactylifera", "Spread": 4.383796859552193, "SpreadP": 10}}, {"type": "Feature", "id": 1072, "geometry": {"type": "Point", "coordinates": [46.640559231000054, 24.837721394000027]}, "properties": {"OBJECTID": 1072, "Species": "Phoenix dactylifera", "Spread": 5.289679785686459, "SpreadP": 10}}, {"type": "Feature", "id": 1073, "geometry": {"type": "Point", "coordinates": [46.64066595300005, 24.83777077800005]}, "properties": {"OBJECTID": 1073, "Species": null, "Spread": 3.554394377412974, "SpreadP": 11.3}}, {"type": "Feature", "id": 1074, "geometry": {"type": "Point", "coordinates": [46.640702161000036, 24.83778651800003]}, "properties": {"OBJECTID": 1074, "Species": null, "Spread": 3.651793077835205, "SpreadP": 11.3}}, {"type": "Feature", "id": 1075, "geometry": {"type": "Point", "coordinates": [46.640220473000056, 24.837806444000023]}, "properties": {"OBJECTID": 1075, "Species": null, "Spread": 3.4134057477508533, "SpreadP": 11.3}}, {"type": "Feature", "id": 1076, "geometry": {"type": "Point", "coordinates": [46.64075682500004, 24.83780822400007]}, "properties": {"OBJECTID": 1076, "Species": null, "Spread": 6.0932475027336865, "SpreadP": 11.3}}, {"type": "Feature", "id": 1077, "geometry": {"type": "Point", "coordinates": [46.640797141000064, 24.83782674200006]}, "properties": {"OBJECTID": 1077, "Species": null, "Spread": 4.566800166371277, "SpreadP": 11.3}}, {"type": "Feature", "id": 1078, "geometry": {"type": "Point", "coordinates": [46.63952067900004, 24.837255680000055]}, "properties": {"OBJECTID": 1078, "Species": null, "Spread": 3.385137501286538, "SpreadP": 11.3}}, {"type": "Feature", "id": 1079, "geometry": {"type": "Point", "coordinates": [46.63963366400003, 24.837292473000048]}, "properties": {"OBJECTID": 1079, "Species": "Phoenix dactylifera", "Spread": 4.539535442260431, "SpreadP": 10}}, {"type": "Feature", "id": 1080, "geometry": {"type": "Point", "coordinates": [46.639658644000065, 24.83730805600004]}, "properties": {"OBJECTID": 1080, "Species": "Phoenix dactylifera", "Spread": 4.229392541496196, "SpreadP": 10}}, {"type": "Feature", "id": 1081, "geometry": {"type": "Point", "coordinates": [46.63973319000007, 24.837335814000028]}, "properties": {"OBJECTID": 1081, "Species": "Phoenix dactylifera", "Spread": 4.346969988786965, "SpreadP": 10}}, {"type": "Feature", "id": 1082, "geometry": {"type": "Point", "coordinates": [46.63963602900003, 24.837337029000025]}, "properties": {"OBJECTID": 1082, "Species": null, "Spread": 3.0466237508423557, "SpreadP": 11.3}}, {"type": "Feature", "id": 1083, "geometry": {"type": "Point", "coordinates": [46.63976739300006, 24.837348817000077]}, "properties": {"OBJECTID": 1083, "Species": "Phoenix dactylifera", "Spread": 4.657349985142649, "SpreadP": 10}}, {"type": "Feature", "id": 1084, "geometry": {"type": "Point", "coordinates": [46.63973153500007, 24.837376611000025]}, "properties": {"OBJECTID": 1084, "Species": null, "Spread": 4.400678753148072, "SpreadP": 11.3}}, {"type": "Feature", "id": 1085, "geometry": {"type": "Point", "coordinates": [46.63982430800007, 24.837376859000074]}, "properties": {"OBJECTID": 1085, "Species": "Phoenix dactylifera", "Spread": 2.6218734336396072, "SpreadP": 10}}, {"type": "Feature", "id": 1086, "geometry": {"type": "Point", "coordinates": [46.63984147000008, 24.837384885000063]}, "properties": {"OBJECTID": 1086, "Species": null, "Spread": 3.550362164023576, "SpreadP": 11.3}}, {"type": "Feature", "id": 1087, "geometry": {"type": "Point", "coordinates": [46.63926265600003, 24.837399703000074]}, "properties": {"OBJECTID": 1087, "Species": null, "Spread": 2.7218858517819324, "SpreadP": 11.3}}, {"type": "Feature", "id": 1088, "geometry": {"type": "Point", "coordinates": [46.63977490800005, 24.83740186700004]}, "properties": {"OBJECTID": 1088, "Species": null, "Spread": 4.739192499907088, "SpreadP": 11.3}}, {"type": "Feature", "id": 1089, "geometry": {"type": "Point", "coordinates": [46.63987681000003, 24.837404175000074]}, "properties": {"OBJECTID": 1089, "Species": null, "Spread": 4.342342414348147, "SpreadP": 11.3}}, {"type": "Feature", "id": 1090, "geometry": {"type": "Point", "coordinates": [46.63992753900004, 24.837420790000067]}, "properties": {"OBJECTID": 1090, "Species": null, "Spread": 3.8996341437251565, "SpreadP": 11.3}}, {"type": "Feature", "id": 1091, "geometry": {"type": "Point", "coordinates": [46.63984744800007, 24.83742438300004]}, "properties": {"OBJECTID": 1091, "Species": "Phoenix dactylifera", "Spread": 5.091853969767998, "SpreadP": 10}}, {"type": "Feature", "id": 1092, "geometry": {"type": "Point", "coordinates": [46.639375683000026, 24.837447100000077]}, "properties": {"OBJECTID": 1092, "Species": null, "Spread": 0.7071924875346466, "SpreadP": 11.3}}, {"type": "Feature", "id": 1093, "geometry": {"type": "Point", "coordinates": [46.63941033400005, 24.837447849000057]}, "properties": {"OBJECTID": 1093, "Species": null, "Spread": 0.7772430859847428, "SpreadP": 11.3}}, {"type": "Feature", "id": 1094, "geometry": {"type": "Point", "coordinates": [46.63997139700007, 24.837441999000077]}, "properties": {"OBJECTID": 1094, "Species": null, "Spread": 3.995008777442859, "SpreadP": 11.3}}, {"type": "Feature", "id": 1095, "geometry": {"type": "Point", "coordinates": [46.639899557000035, 24.837445311000067]}, "properties": {"OBJECTID": 1095, "Species": "Phoenix dactylifera", "Spread": 5.510142483071984, "SpreadP": 10}}, {"type": "Feature", "id": 1096, "geometry": {"type": "Point", "coordinates": [46.64002117100006, 24.837461336000047]}, "properties": {"OBJECTID": 1096, "Species": null, "Spread": 4.863624526072734, "SpreadP": 11.3}}, {"type": "Feature", "id": 1097, "geometry": {"type": "Point", "coordinates": [46.639785302000064, 24.83762474400004]}, "properties": {"OBJECTID": 1097, "Species": null, "Spread": 3.1222172017381, "SpreadP": 11.3}}, {"type": "Feature", "id": 1098, "geometry": {"type": "Point", "coordinates": [46.63989062400003, 24.83766988700006]}, "properties": {"OBJECTID": 1098, "Species": null, "Spread": 3.5213295258948283, "SpreadP": 11.3}}, {"type": "Feature", "id": 1099, "geometry": {"type": "Point", "coordinates": [46.64000380500005, 24.83770044000005]}, "properties": {"OBJECTID": 1099, "Species": null, "Spread": 1.8417142046374628, "SpreadP": 11.3}}, {"type": "Feature", "id": 1100, "geometry": {"type": "Point", "coordinates": [46.64013331700005, 24.83776449900006]}, "properties": {"OBJECTID": 1100, "Species": null, "Spread": 1.841714204020225, "SpreadP": 11.3}}, {"type": "Feature", "id": 1101, "geometry": {"type": "Point", "coordinates": [46.64085365500006, 24.83783560100005]}, "properties": {"OBJECTID": 1101, "Species": null, "Spread": 5.077706252456384, "SpreadP": 11.3}}, {"type": "Feature", "id": 1102, "geometry": {"type": "Point", "coordinates": [46.64034734100005, 24.837857549000034]}, "properties": {"OBJECTID": 1102, "Species": null, "Spread": 1.7718280824131125, "SpreadP": 11.3}}, {"type": "Feature", "id": 1103, "geometry": {"type": "Point", "coordinates": [46.64088817800007, 24.83786501800006]}, "properties": {"OBJECTID": 1103, "Species": null, "Spread": 4.566800165939132, "SpreadP": 11.3}}, {"type": "Feature", "id": 1104, "geometry": {"type": "Point", "coordinates": [46.64093487700006, 24.83787879600004]}, "properties": {"OBJECTID": 1104, "Species": null, "Spread": 4.606264678628252, "SpreadP": 11.3}}, {"type": "Feature", "id": 1105, "geometry": {"type": "Point", "coordinates": [46.64096848600008, 24.837884561000067]}, "properties": {"OBJECTID": 1105, "Species": null, "Spread": 3.829014672614918, "SpreadP": 11.3}}, {"type": "Feature", "id": 1106, "geometry": {"type": "Point", "coordinates": [46.64105393500006, 24.83789465900003]}, "properties": {"OBJECTID": 1106, "Species": "Phoenix dactylifera", "Spread": 4.082874885177394, "SpreadP": 10}}, {"type": "Feature", "id": 1107, "geometry": {"type": "Point", "coordinates": [46.64109543200004, 24.837904826000056]}, "properties": {"OBJECTID": 1107, "Species": "Phoenix dactylifera", "Spread": 3.4446072805745187, "SpreadP": 10}}, {"type": "Feature", "id": 1108, "geometry": {"type": "Point", "coordinates": [46.64098481900004, 24.83791078300004]}, "properties": {"OBJECTID": 1108, "Species": "Phoenix dactylifera", "Spread": 3.647718397045902, "SpreadP": 10}}, {"type": "Feature", "id": 1109, "geometry": {"type": "Point", "coordinates": [46.641096624000056, 24.837915547000023]}, "properties": {"OBJECTID": 1109, "Species": null, "Spread": 5.416220002904745, "SpreadP": 11.3}}, {"type": "Feature", "id": 1110, "geometry": {"type": "Point", "coordinates": [46.64102127800004, 24.83791949500005]}, "properties": {"OBJECTID": 1110, "Species": "Phoenix dactylifera", "Spread": 4.458739984737261, "SpreadP": 10}}, {"type": "Feature", "id": 1111, "geometry": {"type": "Point", "coordinates": [46.641170000000045, 24.83794000000006]}, "properties": {"OBJECTID": 1111, "Species": "Pongamia pinnata", "Spread": 4, "SpreadP": 10}}, {"type": "Feature", "id": 1112, "geometry": {"type": "Point", "coordinates": [46.64122352600003, 24.83797239000006]}, "properties": {"OBJECTID": 1112, "Species": null, "Spread": 4.400678753148072, "SpreadP": 11.3}}, {"type": "Feature", "id": 1113, "geometry": {"type": "Point", "coordinates": [46.64116282900005, 24.83797336400005]}, "properties": {"OBJECTID": 1113, "Species": "Phoenix dactylifera", "Spread": 4.25250764301177, "SpreadP": 10}}, {"type": "Feature", "id": 1114, "geometry": {"type": "Point", "coordinates": [46.64120125200003, 24.83798870800007]}, "properties": {"OBJECTID": 1114, "Species": "Phoenix dactylifera", "Spread": 4.067333451383593, "SpreadP": 10}}, {"type": "Feature", "id": 1115, "geometry": {"type": "Point", "coordinates": [46.64128000000005, 24.837990000000048]}, "properties": {"OBJECTID": 1115, "Species": "Conocarpus lancifolius", "Spread": 4, "SpreadP": 12}}, {"type": "Feature", "id": 1116, "geometry": {"type": "Point", "coordinates": [46.64124866900005, 24.838011120000033]}, "properties": {"OBJECTID": 1116, "Species": "Phoenix dactylifera", "Spread": 4.831782310107104, "SpreadP": 10}}, {"type": "Feature", "id": 1117, "geometry": {"type": "Point", "coordinates": [46.641072757000074, 24.837932308000063]}, "properties": {"OBJECTID": 1117, "Species": "Phoenix dactylifera", "Spread": 4.16599666757968, "SpreadP": 10}}, {"type": "Feature", "id": 1118, "geometry": {"type": "Point", "coordinates": [46.64054635000008, 24.83794186700004]}, "properties": {"OBJECTID": 1118, "Species": null, "Spread": 3.6517930793693156, "SpreadP": 11.3}}, {"type": "Feature", "id": 1119, "geometry": {"type": "Point", "coordinates": [46.64111278100006, 24.837950024000065]}, "properties": {"OBJECTID": 1119, "Species": "Phoenix dactylifera", "Spread": 3.851229343549915, "SpreadP": 10}}, {"type": "Feature", "id": 1120, "geometry": {"type": "Point", "coordinates": [46.64061504500006, 24.837973654000052]}, "properties": {"OBJECTID": 1120, "Species": null, "Spread": 3.723651250150039, "SpreadP": 11.3}}, {"type": "Feature", "id": 1121, "geometry": {"type": "Point", "coordinates": [46.64068138600004, 24.837998393000078]}, "properties": {"OBJECTID": 1121, "Species": null, "Spread": 2.208488118270162, "SpreadP": 11.3}}, {"type": "Feature", "id": 1122, "geometry": {"type": "Point", "coordinates": [46.64079106100007, 24.838059283000064]}, "properties": {"OBJECTID": 1122, "Species": null, "Spread": 2.3654630775453898, "SpreadP": 11.3}}, {"type": "Feature", "id": 1123, "geometry": {"type": "Point", "coordinates": [46.64132566100005, 24.83801511200005]}, "properties": {"OBJECTID": 1123, "Species": null, "Spread": 3.4202175819244323, "SpreadP": 11.3}}, {"type": "Feature", "id": 1124, "geometry": {"type": "Point", "coordinates": [46.64134000000007, 24.838040000000035]}, "properties": {"OBJECTID": 1124, "Species": "Pongamia pinnata", "Spread": 5, "SpreadP": 10}}, {"type": "Feature", "id": 1125, "geometry": {"type": "Point", "coordinates": [46.64138000000003, 24.83806000000004]}, "properties": {"OBJECTID": 1125, "Species": "Conocarpus lancifolius", "Spread": 4, "SpreadP": 12}}, {"type": "Feature", "id": 1126, "geometry": {"type": "Point", "coordinates": [46.64143442000005, 24.838096026000073]}, "properties": {"OBJECTID": 1126, "Species": null, "Spread": 4.062165001653549, "SpreadP": 11.3}}, {"type": "Feature", "id": 1127, "geometry": {"type": "Point", "coordinates": [46.64147000000003, 24.838100000000054]}, "properties": {"OBJECTID": 1127, "Species": "Pongamia pinnata", "Spread": 4, "SpreadP": 10}}, {"type": "Feature", "id": 1128, "geometry": {"type": "Point", "coordinates": [46.64150609600006, 24.838119090000077]}, "properties": {"OBJECTID": 1128, "Species": null, "Spread": 3.304244102897528, "SpreadP": 11.3}}, {"type": "Feature", "id": 1129, "geometry": {"type": "Point", "coordinates": [46.64154565800004, 24.838138393000065]}, "properties": {"OBJECTID": 1129, "Species": null, "Spread": 3.1346811932675247, "SpreadP": 11.3}}, {"type": "Feature", "id": 1130, "geometry": {"type": "Point", "coordinates": [46.64168423000007, 24.838153987000055]}, "properties": {"OBJECTID": 1130, "Species": null, "Spread": 3.487951239622291, "SpreadP": 11.3}}, {"type": "Feature", "id": 1131, "geometry": {"type": "Point", "coordinates": [46.64163000000008, 24.838170000000048]}, "properties": {"OBJECTID": 1131, "Species": "Conocarpus lancifolius", "Spread": 6, "SpreadP": 12}}, {"type": "Feature", "id": 1132, "geometry": {"type": "Point", "coordinates": [46.64167000000003, 24.838190000000054]}, "properties": {"OBJECTID": 1132, "Species": "Conocarpus lancifolius", "Spread": 6, "SpreadP": 12}}, {"type": "Feature", "id": 1133, "geometry": {"type": "Point", "coordinates": [46.64096164500006, 24.838119405000043]}, "properties": {"OBJECTID": 1133, "Species": null, "Spread": 3.704797197251759, "SpreadP": 11.3}}, {"type": "Feature", "id": 1134, "geometry": {"type": "Point", "coordinates": [46.641010521000055, 24.838142005000066]}, "properties": {"OBJECTID": 1134, "Species": null, "Spread": 2.5288031981070658, "SpreadP": 11.3}}, {"type": "Feature", "id": 1135, "geometry": {"type": "Point", "coordinates": [46.641742915000066, 24.83819285800007]}, "properties": {"OBJECTID": 1135, "Species": null, "Spread": 6.598847810894196, "SpreadP": 11.3}}, {"type": "Feature", "id": 1136, "geometry": {"type": "Point", "coordinates": [46.641773785000055, 24.83820011000006]}, "properties": {"OBJECTID": 1136, "Species": null, "Spread": 4.299146839090628, "SpreadP": 11.3}}, {"type": "Feature", "id": 1137, "geometry": {"type": "Point", "coordinates": [46.64170899800007, 24.838209145000064]}, "properties": {"OBJECTID": 1137, "Species": null, "Spread": 3.5434070412147425, "SpreadP": 11.3}}, {"type": "Feature", "id": 1138, "geometry": {"type": "Point", "coordinates": [46.64182047200006, 24.83822180100003]}, "properties": {"OBJECTID": 1138, "Species": null, "Spread": 4.905530288112627, "SpreadP": 11.3}}, {"type": "Feature", "id": 1139, "geometry": {"type": "Point", "coordinates": [46.64119415600004, 24.838229285000068]}, "properties": {"OBJECTID": 1139, "Species": null, "Spread": 1.268582255527269, "SpreadP": 11.3}}, {"type": "Feature", "id": 1140, "geometry": {"type": "Point", "coordinates": [46.64179954700006, 24.838249785000073]}, "properties": {"OBJECTID": 1140, "Species": null, "Spread": 3.5653478536508896, "SpreadP": 11.3}}, {"type": "Feature", "id": 1141, "geometry": {"type": "Point", "coordinates": [46.641860000000065, 24.838250000000073]}, "properties": {"OBJECTID": 1141, "Species": "Acacia ampliceps", "Spread": 2.5, "SpreadP": 8}}, {"type": "Feature", "id": 1142, "geometry": {"type": "Point", "coordinates": [46.64200000000005, 24.838280000000054]}, "properties": {"OBJECTID": 1142, "Species": "Phoenix dactylifera", "Spread": 1.5, "SpreadP": 10}}, {"type": "Feature", "id": 1143, "geometry": {"type": "Point", "coordinates": [46.64203381800007, 24.83830635700008]}, "properties": {"OBJECTID": 1143, "Species": null, "Spread": 3.362730840467519, "SpreadP": 11.3}}, {"type": "Feature", "id": 1144, "geometry": {"type": "Point", "coordinates": [46.641980000000046, 24.838310000000035]}, "properties": {"OBJECTID": 1144, "Species": "Conocarpus lancifolius", "Spread": 5, "SpreadP": 12}}, {"type": "Feature", "id": 1145, "geometry": {"type": "Point", "coordinates": [46.64210000000003, 24.83833000000004]}, "properties": {"OBJECTID": 1145, "Species": "Phoenix dactylifera", "Spread": 1.5, "SpreadP": 10}}, {"type": "Feature", "id": 1146, "geometry": {"type": "Point", "coordinates": [46.64202986600003, 24.83834409900004]}, "properties": {"OBJECTID": 1146, "Species": null, "Spread": 4.9055502479090745, "SpreadP": 11.3}}, {"type": "Feature", "id": 1147, "geometry": {"type": "Point", "coordinates": [46.64213328100004, 24.83834887100005]}, "properties": {"OBJECTID": 1147, "Species": null, "Spread": 2.9947255377304627, "SpreadP": 11.3}}, {"type": "Feature", "id": 1148, "geometry": {"type": "Point", "coordinates": [46.64205855500006, 24.838354456000047]}, "properties": {"OBJECTID": 1148, "Species": null, "Spread": 3.6836870705696536, "SpreadP": 11.3}}, {"type": "Feature", "id": 1149, "geometry": {"type": "Point", "coordinates": [46.64217000000008, 24.83839000000006]}, "properties": {"OBJECTID": 1149, "Species": "Conocarpus lancifolius", "Spread": 5, "SpreadP": 12}}, {"type": "Feature", "id": 1150, "geometry": {"type": "Point", "coordinates": [46.642244583000036, 24.83843733200007]}, "properties": {"OBJECTID": 1150, "Species": null, "Spread": 2.63452975981045, "SpreadP": 11.3}}, {"type": "Feature", "id": 1151, "geometry": {"type": "Point", "coordinates": [46.64232000000004, 24.838420000000042]}, "properties": {"OBJECTID": 1151, "Species": "Conocarpus lancifolius", "Spread": 4, "SpreadP": 12}}, {"type": "Feature", "id": 1152, "geometry": {"type": "Point", "coordinates": [46.64236000000005, 24.838430000000074]}, "properties": {"OBJECTID": 1152, "Species": "Acacia ampliceps", "Spread": 1.5, "SpreadP": 8}}, {"type": "Feature", "id": 1153, "geometry": {"type": "Point", "coordinates": [46.642310000000066, 24.838450000000023]}, "properties": {"OBJECTID": 1153, "Species": "Washingtonia filifera", "Spread": 2.5, "SpreadP": 5}}, {"type": "Feature", "id": 1154, "geometry": {"type": "Point", "coordinates": [46.64235000000008, 24.83847000000003]}, "properties": {"OBJECTID": 1154, "Species": "Washingtonia filifera", "Spread": 2.5, "SpreadP": 5}}, {"type": "Feature", "id": 1155, "geometry": {"type": "Point", "coordinates": [46.642382431000044, 24.838494474000072]}, "properties": {"OBJECTID": 1155, "Species": null, "Spread": 3.8695344734208734, "SpreadP": 11.3}}, {"type": "Feature", "id": 1156, "geometry": {"type": "Point", "coordinates": [46.64251000000007, 24.838520000000074]}, "properties": {"OBJECTID": 1156, "Species": "Phoenix dactylifera", "Spread": 4, "SpreadP": 10}}, {"type": "Feature", "id": 1157, "geometry": {"type": "Point", "coordinates": [46.64257815700006, 24.83853377400004]}, "properties": {"OBJECTID": 1157, "Species": "Phoenix dactylifera", "Spread": 5.46862418042596, "SpreadP": 10}}, {"type": "Feature", "id": 1158, "geometry": {"type": "Point", "coordinates": [46.64257080800007, 24.838572078000027]}, "properties": {"OBJECTID": 1158, "Species": "Phoenix dactylifera", "Spread": 4.460453018027614, "SpreadP": 10}}, {"type": "Feature", "id": 1159, "geometry": {"type": "Point", "coordinates": [46.64264000000003, 24.838600000000042]}, "properties": {"OBJECTID": 1159, "Species": "Conocarpus lancifolius", "Spread": 4, "SpreadP": 12}}, {"type": "Feature", "id": 1160, "geometry": {"type": "Point", "coordinates": [46.64288000000005, 24.838670000000036]}, "properties": {"OBJECTID": 1160, "Species": "Phoenix dactylifera", "Spread": 4, "SpreadP": 10}}, {"type": "Feature", "id": 1161, "geometry": {"type": "Point", "coordinates": [46.64281495300003, 24.838679470000045]}, "properties": {"OBJECTID": 1161, "Species": null, "Spread": 4.905530285867504, "SpreadP": 11.3}}, {"type": "Feature", "id": 1162, "geometry": {"type": "Point", "coordinates": [46.64284767800007, 24.83868810100006]}, "properties": {"OBJECTID": 1162, "Species": null, "Spread": 3.7466606444135775, "SpreadP": 11.3}}, {"type": "Feature", "id": 1163, "geometry": {"type": "Point", "coordinates": [46.64298000000008, 24.838690000000042]}, "properties": {"OBJECTID": 1163, "Species": "Washingtonia filifera", "Spread": 1.5, "SpreadP": 5}}, {"type": "Feature", "id": 1164, "geometry": {"type": "Point", "coordinates": [46.64289131400005, 24.83870881400003]}, "properties": {"OBJECTID": 1164, "Species": null, "Spread": 3.1840492901347304, "SpreadP": 11.3}}, {"type": "Feature", "id": 1165, "geometry": {"type": "Point", "coordinates": [46.64300000000003, 24.83875000000006]}, "properties": {"OBJECTID": 1165, "Species": "Conocarpus lancifolius", "Spread": 4, "SpreadP": 12}}, {"type": "Feature", "id": 1166, "geometry": {"type": "Point", "coordinates": [46.64309685400008, 24.83875291100003]}, "properties": {"OBJECTID": 1166, "Species": null, "Spread": 2.9947255368312478, "SpreadP": 11.3}}, {"type": "Feature", "id": 1167, "geometry": {"type": "Point", "coordinates": [46.64315000000005, 24.838770000000068]}, "properties": {"OBJECTID": 1167, "Species": "Conocarpus lancifolius", "Spread": 4, "SpreadP": 12}}, {"type": "Feature", "id": 1168, "geometry": {"type": "Point", "coordinates": [46.64309000000003, 24.838780000000042]}, "properties": {"OBJECTID": 1168, "Species": "Conocarpus lancifolius", "Spread": 5, "SpreadP": 12}}, {"type": "Feature", "id": 1169, "geometry": {"type": "Point", "coordinates": [46.64365000000004, 24.83874000000003]}, "properties": {"OBJECTID": 1169, "Species": "Phoenix dactylifera", "Spread": 4, "SpreadP": 10}}, {"type": "Feature", "id": 1170, "geometry": {"type": "Point", "coordinates": [46.64368008400004, 24.838763253000025]}, "properties": {"OBJECTID": 1170, "Species": "Phoenix dactylifera", "Spread": 4.3053427026803375, "SpreadP": 10}}, {"type": "Feature", "id": 1171, "geometry": {"type": "Point", "coordinates": [46.64371598400004, 24.838774922000027]}, "properties": {"OBJECTID": 1171, "Species": "Phoenix dactylifera", "Spread": 2.871276032038748, "SpreadP": 10}}, {"type": "Feature", "id": 1172, "geometry": {"type": "Point", "coordinates": [46.643860000000075, 24.83883000000003]}, "properties": {"OBJECTID": 1172, "Species": "Phoenix dactylifera", "Spread": 4, "SpreadP": 10}}, {"type": "Feature", "id": 1173, "geometry": {"type": "Point", "coordinates": [46.64391799800006, 24.838857506000068]}, "properties": {"OBJECTID": 1173, "Species": "Phoenix dactylifera", "Spread": 2.7403588879648573, "SpreadP": 10}}, {"type": "Feature", "id": 1174, "geometry": {"type": "Point", "coordinates": [46.64342000000005, 24.838880000000074]}, "properties": {"OBJECTID": 1174, "Species": "Conocarpus lancifolius", "Spread": 3.5, "SpreadP": 12}}, {"type": "Feature", "id": 1175, "geometry": {"type": "Point", "coordinates": [46.64399634200004, 24.83889247700006]}, "properties": {"OBJECTID": 1175, "Species": "Phoenix dactylifera", "Spread": 2.7524126309792685, "SpreadP": 10}}, {"type": "Feature", "id": 1176, "geometry": {"type": "Point", "coordinates": [46.64355000000006, 24.838940000000036]}, "properties": {"OBJECTID": 1176, "Species": "Conocarpus lancifolius", "Spread": 4, "SpreadP": 12}}, {"type": "Feature", "id": 1177, "geometry": {"type": "Point", "coordinates": [46.64408285900004, 24.838937745000067]}, "properties": {"OBJECTID": 1177, "Species": "Phoenix dactylifera", "Spread": 3.3681692862049744, "SpreadP": 10}}, {"type": "Feature", "id": 1178, "geometry": {"type": "Point", "coordinates": [46.64348000000007, 24.838950000000068]}, "properties": {"OBJECTID": 1178, "Species": "Conocarpus lancifolius", "Spread": 4, "SpreadP": 12}}, {"type": "Feature", "id": 1179, "geometry": {"type": "Point", "coordinates": [46.64413517300005, 24.838948282000047]}, "properties": {"OBJECTID": 1179, "Species": "Phoenix dactylifera", "Spread": 3.4040788910709336, "SpreadP": 10}}, {"type": "Feature", "id": 1180, "geometry": {"type": "Point", "coordinates": [46.64358323700003, 24.83895811700006]}, "properties": {"OBJECTID": 1180, "Species": null, "Spread": 3.5980082084451936, "SpreadP": 11.3}}, {"type": "Feature", "id": 1181, "geometry": {"type": "Point", "coordinates": [46.644164113000045, 24.83896670200005]}, "properties": {"OBJECTID": 1181, "Species": "Phoenix dactylifera", "Spread": 3.3884961439055283, "SpreadP": 10}}, {"type": "Feature", "id": 1182, "geometry": {"type": "Point", "coordinates": [46.64420694100005, 24.838980938000077]}, "properties": {"OBJECTID": 1182, "Species": "Phoenix dactylifera", "Spread": 3.0224979294409438, "SpreadP": 10}}, {"type": "Feature", "id": 1183, "geometry": {"type": "Point", "coordinates": [46.64366000000007, 24.838990000000024]}, "properties": {"OBJECTID": 1183, "Species": "Phoenix dactylifera", "Spread": 4, "SpreadP": 10}}, {"type": "Feature", "id": 1184, "geometry": {"type": "Point", "coordinates": [46.643710000000056, 24.839000000000055]}, "properties": {"OBJECTID": 1184, "Species": "Phoenix dactylifera", "Spread": 4, "SpreadP": 10}}, {"type": "Feature", "id": 1185, "geometry": {"type": "Point", "coordinates": [46.64427469700007, 24.83900706600008]}, "properties": {"OBJECTID": 1185, "Species": "Phoenix dactylifera", "Spread": 3.695850894708663, "SpreadP": 10}}, {"type": "Feature", "id": 1186, "geometry": {"type": "Point", "coordinates": [46.64364000000006, 24.839020000000062]}, "properties": {"OBJECTID": 1186, "Species": "Conocarpus lancifolius", "Spread": 5, "SpreadP": 12}}, {"type": "Feature", "id": 1187, "geometry": {"type": "Point", "coordinates": [46.643680000000074, 24.839040000000068]}, "properties": {"OBJECTID": 1187, "Species": "Conocarpus lancifolius", "Spread": 4, "SpreadP": 12}}, {"type": "Feature", "id": 1188, "geometry": {"type": "Point", "coordinates": [46.64378000000005, 24.839040000000068]}, "properties": {"OBJECTID": 1188, "Species": "Acacia ampliceps", "Spread": 3.5, "SpreadP": 8}}, {"type": "Feature", "id": 1189, "geometry": {"type": "Point", "coordinates": [46.64373000000006, 24.839060000000075]}, "properties": {"OBJECTID": 1189, "Species": "Conocarpus lancifolius", "Spread": 6, "SpreadP": 12}}, {"type": "Feature", "id": 1190, "geometry": {"type": "Point", "coordinates": [46.64384000000007, 24.839060000000075]}, "properties": {"OBJECTID": 1190, "Species": "Phoenix dactylifera", "Spread": 4, "SpreadP": 10}}, {"type": "Feature", "id": 1191, "geometry": {"type": "Point", "coordinates": [46.643777940000064, 24.839074880000055]}, "properties": {"OBJECTID": 1191, "Species": "Conocarpus lancifolius", "Spread": 5, "SpreadP": 12}}, {"type": "Feature", "id": 1192, "geometry": {"type": "Point", "coordinates": [46.64387769900003, 24.839080994000028]}, "properties": {"OBJECTID": 1192, "Species": "Phoenix dactylifera", "Spread": 4.687325632378229, "SpreadP": 10}}, {"type": "Feature", "id": 1193, "geometry": {"type": "Point", "coordinates": [46.64380581100005, 24.839087061000043]}, "properties": {"OBJECTID": 1193, "Species": null, "Spread": 5.754733751246798, "SpreadP": 11.3}}, {"type": "Feature", "id": 1194, "geometry": {"type": "Point", "coordinates": [46.64389437800003, 24.839090776000035]}, "properties": {"OBJECTID": 1194, "Species": null, "Spread": 4.0661953715293135, "SpreadP": 11.3}}, {"type": "Feature", "id": 1195, "geometry": {"type": "Point", "coordinates": [46.64393000000007, 24.83910000000003]}, "properties": {"OBJECTID": 1195, "Species": "Conocarpus lancifolius", "Spread": 5, "SpreadP": 12}}, {"type": "Feature", "id": 1196, "geometry": {"type": "Point", "coordinates": [46.64386058200006, 24.839110795000067]}, "properties": {"OBJECTID": 1196, "Species": null, "Spread": 3.5762677801222837, "SpreadP": 11.3}}, {"type": "Feature", "id": 1197, "geometry": {"type": "Point", "coordinates": [46.64396821400004, 24.839118669000072]}, "properties": {"OBJECTID": 1197, "Species": null, "Spread": 4.2443784006086265, "SpreadP": 11.3}}, {"type": "Feature", "id": 1198, "geometry": {"type": "Point", "coordinates": [46.64399489700003, 24.83913238200006]}, "properties": {"OBJECTID": 1198, "Species": null, "Spread": 4.739192501492192, "SpreadP": 11.3}}, {"type": "Feature", "id": 1199, "geometry": {"type": "Point", "coordinates": [46.64403000000004, 24.839140000000043]}, "properties": {"OBJECTID": 1199, "Species": "Conocarpus lancifolius", "Spread": 4.5, "SpreadP": 12}}, {"type": "Feature", "id": 1200, "geometry": {"type": "Point", "coordinates": [46.64395128000007, 24.839151851000054]}, "properties": {"OBJECTID": 1200, "Species": "Phoenix dactylifera", "Spread": 5.911026948561674, "SpreadP": 10}}, {"type": "Feature", "id": 1201, "geometry": {"type": "Point", "coordinates": [46.643452695000065, 24.839166258000034]}, "properties": {"OBJECTID": 1201, "Species": "Phoenix dactylifera", "Spread": 5.316929340489191, "SpreadP": 10}}, {"type": "Feature", "id": 1202, "geometry": {"type": "Point", "coordinates": [46.644070000000056, 24.83916000000005]}, "properties": {"OBJECTID": 1202, "Species": "Conocarpus lancifolius", "Spread": 4, "SpreadP": 12}}, {"type": "Feature", "id": 1203, "geometry": {"type": "Point", "coordinates": [46.64401944000008, 24.839186105000067]}, "properties": {"OBJECTID": 1203, "Species": "Phoenix dactylifera", "Spread": 3.637939247525053, "SpreadP": 10}}, {"type": "Feature", "id": 1204, "geometry": {"type": "Point", "coordinates": [46.64351272500005, 24.83919211500006]}, "properties": {"OBJECTID": 1204, "Species": "Phoenix dactylifera", "Spread": 5.596237403993044, "SpreadP": 10}}, {"type": "Feature", "id": 1205, "geometry": {"type": "Point", "coordinates": [46.64409000000006, 24.839200000000062]}, "properties": {"OBJECTID": 1205, "Species": "Conocarpus lancifolius", "Spread": 6.5, "SpreadP": 12}}, {"type": "Feature", "id": 1206, "geometry": {"type": "Point", "coordinates": [46.64355071800003, 24.83921311100005]}, "properties": {"OBJECTID": 1206, "Species": "Phoenix dactylifera", "Spread": 4.739213162889122, "SpreadP": 10}}, {"type": "Feature", "id": 1207, "geometry": {"type": "Point", "coordinates": [46.643592452000064, 24.83922277100004]}, "properties": {"OBJECTID": 1207, "Species": "Phoenix dactylifera", "Spread": 5.529863845150657, "SpreadP": 10}}, {"type": "Feature", "id": 1208, "geometry": {"type": "Point", "coordinates": [46.644215073000055, 24.839225527000053]}, "properties": {"OBJECTID": 1208, "Species": "Phoenix dactylifera", "Spread": 3.388496142329242, "SpreadP": 10}}, {"type": "Feature", "id": 1209, "geometry": {"type": "Point", "coordinates": [46.64414000000005, 24.839230000000043]}, "properties": {"OBJECTID": 1209, "Species": "Conocarpus lancifolius", "Spread": 5.5, "SpreadP": 12}}, {"type": "Feature", "id": 1210, "geometry": {"type": "Point", "coordinates": [46.644250000000056, 24.839230000000043]}, "properties": {"OBJECTID": 1210, "Species": "Phoenix dactylifera", "Spread": 4, "SpreadP": 10}}, {"type": "Feature", "id": 1211, "geometry": {"type": "Point", "coordinates": [46.64419000000004, 24.83925000000005]}, "properties": {"OBJECTID": 1211, "Species": "Conocarpus lancifolius", "Spread": 6.5, "SpreadP": 12}}, {"type": "Feature", "id": 1212, "geometry": {"type": "Point", "coordinates": [46.644300000000044, 24.83925000000005]}, "properties": {"OBJECTID": 1212, "Species": "Phoenix dactylifera", "Spread": 4.5, "SpreadP": 10}}, {"type": "Feature", "id": 1213, "geometry": {"type": "Point", "coordinates": [46.64374668000005, 24.83928135000008]}, "properties": {"OBJECTID": 1213, "Species": "Phoenix dactylifera", "Spread": 2, "SpreadP": 10}}, {"type": "Feature", "id": 1214, "geometry": {"type": "Point", "coordinates": [46.64433905200008, 24.83927539000007]}, "properties": {"OBJECTID": 1214, "Species": "Phoenix dactylifera", "Spread": 4.873762093760752, "SpreadP": 10}}, {"type": "Feature", "id": 1215, "geometry": {"type": "Point", "coordinates": [46.64424175100004, 24.839281351000068]}, "properties": {"OBJECTID": 1215, "Species": null, "Spread": 4.228035382431732, "SpreadP": 11.3}}, {"type": "Feature", "id": 1216, "geometry": {"type": "Point", "coordinates": [46.644271004000075, 24.839286953000055]}, "properties": {"OBJECTID": 1216, "Species": null, "Spread": 3.9690245990029402, "SpreadP": 11.3}}, {"type": "Feature", "id": 1217, "geometry": {"type": "Point", "coordinates": [46.64439098500003, 24.839292735000072]}, "properties": {"OBJECTID": 1217, "Species": "Phoenix dactylifera", "Spread": 4.4382754529882105, "SpreadP": 10}}, {"type": "Feature", "id": 1218, "geometry": {"type": "Point", "coordinates": [46.64542000000006, 24.839770000000044]}, "properties": {"OBJECTID": 1218, "Species": "Conocarpus lancifolius", "Spread": 5, "SpreadP": 12}}, {"type": "Feature", "id": 1219, "geometry": {"type": "Point", "coordinates": [46.645454305000044, 24.83978971600004]}, "properties": {"OBJECTID": 1219, "Species": null, "Spread": 4.085215702668236, "SpreadP": 11.3}}, {"type": "Feature", "id": 1220, "geometry": {"type": "Point", "coordinates": [46.645650000000046, 24.83982000000003]}, "properties": {"OBJECTID": 1220, "Species": "Pithecellobium dulce", "Spread": 2.5, "SpreadP": 12}}, {"type": "Feature", "id": 1221, "geometry": {"type": "Point", "coordinates": [46.64568000000003, 24.839840000000038]}, "properties": {"OBJECTID": 1221, "Species": "Pithecellobium dulce", "Spread": 2.5, "SpreadP": 12}}, {"type": "Feature", "id": 1222, "geometry": {"type": "Point", "coordinates": [46.645585234000066, 24.83984908900004]}, "properties": {"OBJECTID": 1222, "Species": null, "Spread": 2.861559334702857, "SpreadP": 11.3}}, {"type": "Feature", "id": 1223, "geometry": {"type": "Point", "coordinates": [46.64376857100007, 24.839301455000054]}, "properties": {"OBJECTID": 1223, "Species": null, "Spread": 3.889226890588663, "SpreadP": 11.3}}, {"type": "Feature", "id": 1224, "geometry": {"type": "Point", "coordinates": [46.64380256800007, 24.83931434400006]}, "properties": {"OBJECTID": 1224, "Species": "Phoenix dactylifera", "Spread": 5.27147541622314, "SpreadP": 10}}, {"type": "Feature", "id": 1225, "geometry": {"type": "Point", "coordinates": [46.64445000000006, 24.839320000000043]}, "properties": {"OBJECTID": 1225, "Species": "Acacia ampliceps", "Spread": 3.2, "SpreadP": 8}}, {"type": "Feature", "id": 1226, "geometry": {"type": "Point", "coordinates": [46.644483008000066, 24.83934007000005]}, "properties": {"OBJECTID": 1226, "Species": null, "Spread": 3.388496143379473, "SpreadP": 11.3}}, {"type": "Feature", "id": 1227, "geometry": {"type": "Point", "coordinates": [46.64440669000004, 24.839342131000024]}, "properties": {"OBJECTID": 1227, "Species": "Phoenix dactylifera", "Spread": 4.4306666880647585, "SpreadP": 10}}, {"type": "Feature", "id": 1228, "geometry": {"type": "Point", "coordinates": [46.64454626500003, 24.839370617000043]}, "properties": {"OBJECTID": 1228, "Species": null, "Spread": 3.6836870727990494, "SpreadP": 11.3}}, {"type": "Feature", "id": 1229, "geometry": {"type": "Point", "coordinates": [46.644466616000045, 24.83937369000006]}, "properties": {"OBJECTID": 1229, "Species": "Phoenix dactylifera", "Spread": 4.921376322180953, "SpreadP": 10}}, {"type": "Feature", "id": 1230, "geometry": {"type": "Point", "coordinates": [46.64449618300006, 24.839378772000032]}, "properties": {"OBJECTID": 1230, "Species": "Phoenix dactylifera", "Spread": 4.982276403829552, "SpreadP": 10}}, {"type": "Feature", "id": 1231, "geometry": {"type": "Point", "coordinates": [46.644660000000044, 24.83943000000005]}, "properties": {"OBJECTID": 1231, "Species": "Conocarpus lancifolius", "Spread": 5, "SpreadP": 12}}, {"type": "Feature", "id": 1232, "geometry": {"type": "Point", "coordinates": [46.64465820400005, 24.83946095700003]}, "properties": {"OBJECTID": 1232, "Species": null, "Spread": 4.062165000070683, "SpreadP": 11.3}}, {"type": "Feature", "id": 1233, "geometry": {"type": "Point", "coordinates": [46.644732616000056, 24.839476981000075]}, "properties": {"OBJECTID": 1233, "Species": null, "Spread": 4.3442597942995596, "SpreadP": 11.3}}, {"type": "Feature", "id": 1234, "geometry": {"type": "Point", "coordinates": [46.64480000000003, 24.839480000000037]}, "properties": {"OBJECTID": 1234, "Species": "Acacia ampliceps", "Spread": 2, "SpreadP": 8}}, {"type": "Feature", "id": 1235, "geometry": {"type": "Point", "coordinates": [46.64423051000006, 24.839485770000067]}, "properties": {"OBJECTID": 1235, "Species": "Phoenix dactylifera", "Spread": 1.5, "SpreadP": 10}}, {"type": "Feature", "id": 1236, "geometry": {"type": "Point", "coordinates": [46.64428908700006, 24.839521124000044]}, "properties": {"OBJECTID": 1236, "Species": "Phoenix dactylifera", "Spread": 5.4480969399292185, "SpreadP": 10}}, {"type": "Feature", "id": 1237, "geometry": {"type": "Point", "coordinates": [46.644323160000056, 24.839528580000035]}, "properties": {"OBJECTID": 1237, "Species": "Phoenix dactylifera", "Spread": 2, "SpreadP": 10}}, {"type": "Feature", "id": 1238, "geometry": {"type": "Point", "coordinates": [46.64437513400003, 24.839554577000058]}, "properties": {"OBJECTID": 1238, "Species": "Phoenix dactylifera", "Spread": 5.622001285886164, "SpreadP": 10}}, {"type": "Feature", "id": 1239, "geometry": {"type": "Point", "coordinates": [46.64479000000006, 24.839500000000044]}, "properties": {"OBJECTID": 1239, "Species": "Conocarpus lancifolius", "Spread": 5, "SpreadP": 12}}, {"type": "Feature", "id": 1240, "geometry": {"type": "Point", "coordinates": [46.644840000000045, 24.83952000000005]}, "properties": {"OBJECTID": 1240, "Species": "Conocarpus lancifolius", "Spread": 4, "SpreadP": 12}}, {"type": "Feature", "id": 1241, "geometry": {"type": "Point", "coordinates": [46.64499460400003, 24.83956673700004]}, "properties": {"OBJECTID": 1241, "Species": null, "Spread": 3.8188175430167313, "SpreadP": 11.3}}, {"type": "Feature", "id": 1242, "geometry": {"type": "Point", "coordinates": [46.64446313000008, 24.839584510000066]}, "properties": {"OBJECTID": 1242, "Species": "Phoenix dactylifera", "Spread": 2.3, "SpreadP": 10}}, {"type": "Feature", "id": 1243, "geometry": {"type": "Point", "coordinates": [46.644518090000076, 24.839607470000033]}, "properties": {"OBJECTID": 1243, "Species": "Phoenix dactylifera", "Spread": 2.5, "SpreadP": 10}}, {"type": "Feature", "id": 1244, "geometry": {"type": "Point", "coordinates": [46.645110000000045, 24.83961000000005]}, "properties": {"OBJECTID": 1244, "Species": "Pithecellobium dulce", "Spread": 2.5, "SpreadP": 12}}, {"type": "Feature", "id": 1245, "geometry": {"type": "Point", "coordinates": [46.64503089200008, 24.839613464000024]}, "properties": {"OBJECTID": 1245, "Species": null, "Spread": 2.67856395135697, "SpreadP": 11.3}}, {"type": "Feature", "id": 1246, "geometry": {"type": "Point", "coordinates": [46.645170000000064, 24.839630000000056]}, "properties": {"OBJECTID": 1246, "Species": "Pithecellobium dulce", "Spread": 2.5, "SpreadP": 12}}, {"type": "Feature", "id": 1247, "geometry": {"type": "Point", "coordinates": [46.64457495900007, 24.83963981200003]}, "properties": {"OBJECTID": 1247, "Species": "Phoenix dactylifera", "Spread": 6.093038539627653, "SpreadP": 10}}, {"type": "Feature", "id": 1248, "geometry": {"type": "Point", "coordinates": [46.64514660200007, 24.83965900900006]}, "properties": {"OBJECTID": 1248, "Species": null, "Spread": 3.673086512639978, "SpreadP": 11.3}}, {"type": "Feature", "id": 1249, "geometry": {"type": "Point", "coordinates": [46.64519587500007, 24.839680432000023]}, "properties": {"OBJECTID": 1249, "Species": "Phoenix dactylifera", "Spread": 5.384272577988128, "SpreadP": 10}}, {"type": "Feature", "id": 1250, "geometry": {"type": "Point", "coordinates": [46.64524000000006, 24.839690000000076]}, "properties": {"OBJECTID": 1250, "Species": "Conocarpus lancifolius", "Spread": 5, "SpreadP": 12}}, {"type": "Feature", "id": 1251, "geometry": {"type": "Point", "coordinates": [46.64477516900007, 24.839713731000074]}, "properties": {"OBJECTID": 1251, "Species": "Phoenix dactylifera", "Spread": 3.3884961439055283, "SpreadP": 10}}, {"type": "Feature", "id": 1252, "geometry": {"type": "Point", "coordinates": [46.645290000000045, 24.839710000000025]}, "properties": {"OBJECTID": 1252, "Species": "Conocarpus lancifolius", "Spread": 5, "SpreadP": 12}}, {"type": "Feature", "id": 1253, "geometry": {"type": "Point", "coordinates": [46.64480389500005, 24.839729025000054]}, "properties": {"OBJECTID": 1253, "Species": "Phoenix dactylifera", "Spread": 4.769721604593698, "SpreadP": 10}}, {"type": "Feature", "id": 1254, "geometry": {"type": "Point", "coordinates": [46.645800000000065, 24.83988000000005]}, "properties": {"OBJECTID": 1254, "Species": "Pithecellobium dulce", "Spread": 2.5, "SpreadP": 12}}, {"type": "Feature", "id": 1255, "geometry": {"type": "Point", "coordinates": [46.645728260000055, 24.839908293000065]}, "properties": {"OBJECTID": 1255, "Species": null, "Spread": 4.048035688282825, "SpreadP": 11.3}}, {"type": "Feature", "id": 1256, "geometry": {"type": "Point", "coordinates": [46.64577000000003, 24.83991000000003]}, "properties": {"OBJECTID": 1256, "Species": "Conocarpus lancifolius", "Spread": 2.5, "SpreadP": 12}}, {"type": "Feature", "id": 1257, "geometry": {"type": "Point", "coordinates": [46.64587345500007, 24.839967862000037]}, "properties": {"OBJECTID": 1257, "Species": null, "Spread": 3.3160239774592783, "SpreadP": 11.3}}, {"type": "Feature", "id": 1258, "geometry": {"type": "Point", "coordinates": [46.64599000000004, 24.83997000000005]}, "properties": {"OBJECTID": 1258, "Species": "Conocarpus lancifolius", "Spread": 5.5, "SpreadP": 12}}, {"type": "Feature", "id": 1259, "geometry": {"type": "Point", "coordinates": [46.645917309000026, 24.839986190000047]}, "properties": {"OBJECTID": 1259, "Species": null, "Spread": 3.3160239770849116, "SpreadP": 11.3}}, {"type": "Feature", "id": 1260, "geometry": {"type": "Point", "coordinates": [46.64604000000003, 24.839990000000057]}, "properties": {"OBJECTID": 1260, "Species": "Conocarpus lancifolius", "Spread": 5, "SpreadP": 12}}, {"type": "Feature", "id": 1261, "geometry": {"type": "Point", "coordinates": [46.64607062600004, 24.840011563000076]}, "properties": {"OBJECTID": 1261, "Species": null, "Spread": 3.1346811927374616, "SpreadP": 11.3}}, {"type": "Feature", "id": 1262, "geometry": {"type": "Point", "coordinates": [46.64620248600005, 24.84006424200004]}, "properties": {"OBJECTID": 1262, "Species": null, "Spread": 3.196272172977963, "SpreadP": 11.3}}, {"type": "Feature", "id": 1263, "geometry": {"type": "Point", "coordinates": [46.646116361000054, 24.840076018000047]}, "properties": {"OBJECTID": 1263, "Species": null, "Spread": 4.905530288618753, "SpreadP": 11.3}}, {"type": "Feature", "id": 1264, "geometry": {"type": "Point", "coordinates": [46.64627001300005, 24.840135270000076]}, "properties": {"OBJECTID": 1264, "Species": null, "Spread": 5.244232468844985, "SpreadP": 11.3}}, {"type": "Feature", "id": 1265, "geometry": {"type": "Point", "coordinates": [46.64709276700006, 24.84020413500008]}, "properties": {"OBJECTID": 1265, "Species": null, "Spread": 3.442943531025475, "SpreadP": 11.3}}, {"type": "Feature", "id": 1266, "geometry": {"type": "Point", "coordinates": [46.647141153000064, 24.84021401800004]}, "properties": {"OBJECTID": 1266, "Species": "Phoenix dactylifera", "Spread": 2.915501192016897, "SpreadP": 10}}, {"type": "Feature", "id": 1267, "geometry": {"type": "Point", "coordinates": [46.64712299900003, 24.840216610000027]}, "properties": {"OBJECTID": 1267, "Species": null, "Spread": 4.062165000603529, "SpreadP": 11.3}}, {"type": "Feature", "id": 1268, "geometry": {"type": "Point", "coordinates": [46.646520000000066, 24.840230000000076]}, "properties": {"OBJECTID": 1268, "Species": "Phoenix dactylifera", "Spread": 5, "SpreadP": 10}}, {"type": "Feature", "id": 1269, "geometry": {"type": "Point", "coordinates": [46.64661780700004, 24.84023607200004]}, "properties": {"OBJECTID": 1269, "Species": "Phoenix dactylifera", "Spread": 4.0549495040887855, "SpreadP": 10}}, {"type": "Feature", "id": 1270, "geometry": {"type": "Point", "coordinates": [46.64660102400006, 24.840273524000054]}, "properties": {"OBJECTID": 1270, "Species": "Phoenix dactylifera", "Spread": 4.145622676370249, "SpreadP": 10}}, {"type": "Feature", "id": 1271, "geometry": {"type": "Point", "coordinates": [46.64674000000008, 24.840280000000064]}, "properties": {"OBJECTID": 1271, "Species": "Conocarpus lancifolius", "Spread": 7.5, "SpreadP": 12}}, {"type": "Feature", "id": 1272, "geometry": {"type": "Point", "coordinates": [46.64672220300008, 24.84030233900006]}, "properties": {"OBJECTID": 1272, "Species": null, "Spread": 5.574590110264227, "SpreadP": 11.3}}, {"type": "Feature", "id": 1273, "geometry": {"type": "Point", "coordinates": [46.646930000000054, 24.840360000000032]}, "properties": {"OBJECTID": 1273, "Species": "Washingtonia filifera", "Spread": 4.5, "SpreadP": 5}}, {"type": "Feature", "id": 1274, "geometry": {"type": "Point", "coordinates": [46.64696018800004, 24.840381149000052]}, "properties": {"OBJECTID": 1274, "Species": null, "Spread": 2.9554057732286996, "SpreadP": 11.3}}, {"type": "Feature", "id": 1275, "geometry": {"type": "Point", "coordinates": [46.64772346800004, 24.84045819100004]}, "properties": {"OBJECTID": 1275, "Species": "Phoenix dactylifera", "Spread": 3.273855599683743, "SpreadP": 10}}, {"type": "Feature", "id": 1276, "geometry": {"type": "Point", "coordinates": [46.64722000000006, 24.840490000000045]}, "properties": {"OBJECTID": 1276, "Species": "Phoenix dactylifera", "Spread": 1.5, "SpreadP": 10}}, {"type": "Feature", "id": 1277, "geometry": {"type": "Point", "coordinates": [46.647800000000075, 24.840490000000045]}, "properties": {"OBJECTID": 1277, "Species": "Phoenix dactylifera", "Spread": 4, "SpreadP": 10}}, {"type": "Feature", "id": 1278, "geometry": {"type": "Point", "coordinates": [46.64782730400003, 24.840510679000033]}, "properties": {"OBJECTID": 1278, "Species": "Phoenix dactylifera", "Spread": 3.8604070660790524, "SpreadP": 10}}, {"type": "Feature", "id": 1279, "geometry": {"type": "Point", "coordinates": [46.64785973100004, 24.84051760600005]}, "properties": {"OBJECTID": 1279, "Species": "Phoenix dactylifera", "Spread": 4.410649272387066, "SpreadP": 10}}, {"type": "Feature", "id": 1280, "geometry": {"type": "Point", "coordinates": [46.647260000000074, 24.840540000000033]}, "properties": {"OBJECTID": 1280, "Species": "Washingtonia filifera", "Spread": 3, "SpreadP": 5}}, {"type": "Feature", "id": 1281, "geometry": {"type": "Point", "coordinates": [46.64737001000003, 24.84054646000004]}, "properties": {"OBJECTID": 1281, "Species": "Washingtonia filifera", "Spread": 2.5, "SpreadP": 5}}, {"type": "Feature", "id": 1282, "geometry": {"type": "Point", "coordinates": [46.647904046000065, 24.840546888000063]}, "properties": {"OBJECTID": 1282, "Species": "Phoenix dactylifera", "Spread": 3.938861221380452, "SpreadP": 10}}, {"type": "Feature", "id": 1283, "geometry": {"type": "Point", "coordinates": [46.647935491000055, 24.84055499300007]}, "properties": {"OBJECTID": 1283, "Species": "Phoenix dactylifera", "Spread": 4.03038337031742, "SpreadP": 10}}, {"type": "Feature", "id": 1284, "geometry": {"type": "Point", "coordinates": [46.64797366600004, 24.840568715000074]}, "properties": {"OBJECTID": 1284, "Species": "Phoenix dactylifera", "Spread": 3.71639340649641, "SpreadP": 10}}, {"type": "Feature", "id": 1285, "geometry": {"type": "Point", "coordinates": [46.64700000000005, 24.840410000000077]}, "properties": {"OBJECTID": 1285, "Species": "Washingtonia filifera", "Spread": 4.5, "SpreadP": 5}}, {"type": "Feature", "id": 1286, "geometry": {"type": "Point", "coordinates": [46.64657941400003, 24.840500274000078]}, "properties": {"OBJECTID": 1286, "Species": null, "Spread": 2.5826837110148415, "SpreadP": 11.3}}, {"type": "Feature", "id": 1287, "geometry": {"type": "Point", "coordinates": [46.64719000000008, 24.840520000000026]}, "properties": {"OBJECTID": 1287, "Species": "Acacia ampliceps", "Spread": 3, "SpreadP": 8}}, {"type": "Feature", "id": 1288, "geometry": {"type": "Point", "coordinates": [46.64682000000005, 24.840590000000077]}, "properties": {"OBJECTID": 1288, "Species": "Pithecellobium dulce", "Spread": 0.5, "SpreadP": 12}}, {"type": "Feature", "id": 1289, "geometry": {"type": "Point", "coordinates": [46.64691000000005, 24.840620000000058]}, "properties": {"OBJECTID": 1289, "Species": "Pithecellobium dulce", "Spread": 0.5, "SpreadP": 12}}, {"type": "Feature", "id": 1290, "geometry": {"type": "Point", "coordinates": [46.64696376100005, 24.84065110100005]}, "properties": {"OBJECTID": 1290, "Species": null, "Spread": 3.5323855305939333, "SpreadP": 11.3}}, {"type": "Feature", "id": 1291, "geometry": {"type": "Point", "coordinates": [46.646978423000064, 24.840653798000062]}, "properties": {"OBJECTID": 1291, "Species": "Phoenix dactylifera", "Spread": 4.284547359086423, "SpreadP": 10}}, {"type": "Feature", "id": 1292, "geometry": {"type": "Point", "coordinates": [46.647350000000074, 24.840580000000045]}, "properties": {"OBJECTID": 1292, "Species": "Washingtonia filifera", "Spread": 3, "SpreadP": 5}}, {"type": "Feature", "id": 1293, "geometry": {"type": "Point", "coordinates": [46.64800650400008, 24.840579889000026]}, "properties": {"OBJECTID": 1293, "Species": "Phoenix dactylifera", "Spread": 3.7408790191857544, "SpreadP": 10}}, {"type": "Feature", "id": 1294, "geometry": {"type": "Point", "coordinates": [46.64739000000003, 24.84060000000005]}, "properties": {"OBJECTID": 1294, "Species": "Pithecellobium dulce", "Spread": 1.5, "SpreadP": 12}}, {"type": "Feature", "id": 1295, "geometry": {"type": "Point", "coordinates": [46.64743000000004, 24.840610000000027]}, "properties": {"OBJECTID": 1295, "Species": "Acacia ampliceps", "Spread": 1, "SpreadP": 8}}, {"type": "Feature", "id": 1296, "geometry": {"type": "Point", "coordinates": [46.647530000000074, 24.840610000000027]}, "properties": {"OBJECTID": 1296, "Species": "Pithecellobium dulce", "Spread": 1.8, "SpreadP": 12}}, {"type": "Feature", "id": 1297, "geometry": {"type": "Point", "coordinates": [46.64803201400008, 24.840606113000035]}, "properties": {"OBJECTID": 1297, "Species": "Phoenix dactylifera", "Spread": 3.723651250150039, "SpreadP": 10}}, {"type": "Feature", "id": 1298, "geometry": {"type": "Point", "coordinates": [46.64757000000003, 24.840640000000064]}, "properties": {"OBJECTID": 1298, "Species": "Pithecellobium dulce", "Spread": 1.8, "SpreadP": 12}}, {"type": "Feature", "id": 1299, "geometry": {"type": "Point", "coordinates": [46.64770000000004, 24.840680000000077]}, "properties": {"OBJECTID": 1299, "Species": "Phoenix dactylifera", "Spread": 4, "SpreadP": 10}}, {"type": "Feature", "id": 1300, "geometry": {"type": "Point", "coordinates": [46.64773000000008, 24.840700000000027]}, "properties": {"OBJECTID": 1300, "Species": "Phoenix dactylifera", "Spread": 3.5, "SpreadP": 10}}, {"type": "Feature", "id": 1301, "geometry": {"type": "Point", "coordinates": [46.64721000000003, 24.84074000000004]}, "properties": {"OBJECTID": 1301, "Species": "Pithecellobium dulce", "Spread": 2, "SpreadP": 12}}, {"type": "Feature", "id": 1302, "geometry": {"type": "Point", "coordinates": [46.64701293400003, 24.84066299600005]}, "properties": {"OBJECTID": 1302, "Species": "Phoenix dactylifera", "Spread": 4.779854641171399, "SpreadP": 10}}, {"type": "Feature", "id": 1303, "geometry": {"type": "Point", "coordinates": [46.64708134000006, 24.840691840000034]}, "properties": {"OBJECTID": 1303, "Species": "Phoenix dactylifera", "Spread": 2, "SpreadP": 10}}, {"type": "Feature", "id": 1304, "geometry": {"type": "Point", "coordinates": [46.64711978500003, 24.840708273000075]}, "properties": {"OBJECTID": 1304, "Species": "Phoenix dactylifera", "Spread": 4.284547357511421, "SpreadP": 10}}, {"type": "Feature", "id": 1305, "geometry": {"type": "Point", "coordinates": [46.647111951000056, 24.84071244300003]}, "properties": {"OBJECTID": 1305, "Species": null, "Spread": 3.3394590686034693, "SpreadP": 11.3}}, {"type": "Feature", "id": 1306, "geometry": {"type": "Point", "coordinates": [46.64715000000007, 24.840720000000033]}, "properties": {"OBJECTID": 1306, "Species": "Pithecellobium dulce", "Spread": 2, "SpreadP": 12}}, {"type": "Feature", "id": 1307, "geometry": {"type": "Point", "coordinates": [46.647710000000075, 24.84074000000004]}, "properties": {"OBJECTID": 1307, "Species": "Acacia ampliceps", "Spread": 2, "SpreadP": 8}}, {"type": "Feature", "id": 1308, "geometry": {"type": "Point", "coordinates": [46.647830000000056, 24.84074000000004]}, "properties": {"OBJECTID": 1308, "Species": "Phoenix dactylifera", "Spread": 4, "SpreadP": 10}}, {"type": "Feature", "id": 1309, "geometry": {"type": "Point", "coordinates": [46.64724000000007, 24.84075000000007]}, "properties": {"OBJECTID": 1309, "Species": "Phoenix dactylifera", "Spread": 2.5, "SpreadP": 10}}, {"type": "Feature", "id": 1310, "geometry": {"type": "Point", "coordinates": [46.64726104500005, 24.84077848800007]}, "properties": {"OBJECTID": 1310, "Species": "Phoenix dactylifera", "Spread": 4.739192503587753, "SpreadP": 10}}, {"type": "Feature", "id": 1311, "geometry": {"type": "Point", "coordinates": [46.64781000000005, 24.840780000000052]}, "properties": {"OBJECTID": 1311, "Species": "Conocarpus lancifolius", "Spread": 4, "SpreadP": 12}}, {"type": "Feature", "id": 1312, "geometry": {"type": "Point", "coordinates": [46.647920000000056, 24.840780000000052]}, "properties": {"OBJECTID": 1312, "Species": "Phoenix dactylifera", "Spread": 4, "SpreadP": 10}}, {"type": "Feature", "id": 1313, "geometry": {"type": "Point", "coordinates": [46.64785315800003, 24.840796391000026]}, "properties": {"OBJECTID": 1313, "Species": null, "Spread": 3.6836870718312498, "SpreadP": 11.3}}, {"type": "Feature", "id": 1314, "geometry": {"type": "Point", "coordinates": [46.647380000000055, 24.840810000000033]}, "properties": {"OBJECTID": 1314, "Species": "Phoenix dactylifera", "Spread": 2.5, "SpreadP": 10}}, {"type": "Feature", "id": 1315, "geometry": {"type": "Point", "coordinates": [46.64790872300006, 24.84082520000004]}, "properties": {"OBJECTID": 1315, "Species": "Phoenix dactylifera", "Spread": 4.423023936669594, "SpreadP": 10}}, {"type": "Feature", "id": 1316, "geometry": {"type": "Point", "coordinates": [46.64794000000006, 24.84083000000004]}, "properties": {"OBJECTID": 1316, "Species": "Phoenix dactylifera", "Spread": 4.5, "SpreadP": 10}}, {"type": "Feature", "id": 1317, "geometry": {"type": "Point", "coordinates": [46.648510000000044, 24.84080000000006]}, "properties": {"OBJECTID": 1317, "Species": "Phoenix dactylifera", "Spread": 3, "SpreadP": 10}}, {"type": "Feature", "id": 1318, "geometry": {"type": "Point", "coordinates": [46.648562765000065, 24.84082339200006]}, "properties": {"OBJECTID": 1318, "Species": "Phoenix dactylifera", "Spread": 2.4708669767927827, "SpreadP": 10}}, {"type": "Feature", "id": 1319, "geometry": {"type": "Point", "coordinates": [46.648658408000074, 24.84087313300006]}, "properties": {"OBJECTID": 1319, "Species": null, "Spread": 3.3277621523634022, "SpreadP": 11.3}}, {"type": "Feature", "id": 1320, "geometry": {"type": "Point", "coordinates": [46.648150000000044, 24.840880000000027]}, "properties": {"OBJECTID": 1320, "Species": "Pithecellobium dulce", "Spread": 1.5, "SpreadP": 12}}, {"type": "Feature", "id": 1321, "geometry": {"type": "Point", "coordinates": [46.648190000000056, 24.84089000000006]}, "properties": {"OBJECTID": 1321, "Species": "Acacia ampliceps", "Spread": 4, "SpreadP": 8}}, {"type": "Feature", "id": 1322, "geometry": {"type": "Point", "coordinates": [46.64809301500003, 24.84090541200004]}, "properties": {"OBJECTID": 1322, "Species": "Phoenix dactylifera", "Spread": 5.1956940884383425, "SpreadP": 10}}, {"type": "Feature", "id": 1323, "geometry": {"type": "Point", "coordinates": [46.64812325200006, 24.84090938500003]}, "properties": {"OBJECTID": 1323, "Species": "Phoenix dactylifera", "Spread": 5.347255413398312, "SpreadP": 10}}, {"type": "Feature", "id": 1324, "geometry": {"type": "Point", "coordinates": [46.64823000000007, 24.840910000000065]}, "properties": {"OBJECTID": 1324, "Species": "Phoenix dactylifera", "Spread": 4, "SpreadP": 10}}, {"type": "Feature", "id": 1325, "geometry": {"type": "Point", "coordinates": [46.64877203000003, 24.840909472000078]}, "properties": {"OBJECTID": 1325, "Species": "Phoenix dactylifera", "Spread": 2.6578060490168736, "SpreadP": 10}}, {"type": "Feature", "id": 1326, "geometry": {"type": "Point", "coordinates": [46.64880000000005, 24.84093000000007]}, "properties": {"OBJECTID": 1326, "Species": "Phoenix dactylifera", "Spread": 4.5, "SpreadP": 10}}, {"type": "Feature", "id": 1327, "geometry": {"type": "Point", "coordinates": [46.64884107200004, 24.840933793000033]}, "properties": {"OBJECTID": 1327, "Species": "Phoenix dactylifera", "Spread": 3.7587053606769136, "SpreadP": 10}}, {"type": "Feature", "id": 1328, "geometry": {"type": "Point", "coordinates": [46.648287709000044, 24.840948453000067]}, "properties": {"OBJECTID": 1328, "Species": "Phoenix dactylifera", "Spread": 5.090427394448669, "SpreadP": 10}}, {"type": "Feature", "id": 1329, "geometry": {"type": "Point", "coordinates": [46.64821000000006, 24.840950000000078]}, "properties": {"OBJECTID": 1329, "Species": "Pithecellobium dulce", "Spread": 1.8, "SpreadP": 12}}, {"type": "Feature", "id": 1330, "geometry": {"type": "Point", "coordinates": [46.64832506000005, 24.84095418000004]}, "properties": {"OBJECTID": 1330, "Species": "Phoenix dactylifera", "Spread": 4.5, "SpreadP": 10}}, {"type": "Feature", "id": 1331, "geometry": {"type": "Point", "coordinates": [46.648250000000075, 24.840960000000052]}, "properties": {"OBJECTID": 1331, "Species": "Pithecellobium dulce", "Spread": 1, "SpreadP": 12}}, {"type": "Feature", "id": 1332, "geometry": {"type": "Point", "coordinates": [46.648360000000025, 24.840970000000027]}, "properties": {"OBJECTID": 1332, "Species": "Phoenix dactylifera", "Spread": 4.5, "SpreadP": 10}}, {"type": "Feature", "id": 1333, "geometry": {"type": "Point", "coordinates": [46.64889434000003, 24.840974259000063]}, "properties": {"OBJECTID": 1333, "Species": null, "Spread": 2.9554057709130572, "SpreadP": 11.3}}, {"type": "Feature", "id": 1334, "geometry": {"type": "Point", "coordinates": [46.64841726000003, 24.84098410000007]}, "properties": {"OBJECTID": 1334, "Species": "Acacia ampliceps", "Spread": 2, "SpreadP": 8}}, {"type": "Feature", "id": 1335, "geometry": {"type": "Point", "coordinates": [46.64840000000004, 24.84102000000007]}, "properties": {"OBJECTID": 1335, "Species": "Phoenix dactylifera", "Spread": 4.5, "SpreadP": 10}}, {"type": "Feature", "id": 1336, "geometry": {"type": "Point", "coordinates": [46.643125163000036, 24.83880490400003]}, "properties": {"OBJECTID": 1336, "Species": null, "Spread": 4.780154304849952, "SpreadP": 11.3}}, {"type": "Feature", "id": 1337, "geometry": {"type": "Point", "coordinates": [46.64318000000003, 24.838820000000055]}, "properties": {"OBJECTID": 1337, "Species": "Conocarpus lancifolius", "Spread": 2.5, "SpreadP": 12}}, {"type": "Feature", "id": 1338, "geometry": {"type": "Point", "coordinates": [46.64337000000006, 24.838860000000068]}, "properties": {"OBJECTID": 1338, "Species": "Conocarpus lancifolius", "Spread": 4, "SpreadP": 12}}, {"type": "Feature", "id": 1339, "geometry": {"type": "Point", "coordinates": [46.64334886600005, 24.838895054000034]}, "properties": {"OBJECTID": 1339, "Species": null, "Spread": 3.839184715601005, "SpreadP": 11.3}}, {"type": "Feature", "id": 1340, "geometry": {"type": "Point", "coordinates": [46.64318945000008, 24.839037370000028]}, "properties": {"OBJECTID": 1340, "Species": "Phoenix dactylifera", "Spread": 1.5, "SpreadP": 10}}, {"type": "Feature", "id": 1341, "geometry": {"type": "Point", "coordinates": [46.64321348800007, 24.839054883000074]}, "properties": {"OBJECTID": 1341, "Species": "Phoenix dactylifera", "Spread": 3.9388612239987824, "SpreadP": 10}}, {"type": "Feature", "id": 1342, "geometry": {"type": "Point", "coordinates": [46.64325193500008, 24.839069567000024]}, "properties": {"OBJECTID": 1342, "Species": "Phoenix dactylifera", "Spread": 4.6882762568734275, "SpreadP": 10}}, {"type": "Feature", "id": 1343, "geometry": {"type": "Point", "coordinates": [46.64339581000007, 24.83913124000003]}, "properties": {"OBJECTID": 1343, "Species": "Phoenix dactylifera", "Spread": 2, "SpreadP": 10}}, {"type": "Feature", "id": 1344, "geometry": {"type": "Point", "coordinates": [46.64915000000008, 24.841300000000047]}, "properties": {"OBJECTID": 1344, "Species": "Conocarpus lancifolius", "Spread": 5, "SpreadP": 12}}, {"type": "Feature", "id": 1345, "geometry": {"type": "Point", "coordinates": [46.65011000000004, 24.841710000000035]}, "properties": {"OBJECTID": 1345, "Species": "Washingtonia filifera", "Spread": 3, "SpreadP": 5}}, {"type": "Feature", "id": 1346, "geometry": {"type": "Point", "coordinates": [46.65008000000006, 24.84173000000004]}, "properties": {"OBJECTID": 1346, "Species": "Pithecellobium dulce", "Spread": 1.5, "SpreadP": 12}}, {"type": "Feature", "id": 1347, "geometry": {"type": "Point", "coordinates": [46.649500000000046, 24.841450000000066]}, "properties": {"OBJECTID": 1347, "Species": "Pithecellobium dulce", "Spread": 1, "SpreadP": 12}}, {"type": "Feature", "id": 1348, "geometry": {"type": "Point", "coordinates": [46.64943000000005, 24.841470000000072]}, "properties": {"OBJECTID": 1348, "Species": "Pithecellobium dulce", "Spread": 1.5, "SpreadP": 12}}, {"type": "Feature", "id": 1349, "geometry": {"type": "Point", "coordinates": [46.64954000000006, 24.841500000000053]}, "properties": {"OBJECTID": 1349, "Species": "Washingtonia filifera", "Spread": 3, "SpreadP": 5}}, {"type": "Feature", "id": 1350, "geometry": {"type": "Point", "coordinates": [46.64960000000008, 24.841500000000053]}, "properties": {"OBJECTID": 1350, "Species": "Pithecellobium dulce", "Spread": 1.6, "SpreadP": 12}}, {"type": "Feature", "id": 1351, "geometry": {"type": "Point", "coordinates": [46.64967000000007, 24.84152000000006]}, "properties": {"OBJECTID": 1351, "Species": "Pithecellobium dulce", "Spread": 2, "SpreadP": 12}}, {"type": "Feature", "id": 1352, "geometry": {"type": "Point", "coordinates": [46.64970000000005, 24.841530000000034]}, "properties": {"OBJECTID": 1352, "Species": "Pithecellobium dulce", "Spread": 2, "SpreadP": 12}}, {"type": "Feature", "id": 1353, "geometry": {"type": "Point", "coordinates": [46.64975000000004, 24.841560000000072]}, "properties": {"OBJECTID": 1353, "Species": "Pithecellobium dulce", "Spread": 2, "SpreadP": 12}}, {"type": "Feature", "id": 1354, "geometry": {"type": "Point", "coordinates": [46.64978000000008, 24.841560000000072]}, "properties": {"OBJECTID": 1354, "Species": "Pithecellobium dulce", "Spread": 2, "SpreadP": 12}}, {"type": "Feature", "id": 1355, "geometry": {"type": "Point", "coordinates": [46.64969000000008, 24.841570000000047]}, "properties": {"OBJECTID": 1355, "Species": "Pithecellobium dulce", "Spread": 2, "SpreadP": 12}}, {"type": "Feature", "id": 1356, "geometry": {"type": "Point", "coordinates": [46.64975000000004, 24.841590000000053]}, "properties": {"OBJECTID": 1356, "Species": "Acacia ampliceps", "Spread": 4, "SpreadP": 8}}, {"type": "Feature", "id": 1357, "geometry": {"type": "Point", "coordinates": [46.649820000000034, 24.841620000000034]}, "properties": {"OBJECTID": 1357, "Species": "Pithecellobium dulce", "Spread": 1.8, "SpreadP": 12}}, {"type": "Feature", "id": 1358, "geometry": {"type": "Point", "coordinates": [46.64978946300005, 24.841628197000034]}, "properties": {"OBJECTID": 1358, "Species": null, "Spread": 3.385137501286538, "SpreadP": 11.3}}, {"type": "Feature", "id": 1359, "geometry": {"type": "Point", "coordinates": [46.64993000000004, 24.841630000000066]}, "properties": {"OBJECTID": 1359, "Species": "Conocarpus lancifolius", "Spread": 4, "SpreadP": 12}}, {"type": "Feature", "id": 1360, "geometry": {"type": "Point", "coordinates": [46.64990293200003, 24.841664957000035]}, "properties": {"OBJECTID": 1360, "Species": null, "Spread": 3.587154463769654, "SpreadP": 11.3}}, {"type": "Feature", "id": 1361, "geometry": {"type": "Point", "coordinates": [46.650000000000034, 24.84167000000008]}, "properties": {"OBJECTID": 1361, "Species": "Acacia ampliceps", "Spread": 3, "SpreadP": 8}}, {"type": "Feature", "id": 1362, "geometry": {"type": "Point", "coordinates": [46.64996000000008, 24.841680000000053]}, "properties": {"OBJECTID": 1362, "Species": "Washingtonia filifera", "Spread": 3, "SpreadP": 5}}, {"type": "Feature", "id": 1363, "geometry": {"type": "Point", "coordinates": [46.65005000000008, 24.84169000000003]}, "properties": {"OBJECTID": 1363, "Species": "Pithecellobium dulce", "Spread": 1.5, "SpreadP": 12}}, {"type": "Feature", "id": 1364, "geometry": {"type": "Point", "coordinates": [46.650010000000066, 24.84170000000006]}, "properties": {"OBJECTID": 1364, "Species": "Phoenix dactylifera", "Spread": 2, "SpreadP": 10}}, {"type": "Feature", "id": 1365, "geometry": {"type": "Point", "coordinates": [46.65005000000008, 24.841720000000066]}, "properties": {"OBJECTID": 1365, "Species": "Washingtonia filifera", "Spread": 3, "SpreadP": 5}}, {"type": "Feature", "id": 1366, "geometry": {"type": "Point", "coordinates": [46.65563000000003, 24.844030000000032]}, "properties": {"OBJECTID": 1366, "Species": "Ficus nitida", "Spread": 2, "SpreadP": 20}}, {"type": "Feature", "id": 1367, "geometry": {"type": "Point", "coordinates": [46.65565960600003, 24.844085172000064]}, "properties": {"OBJECTID": 1367, "Species": "Phoenix dactylifera", "Spread": 2.8909417793586933, "SpreadP": 10}}, {"type": "Feature", "id": 1368, "geometry": {"type": "Point", "coordinates": [46.65574000000004, 24.844120000000032]}, "properties": {"OBJECTID": 1368, "Species": "Ficus nitida", "Spread": 2, "SpreadP": 20}}, {"type": "Feature", "id": 1369, "geometry": {"type": "Point", "coordinates": [46.65578000000005, 24.844130000000064]}, "properties": {"OBJECTID": 1369, "Species": "Ficus nitida", "Spread": 2, "SpreadP": 20}}, {"type": "Feature", "id": 1370, "geometry": {"type": "Point", "coordinates": [46.655883490000065, 24.84414766900005]}, "properties": {"OBJECTID": 1370, "Species": "Phoenix dactylifera", "Spread": 3.161878698694891, "SpreadP": 10}}, {"type": "Feature", "id": 1371, "geometry": {"type": "Point", "coordinates": [46.64743230700003, 24.840839689000063]}, "properties": {"OBJECTID": 1371, "Species": "Phoenix dactylifera", "Spread": 5.325901855799631, "SpreadP": 10}}, {"type": "Feature", "id": 1372, "geometry": {"type": "Point", "coordinates": [46.64804000000004, 24.84084000000007]}, "properties": {"OBJECTID": 1372, "Species": "Pithecellobium dulce", "Spread": 1.4, "SpreadP": 12}}, {"type": "Feature", "id": 1373, "geometry": {"type": "Point", "coordinates": [46.647530000000074, 24.840870000000052]}, "properties": {"OBJECTID": 1373, "Species": "Phoenix dactylifera", "Spread": 2, "SpreadP": 10}}, {"type": "Feature", "id": 1374, "geometry": {"type": "Point", "coordinates": [46.64803000000006, 24.840870000000052]}, "properties": {"OBJECTID": 1374, "Species": "Phoenix dactylifera", "Spread": 4, "SpreadP": 10}}, {"type": "Feature", "id": 1375, "geometry": {"type": "Point", "coordinates": [46.647584632000076, 24.840896060000034]}, "properties": {"OBJECTID": 1375, "Species": "Phoenix dactylifera", "Spread": 3.6929214402229475, "SpreadP": 10}}, {"type": "Feature", "id": 1376, "geometry": {"type": "Point", "coordinates": [46.64788000000004, 24.84102000000007]}, "properties": {"OBJECTID": 1376, "Species": "Phoenix caespitosa", "Spread": 1.5, "SpreadP": 4}}, {"type": "Feature", "id": 1377, "geometry": {"type": "Point", "coordinates": [46.648540000000025, 24.841040000000078]}, "properties": {"OBJECTID": 1377, "Species": "Pithecellobium dulce", "Spread": 1, "SpreadP": 12}}, {"type": "Feature", "id": 1378, "geometry": {"type": "Point", "coordinates": [46.64857000000006, 24.841090000000065]}, "properties": {"OBJECTID": 1378, "Species": "Phoenix dactylifera", "Spread": 4.5, "SpreadP": 10}}, {"type": "Feature", "id": 1379, "geometry": {"type": "Point", "coordinates": [46.64861734600004, 24.84112383200005]}, "properties": {"OBJECTID": 1379, "Species": "Phoenix dactylifera", "Spread": 4.813962292511721, "SpreadP": 10}}, {"type": "Feature", "id": 1380, "geometry": {"type": "Point", "coordinates": [46.64865000000003, 24.841130000000078]}, "properties": {"OBJECTID": 1380, "Species": "Pithecellobium dulce", "Spread": 1.5, "SpreadP": 12}}, {"type": "Feature", "id": 1381, "geometry": {"type": "Point", "coordinates": [46.648690000000045, 24.841150000000027]}, "properties": {"OBJECTID": 1381, "Species": "Conocarpus lancifolius", "Spread": 4.5, "SpreadP": 12}}, {"type": "Feature", "id": 1382, "geometry": {"type": "Point", "coordinates": [46.64882000000006, 24.84116000000006]}, "properties": {"OBJECTID": 1382, "Species": "Pithecellobium dulce", "Spread": 1.5, "SpreadP": 12}}, {"type": "Feature", "id": 1383, "geometry": {"type": "Point", "coordinates": [46.648311500000034, 24.841194510000037]}, "properties": {"OBJECTID": 1383, "Species": "Phoenix caespitosa", "Spread": 1.5, "SpreadP": 4}}, {"type": "Feature", "id": 1384, "geometry": {"type": "Point", "coordinates": [46.648900000000026, 24.84120000000007]}, "properties": {"OBJECTID": 1384, "Species": "Pithecellobium dulce", "Spread": 1.5, "SpreadP": 12}}, {"type": "Feature", "id": 1385, "geometry": {"type": "Point", "coordinates": [46.64881916300004, 24.841206877000047]}, "properties": {"OBJECTID": 1385, "Species": null, "Spread": 2.8723844187174405, "SpreadP": 11.3}}, {"type": "Feature", "id": 1386, "geometry": {"type": "Point", "coordinates": [46.64885000000004, 24.841210000000046]}, "properties": {"OBJECTID": 1386, "Species": "Pithecellobium dulce", "Spread": 2, "SpreadP": 12}}, {"type": "Feature", "id": 1387, "geometry": {"type": "Point", "coordinates": [46.64895000000007, 24.841210000000046]}, "properties": {"OBJECTID": 1387, "Species": "Conocarpus lancifolius", "Spread": 4.5, "SpreadP": 12}}, {"type": "Feature", "id": 1388, "geometry": {"type": "Point", "coordinates": [46.648364222000055, 24.84123002800004]}, "properties": {"OBJECTID": 1388, "Species": "Phoenix dactylifera", "Spread": 3.912238817769359, "SpreadP": 10}}, {"type": "Feature", "id": 1389, "geometry": {"type": "Point", "coordinates": [46.64900000000006, 24.841240000000028]}, "properties": {"OBJECTID": 1389, "Species": "Pithecellobium dulce", "Spread": 1, "SpreadP": 12}}, {"type": "Feature", "id": 1390, "geometry": {"type": "Point", "coordinates": [46.64840371200006, 24.84125306100003]}, "properties": {"OBJECTID": 1390, "Species": null, "Spread": 3.059135607083337, "SpreadP": 11.3}}, {"type": "Feature", "id": 1391, "geometry": {"type": "Point", "coordinates": [46.64898000000005, 24.841260000000034]}, "properties": {"OBJECTID": 1391, "Species": "Phoenix dactylifera", "Spread": 4, "SpreadP": 10}}, {"type": "Feature", "id": 1392, "geometry": {"type": "Point", "coordinates": [46.649050000000045, 24.841260000000034]}, "properties": {"OBJECTID": 1392, "Species": "Conocarpus lancifolius", "Spread": 4, "SpreadP": 12}}, {"type": "Feature", "id": 1393, "geometry": {"type": "Point", "coordinates": [46.649026038000045, 24.841294308000045]}, "properties": {"OBJECTID": 1393, "Species": "Phoenix dactylifera", "Spread": 4.490750622007444, "SpreadP": 10}}, {"type": "Feature", "id": 1394, "geometry": {"type": "Point", "coordinates": [46.648610000000076, 24.841320000000053]}, "properties": {"OBJECTID": 1394, "Species": "Phoenix dactylifera", "Spread": 1.5, "SpreadP": 10}}, {"type": "Feature", "id": 1395, "geometry": {"type": "Point", "coordinates": [46.64919000000003, 24.841320000000053]}, "properties": {"OBJECTID": 1395, "Species": "Phoenix dactylifera", "Spread": 4, "SpreadP": 10}}, {"type": "Feature", "id": 1396, "geometry": {"type": "Point", "coordinates": [46.64910307000008, 24.84133410100003]}, "properties": {"OBJECTID": 1396, "Species": null, "Spread": 2.6492891481211682, "SpreadP": 11.3}}, {"type": "Feature", "id": 1397, "geometry": {"type": "Point", "coordinates": [46.649230000000045, 24.84134000000006]}, "properties": {"OBJECTID": 1397, "Species": "Pithecellobium dulce", "Spread": 1, "SpreadP": 12}}, {"type": "Feature", "id": 1398, "geometry": {"type": "Point", "coordinates": [46.64917000000003, 24.841350000000034]}, "properties": {"OBJECTID": 1398, "Species": "Pithecellobium dulce", "Spread": 1, "SpreadP": 12}}, {"type": "Feature", "id": 1399, "geometry": {"type": "Point", "coordinates": [46.64928000000003, 24.841360000000066]}, "properties": {"OBJECTID": 1399, "Species": "Pithecellobium dulce", "Spread": 1, "SpreadP": 12}}, {"type": "Feature", "id": 1400, "geometry": {"type": "Point", "coordinates": [46.64922000000007, 24.84137000000004]}, "properties": {"OBJECTID": 1400, "Species": "Conocarpus lancifolius", "Spread": 5, "SpreadP": 12}}, {"type": "Feature", "id": 1401, "geometry": {"type": "Point", "coordinates": [46.64933000000008, 24.841380000000072]}, "properties": {"OBJECTID": 1401, "Species": "Pithecellobium dulce", "Spread": 1, "SpreadP": 12}}, {"type": "Feature", "id": 1402, "geometry": {"type": "Point", "coordinates": [46.64937000000003, 24.84140000000008]}, "properties": {"OBJECTID": 1402, "Species": "Acacia ampliceps", "Spread": 1.5, "SpreadP": 8}}, {"type": "Feature", "id": 1403, "geometry": {"type": "Point", "coordinates": [46.649410000000046, 24.841410000000053]}, "properties": {"OBJECTID": 1403, "Species": "Acacia ampliceps", "Spread": 1.5, "SpreadP": 8}}, {"type": "Feature", "id": 1404, "geometry": {"type": "Point", "coordinates": [46.64946000000003, 24.84143000000006]}, "properties": {"OBJECTID": 1404, "Species": "Conocarpus lancifolius", "Spread": 5.5, "SpreadP": 12}}, {"type": "Feature", "id": 1405, "geometry": {"type": "Point", "coordinates": [46.65013000000005, 24.841750000000047]}, "properties": {"OBJECTID": 1405, "Species": "Acacia ampliceps", "Spread": 3, "SpreadP": 8}}, {"type": "Feature", "id": 1406, "geometry": {"type": "Point", "coordinates": [46.65020000000004, 24.841750000000047]}, "properties": {"OBJECTID": 1406, "Species": "Washingtonia filifera", "Spread": 4, "SpreadP": 5}}, {"type": "Feature", "id": 1407, "geometry": {"type": "Point", "coordinates": [46.65021000000007, 24.84179000000006]}, "properties": {"OBJECTID": 1407, "Species": "Pithecellobium dulce", "Spread": 1.5, "SpreadP": 12}}, {"type": "Feature", "id": 1408, "geometry": {"type": "Point", "coordinates": [46.650330000000054, 24.841800000000035]}, "properties": {"OBJECTID": 1408, "Species": "Conocarpus lancifolius", "Spread": 5, "SpreadP": 12}}, {"type": "Feature", "id": 1409, "geometry": {"type": "Point", "coordinates": [46.65025000000003, 24.841810000000066]}, "properties": {"OBJECTID": 1409, "Species": "Acacia ampliceps", "Spread": 1, "SpreadP": 8}}, {"type": "Feature", "id": 1410, "geometry": {"type": "Point", "coordinates": [46.65039000000007, 24.84182000000004]}, "properties": {"OBJECTID": 1410, "Species": "Acacia ampliceps", "Spread": 1, "SpreadP": 8}}, {"type": "Feature", "id": 1411, "geometry": {"type": "Point", "coordinates": [46.65043000000003, 24.841830000000073]}, "properties": {"OBJECTID": 1411, "Species": "Acacia ampliceps", "Spread": 1, "SpreadP": 8}}, {"type": "Feature", "id": 1412, "geometry": {"type": "Point", "coordinates": [46.65032000000008, 24.841840000000047]}, "properties": {"OBJECTID": 1412, "Species": "Acacia ampliceps", "Spread": 1, "SpreadP": 8}}, {"type": "Feature", "id": 1413, "geometry": {"type": "Point", "coordinates": [46.650460000000066, 24.84185000000008]}, "properties": {"OBJECTID": 1413, "Species": "Acacia ampliceps", "Spread": 1, "SpreadP": 8}}, {"type": "Feature", "id": 1414, "geometry": {"type": "Point", "coordinates": [46.650370000000066, 24.841860000000054]}, "properties": {"OBJECTID": 1414, "Species": "Pithecellobium dulce", "Spread": 1.5, "SpreadP": 12}}, {"type": "Feature", "id": 1415, "geometry": {"type": "Point", "coordinates": [46.650510000000054, 24.841860000000054]}, "properties": {"OBJECTID": 1415, "Species": "Conocarpus lancifolius", "Spread": 5, "SpreadP": 12}}, {"type": "Feature", "id": 1416, "geometry": {"type": "Point", "coordinates": [46.65041000000008, 24.84187000000003]}, "properties": {"OBJECTID": 1416, "Species": "Washingtonia filifera", "Spread": 3, "SpreadP": 5}}, {"type": "Feature", "id": 1417, "geometry": {"type": "Point", "coordinates": [46.65056000000004, 24.841890000000035]}, "properties": {"OBJECTID": 1417, "Species": "Phoenix dactylifera", "Spread": 4, "SpreadP": 10}}, {"type": "Feature", "id": 1418, "geometry": {"type": "Point", "coordinates": [46.65050000000008, 24.841900000000066]}, "properties": {"OBJECTID": 1418, "Species": "Washingtonia filifera", "Spread": 3, "SpreadP": 5}}, {"type": "Feature", "id": 1419, "geometry": {"type": "Point", "coordinates": [46.65057000000007, 24.841920000000073]}, "properties": {"OBJECTID": 1419, "Species": "Phoenix dactylifera", "Spread": 4, "SpreadP": 10}}, {"type": "Feature", "id": 1420, "geometry": {"type": "Point", "coordinates": [46.65064632800005, 24.84193981100003]}, "properties": {"OBJECTID": 1420, "Species": "Phoenix dactylifera", "Spread": 4.305768341526133, "SpreadP": 10}}, {"type": "Feature", "id": 1421, "geometry": {"type": "Point", "coordinates": [46.650720000000035, 24.84196000000003]}, "properties": {"OBJECTID": 1421, "Species": "Acacia ampliceps", "Spread": 0.5, "SpreadP": 8}}, {"type": "Feature", "id": 1422, "geometry": {"type": "Point", "coordinates": [46.65063039200004, 24.84197199700003]}, "properties": {"OBJECTID": 1422, "Species": "Phoenix dactylifera", "Spread": 4.839812796430539, "SpreadP": 10}}, {"type": "Feature", "id": 1423, "geometry": {"type": "Point", "coordinates": [46.65076000000005, 24.841980000000035]}, "properties": {"OBJECTID": 1423, "Species": "Vachellia nilotica var. nilotica", "Spread": 1.5, "SpreadP": 9}}, {"type": "Feature", "id": 1424, "geometry": {"type": "Point", "coordinates": [46.650810000000035, 24.84200000000004]}, "properties": {"OBJECTID": 1424, "Species": "Vachellia nilotica var. nilotica", "Spread": 1.5, "SpreadP": 9}}, {"type": "Feature", "id": 1425, "geometry": {"type": "Point", "coordinates": [46.65073000000007, 24.842010000000073]}, "properties": {"OBJECTID": 1425, "Species": "Acacia ampliceps", "Spread": 0.8, "SpreadP": 8}}, {"type": "Feature", "id": 1426, "geometry": {"type": "Point", "coordinates": [46.65088000000003, 24.842030000000022]}, "properties": {"OBJECTID": 1426, "Species": "Acacia ampliceps", "Spread": 3, "SpreadP": 8}}, {"type": "Feature", "id": 1427, "geometry": {"type": "Point", "coordinates": [46.65083000000004, 24.84205000000003]}, "properties": {"OBJECTID": 1427, "Species": "Acacia ampliceps", "Spread": 0.5, "SpreadP": 8}}, {"type": "Feature", "id": 1428, "geometry": {"type": "Point", "coordinates": [46.65093000000007, 24.84205000000003]}, "properties": {"OBJECTID": 1428, "Species": "Washingtonia filifera", "Spread": 1.5, "SpreadP": 5}}, {"type": "Feature", "id": 1429, "geometry": {"type": "Point", "coordinates": [46.65092000000004, 24.842080000000067]}, "properties": {"OBJECTID": 1429, "Species": "Washingtonia filifera", "Spread": 3, "SpreadP": 5}}, {"type": "Feature", "id": 1430, "geometry": {"type": "Point", "coordinates": [46.650954590000026, 24.84210708100005]}, "properties": {"OBJECTID": 1430, "Species": null, "Spread": 3.0971387489804694, "SpreadP": 11.3}}, {"type": "Feature", "id": 1431, "geometry": {"type": "Point", "coordinates": [46.65045749900003, 24.84229870200005]}, "properties": {"OBJECTID": 1431, "Species": null, "Spread": 3.0971246470003213, "SpreadP": 11.3}}, {"type": "Feature", "id": 1432, "geometry": {"type": "Point", "coordinates": [46.651020000000074, 24.842100000000073]}, "properties": {"OBJECTID": 1432, "Species": "Washingtonia filifera", "Spread": 3, "SpreadP": 5}}, {"type": "Feature", "id": 1433, "geometry": {"type": "Point", "coordinates": [46.65110000000004, 24.842130000000054]}, "properties": {"OBJECTID": 1433, "Species": "Ficus nitida", "Spread": 1.5, "SpreadP": 20}}, {"type": "Feature", "id": 1434, "geometry": {"type": "Point", "coordinates": [46.651080000000036, 24.842160000000035]}, "properties": {"OBJECTID": 1434, "Species": "Pithecellobium dulce", "Spread": 1, "SpreadP": 12}}, {"type": "Feature", "id": 1435, "geometry": {"type": "Point", "coordinates": [46.651140000000055, 24.84218000000004]}, "properties": {"OBJECTID": 1435, "Species": "Acacia ampliceps", "Spread": 1, "SpreadP": 8}}, {"type": "Feature", "id": 1436, "geometry": {"type": "Point", "coordinates": [46.65124000000003, 24.84218000000004]}, "properties": {"OBJECTID": 1436, "Species": "Acacia ampliceps", "Spread": 1, "SpreadP": 8}}, {"type": "Feature", "id": 1437, "geometry": {"type": "Point", "coordinates": [46.65118000000007, 24.842200000000048]}, "properties": {"OBJECTID": 1437, "Species": "Acacia ampliceps", "Spread": 4.5, "SpreadP": 8}}, {"type": "Feature", "id": 1438, "geometry": {"type": "Point", "coordinates": [46.651290000000074, 24.842220000000054]}, "properties": {"OBJECTID": 1438, "Species": "Washingtonia filifera", "Spread": 3.5, "SpreadP": 5}}, {"type": "Feature", "id": 1439, "geometry": {"type": "Point", "coordinates": [46.651410000000055, 24.842260000000067]}, "properties": {"OBJECTID": 1439, "Species": "Pithecellobium dulce", "Spread": 1, "SpreadP": 12}}, {"type": "Feature", "id": 1440, "geometry": {"type": "Point", "coordinates": [46.65136000000007, 24.842270000000042]}, "properties": {"OBJECTID": 1440, "Species": "Washingtonia filifera", "Spread": 3, "SpreadP": 5}}, {"type": "Feature", "id": 1441, "geometry": {"type": "Point", "coordinates": [46.651470000000074, 24.842280000000073]}, "properties": {"OBJECTID": 1441, "Species": "Vachellia nilotica var. nilotica", "Spread": 1.5, "SpreadP": 9}}, {"type": "Feature", "id": 1442, "geometry": {"type": "Point", "coordinates": [46.651410000000055, 24.842290000000048]}, "properties": {"OBJECTID": 1442, "Species": "Vachellia nilotica var. nilotica", "Spread": 1.5, "SpreadP": 9}}, {"type": "Feature", "id": 1443, "geometry": {"type": "Point", "coordinates": [46.65151000000003, 24.842300000000023]}, "properties": {"OBJECTID": 1443, "Species": "Vachellia nilotica var. nilotica", "Spread": 1.5, "SpreadP": 9}}, {"type": "Feature", "id": 1444, "geometry": {"type": "Point", "coordinates": [46.65146000000004, 24.842310000000055]}, "properties": {"OBJECTID": 1444, "Species": "Pithecellobium dulce", "Spread": 1, "SpreadP": 12}}, {"type": "Feature", "id": 1445, "geometry": {"type": "Point", "coordinates": [46.65155000000004, 24.84232000000003]}, "properties": {"OBJECTID": 1445, "Species": "Acacia ampliceps", "Spread": 2.5, "SpreadP": 8}}, {"type": "Feature", "id": 1446, "geometry": {"type": "Point", "coordinates": [46.651500000000055, 24.84233000000006]}, "properties": {"OBJECTID": 1446, "Species": "Ficus religiosa", "Spread": 0.5, "SpreadP": 18}}, {"type": "Feature", "id": 1447, "geometry": {"type": "Point", "coordinates": [46.65153000000004, 24.842340000000036]}, "properties": {"OBJECTID": 1447, "Species": "Pithecellobium dulce", "Spread": 1, "SpreadP": 12}}, {"type": "Feature", "id": 1448, "geometry": {"type": "Point", "coordinates": [46.65171000000004, 24.842390000000023]}, "properties": {"OBJECTID": 1448, "Species": "Pithecellobium dulce", "Spread": 1.5, "SpreadP": 12}}, {"type": "Feature", "id": 1449, "geometry": {"type": "Point", "coordinates": [46.65175000000005, 24.842400000000055]}, "properties": {"OBJECTID": 1449, "Species": "Phoenix dactylifera", "Spread": 4, "SpreadP": 10}}, {"type": "Feature", "id": 1450, "geometry": {"type": "Point", "coordinates": [46.65171000000004, 24.84242000000006]}, "properties": {"OBJECTID": 1450, "Species": "Acacia ampliceps", "Spread": 1, "SpreadP": 8}}, {"type": "Feature", "id": 1451, "geometry": {"type": "Point", "coordinates": [46.651740000000075, 24.842430000000036]}, "properties": {"OBJECTID": 1451, "Species": "Acacia ampliceps", "Spread": 1, "SpreadP": 8}}, {"type": "Feature", "id": 1452, "geometry": {"type": "Point", "coordinates": [46.650785486000075, 24.842421665000074]}, "properties": {"OBJECTID": 1452, "Species": null, "Spread": 3.3851375002352646, "SpreadP": 11.3}}, {"type": "Feature", "id": 1453, "geometry": {"type": "Point", "coordinates": [46.650925382000025, 24.842503012000066]}, "properties": {"OBJECTID": 1453, "Species": null, "Spread": 2.29206539860758, "SpreadP": 11.3}}, {"type": "Feature", "id": 1454, "geometry": {"type": "Point", "coordinates": [46.65198000000004, 24.842490000000055]}, "properties": {"OBJECTID": 1454, "Species": "Conocarpus lancifolius", "Spread": 4.5, "SpreadP": 12}}, {"type": "Feature", "id": 1455, "geometry": {"type": "Point", "coordinates": [46.652040000000056, 24.84251000000006]}, "properties": {"OBJECTID": 1455, "Species": "Conocarpus lancifolius", "Spread": 3, "SpreadP": 12}}, {"type": "Feature", "id": 1456, "geometry": {"type": "Point", "coordinates": [46.65208000000007, 24.842520000000036]}, "properties": {"OBJECTID": 1456, "Species": "Conocarpus lancifolius", "Spread": 4, "SpreadP": 12}}, {"type": "Feature", "id": 1457, "geometry": {"type": "Point", "coordinates": [46.65197000000006, 24.842530000000068]}, "properties": {"OBJECTID": 1457, "Species": "Phoenix dactylifera", "Spread": 4, "SpreadP": 10}}, {"type": "Feature", "id": 1458, "geometry": {"type": "Point", "coordinates": [46.65211000000005, 24.842540000000042]}, "properties": {"OBJECTID": 1458, "Species": "Conocarpus lancifolius", "Spread": 3.5, "SpreadP": 12}}, {"type": "Feature", "id": 1459, "geometry": {"type": "Point", "coordinates": [46.652190000000076, 24.84256000000005]}, "properties": {"OBJECTID": 1459, "Species": "Conocarpus lancifolius", "Spread": 3.5, "SpreadP": 12}}, {"type": "Feature", "id": 1460, "geometry": {"type": "Point", "coordinates": [46.65212828600005, 24.842566281000074]}, "properties": {"OBJECTID": 1460, "Species": null, "Spread": 4.3053427026803375, "SpreadP": 11.3}}, {"type": "Feature", "id": 1461, "geometry": {"type": "Point", "coordinates": [46.65222000000006, 24.84259000000003]}, "properties": {"OBJECTID": 1461, "Species": "Phoenix dactylifera", "Spread": 3, "SpreadP": 10}}, {"type": "Feature", "id": 1462, "geometry": {"type": "Point", "coordinates": [46.65215334100003, 24.84260995900007]}, "properties": {"OBJECTID": 1462, "Species": "Phoenix dactylifera", "Spread": 4.540096363483659, "SpreadP": 10}}, {"type": "Feature", "id": 1463, "geometry": {"type": "Point", "coordinates": [46.65179000000006, 24.842450000000042]}, "properties": {"OBJECTID": 1463, "Species": "Acacia ampliceps", "Spread": 1, "SpreadP": 8}}, {"type": "Feature", "id": 1464, "geometry": {"type": "Point", "coordinates": [46.651830000000075, 24.84247000000005]}, "properties": {"OBJECTID": 1464, "Species": "Acacia ampliceps", "Spread": 1, "SpreadP": 8}}, {"type": "Feature", "id": 1465, "geometry": {"type": "Point", "coordinates": [46.65188000000006, 24.842490000000055]}, "properties": {"OBJECTID": 1465, "Species": "Acacia ampliceps", "Spread": 1, "SpreadP": 8}}, {"type": "Feature", "id": 1466, "geometry": {"type": "Point", "coordinates": [46.65157421100008, 24.84279903500004]}, "properties": {"OBJECTID": 1466, "Species": null, "Spread": 2.58268371096917, "SpreadP": 11.3}}, {"type": "Feature", "id": 1467, "geometry": {"type": "Point", "coordinates": [46.652300000000025, 24.842620000000068]}, "properties": {"OBJECTID": 1467, "Species": "Phoenix dactylifera", "Spread": 4, "SpreadP": 10}}, {"type": "Feature", "id": 1468, "geometry": {"type": "Point", "coordinates": [46.65220000000005, 24.842630000000042]}, "properties": {"OBJECTID": 1468, "Species": "Conocarpus lancifolius", "Spread": 4, "SpreadP": 12}}, {"type": "Feature", "id": 1469, "geometry": {"type": "Point", "coordinates": [46.65235000000007, 24.84265000000005]}, "properties": {"OBJECTID": 1469, "Species": "Pithecellobium dulce", "Spread": 1, "SpreadP": 12}}, {"type": "Feature", "id": 1470, "geometry": {"type": "Point", "coordinates": [46.652390000000025, 24.842660000000024]}, "properties": {"OBJECTID": 1470, "Species": "Pithecellobium dulce", "Spread": 1, "SpreadP": 12}}, {"type": "Feature", "id": 1471, "geometry": {"type": "Point", "coordinates": [46.652280000000076, 24.842670000000055]}, "properties": {"OBJECTID": 1471, "Species": "Conocarpus lancifolius", "Spread": 3.5, "SpreadP": 12}}, {"type": "Feature", "id": 1472, "geometry": {"type": "Point", "coordinates": [46.65243000000004, 24.84268000000003]}, "properties": {"OBJECTID": 1472, "Species": "Conocarpus lancifolius", "Spread": 4.5, "SpreadP": 12}}, {"type": "Feature", "id": 1473, "geometry": {"type": "Point", "coordinates": [46.65232000000003, 24.84269000000006]}, "properties": {"OBJECTID": 1473, "Species": "Conocarpus lancifolius", "Spread": 4, "SpreadP": 12}}, {"type": "Feature", "id": 1474, "geometry": {"type": "Point", "coordinates": [46.65238000000005, 24.842700000000036]}, "properties": {"OBJECTID": 1474, "Species": "Conocarpus lancifolius", "Spread": 4, "SpreadP": 12}}, {"type": "Feature", "id": 1475, "geometry": {"type": "Point", "coordinates": [46.65252000000004, 24.842710000000068]}, "properties": {"OBJECTID": 1475, "Species": "Conocarpus lancifolius", "Spread": 4.5, "SpreadP": 12}}, {"type": "Feature", "id": 1476, "geometry": {"type": "Point", "coordinates": [46.652570000000026, 24.842720000000043]}, "properties": {"OBJECTID": 1476, "Species": "Pithecellobium dulce", "Spread": 1, "SpreadP": 12}}, {"type": "Feature", "id": 1477, "geometry": {"type": "Point", "coordinates": [46.652460000000076, 24.842730000000074]}, "properties": {"OBJECTID": 1477, "Species": "Phoenix dactylifera", "Spread": 4, "SpreadP": 10}}, {"type": "Feature", "id": 1478, "geometry": {"type": "Point", "coordinates": [46.65254544700008, 24.84273537400003]}, "properties": {"OBJECTID": 1478, "Species": null, "Spread": 5.921572177683293, "SpreadP": 11.3}}, {"type": "Feature", "id": 1479, "geometry": {"type": "Point", "coordinates": [46.65259824800006, 24.842796149000037]}, "properties": {"OBJECTID": 1479, "Species": "Phoenix dactylifera", "Spread": 4.944052263055646, "SpreadP": 10}}, {"type": "Feature", "id": 1480, "geometry": {"type": "Point", "coordinates": [46.653978531000064, 24.843380797000066]}, "properties": {"OBJECTID": 1480, "Species": "Phoenix dactylifera", "Spread": 4.2221590289610145, "SpreadP": 10}}, {"type": "Feature", "id": 1481, "geometry": {"type": "Point", "coordinates": [46.65408000000008, 24.843380000000025]}, "properties": {"OBJECTID": 1481, "Species": "Ficus nitida", "Spread": 2, "SpreadP": 20}}, {"type": "Feature", "id": 1482, "geometry": {"type": "Point", "coordinates": [46.65402327500004, 24.843398815000057]}, "properties": {"OBJECTID": 1482, "Species": "Phoenix dactylifera", "Spread": 3.9184174956175006, "SpreadP": 10}}, {"type": "Feature", "id": 1483, "geometry": {"type": "Point", "coordinates": [46.65406074300006, 24.843410942000048]}, "properties": {"OBJECTID": 1483, "Species": "Phoenix dactylifera", "Spread": 3.940935925218718, "SpreadP": 10}}, {"type": "Feature", "id": 1484, "geometry": {"type": "Point", "coordinates": [46.65422851400007, 24.843491269000026]}, "properties": {"OBJECTID": 1484, "Species": null, "Spread": 4.056479948035925, "SpreadP": 11.3}}, {"type": "Feature", "id": 1485, "geometry": {"type": "Point", "coordinates": [46.65437000000003, 24.843500000000063]}, "properties": {"OBJECTID": 1485, "Species": "Ficus nitida", "Spread": 2, "SpreadP": 20}}, {"type": "Feature", "id": 1486, "geometry": {"type": "Point", "coordinates": [46.654310000000066, 24.84352000000007]}, "properties": {"OBJECTID": 1486, "Species": "Ficus nitida", "Spread": 3, "SpreadP": 20}}, {"type": "Feature", "id": 1487, "geometry": {"type": "Point", "coordinates": [46.65440841000003, 24.843519370000024]}, "properties": {"OBJECTID": 1487, "Species": "Phoenix dactylifera", "Spread": 3.548389191997691, "SpreadP": 10}}, {"type": "Feature", "id": 1488, "geometry": {"type": "Point", "coordinates": [46.65439363100006, 24.84355597700005]}, "properties": {"OBJECTID": 1488, "Species": null, "Spread": 4.192699227434787, "SpreadP": 11.3}}, {"type": "Feature", "id": 1489, "geometry": {"type": "Point", "coordinates": [46.65466790100004, 24.843633999000076]}, "properties": {"OBJECTID": 1489, "Species": null, "Spread": 4.066081097828186, "SpreadP": 11.3}}, {"type": "Feature", "id": 1490, "geometry": {"type": "Point", "coordinates": [46.65473543000007, 24.843706016000056]}, "properties": {"OBJECTID": 1490, "Species": null, "Spread": 3.859994717197428, "SpreadP": 11.3}}, {"type": "Feature", "id": 1491, "geometry": {"type": "Point", "coordinates": [46.65481909600004, 24.843741239000053]}, "properties": {"OBJECTID": 1491, "Species": null, "Spread": 4.149533299386393, "SpreadP": 11.3}}, {"type": "Feature", "id": 1492, "geometry": {"type": "Point", "coordinates": [46.654960000000074, 24.843750000000057]}, "properties": {"OBJECTID": 1492, "Species": "Ficus nitida", "Spread": 2, "SpreadP": 20}}, {"type": "Feature", "id": 1493, "geometry": {"type": "Point", "coordinates": [46.65501000000006, 24.84376000000003]}, "properties": {"OBJECTID": 1493, "Species": "Ficus nitida", "Spread": 2, "SpreadP": 20}}, {"type": "Feature", "id": 1494, "geometry": {"type": "Point", "coordinates": [46.655050000000074, 24.843780000000038]}, "properties": {"OBJECTID": 1494, "Species": "Ficus nitida", "Spread": 2, "SpreadP": 20}}, {"type": "Feature", "id": 1495, "geometry": {"type": "Point", "coordinates": [46.65493307000003, 24.84379242500006]}, "properties": {"OBJECTID": 1495, "Species": null, "Spread": 3.6303747535293813, "SpreadP": 11.3}}, {"type": "Feature", "id": 1496, "geometry": {"type": "Point", "coordinates": [46.65497511700005, 24.84379844600005]}, "properties": {"OBJECTID": 1496, "Species": "Phoenix dactylifera", "Spread": 3.471485602867786, "SpreadP": 10}}, {"type": "Feature", "id": 1497, "geometry": {"type": "Point", "coordinates": [46.65510000000006, 24.843800000000044]}, "properties": {"OBJECTID": 1497, "Species": "Ficus nitida", "Spread": 2, "SpreadP": 20}}, {"type": "Feature", "id": 1498, "geometry": {"type": "Point", "coordinates": [46.65450000000004, 24.843560000000025]}, "properties": {"OBJECTID": 1498, "Species": "Ficus nitida", "Spread": 2, "SpreadP": 20}}, {"type": "Feature", "id": 1499, "geometry": {"type": "Point", "coordinates": [46.654474941000046, 24.84359089700007]}, "properties": {"OBJECTID": 1499, "Species": "Phoenix dactylifera", "Spread": 3.051634648871483, "SpreadP": 10}}, {"type": "Feature", "id": 1500, "geometry": {"type": "Point", "coordinates": [46.65459000000004, 24.843590000000063]}, "properties": {"OBJECTID": 1500, "Species": "Ficus nitida", "Spread": 2, "SpreadP": 20}}, {"type": "Feature", "id": 1501, "geometry": {"type": "Point", "coordinates": [46.654630000000054, 24.84361000000007]}, "properties": {"OBJECTID": 1501, "Species": "Ficus nitida", "Spread": 3, "SpreadP": 20}}, {"type": "Feature", "id": 1502, "geometry": {"type": "Point", "coordinates": [46.65457495000004, 24.843630400000052]}, "properties": {"OBJECTID": 1502, "Species": "Phoenix dactylifera", "Spread": 4.2221590289610145, "SpreadP": 10}}, {"type": "Feature", "id": 1503, "geometry": {"type": "Point", "coordinates": [46.65461859900006, 24.843644728000072]}, "properties": {"OBJECTID": 1503, "Species": "Phoenix dactylifera", "Spread": 3.639963008399138, "SpreadP": 10}}, {"type": "Feature", "id": 1504, "geometry": {"type": "Point", "coordinates": [46.660570000000064, 24.846150000000023]}, "properties": {"OBJECTID": 1504, "Species": "Ficus nitida", "Spread": 3, "SpreadP": 20}}, {"type": "Feature", "id": 1505, "geometry": {"type": "Point", "coordinates": [46.661206879000076, 24.84614308600004]}, "properties": {"OBJECTID": 1505, "Species": "Phoenix dactylifera", "Spread": 5.195694085816236, "SpreadP": 10}}, {"type": "Feature", "id": 1506, "geometry": {"type": "Point", "coordinates": [46.66253000000006, 24.846940000000075]}, "properties": {"OBJECTID": 1506, "Species": "Ficus nitida", "Spread": 2, "SpreadP": 20}}, {"type": "Feature", "id": 1507, "geometry": {"type": "Point", "coordinates": [46.66247000000004, 24.84695000000005]}, "properties": {"OBJECTID": 1507, "Species": "Ficus nitida", "Spread": 2, "SpreadP": 20}}, {"type": "Feature", "id": 1508, "geometry": {"type": "Point", "coordinates": [46.66265000000004, 24.846990000000062]}, "properties": {"OBJECTID": 1508, "Species": "Ficus nitida", "Spread": 2, "SpreadP": 20}}, {"type": "Feature", "id": 1509, "geometry": {"type": "Point", "coordinates": [46.66282000000007, 24.84710000000007]}, "properties": {"OBJECTID": 1509, "Species": "Ficus nitida", "Spread": 2, "SpreadP": 20}}, {"type": "Feature", "id": 1510, "geometry": {"type": "Point", "coordinates": [46.662916591000055, 24.847149153000032]}, "properties": {"OBJECTID": 1510, "Species": null, "Spread": 3.889226887789598, "SpreadP": 11.3}}, {"type": "Feature", "id": 1511, "geometry": {"type": "Point", "coordinates": [46.66300144100006, 24.847151891000067]}, "properties": {"OBJECTID": 1511, "Species": "Phoenix dactylifera", "Spread": 3.1528052787553205, "SpreadP": 10}}, {"type": "Feature", "id": 1512, "geometry": {"type": "Point", "coordinates": [46.662956947000055, 24.847173803000032]}, "properties": {"OBJECTID": 1512, "Species": null, "Spread": 4.305342704262518, "SpreadP": 11.3}}, {"type": "Feature", "id": 1513, "geometry": {"type": "Point", "coordinates": [46.66155590300008, 24.84653540200003]}, "properties": {"OBJECTID": 1513, "Species": "Phoenix dactylifera", "Spread": 3.8083423761629205, "SpreadP": 10}}, {"type": "Feature", "id": 1514, "geometry": {"type": "Point", "coordinates": [46.66149083500005, 24.846540806000064]}, "properties": {"OBJECTID": 1514, "Species": null, "Spread": 3.407069458184196, "SpreadP": 11.3}}, {"type": "Feature", "id": 1515, "geometry": {"type": "Point", "coordinates": [46.661574802000075, 24.846585529000038]}, "properties": {"OBJECTID": 1515, "Species": null, "Spread": 2.8065242075260914, "SpreadP": 11.3}}, {"type": "Feature", "id": 1516, "geometry": {"type": "Point", "coordinates": [46.66061009600003, 24.846176548000074]}, "properties": {"OBJECTID": 1516, "Species": null, "Spread": 3.7674179245962387, "SpreadP": 11.3}}, {"type": "Feature", "id": 1517, "geometry": {"type": "Point", "coordinates": [46.66065000000003, 24.84618000000006]}, "properties": {"OBJECTID": 1517, "Species": "Ficus nitida", "Spread": 3, "SpreadP": 20}}, {"type": "Feature", "id": 1518, "geometry": {"type": "Point", "coordinates": [46.66080000000005, 24.846210000000042]}, "properties": {"OBJECTID": 1518, "Species": "Ficus nitida", "Spread": 1, "SpreadP": 20}}, {"type": "Feature", "id": 1519, "geometry": {"type": "Point", "coordinates": [46.66136654200005, 24.84622243700005]}, "properties": {"OBJECTID": 1519, "Species": null, "Spread": 4.4006787499943965, "SpreadP": 11.3}}, {"type": "Feature", "id": 1520, "geometry": {"type": "Point", "coordinates": [46.660840000000064, 24.846230000000048]}, "properties": {"OBJECTID": 1520, "Species": "Ficus nitida", "Spread": 2, "SpreadP": 20}}, {"type": "Feature", "id": 1521, "geometry": {"type": "Point", "coordinates": [46.66089000000005, 24.846250000000055]}, "properties": {"OBJECTID": 1521, "Species": "Ficus nitida", "Spread": 1, "SpreadP": 20}}, {"type": "Feature", "id": 1522, "geometry": {"type": "Point", "coordinates": [46.660930000000064, 24.84627000000006]}, "properties": {"OBJECTID": 1522, "Species": "Ficus nitida", "Spread": 2, "SpreadP": 20}}, {"type": "Feature", "id": 1523, "geometry": {"type": "Point", "coordinates": [46.66088079300005, 24.84628634200004]}, "properties": {"OBJECTID": 1523, "Species": "Phoenix dactylifera", "Spread": 4.373106214342632, "SpreadP": 10}}, {"type": "Feature", "id": 1524, "geometry": {"type": "Point", "coordinates": [46.66098000000005, 24.846290000000067]}, "properties": {"OBJECTID": 1524, "Species": "Ficus nitida", "Spread": 2, "SpreadP": 20}}, {"type": "Feature", "id": 1525, "geometry": {"type": "Point", "coordinates": [46.66092403500005, 24.84630927300003]}, "properties": {"OBJECTID": 1525, "Species": "Phoenix dactylifera", "Spread": 4.861206223797199, "SpreadP": 10}}, {"type": "Feature", "id": 1526, "geometry": {"type": "Point", "coordinates": [46.66104000000007, 24.846310000000074]}, "properties": {"OBJECTID": 1526, "Species": "Ficus nitida", "Spread": 2, "SpreadP": 20}}, {"type": "Feature", "id": 1527, "geometry": {"type": "Point", "coordinates": [46.66096924200008, 24.846322626000074]}, "properties": {"OBJECTID": 1527, "Species": "Phoenix dactylifera", "Spread": 3.975195088257695, "SpreadP": 10}}, {"type": "Feature", "id": 1528, "geometry": {"type": "Point", "coordinates": [46.661134153000035, 24.846359970000037]}, "properties": {"OBJECTID": 1528, "Species": "Phoenix dactylifera", "Spread": 2.7980618221505607, "SpreadP": 10}}, {"type": "Feature", "id": 1529, "geometry": {"type": "Point", "coordinates": [46.66109000000006, 24.846370000000036]}, "properties": {"OBJECTID": 1529, "Species": "Ficus nitida", "Spread": 2, "SpreadP": 20}}, {"type": "Feature", "id": 1530, "geometry": {"type": "Point", "coordinates": [46.66117153300007, 24.84637532000005]}, "properties": {"OBJECTID": 1530, "Species": "Phoenix dactylifera", "Spread": 4.307394414942842, "SpreadP": 10}}, {"type": "Feature", "id": 1531, "geometry": {"type": "Point", "coordinates": [46.66115184300003, 24.846403446000068]}, "properties": {"OBJECTID": 1531, "Species": null, "Spread": 4.820768069254749, "SpreadP": 11.3}}, {"type": "Feature", "id": 1532, "geometry": {"type": "Point", "coordinates": [46.66062249000004, 24.84641083500003]}, "properties": {"OBJECTID": 1532, "Species": null, "Spread": 4.062165001653549, "SpreadP": 11.3}}, {"type": "Feature", "id": 1533, "geometry": {"type": "Point", "coordinates": [46.66119000000003, 24.84641000000005]}, "properties": {"OBJECTID": 1533, "Species": "Ficus nitida", "Spread": 2, "SpreadP": 20}}, {"type": "Feature", "id": 1534, "geometry": {"type": "Point", "coordinates": [46.66070739700007, 24.846446048000075]}, "properties": {"OBJECTID": 1534, "Species": null, "Spread": 2.2528842794675668, "SpreadP": 11.3}}, {"type": "Feature", "id": 1535, "geometry": {"type": "Point", "coordinates": [46.661320000000046, 24.846470000000068]}, "properties": {"OBJECTID": 1535, "Species": "Ficus nitida", "Spread": 2, "SpreadP": 20}}, {"type": "Feature", "id": 1536, "geometry": {"type": "Point", "coordinates": [46.663380000000075, 24.84734000000003]}, "properties": {"OBJECTID": 1536, "Species": "Ficus nitida", "Spread": 2, "SpreadP": 20}}, {"type": "Feature", "id": 1537, "geometry": {"type": "Point", "coordinates": [46.664086772000076, 24.847378998000067]}, "properties": {"OBJECTID": 1537, "Species": null, "Spread": 2.9288993569308692, "SpreadP": 11.3}}, {"type": "Feature", "id": 1538, "geometry": {"type": "Point", "coordinates": [46.663500000000056, 24.847390000000075]}, "properties": {"OBJECTID": 1538, "Species": "Ficus nitida", "Spread": 2, "SpreadP": 20}}, {"type": "Feature", "id": 1539, "geometry": {"type": "Point", "coordinates": [46.66666119900003, 24.84869062200005]}, "properties": {"OBJECTID": 1539, "Species": null, "Spread": 4.905530288008806, "SpreadP": 11.3}}, {"type": "Feature", "id": 1540, "geometry": {"type": "Point", "coordinates": [46.66667000000007, 24.84872000000007]}, "properties": {"OBJECTID": 1540, "Species": "Ficus nitida", "Spread": 2, "SpreadP": 20}}, {"type": "Feature", "id": 1541, "geometry": {"type": "Point", "coordinates": [46.66671000000008, 24.848740000000078]}, "properties": {"OBJECTID": 1541, "Species": "Ficus nitida", "Spread": 2, "SpreadP": 20}}, {"type": "Feature", "id": 1542, "geometry": {"type": "Point", "coordinates": [46.666733488000034, 24.84875724500006]}, "properties": {"OBJECTID": 1542, "Species": "Phoenix dactylifera", "Spread": 4.807080662668192, "SpreadP": 10}}, {"type": "Feature", "id": 1543, "geometry": {"type": "Point", "coordinates": [46.66679000000005, 24.848780000000033]}, "properties": {"OBJECTID": 1543, "Species": "Ficus nitida", "Spread": 2, "SpreadP": 20}}, {"type": "Feature", "id": 1544, "geometry": {"type": "Point", "coordinates": [46.66441000000003, 24.847500000000025]}, "properties": {"OBJECTID": 1544, "Species": "Phoenix dactylifera", "Spread": 2.5, "SpreadP": 10}}, {"type": "Feature", "id": 1545, "geometry": {"type": "Point", "coordinates": [46.66362000000004, 24.84740000000005]}, "properties": {"OBJECTID": 1545, "Species": "Ficus nitida", "Spread": 1, "SpreadP": 20}}, {"type": "Feature", "id": 1546, "geometry": {"type": "Point", "coordinates": [46.663560000000075, 24.847410000000025]}, "properties": {"OBJECTID": 1546, "Species": "Ficus nitida", "Spread": 2, "SpreadP": 20}}, {"type": "Feature", "id": 1547, "geometry": {"type": "Point", "coordinates": [46.66366000000005, 24.847410000000025]}, "properties": {"OBJECTID": 1547, "Species": "Ficus nitida", "Spread": 2, "SpreadP": 20}}, {"type": "Feature", "id": 1548, "geometry": {"type": "Point", "coordinates": [46.66420000000005, 24.847410000000025]}, "properties": {"OBJECTID": 1548, "Species": "Phoenix dactylifera", "Spread": 2.5, "SpreadP": 10}}, {"type": "Feature", "id": 1549, "geometry": {"type": "Point", "coordinates": [46.664296947000025, 24.847459050000055]}, "properties": {"OBJECTID": 1549, "Species": "Phoenix dactylifera", "Spread": 3.852386290785629, "SpreadP": 10}}, {"type": "Feature", "id": 1550, "geometry": {"type": "Point", "coordinates": [46.66435000000007, 24.847470000000044]}, "properties": {"OBJECTID": 1550, "Species": "Phoenix dactylifera", "Spread": 2.5, "SpreadP": 10}}, {"type": "Feature", "id": 1551, "geometry": {"type": "Point", "coordinates": [46.663820000000044, 24.84749000000005]}, "properties": {"OBJECTID": 1551, "Species": "Ficus nitida", "Spread": 2, "SpreadP": 20}}, {"type": "Feature", "id": 1552, "geometry": {"type": "Point", "coordinates": [46.66381237400003, 24.847533204000058]}, "properties": {"OBJECTID": 1552, "Species": "Phoenix dactylifera", "Spread": 4.420165247359093, "SpreadP": 10}}, {"type": "Feature", "id": 1553, "geometry": {"type": "Point", "coordinates": [46.663940000000025, 24.847570000000076]}, "properties": {"OBJECTID": 1553, "Species": "Ficus nitida", "Spread": 2, "SpreadP": 20}}, {"type": "Feature", "id": 1554, "geometry": {"type": "Point", "coordinates": [46.66402000000005, 24.847600000000057]}, "properties": {"OBJECTID": 1554, "Species": "Ficus nitida", "Spread": 1, "SpreadP": 20}}, {"type": "Feature", "id": 1555, "geometry": {"type": "Point", "coordinates": [46.66444447100008, 24.847527282000044]}, "properties": {"OBJECTID": 1555, "Species": "Phoenix dactylifera", "Spread": 4.4382754529882105, "SpreadP": 10}}, {"type": "Feature", "id": 1556, "geometry": {"type": "Point", "coordinates": [46.66453906400005, 24.847560092000037]}, "properties": {"OBJECTID": 1556, "Species": null, "Spread": 4.97991196927783, "SpreadP": 11.3}}, {"type": "Feature", "id": 1557, "geometry": {"type": "Point", "coordinates": [46.66465000000005, 24.847600000000057]}, "properties": {"OBJECTID": 1557, "Species": "Phoenix dactylifera", "Spread": 3, "SpreadP": 10}}, {"type": "Feature", "id": 1558, "geometry": {"type": "Point", "coordinates": [46.664720000000045, 24.847630000000038]}, "properties": {"OBJECTID": 1558, "Species": "Phoenix dactylifera", "Spread": 2, "SpreadP": 10}}, {"type": "Feature", "id": 1559, "geometry": {"type": "Point", "coordinates": [46.664859344000035, 24.847694975000024]}, "properties": {"OBJECTID": 1559, "Species": "Phoenix dactylifera", "Spread": 4.400678753148072, "SpreadP": 10}}, {"type": "Feature", "id": 1560, "geometry": {"type": "Point", "coordinates": [46.66492000000005, 24.847710000000063]}, "properties": {"OBJECTID": 1560, "Species": "Phoenix dactylifera", "Spread": 2.5, "SpreadP": 10}}, {"type": "Feature", "id": 1561, "geometry": {"type": "Point", "coordinates": [46.65976000000006, 24.84582000000006]}, "properties": {"OBJECTID": 1561, "Species": "Ficus nitida", "Spread": 1, "SpreadP": 20}}, {"type": "Feature", "id": 1562, "geometry": {"type": "Point", "coordinates": [46.659880000000044, 24.84582000000006]}, "properties": {"OBJECTID": 1562, "Species": "Ficus nitida", "Spread": 2, "SpreadP": 20}}, {"type": "Feature", "id": 1563, "geometry": {"type": "Point", "coordinates": [46.659800000000075, 24.845830000000035]}, "properties": {"OBJECTID": 1563, "Species": "Ficus nitida", "Spread": 2, "SpreadP": 20}}, {"type": "Feature", "id": 1564, "geometry": {"type": "Point", "coordinates": [46.65992125300005, 24.845848095000065]}, "properties": {"OBJECTID": 1564, "Species": null, "Spread": 3.3160239792754362, "SpreadP": 11.3}}, {"type": "Feature", "id": 1565, "geometry": {"type": "Point", "coordinates": [46.65984708800005, 24.845849628000053]}, "properties": {"OBJECTID": 1565, "Species": null, "Spread": 4.046856019696776, "SpreadP": 11.3}}, {"type": "Feature", "id": 1566, "geometry": {"type": "Point", "coordinates": [46.65776412100007, 24.844982620000053]}, "properties": {"OBJECTID": 1566, "Species": null, "Spread": 3.550362163021226, "SpreadP": 11.3}}, {"type": "Feature", "id": 1567, "geometry": {"type": "Point", "coordinates": [46.65784000000008, 24.844990000000053]}, "properties": {"OBJECTID": 1567, "Species": "Ficus nitida", "Spread": 2, "SpreadP": 20}}, {"type": "Feature", "id": 1568, "geometry": {"type": "Point", "coordinates": [46.65790349200006, 24.84499988300007]}, "properties": {"OBJECTID": 1568, "Species": "Phoenix dactylifera", "Spread": 3.098012215633382, "SpreadP": 10}}, {"type": "Feature", "id": 1569, "geometry": {"type": "Point", "coordinates": [46.657952945000034, 24.845017490000032]}, "properties": {"OBJECTID": 1569, "Species": "Phoenix dactylifera", "Spread": 4.506458780298101, "SpreadP": 10}}, {"type": "Feature", "id": 1570, "geometry": {"type": "Point", "coordinates": [46.657887826000035, 24.845028542000023]}, "properties": {"OBJECTID": 1570, "Species": null, "Spread": 3.358179811720577, "SpreadP": 11.3}}, {"type": "Feature", "id": 1571, "geometry": {"type": "Point", "coordinates": [46.65799000000004, 24.845030000000065]}, "properties": {"OBJECTID": 1571, "Species": "Ficus nitida", "Spread": 3, "SpreadP": 20}}, {"type": "Feature", "id": 1572, "geometry": {"type": "Point", "coordinates": [46.65793000000008, 24.84504000000004]}, "properties": {"OBJECTID": 1572, "Species": "Ficus nitida", "Spread": 2, "SpreadP": 20}}, {"type": "Feature", "id": 1573, "geometry": {"type": "Point", "coordinates": [46.65804000000003, 24.84505000000007]}, "properties": {"OBJECTID": 1573, "Species": "Ficus nitida", "Spread": 2, "SpreadP": 20}}, {"type": "Feature", "id": 1574, "geometry": {"type": "Point", "coordinates": [46.65796806700007, 24.845062652000024]}, "properties": {"OBJECTID": 1574, "Species": null, "Spread": 3.122217203899439, "SpreadP": 11.3}}, {"type": "Feature", "id": 1575, "geometry": {"type": "Point", "coordinates": [46.65809000000007, 24.845070000000078]}, "properties": {"OBJECTID": 1575, "Species": "Ficus nitida", "Spread": 3, "SpreadP": 20}}, {"type": "Feature", "id": 1576, "geometry": {"type": "Point", "coordinates": [46.65819000000005, 24.84510000000006]}, "properties": {"OBJECTID": 1576, "Species": "Ficus nitida", "Spread": 2, "SpreadP": 20}}, {"type": "Feature", "id": 1577, "geometry": {"type": "Point", "coordinates": [46.658239722000076, 24.845133476000058]}, "properties": {"OBJECTID": 1577, "Species": null, "Spread": 2.8341753614099208, "SpreadP": 11.3}}, {"type": "Feature", "id": 1578, "geometry": {"type": "Point", "coordinates": [46.65829834200008, 24.84516117000004]}, "properties": {"OBJECTID": 1578, "Species": "Phoenix dactylifera", "Spread": 3.6457300513738486, "SpreadP": 10}}, {"type": "Feature", "id": 1579, "geometry": {"type": "Point", "coordinates": [46.658229851000044, 24.84516873900003]}, "properties": {"OBJECTID": 1579, "Species": "Phoenix dactylifera", "Spread": 3.058719368414496, "SpreadP": 10}}, {"type": "Feature", "id": 1580, "geometry": {"type": "Point", "coordinates": [46.658306106000055, 24.845193692000066]}, "properties": {"OBJECTID": 1580, "Species": "Phoenix dactylifera", "Spread": 4.225625560241456, "SpreadP": 10}}, {"type": "Feature", "id": 1581, "geometry": {"type": "Point", "coordinates": [46.65834235900007, 24.84519788500006]}, "properties": {"OBJECTID": 1581, "Species": null, "Spread": 4.43310865870246, "SpreadP": 11.3}}, {"type": "Feature", "id": 1582, "geometry": {"type": "Point", "coordinates": [46.65836111300007, 24.845230607000076]}, "properties": {"OBJECTID": 1582, "Species": null, "Spread": 3.8892268873476405, "SpreadP": 11.3}}, {"type": "Feature", "id": 1583, "geometry": {"type": "Point", "coordinates": [46.65896898900007, 24.845440033000045]}, "properties": {"OBJECTID": 1583, "Species": null, "Spread": 3.7570536201563662, "SpreadP": 11.3}}, {"type": "Feature", "id": 1584, "geometry": {"type": "Point", "coordinates": [46.65898000000004, 24.84549000000004]}, "properties": {"OBJECTID": 1584, "Species": "Ficus nitida", "Spread": 2, "SpreadP": 20}}, {"type": "Feature", "id": 1585, "geometry": {"type": "Point", "coordinates": [46.65909581500006, 24.845500447000063]}, "properties": {"OBJECTID": 1585, "Species": "Phoenix dactylifera", "Spread": 4.2221590289610145, "SpreadP": 10}}, {"type": "Feature", "id": 1586, "geometry": {"type": "Point", "coordinates": [46.658544936000055, 24.845260987000074]}, "properties": {"OBJECTID": 1586, "Species": "Phoenix dactylifera", "Spread": 3.5123237249631463, "SpreadP": 10}}, {"type": "Feature", "id": 1587, "geometry": {"type": "Point", "coordinates": [46.65850000000006, 24.84528000000006]}, "properties": {"OBJECTID": 1587, "Species": "Ficus nitida", "Spread": 2, "SpreadP": 20}}, {"type": "Feature", "id": 1588, "geometry": {"type": "Point", "coordinates": [46.65858082800003, 24.845282567000027]}, "properties": {"OBJECTID": 1588, "Species": "Phoenix dactylifera", "Spread": 3.688436597732868, "SpreadP": 10}}, {"type": "Feature", "id": 1589, "geometry": {"type": "Point", "coordinates": [46.65877000000006, 24.845360000000028]}, "properties": {"OBJECTID": 1589, "Species": "Ficus nitida", "Spread": 2, "SpreadP": 20}}, {"type": "Feature", "id": 1590, "geometry": {"type": "Point", "coordinates": [46.65870447900005, 24.84536719400006]}, "properties": {"OBJECTID": 1590, "Species": "Phoenix dactylifera", "Spread": 4.3289189897031015, "SpreadP": 10}}, {"type": "Feature", "id": 1591, "geometry": {"type": "Point", "coordinates": [46.658870000000036, 24.845390000000066]}, "properties": {"OBJECTID": 1591, "Species": "Ficus nitida", "Spread": 2, "SpreadP": 20}}, {"type": "Feature", "id": 1592, "geometry": {"type": "Point", "coordinates": [46.65891000000005, 24.845420000000047]}, "properties": {"OBJECTID": 1592, "Species": "Ficus nitida", "Spread": 2, "SpreadP": 20}}, {"type": "Feature", "id": 1593, "geometry": {"type": "Point", "coordinates": [46.65891043700003, 24.845459506000054]}, "properties": {"OBJECTID": 1593, "Species": "Phoenix dactylifera", "Spread": 3.9535159859508417, "SpreadP": 10}}, {"type": "Feature", "id": 1594, "geometry": {"type": "Point", "coordinates": [46.65593243200004, 24.84416623800007]}, "properties": {"OBJECTID": 1594, "Species": "Phoenix dactylifera", "Spread": 3.044742538412192, "SpreadP": 10}}, {"type": "Feature", "id": 1595, "geometry": {"type": "Point", "coordinates": [46.65582677200007, 24.844168487000047]}, "properties": {"OBJECTID": 1595, "Species": null, "Spread": 4.4006787510359775, "SpreadP": 11.3}}, {"type": "Feature", "id": 1596, "geometry": {"type": "Point", "coordinates": [46.65587000000005, 24.84418000000005]}, "properties": {"OBJECTID": 1596, "Species": "Ficus nitida", "Spread": 3, "SpreadP": 20}}, {"type": "Feature", "id": 1597, "geometry": {"type": "Point", "coordinates": [46.65596928200006, 24.84418111800005]}, "properties": {"OBJECTID": 1597, "Species": "Phoenix dactylifera", "Spread": 3.632084101862321, "SpreadP": 10}}, {"type": "Feature", "id": 1598, "geometry": {"type": "Point", "coordinates": [46.65600000000006, 24.844190000000026]}, "properties": {"OBJECTID": 1598, "Species": "Ficus nitida", "Spread": 1, "SpreadP": 20}}, {"type": "Feature", "id": 1599, "geometry": {"type": "Point", "coordinates": [46.65590467900006, 24.844197870000073]}, "properties": {"OBJECTID": 1599, "Species": null, "Spread": 3.61961806241266, "SpreadP": 11.3}}, {"type": "Feature", "id": 1600, "geometry": {"type": "Point", "coordinates": [46.656040000000075, 24.844200000000058]}, "properties": {"OBJECTID": 1600, "Species": "Ficus nitida", "Spread": 3, "SpreadP": 20}}, {"type": "Feature", "id": 1601, "geometry": {"type": "Point", "coordinates": [46.656026772000075, 24.844242114000053]}, "properties": {"OBJECTID": 1601, "Species": "Phoenix dactylifera", "Spread": 2.871276032038748, "SpreadP": 10}}, {"type": "Feature", "id": 1602, "geometry": {"type": "Point", "coordinates": [46.656150000000025, 24.844250000000045]}, "properties": {"OBJECTID": 1602, "Species": "Ficus nitida", "Spread": 1, "SpreadP": 20}}, {"type": "Feature", "id": 1603, "geometry": {"type": "Point", "coordinates": [46.65619000000004, 24.844260000000077]}, "properties": {"OBJECTID": 1603, "Species": "Ficus nitida", "Spread": 2, "SpreadP": 20}}, {"type": "Feature", "id": 1604, "geometry": {"type": "Point", "coordinates": [46.656600000000026, 24.844440000000077]}, "properties": {"OBJECTID": 1604, "Species": "Ficus nitida", "Spread": 2, "SpreadP": 20}}, {"type": "Feature", "id": 1605, "geometry": {"type": "Point", "coordinates": [46.65665000000007, 24.844460000000026]}, "properties": {"OBJECTID": 1605, "Species": "Ficus nitida", "Spread": 2, "SpreadP": 20}}, {"type": "Feature", "id": 1606, "geometry": {"type": "Point", "coordinates": [46.65658756500005, 24.84447956200006]}, "properties": {"OBJECTID": 1606, "Species": "Phoenix dactylifera", "Spread": 4.557171295241735, "SpreadP": 10}}, {"type": "Feature", "id": 1607, "geometry": {"type": "Point", "coordinates": [46.65663229000006, 24.844496028000037]}, "properties": {"OBJECTID": 1607, "Species": "Phoenix dactylifera", "Spread": 4.5669395641180435, "SpreadP": 10}}, {"type": "Feature", "id": 1608, "geometry": {"type": "Point", "coordinates": [46.65667818000003, 24.844521319000023]}, "properties": {"OBJECTID": 1608, "Species": "Phoenix dactylifera", "Spread": 4.729106956209929, "SpreadP": 10}}, {"type": "Feature", "id": 1609, "geometry": {"type": "Point", "coordinates": [46.656787327000075, 24.84456597700006]}, "properties": {"OBJECTID": 1609, "Species": null, "Spread": 4.2043186972697635, "SpreadP": 11.3}}, {"type": "Feature", "id": 1610, "geometry": {"type": "Point", "coordinates": [46.65689882200007, 24.84457625300007]}, "properties": {"OBJECTID": 1610, "Species": "Phoenix dactylifera", "Spread": 3.703937917206683, "SpreadP": 10}}, {"type": "Feature", "id": 1611, "geometry": {"type": "Point", "coordinates": [46.65681948800005, 24.844580089000033]}, "properties": {"OBJECTID": 1611, "Species": null, "Spread": 3.909634348096874, "SpreadP": 11.3}}, {"type": "Feature", "id": 1612, "geometry": {"type": "Point", "coordinates": [46.65693777900003, 24.84459206500003]}, "properties": {"OBJECTID": 1612, "Species": "Phoenix dactylifera", "Spread": 3.632084101862321, "SpreadP": 10}}, {"type": "Feature", "id": 1613, "geometry": {"type": "Point", "coordinates": [46.65696658200005, 24.84460332200007]}, "properties": {"OBJECTID": 1613, "Species": null, "Spread": 3.182557541940344, "SpreadP": 11.3}}, {"type": "Feature", "id": 1614, "geometry": {"type": "Point", "coordinates": [46.65692222300004, 24.844622229000038]}, "properties": {"OBJECTID": 1614, "Species": null, "Spread": 4.400678748417559, "SpreadP": 11.3}}, {"type": "Feature", "id": 1615, "geometry": {"type": "Point", "coordinates": [46.657021651000036, 24.84462112700004]}, "properties": {"OBJECTID": 1615, "Species": null, "Spread": 2.872384418593325, "SpreadP": 11.3}}, {"type": "Feature", "id": 1616, "geometry": {"type": "Point", "coordinates": [46.656950280000046, 24.844635163000078]}, "properties": {"OBJECTID": 1616, "Species": null, "Spread": 3.8085931152588395, "SpreadP": 11.3}}, {"type": "Feature", "id": 1617, "geometry": {"type": "Point", "coordinates": [46.65706649500004, 24.844645007000054]}, "properties": {"OBJECTID": 1617, "Species": null, "Spread": 2.872384417602618, "SpreadP": 11.3}}, {"type": "Feature", "id": 1618, "geometry": {"type": "Point", "coordinates": [46.65699613000004, 24.84464875200007]}, "properties": {"OBJECTID": 1618, "Species": "Phoenix dactylifera", "Spread": 3.6397881068778397, "SpreadP": 10}}, {"type": "Feature", "id": 1619, "geometry": {"type": "Point", "coordinates": [46.65710000000007, 24.84465000000006]}, "properties": {"OBJECTID": 1619, "Species": "Ficus nitida", "Spread": 2, "SpreadP": 20}}, {"type": "Feature", "id": 1620, "geometry": {"type": "Point", "coordinates": [46.65704000000005, 24.844660000000033]}, "properties": {"OBJECTID": 1620, "Species": "Ficus nitida", "Spread": 2, "SpreadP": 20}}, {"type": "Feature", "id": 1621, "geometry": {"type": "Point", "coordinates": [46.65715000000006, 24.844670000000065]}, "properties": {"OBJECTID": 1621, "Species": "Ficus nitida", "Spread": 2, "SpreadP": 20}}, {"type": "Feature", "id": 1622, "geometry": {"type": "Point", "coordinates": [46.65708984500003, 24.844687368000052]}, "properties": {"OBJECTID": 1622, "Species": "Phoenix dactylifera", "Spread": 3.7384957513093258, "SpreadP": 10}}, {"type": "Feature", "id": 1623, "geometry": {"type": "Point", "coordinates": [46.65722000000005, 24.844700000000046]}, "properties": {"OBJECTID": 1623, "Species": "Ficus nitida", "Spread": 2, "SpreadP": 20}}, {"type": "Feature", "id": 1624, "geometry": {"type": "Point", "coordinates": [46.65714144900005, 24.84470925000005]}, "properties": {"OBJECTID": 1624, "Species": "Phoenix dactylifera", "Spread": 3.9172800503854943, "SpreadP": 10}}, {"type": "Feature", "id": 1625, "geometry": {"type": "Point", "coordinates": [46.657162234000054, 24.844729561000065]}, "properties": {"OBJECTID": 1625, "Species": null, "Spread": 3.180668379126889, "SpreadP": 11.3}}, {"type": "Feature", "id": 1626, "geometry": {"type": "Point", "coordinates": [46.657290000000046, 24.844730000000027]}, "properties": {"OBJECTID": 1626, "Species": "Ficus nitida", "Spread": 3, "SpreadP": 20}}, {"type": "Feature", "id": 1627, "geometry": {"type": "Point", "coordinates": [46.65724000000006, 24.84474000000006]}, "properties": {"OBJECTID": 1627, "Species": "Ficus nitida", "Spread": 1, "SpreadP": 20}}, {"type": "Feature", "id": 1628, "geometry": {"type": "Point", "coordinates": [46.65734208900005, 24.844756235000034]}, "properties": {"OBJECTID": 1628, "Species": "Phoenix dactylifera", "Spread": 3.632084101862321, "SpreadP": 10}}, {"type": "Feature", "id": 1629, "geometry": {"type": "Point", "coordinates": [46.65738630700008, 24.844773901000053]}, "properties": {"OBJECTID": 1629, "Species": "Phoenix dactylifera", "Spread": 3.6457300513738486, "SpreadP": 10}}, {"type": "Feature", "id": 1630, "geometry": {"type": "Point", "coordinates": [46.65732000000003, 24.84478000000007]}, "properties": {"OBJECTID": 1630, "Species": "Ficus nitida", "Spread": 2, "SpreadP": 20}}, {"type": "Feature", "id": 1631, "geometry": {"type": "Point", "coordinates": [46.65742795700004, 24.844795417000057]}, "properties": {"OBJECTID": 1631, "Species": "Phoenix dactylifera", "Spread": 3.471485602867786, "SpreadP": 10}}, {"type": "Feature", "id": 1632, "geometry": {"type": "Point", "coordinates": [46.657470000000046, 24.844810000000052]}, "properties": {"OBJECTID": 1632, "Species": "Ficus nitida", "Spread": 2, "SpreadP": 20}}, {"type": "Feature", "id": 1633, "geometry": {"type": "Point", "coordinates": [46.657520000000034, 24.84483000000006]}, "properties": {"OBJECTID": 1633, "Species": "Ficus nitida", "Spread": 3, "SpreadP": 20}}, {"type": "Feature", "id": 1634, "geometry": {"type": "Point", "coordinates": [46.657610000000034, 24.84486000000004]}, "properties": {"OBJECTID": 1634, "Species": "Ficus nitida", "Spread": 3, "SpreadP": 20}}, {"type": "Feature", "id": 1635, "geometry": {"type": "Point", "coordinates": [46.65750165000003, 24.844863876000034]}, "properties": {"OBJECTID": 1635, "Species": "Phoenix dactylifera", "Spread": 5.583481911212792, "SpreadP": 10}}, {"type": "Feature", "id": 1636, "geometry": {"type": "Point", "coordinates": [46.65755449100004, 24.84486533200004]}, "properties": {"OBJECTID": 1636, "Species": null, "Spread": 8.059917686492435, "SpreadP": 11.3}}, {"type": "Feature", "id": 1637, "geometry": {"type": "Point", "coordinates": [46.65755236200005, 24.84489355200003]}, "properties": {"OBJECTID": 1637, "Species": null, "Spread": 3.4245003643067196, "SpreadP": 11.3}}, {"type": "Feature", "id": 1638, "geometry": {"type": "Point", "coordinates": [46.65764373900004, 24.84491772100006]}, "properties": {"OBJECTID": 1638, "Species": "Phoenix dactylifera", "Spread": 6.366298861034542, "SpreadP": 10}}, {"type": "Feature", "id": 1639, "geometry": {"type": "Point", "coordinates": [46.65769593700003, 24.844944853000072]}, "properties": {"OBJECTID": 1639, "Species": "Phoenix dactylifera", "Spread": 3.550541470314471, "SpreadP": 10}}, {"type": "Feature", "id": 1640, "geometry": {"type": "Point", "coordinates": [46.657800000000066, 24.844980000000078]}, "properties": {"OBJECTID": 1640, "Species": "Ficus nitida", "Spread": 2, "SpreadP": 20}}, {"type": "Feature", "id": 1641, "geometry": {"type": "Point", "coordinates": [46.65515000000005, 24.84382000000005]}, "properties": {"OBJECTID": 1641, "Species": "Ficus nitida", "Spread": 2, "SpreadP": 20}}, {"type": "Feature", "id": 1642, "geometry": {"type": "Point", "coordinates": [46.655029900000045, 24.843823161000046]}, "properties": {"OBJECTID": 1642, "Species": "Phoenix dactylifera", "Spread": 4.476267498206207, "SpreadP": 10}}, {"type": "Feature", "id": 1643, "geometry": {"type": "Point", "coordinates": [46.65507886700004, 24.843843641000035]}, "properties": {"OBJECTID": 1643, "Species": "Phoenix dactylifera", "Spread": 4.772390279118273, "SpreadP": 10}}, {"type": "Feature", "id": 1644, "geometry": {"type": "Point", "coordinates": [46.65531511700004, 24.843949941000062]}, "properties": {"OBJECTID": 1644, "Species": null, "Spread": 5.288177170062052, "SpreadP": 11.3}}, {"type": "Feature", "id": 1645, "geometry": {"type": "Point", "coordinates": [46.65534729800004, 24.843960104000075]}, "properties": {"OBJECTID": 1645, "Species": null, "Spread": 3.5544184816846127, "SpreadP": 11.3}}, {"type": "Feature", "id": 1646, "geometry": {"type": "Point", "coordinates": [46.655500000000075, 24.843980000000045]}, "properties": {"OBJECTID": 1646, "Species": "Ficus nitida", "Spread": 2, "SpreadP": 20}}, {"type": "Feature", "id": 1647, "geometry": {"type": "Point", "coordinates": [46.65558000000004, 24.844010000000026]}, "properties": {"OBJECTID": 1647, "Species": "Ficus nitida", "Spread": 2, "SpreadP": 20}}, {"type": "Feature", "id": 1648, "geometry": {"type": "Point", "coordinates": [46.655525831000034, 24.844026454000073]}, "properties": {"OBJECTID": 1648, "Species": "Phoenix dactylifera", "Spread": 3.058719368414496, "SpreadP": 10}}, {"type": "Feature", "id": 1649, "geometry": {"type": "Point", "coordinates": [46.65740000000005, 24.844810000000052]}, "properties": {"OBJECTID": 1649, "Species": "Ficus nitida", "Spread": 3, "SpreadP": 20}}, {"type": "Feature", "id": 1650, "geometry": {"type": "Point", "coordinates": [46.65622656600004, 24.844293122000067]}, "properties": {"OBJECTID": 1650, "Species": null, "Spread": 3.327762152394011, "SpreadP": 11.3}}, {"type": "Feature", "id": 1651, "geometry": {"type": "Point", "coordinates": [46.65617750400003, 24.844306137000046]}, "properties": {"OBJECTID": 1651, "Species": "Phoenix dactylifera", "Spread": 4.182467944302311, "SpreadP": 10}}, {"type": "Feature", "id": 1652, "geometry": {"type": "Point", "coordinates": [46.65626509700007, 24.84434697100005]}, "properties": {"OBJECTID": 1652, "Species": "Phoenix dactylifera", "Spread": 3.8926628189316848, "SpreadP": 10}}, {"type": "Feature", "id": 1653, "geometry": {"type": "Point", "coordinates": [46.656330000000025, 24.84436000000005]}, "properties": {"OBJECTID": 1653, "Species": "Ficus nitida", "Spread": 3, "SpreadP": 20}}, {"type": "Feature", "id": 1654, "geometry": {"type": "Point", "coordinates": [46.65645000000006, 24.84441000000004]}, "properties": {"OBJECTID": 1654, "Species": "Ficus nitida", "Spread": 3, "SpreadP": 20}}, {"type": "Feature", "id": 1655, "geometry": {"type": "Point", "coordinates": [46.65653451500003, 24.844462734000047]}, "properties": {"OBJECTID": 1655, "Species": null, "Spread": 3.5980082099137682, "SpreadP": 11.3}}, {"type": "Feature", "id": 1656, "geometry": {"type": "Point", "coordinates": [46.659034148000046, 24.845508804000076]}, "properties": {"OBJECTID": 1656, "Species": null, "Spread": 3.9983889280664715, "SpreadP": 11.3}}, {"type": "Feature", "id": 1657, "geometry": {"type": "Point", "coordinates": [46.65907591300004, 24.84553174800004]}, "properties": {"OBJECTID": 1657, "Species": null, "Spread": 3.704797199330982, "SpreadP": 11.3}}, {"type": "Feature", "id": 1658, "geometry": {"type": "Point", "coordinates": [46.65924000000007, 24.845560000000035]}, "properties": {"OBJECTID": 1658, "Species": "Ficus nitida", "Spread": 2, "SpreadP": 20}}, {"type": "Feature", "id": 1659, "geometry": {"type": "Point", "coordinates": [46.65916125000007, 24.845575202000077]}, "properties": {"OBJECTID": 1659, "Species": null, "Spread": 3.7236512506800357, "SpreadP": 11.3}}, {"type": "Feature", "id": 1660, "geometry": {"type": "Point", "coordinates": [46.65927107500005, 24.845593551000036]}, "properties": {"OBJECTID": 1660, "Species": null, "Spread": 8.279470123565545, "SpreadP": 11.3}}, {"type": "Feature", "id": 1661, "geometry": {"type": "Point", "coordinates": [46.65943000000004, 24.84564000000006]}, "properties": {"OBJECTID": 1661, "Species": "Ficus nitida", "Spread": 1, "SpreadP": 20}}, {"type": "Feature", "id": 1662, "geometry": {"type": "Point", "coordinates": [46.65949000000006, 24.845660000000066]}, "properties": {"OBJECTID": 1662, "Species": "Ficus nitida", "Spread": 2, "SpreadP": 20}}, {"type": "Feature", "id": 1663, "geometry": {"type": "Point", "coordinates": [46.65954000000005, 24.845680000000073]}, "properties": {"OBJECTID": 1663, "Species": "Ficus nitida", "Spread": 3, "SpreadP": 20}}, {"type": "Feature", "id": 1664, "geometry": {"type": "Point", "coordinates": [46.659584890000076, 24.84571039700006]}, "properties": {"OBJECTID": 1664, "Species": null, "Spread": 3.39733961887994, "SpreadP": 11.3}}, {"type": "Feature", "id": 1665, "geometry": {"type": "Point", "coordinates": [46.65962499600005, 24.845763908000038]}, "properties": {"OBJECTID": 1665, "Species": null, "Spread": 3.7163934054343475, "SpreadP": 11.3}}, {"type": "Feature", "id": 1666, "geometry": {"type": "Point", "coordinates": [46.66001000000006, 24.845880000000022]}, "properties": {"OBJECTID": 1666, "Species": "Ficus nitida", "Spread": 1, "SpreadP": 20}}, {"type": "Feature", "id": 1667, "geometry": {"type": "Point", "coordinates": [46.65998938400003, 24.845915742000045]}, "properties": {"OBJECTID": 1667, "Species": "Phoenix dactylifera", "Spread": 3.9697463200042282, "SpreadP": 10}}, {"type": "Feature", "id": 1668, "geometry": {"type": "Point", "coordinates": [46.66008593400005, 24.845915259000037]}, "properties": {"OBJECTID": 1668, "Species": null, "Spread": 3.5213295242460267, "SpreadP": 11.3}}, {"type": "Feature", "id": 1669, "geometry": {"type": "Point", "coordinates": [46.660060000000044, 24.84594000000004]}, "properties": {"OBJECTID": 1669, "Species": "Ficus nitida", "Spread": 2, "SpreadP": 20}}, {"type": "Feature", "id": 1670, "geometry": {"type": "Point", "coordinates": [46.66023162700003, 24.84597595500003]}, "properties": {"OBJECTID": 1670, "Species": "Phoenix dactylifera", "Spread": 2.317439190074449, "SpreadP": 10}}, {"type": "Feature", "id": 1671, "geometry": {"type": "Point", "coordinates": [46.66014654000003, 24.84598048400005]}, "properties": {"OBJECTID": 1671, "Species": null, "Spread": 3.715307284797804, "SpreadP": 11.3}}, {"type": "Feature", "id": 1672, "geometry": {"type": "Point", "coordinates": [46.66026578200007, 24.845989314000064]}, "properties": {"OBJECTID": 1672, "Species": "Phoenix dactylifera", "Spread": 3.215583670625639, "SpreadP": 10}}, {"type": "Feature", "id": 1673, "geometry": {"type": "Point", "coordinates": [46.66020000000003, 24.84600000000006]}, "properties": {"OBJECTID": 1673, "Species": "Ficus nitida", "Spread": 3, "SpreadP": 20}}, {"type": "Feature", "id": 1674, "geometry": {"type": "Point", "coordinates": [46.660240602000044, 24.84602576800006]}, "properties": {"OBJECTID": 1674, "Species": null, "Spread": 3.6730865103174883, "SpreadP": 11.3}}, {"type": "Feature", "id": 1675, "geometry": {"type": "Point", "coordinates": [46.660360000000026, 24.84603000000004]}, "properties": {"OBJECTID": 1675, "Species": "Ficus nitida", "Spread": 1, "SpreadP": 20}}, {"type": "Feature", "id": 1676, "geometry": {"type": "Point", "coordinates": [46.65986817800007, 24.846076398000037]}, "properties": {"OBJECTID": 1676, "Species": null, "Spread": 3.351115155459422, "SpreadP": 11.3}}, {"type": "Feature", "id": 1677, "geometry": {"type": "Point", "coordinates": [46.66049000000004, 24.84608000000003]}, "properties": {"OBJECTID": 1677, "Species": "Ficus nitida", "Spread": 2, "SpreadP": 20}}, {"type": "Feature", "id": 1678, "geometry": {"type": "Point", "coordinates": [46.66048327900006, 24.846122107000042]}, "properties": {"OBJECTID": 1678, "Species": "Phoenix dactylifera", "Spread": 4.327153885046764, "SpreadP": 10}}, {"type": "Feature", "id": 1679, "geometry": {"type": "Point", "coordinates": [46.66053000000005, 24.846130000000073]}, "properties": {"OBJECTID": 1679, "Species": "Ficus nitida", "Spread": 3, "SpreadP": 20}}, {"type": "Feature", "id": 1680, "geometry": {"type": "Point", "coordinates": [46.66049457400004, 24.84613112100004]}, "properties": {"OBJECTID": 1680, "Species": null, "Spread": 3.6143958869669737, "SpreadP": 11.3}}, {"type": "Feature", "id": 1681, "geometry": {"type": "Point", "coordinates": [46.660144940000066, 24.846205616000077]}, "properties": {"OBJECTID": 1681, "Species": null, "Spread": 1.7019816944942525, "SpreadP": 11.3}}, {"type": "Feature", "id": 1682, "geometry": {"type": "Point", "coordinates": [46.66023272000007, 24.846246978000067]}, "properties": {"OBJECTID": 1682, "Species": null, "Spread": 1.9602335250046266, "SpreadP": 11.3}}, {"type": "Feature", "id": 1683, "geometry": {"type": "Point", "coordinates": [46.66032959700004, 24.846274691000076]}, "properties": {"OBJECTID": 1683, "Species": null, "Spread": 1.901246300133718, "SpreadP": 11.3}}, {"type": "Feature", "id": 1684, "geometry": {"type": "Point", "coordinates": [46.65966000000003, 24.845770000000073]}, "properties": {"OBJECTID": 1684, "Species": "Ficus nitida", "Spread": 2, "SpreadP": 20}}, {"type": "Feature", "id": 1685, "geometry": {"type": "Point", "coordinates": [46.659698313000035, 24.845790200000067]}, "properties": {"OBJECTID": 1685, "Species": null, "Spread": 3.220578776323025, "SpreadP": 11.3}}, {"type": "Feature", "id": 1686, "geometry": {"type": "Point", "coordinates": [46.65814000000006, 24.845080000000053]}, "properties": {"OBJECTID": 1686, "Species": "Ficus nitida", "Spread": 3, "SpreadP": 20}}, {"type": "Feature", "id": 1687, "geometry": {"type": "Point", "coordinates": [46.65802557200004, 24.84508452800003]}, "properties": {"OBJECTID": 1687, "Species": "Phoenix dactylifera", "Spread": 4.587940295335338, "SpreadP": 10}}, {"type": "Feature", "id": 1688, "geometry": {"type": "Point", "coordinates": [46.658125588000075, 24.845124507000037]}, "properties": {"OBJECTID": 1688, "Species": "Phoenix dactylifera", "Spread": 3.9172800503854943, "SpreadP": 10}}, {"type": "Feature", "id": 1689, "geometry": {"type": "Point", "coordinates": [46.658176095000044, 24.845142580000072]}, "properties": {"OBJECTID": 1689, "Species": "Phoenix dactylifera", "Spread": 4.240664491543682, "SpreadP": 10}}, {"type": "Feature", "id": 1690, "geometry": {"type": "Point", "coordinates": [46.66143000000005, 24.846470000000068]}, "properties": {"OBJECTID": 1690, "Species": "Ficus nitida", "Spread": 2, "SpreadP": 20}}, {"type": "Feature", "id": 1691, "geometry": {"type": "Point", "coordinates": [46.660782237000035, 24.846480838000048]}, "properties": {"OBJECTID": 1691, "Species": "Phoenix dactylifera", "Spread": 4.40067874945914, "SpreadP": 10}}, {"type": "Feature", "id": 1692, "geometry": {"type": "Point", "coordinates": [46.66082281200005, 24.846492909000062]}, "properties": {"OBJECTID": 1692, "Species": "Phoenix dactylifera", "Spread": 4.779854641171399, "SpreadP": 10}}, {"type": "Feature", "id": 1693, "geometry": {"type": "Point", "coordinates": [46.66144000000003, 24.84650000000005]}, "properties": {"OBJECTID": 1693, "Species": "Ficus nitida", "Spread": 2, "SpreadP": 20}}, {"type": "Feature", "id": 1694, "geometry": {"type": "Point", "coordinates": [46.66091631300003, 24.84652501100004]}, "properties": {"OBJECTID": 1694, "Species": null, "Spread": 1.9116357016151182, "SpreadP": 11.3}}, {"type": "Feature", "id": 1695, "geometry": {"type": "Point", "coordinates": [46.66113901400007, 24.846633972000063]}, "properties": {"OBJECTID": 1695, "Species": "Phoenix dactylifera", "Spread": 4.566800165939132, "SpreadP": 10}}, {"type": "Feature", "id": 1696, "geometry": {"type": "Point", "coordinates": [46.66117673400004, 24.846647117000032]}, "properties": {"OBJECTID": 1696, "Species": "Phoenix dactylifera", "Spread": 5.388409280867652, "SpreadP": 10}}, {"type": "Feature", "id": 1697, "geometry": {"type": "Point", "coordinates": [46.66162729600006, 24.846606763000068]}, "properties": {"OBJECTID": 1697, "Species": null, "Spread": 3.351115154591248, "SpreadP": 11.3}}, {"type": "Feature", "id": 1698, "geometry": {"type": "Point", "coordinates": [46.66169185000007, 24.84663421700003]}, "properties": {"OBJECTID": 1698, "Species": null, "Spread": 3.244703295330993, "SpreadP": 11.3}}, {"type": "Feature", "id": 1699, "geometry": {"type": "Point", "coordinates": [46.66187000000008, 24.846700000000055]}, "properties": {"OBJECTID": 1699, "Species": "Ficus nitida", "Spread": 2, "SpreadP": 20}}, {"type": "Feature", "id": 1700, "geometry": {"type": "Point", "coordinates": [46.66206215300008, 24.846748775000037]}, "properties": {"OBJECTID": 1700, "Species": null, "Spread": 2.902150856296272, "SpreadP": 11.3}}, {"type": "Feature", "id": 1701, "geometry": {"type": "Point", "coordinates": [46.66217000000006, 24.846780000000024]}, "properties": {"OBJECTID": 1701, "Species": "Ficus nitida", "Spread": 2, "SpreadP": 20}}, {"type": "Feature", "id": 1702, "geometry": {"type": "Point", "coordinates": [46.66153381700008, 24.846794054000043]}, "properties": {"OBJECTID": 1702, "Species": null, "Spread": 4.151492356569792, "SpreadP": 11.3}}, {"type": "Feature", "id": 1703, "geometry": {"type": "Point", "coordinates": [46.66156878800007, 24.84681275500003]}, "properties": {"OBJECTID": 1703, "Species": null, "Spread": 4.0947494740975845, "SpreadP": 11.3}}, {"type": "Feature", "id": 1704, "geometry": {"type": "Point", "coordinates": [46.66228000000007, 24.846840000000043]}, "properties": {"OBJECTID": 1704, "Species": "Ficus nitida", "Spread": 2, "SpreadP": 20}}, {"type": "Feature", "id": 1705, "geometry": {"type": "Point", "coordinates": [46.662240000000054, 24.846850000000074]}, "properties": {"OBJECTID": 1705, "Species": "Ficus nitida", "Spread": 2, "SpreadP": 20}}, {"type": "Feature", "id": 1706, "geometry": {"type": "Point", "coordinates": [46.66232000000008, 24.84689000000003]}, "properties": {"OBJECTID": 1706, "Species": "Ficus nitida", "Spread": 2, "SpreadP": 20}}, {"type": "Feature", "id": 1707, "geometry": {"type": "Point", "coordinates": [46.66307584600003, 24.847176998000066]}, "properties": {"OBJECTID": 1707, "Species": null, "Spread": 3.61439588592778, "SpreadP": 11.3}}, {"type": "Feature", "id": 1708, "geometry": {"type": "Point", "coordinates": [46.66316000000006, 24.847200000000043]}, "properties": {"OBJECTID": 1708, "Species": "Ficus nitida", "Spread": 2, "SpreadP": 20}}, {"type": "Feature", "id": 1709, "geometry": {"type": "Point", "coordinates": [46.66304718100008, 24.847204893000026]}, "properties": {"OBJECTID": 1709, "Species": "Phoenix dactylifera", "Spread": 3.2266514775072044, "SpreadP": 10}}, {"type": "Feature", "id": 1710, "geometry": {"type": "Point", "coordinates": [46.66308352100003, 24.84722073200004]}, "properties": {"OBJECTID": 1710, "Species": "Phoenix dactylifera", "Spread": 3.7308249359953622, "SpreadP": 10}}, {"type": "Feature", "id": 1711, "geometry": {"type": "Point", "coordinates": [46.66328000000004, 24.84725000000003]}, "properties": {"OBJECTID": 1711, "Species": "Ficus nitida", "Spread": 2, "SpreadP": 20}}, {"type": "Feature", "id": 1712, "geometry": {"type": "Point", "coordinates": [46.66325000000006, 24.847270000000037]}, "properties": {"OBJECTID": 1712, "Species": "Ficus nitida", "Spread": 2, "SpreadP": 20}}, {"type": "Feature", "id": 1713, "geometry": {"type": "Point", "coordinates": [46.663271691000034, 24.847304962000067]}, "properties": {"OBJECTID": 1713, "Species": null, "Spread": 4.383796859552193, "SpreadP": 11.3}}, {"type": "Feature", "id": 1714, "geometry": {"type": "Point", "coordinates": [46.66333000000003, 24.847320000000025]}, "properties": {"OBJECTID": 1714, "Species": "Ficus nitida", "Spread": 2, "SpreadP": 20}}, {"type": "Feature", "id": 1715, "geometry": {"type": "Point", "coordinates": [46.67008137400006, 24.850394232000042]}, "properties": {"OBJECTID": 1715, "Species": null, "Spread": 0.9119034401011441, "SpreadP": 11.3}}, {"type": "Feature", "id": 1716, "geometry": {"type": "Point", "coordinates": [46.670750000000055, 24.850400000000036]}, "properties": {"OBJECTID": 1716, "Species": "Ficus nitida", "Spread": 2, "SpreadP": 20}}, {"type": "Feature", "id": 1717, "geometry": {"type": "Point", "coordinates": [46.670130372000074, 24.850416444000075]}, "properties": {"OBJECTID": 1717, "Species": null, "Spread": 1.0397298931509107, "SpreadP": 11.3}}, {"type": "Feature", "id": 1718, "geometry": {"type": "Point", "coordinates": [46.67071823500004, 24.85043757400007]}, "properties": {"OBJECTID": 1718, "Species": null, "Spread": 3.630374751845933, "SpreadP": 11.3}}, {"type": "Feature", "id": 1719, "geometry": {"type": "Point", "coordinates": [46.67018739000008, 24.850446154000053]}, "properties": {"OBJECTID": 1719, "Species": null, "Spread": 1.2192953376781501, "SpreadP": 11.3}}, {"type": "Feature", "id": 1720, "geometry": {"type": "Point", "coordinates": [46.67022076100005, 24.850454452000065]}, "properties": {"OBJECTID": 1720, "Species": null, "Spread": 1.0957658948816473, "SpreadP": 11.3}}, {"type": "Feature", "id": 1721, "geometry": {"type": "Point", "coordinates": [46.67076143400004, 24.850457525000024]}, "properties": {"OBJECTID": 1721, "Species": null, "Spread": 3.5980082102853355, "SpreadP": 11.3}}, {"type": "Feature", "id": 1722, "geometry": {"type": "Point", "coordinates": [46.670912789000056, 24.85047505400007]}, "properties": {"OBJECTID": 1722, "Species": "Phoenix dactylifera", "Spread": 4.140244436113584, "SpreadP": 10}}, {"type": "Feature", "id": 1723, "geometry": {"type": "Point", "coordinates": [46.67091000000005, 24.850510000000043]}, "properties": {"OBJECTID": 1723, "Species": "Ficus nitida", "Spread": 2, "SpreadP": 20}}, {"type": "Feature", "id": 1724, "geometry": {"type": "Point", "coordinates": [46.67098917800007, 24.85050955500003]}, "properties": {"OBJECTID": 1724, "Species": "Phoenix dactylifera", "Spread": 4.878723198673924, "SpreadP": 10}}, {"type": "Feature", "id": 1725, "geometry": {"type": "Point", "coordinates": [46.66776756300004, 24.849192065000068]}, "properties": {"OBJECTID": 1725, "Species": "Phoenix dactylifera", "Spread": 4.019311302151122, "SpreadP": 10}}, {"type": "Feature", "id": 1726, "geometry": {"type": "Point", "coordinates": [46.67393000000004, 24.851780000000076]}, "properties": {"OBJECTID": 1726, "Species": "Ficus nitida", "Spread": 2, "SpreadP": 20}}, {"type": "Feature", "id": 1727, "geometry": {"type": "Point", "coordinates": [46.673970000000054, 24.85179000000005]}, "properties": {"OBJECTID": 1727, "Species": "Ficus nitida", "Spread": 1, "SpreadP": 20}}, {"type": "Feature", "id": 1728, "geometry": {"type": "Point", "coordinates": [46.674108380000064, 24.851820150000037]}, "properties": {"OBJECTID": 1728, "Species": "Ficus nitida", "Spread": 3, "SpreadP": 20}}, {"type": "Feature", "id": 1729, "geometry": {"type": "Point", "coordinates": [46.67415569700006, 24.851844139000036]}, "properties": {"OBJECTID": 1729, "Species": null, "Spread": 3.4546985076605217, "SpreadP": 11.3}}, {"type": "Feature", "id": 1730, "geometry": {"type": "Point", "coordinates": [46.67406937800007, 24.85186168300004]}, "properties": {"OBJECTID": 1730, "Species": "Phoenix dactylifera", "Spread": 2.744537328340284, "SpreadP": 10}}, {"type": "Feature", "id": 1731, "geometry": {"type": "Point", "coordinates": [46.67398820000005, 24.85202903000004]}, "properties": {"OBJECTID": 1731, "Species": "Phoenix dactylifera", "Spread": 2, "SpreadP": 10}}, {"type": "Feature", "id": 1732, "geometry": {"type": "Point", "coordinates": [46.67405436000007, 24.852060280000046]}, "properties": {"OBJECTID": 1732, "Species": "Phoenix dactylifera", "Spread": 2, "SpreadP": 10}}, {"type": "Feature", "id": 1733, "geometry": {"type": "Point", "coordinates": [46.67412924000007, 24.852089550000073]}, "properties": {"OBJECTID": 1733, "Species": "Phoenix dactylifera", "Spread": 2, "SpreadP": 10}}, {"type": "Feature", "id": 1734, "geometry": {"type": "Point", "coordinates": [46.67342000000008, 24.851570000000038]}, "properties": {"OBJECTID": 1734, "Species": "Ficus nitida", "Spread": 4, "SpreadP": 20}}, {"type": "Feature", "id": 1735, "geometry": {"type": "Point", "coordinates": [46.67406427100008, 24.851577357000053]}, "properties": {"OBJECTID": 1735, "Species": null, "Spread": 3.3973396162227814, "SpreadP": 11.3}}, {"type": "Feature", "id": 1736, "geometry": {"type": "Point", "coordinates": [46.67357000000004, 24.851590000000044]}, "properties": {"OBJECTID": 1736, "Species": "Ficus nitida", "Spread": 3, "SpreadP": 20}}, {"type": "Feature", "id": 1737, "geometry": {"type": "Point", "coordinates": [46.67410787100005, 24.851598936000073]}, "properties": {"OBJECTID": 1737, "Species": null, "Spread": 4.142089189647306, "SpreadP": 11.3}}, {"type": "Feature", "id": 1738, "geometry": {"type": "Point", "coordinates": [46.67361000000005, 24.85161000000005]}, "properties": {"OBJECTID": 1738, "Species": "Ficus nitida", "Spread": 3, "SpreadP": 20}}, {"type": "Feature", "id": 1739, "geometry": {"type": "Point", "coordinates": [46.673650000000066, 24.851630000000057]}, "properties": {"OBJECTID": 1739, "Species": "Ficus nitida", "Spread": 4, "SpreadP": 20}}, {"type": "Feature", "id": 1740, "geometry": {"type": "Point", "coordinates": [46.67375754600005, 24.85168565500004]}, "properties": {"OBJECTID": 1740, "Species": "Phoenix dactylifera", "Spread": 3.6397881068778397, "SpreadP": 10}}, {"type": "Feature", "id": 1741, "geometry": {"type": "Point", "coordinates": [46.67368998200004, 24.851694175000034]}, "properties": {"OBJECTID": 1741, "Species": "Phoenix dactylifera", "Spread": 4.818588625084157, "SpreadP": 10}}, {"type": "Feature", "id": 1742, "geometry": {"type": "Point", "coordinates": [46.673724692000064, 24.851695578000033]}, "properties": {"OBJECTID": 1742, "Species": "Phoenix dactylifera", "Spread": 3.494515770969555, "SpreadP": 10}}, {"type": "Feature", "id": 1743, "geometry": {"type": "Point", "coordinates": [46.67384000000004, 24.851740000000063]}, "properties": {"OBJECTID": 1743, "Species": "Ficus nitida", "Spread": 3, "SpreadP": 20}}, {"type": "Feature", "id": 1744, "geometry": {"type": "Point", "coordinates": [46.67441231500004, 24.851719366000054]}, "properties": {"OBJECTID": 1744, "Species": null, "Spread": 3.869534472664077, "SpreadP": 11.3}}, {"type": "Feature", "id": 1745, "geometry": {"type": "Point", "coordinates": [46.674612843000034, 24.851814129000047]}, "properties": {"OBJECTID": 1745, "Species": null, "Spread": 3.0466237518934203, "SpreadP": 11.3}}, {"type": "Feature", "id": 1746, "geometry": {"type": "Point", "coordinates": [46.67466361100003, 24.85183658300008]}, "properties": {"OBJECTID": 1746, "Species": null, "Spread": 3.550362164023576, "SpreadP": 11.3}}, {"type": "Feature", "id": 1747, "geometry": {"type": "Point", "coordinates": [46.67420056700007, 24.85186623000004]}, "properties": {"OBJECTID": 1747, "Species": null, "Spread": 4.207285096010862, "SpreadP": 11.3}}, {"type": "Feature", "id": 1748, "geometry": {"type": "Point", "coordinates": [46.67484561600003, 24.851904966000063]}, "properties": {"OBJECTID": 1748, "Species": null, "Spread": 3.550362163521504, "SpreadP": 11.3}}, {"type": "Feature", "id": 1749, "geometry": {"type": "Point", "coordinates": [46.67428868400003, 24.851922889000036]}, "properties": {"OBJECTID": 1749, "Species": "Phoenix dactylifera", "Spread": 3.248673973532857, "SpreadP": 10}}, {"type": "Feature", "id": 1750, "geometry": {"type": "Point", "coordinates": [46.67498000000006, 24.851950000000045]}, "properties": {"OBJECTID": 1750, "Species": "Phoenix dactylifera", "Spread": 2, "SpreadP": 10}}, {"type": "Feature", "id": 1751, "geometry": {"type": "Point", "coordinates": [46.674330000000054, 24.85197000000005]}, "properties": {"OBJECTID": 1751, "Species": "Ficus nitida", "Spread": 2, "SpreadP": 20}}, {"type": "Feature", "id": 1752, "geometry": {"type": "Point", "coordinates": [46.674413033000064, 24.85197058600005]}, "properties": {"OBJECTID": 1752, "Species": "Phoenix dactylifera", "Spread": 3.403891869182977, "SpreadP": 10}}, {"type": "Feature", "id": 1753, "geometry": {"type": "Point", "coordinates": [46.67448465000007, 24.851976630000024]}, "properties": {"OBJECTID": 1753, "Species": "Ficus nitida", "Spread": 2, "SpreadP": 20}}, {"type": "Feature", "id": 1754, "geometry": {"type": "Point", "coordinates": [46.67441000000008, 24.852000000000032]}, "properties": {"OBJECTID": 1754, "Species": "Ficus nitida", "Spread": 2, "SpreadP": 20}}, {"type": "Feature", "id": 1755, "geometry": {"type": "Point", "coordinates": [46.67453895300008, 24.852018318000034]}, "properties": {"OBJECTID": 1755, "Species": null, "Spread": 4.916872568787611, "SpreadP": 11.3}}, {"type": "Feature", "id": 1756, "geometry": {"type": "Point", "coordinates": [46.674577028000044, 24.85201836300007]}, "properties": {"OBJECTID": 1756, "Species": null, "Spread": 3.61439588592778, "SpreadP": 11.3}}, {"type": "Feature", "id": 1757, "geometry": {"type": "Point", "coordinates": [46.67461000000003, 24.85203000000007]}, "properties": {"OBJECTID": 1757, "Species": "Ficus nitida", "Spread": 2, "SpreadP": 20}}, {"type": "Feature", "id": 1758, "geometry": {"type": "Point", "coordinates": [46.67465774500005, 24.85205451300004]}, "properties": {"OBJECTID": 1758, "Species": null, "Spread": 4.969794342751593, "SpreadP": 11.3}}, {"type": "Feature", "id": 1759, "geometry": {"type": "Point", "coordinates": [46.67503276000008, 24.85197614200007]}, "properties": {"OBJECTID": 1759, "Species": null, "Spread": 2.732609806907031, "SpreadP": 11.3}}, {"type": "Feature", "id": 1760, "geometry": {"type": "Point", "coordinates": [46.67512925400007, 24.852020783000057]}, "properties": {"OBJECTID": 1760, "Species": null, "Spread": 2.618797022865602, "SpreadP": 11.3}}, {"type": "Feature", "id": 1761, "geometry": {"type": "Point", "coordinates": [46.67541997300003, 24.852154693000045]}, "properties": {"OBJECTID": 1761, "Species": null, "Spread": 2.3966573450125144, "SpreadP": 11.3}}, {"type": "Feature", "id": 1762, "geometry": {"type": "Point", "coordinates": [46.67500000000007, 24.852190000000064]}, "properties": {"OBJECTID": 1762, "Species": "Ficus nitida", "Spread": 2, "SpreadP": 20}}, {"type": "Feature", "id": 1763, "geometry": {"type": "Point", "coordinates": [46.675556190000066, 24.852194530000077]}, "properties": {"OBJECTID": 1763, "Species": "Phoenix dactylifera", "Spread": 1.5, "SpreadP": 10}}, {"type": "Feature", "id": 1764, "geometry": {"type": "Point", "coordinates": [46.67504000000008, 24.85221000000007]}, "properties": {"OBJECTID": 1764, "Species": "Ficus nitida", "Spread": 2, "SpreadP": 20}}, {"type": "Feature", "id": 1765, "geometry": {"type": "Point", "coordinates": [46.67507713400005, 24.85223146800007]}, "properties": {"OBJECTID": 1765, "Species": null, "Spread": 3.6379392470000695, "SpreadP": 11.3}}, {"type": "Feature", "id": 1766, "geometry": {"type": "Point", "coordinates": [46.675567631000035, 24.852232025000035]}, "properties": {"OBJECTID": 1766, "Species": "Phoenix dactylifera", "Spread": 2.564178037697925, "SpreadP": 10}}, {"type": "Feature", "id": 1767, "geometry": {"type": "Point", "coordinates": [46.67418945000003, 24.852115940000033]}, "properties": {"OBJECTID": 1767, "Species": "Phoenix dactylifera", "Spread": 1, "SpreadP": 10}}, {"type": "Feature", "id": 1768, "geometry": {"type": "Point", "coordinates": [46.67470000000003, 24.85212000000007]}, "properties": {"OBJECTID": 1768, "Species": "Ficus nitida", "Spread": 2, "SpreadP": 20}}, {"type": "Feature", "id": 1769, "geometry": {"type": "Point", "coordinates": [46.67474000000004, 24.852140000000077]}, "properties": {"OBJECTID": 1769, "Species": "Ficus nitida", "Spread": 2, "SpreadP": 20}}, {"type": "Feature", "id": 1770, "geometry": {"type": "Point", "coordinates": [46.67483000000004, 24.852170000000058]}, "properties": {"OBJECTID": 1770, "Species": "Ficus nitida", "Spread": 2, "SpreadP": 20}}, {"type": "Feature", "id": 1771, "geometry": {"type": "Point", "coordinates": [46.674957633000076, 24.852184004000037]}, "properties": {"OBJECTID": 1771, "Species": null, "Spread": 5.421593830459267, "SpreadP": 11.3}}, {"type": "Feature", "id": 1772, "geometry": {"type": "Point", "coordinates": [46.67442531200004, 24.852217108000048]}, "properties": {"OBJECTID": 1772, "Species": null, "Spread": 3.7236512512100317, "SpreadP": 11.3}}, {"type": "Feature", "id": 1773, "geometry": {"type": "Point", "coordinates": [46.67448308000007, 24.852236400000038]}, "properties": {"OBJECTID": 1773, "Species": "Phoenix dactylifera", "Spread": 2, "SpreadP": 10}}, {"type": "Feature", "id": 1774, "geometry": {"type": "Point", "coordinates": [46.67518000000007, 24.85233000000005]}, "properties": {"OBJECTID": 1774, "Species": "Ficus nitida", "Spread": 1, "SpreadP": 20}}, {"type": "Feature", "id": 1775, "geometry": {"type": "Point", "coordinates": [46.67526000000004, 24.852360000000033]}, "properties": {"OBJECTID": 1775, "Species": "Ficus nitida", "Spread": 3, "SpreadP": 20}}, {"type": "Feature", "id": 1776, "geometry": {"type": "Point", "coordinates": [46.67537569400008, 24.852359488000047]}, "properties": {"OBJECTID": 1776, "Species": null, "Spread": 6.422846819369127, "SpreadP": 11.3}}, {"type": "Feature", "id": 1777, "geometry": {"type": "Point", "coordinates": [46.675310971000044, 24.85236035300005]}, "properties": {"OBJECTID": 1777, "Species": null, "Spread": 7.042659048871712, "SpreadP": 11.3}}, {"type": "Feature", "id": 1778, "geometry": {"type": "Point", "coordinates": [46.67545000000007, 24.85239000000007]}, "properties": {"OBJECTID": 1778, "Species": "Ficus nitida", "Spread": 3, "SpreadP": 20}}, {"type": "Feature", "id": 1779, "geometry": {"type": "Point", "coordinates": [46.67551535300004, 24.852409115000057]}, "properties": {"OBJECTID": 1779, "Species": null, "Spread": 4.972746154159091, "SpreadP": 11.3}}, {"type": "Feature", "id": 1780, "geometry": {"type": "Point", "coordinates": [46.675402406000046, 24.85242343400006]}, "properties": {"OBJECTID": 1780, "Species": null, "Spread": 3.565347852718819, "SpreadP": 11.3}}, {"type": "Feature", "id": 1781, "geometry": {"type": "Point", "coordinates": [46.67449645900007, 24.852270893000025]}, "properties": {"OBJECTID": 1781, "Species": "Phoenix dactylifera", "Spread": 4.163703836863758, "SpreadP": 10}}, {"type": "Feature", "id": 1782, "geometry": {"type": "Point", "coordinates": [46.67471305400005, 24.852336773000047]}, "properties": {"OBJECTID": 1782, "Species": "Phoenix dactylifera", "Spread": 4.743894600202524, "SpreadP": 10}}, {"type": "Feature", "id": 1783, "geometry": {"type": "Point", "coordinates": [46.67477326000005, 24.85235835000003]}, "properties": {"OBJECTID": 1783, "Species": "Phoenix dactylifera", "Spread": 1, "SpreadP": 10}}, {"type": "Feature", "id": 1784, "geometry": {"type": "Point", "coordinates": [46.67484702000007, 24.852392500000065]}, "properties": {"OBJECTID": 1784, "Species": "Phoenix dactylifera", "Spread": 1, "SpreadP": 10}}, {"type": "Feature", "id": 1785, "geometry": {"type": "Point", "coordinates": [46.677760000000035, 24.853120000000047]}, "properties": {"OBJECTID": 1785, "Species": "Phoenix dactylifera", "Spread": 2, "SpreadP": 10}}, {"type": "Feature", "id": 1786, "geometry": {"type": "Point", "coordinates": [46.67779536900008, 24.853132748000064]}, "properties": {"OBJECTID": 1786, "Species": "Phoenix dactylifera", "Spread": 4.51799485871136, "SpreadP": 10}}, {"type": "Feature", "id": 1787, "geometry": {"type": "Point", "coordinates": [46.67778892700005, 24.85314496500007]}, "properties": {"OBJECTID": 1787, "Species": null, "Spread": 4.836918091716864, "SpreadP": 11.3}}, {"type": "Feature", "id": 1788, "geometry": {"type": "Point", "coordinates": [46.67784000000006, 24.853150000000028]}, "properties": {"OBJECTID": 1788, "Species": "Phoenix dactylifera", "Spread": 2.5, "SpreadP": 10}}, {"type": "Feature", "id": 1789, "geometry": {"type": "Point", "coordinates": [46.67716608300003, 24.853109991000053]}, "properties": {"OBJECTID": 1789, "Species": null, "Spread": 4.082874882012129, "SpreadP": 11.3}}, {"type": "Feature", "id": 1790, "geometry": {"type": "Point", "coordinates": [46.67713153300008, 24.853117731000054]}, "properties": {"OBJECTID": 1790, "Species": null, "Spread": 3.304244103839671, "SpreadP": 11.3}}, {"type": "Feature", "id": 1791, "geometry": {"type": "Point", "coordinates": [46.67721000000006, 24.853120000000047]}, "properties": {"OBJECTID": 1791, "Species": "Ficus nitida", "Spread": 2, "SpreadP": 20}}, {"type": "Feature", "id": 1792, "geometry": {"type": "Point", "coordinates": [46.67725353900005, 24.85314558400006]}, "properties": {"OBJECTID": 1792, "Species": null, "Spread": 3.385137501286538, "SpreadP": 11.3}}, {"type": "Feature", "id": 1793, "geometry": {"type": "Point", "coordinates": [46.67721275200006, 24.853147662000026]}, "properties": {"OBJECTID": 1793, "Species": null, "Spread": 4.335274759139729, "SpreadP": 11.3}}, {"type": "Feature", "id": 1794, "geometry": {"type": "Point", "coordinates": [46.677869119000036, 24.85316626300005]}, "properties": {"OBJECTID": 1794, "Species": "Phoenix dactylifera", "Spread": 4.2845473622364265, "SpreadP": 10}}, {"type": "Feature", "id": 1795, "geometry": {"type": "Point", "coordinates": [46.677910000000054, 24.85319000000004]}, "properties": {"OBJECTID": 1795, "Species": "Phoenix dactylifera", "Spread": 2.5, "SpreadP": 10}}, {"type": "Feature", "id": 1796, "geometry": {"type": "Point", "coordinates": [46.67738000000003, 24.853200000000072]}, "properties": {"OBJECTID": 1796, "Species": "Ficus nitida", "Spread": 2, "SpreadP": 20}}, {"type": "Feature", "id": 1797, "geometry": {"type": "Point", "coordinates": [46.67793252200005, 24.853223093000054]}, "properties": {"OBJECTID": 1797, "Species": "Phoenix dactylifera", "Spread": 3.9697463200042282, "SpreadP": 10}}, {"type": "Feature", "id": 1798, "geometry": {"type": "Point", "coordinates": [46.67799480000008, 24.853229500000054]}, "properties": {"OBJECTID": 1798, "Species": null, "Spread": 3.4767539354440564, "SpreadP": 11.3}}, {"type": "Feature", "id": 1799, "geometry": {"type": "Point", "coordinates": [46.677400000000034, 24.853260000000034]}, "properties": {"OBJECTID": 1799, "Species": "Ficus nitida", "Spread": 2, "SpreadP": 20}}, {"type": "Feature", "id": 1800, "geometry": {"type": "Point", "coordinates": [46.67744000000005, 24.85328000000004]}, "properties": {"OBJECTID": 1800, "Species": "Ficus nitida", "Spread": 2, "SpreadP": 20}}, {"type": "Feature", "id": 1801, "geometry": {"type": "Point", "coordinates": [46.67762836800006, 24.853309051000053]}, "properties": {"OBJECTID": 1801, "Species": null, "Spread": 5.051200312593361, "SpreadP": 11.3}}, {"type": "Feature", "id": 1802, "geometry": {"type": "Point", "coordinates": [46.67820000000006, 24.85331000000008]}, "properties": {"OBJECTID": 1802, "Species": "Phoenix dactylifera", "Spread": 2, "SpreadP": 10}}, {"type": "Feature", "id": 1803, "geometry": {"type": "Point", "coordinates": [46.67755000000005, 24.853320000000053]}, "properties": {"OBJECTID": 1803, "Species": "Ficus nitida", "Spread": 3, "SpreadP": 20}}, {"type": "Feature", "id": 1804, "geometry": {"type": "Point", "coordinates": [46.67821708900004, 24.85333776300007]}, "properties": {"OBJECTID": 1804, "Species": null, "Spread": 4.027539173340942, "SpreadP": 11.3}}, {"type": "Feature", "id": 1805, "geometry": {"type": "Point", "coordinates": [46.67828000000003, 24.85334000000006]}, "properties": {"OBJECTID": 1805, "Species": "Phoenix dactylifera", "Spread": 2, "SpreadP": 10}}, {"type": "Feature", "id": 1806, "geometry": {"type": "Point", "coordinates": [46.67835000000008, 24.85337000000004]}, "properties": {"OBJECTID": 1806, "Species": "Phoenix dactylifera", "Spread": 3, "SpreadP": 10}}, {"type": "Feature", "id": 1807, "geometry": {"type": "Point", "coordinates": [46.678420000000074, 24.85340000000008]}, "properties": {"OBJECTID": 1807, "Species": "Phoenix dactylifera", "Spread": 2.5, "SpreadP": 10}}, {"type": "Feature", "id": 1808, "geometry": {"type": "Point", "coordinates": [46.67836747800004, 24.853403583000045]}, "properties": {"OBJECTID": 1808, "Species": "Phoenix dactylifera", "Spread": 5.5321658450193905, "SpreadP": 10}}, {"type": "Feature", "id": 1809, "geometry": {"type": "Point", "coordinates": [46.67849000000007, 24.85343000000006]}, "properties": {"OBJECTID": 1809, "Species": "Phoenix dactylifera", "Spread": 3, "SpreadP": 10}}, {"type": "Feature", "id": 1810, "geometry": {"type": "Point", "coordinates": [46.67768703100006, 24.853325564000045]}, "properties": {"OBJECTID": 1810, "Species": null, "Spread": 4.789505417445209, "SpreadP": 11.3}}, {"type": "Feature", "id": 1811, "geometry": {"type": "Point", "coordinates": [46.677813247000074, 24.853374948000067]}, "properties": {"OBJECTID": 1811, "Species": null, "Spread": 4.905530286373629, "SpreadP": 11.3}}, {"type": "Feature", "id": 1812, "geometry": {"type": "Point", "coordinates": [46.677770000000066, 24.853380000000072]}, "properties": {"OBJECTID": 1812, "Species": "Ficus nitida", "Spread": 3, "SpreadP": 20}}, {"type": "Feature", "id": 1813, "geometry": {"type": "Point", "coordinates": [46.67790000000008, 24.85346000000004]}, "properties": {"OBJECTID": 1813, "Species": "Ficus nitida", "Spread": 2, "SpreadP": 20}}, {"type": "Feature", "id": 1814, "geometry": {"type": "Point", "coordinates": [46.677410000000066, 24.853470000000073]}, "properties": {"OBJECTID": 1814, "Species": "Phoenix dactylifera", "Spread": 1, "SpreadP": 10}}, {"type": "Feature", "id": 1815, "geometry": {"type": "Point", "coordinates": [46.67748000000006, 24.853500000000054]}, "properties": {"OBJECTID": 1815, "Species": "Phoenix dactylifera", "Spread": 2, "SpreadP": 10}}, {"type": "Feature", "id": 1816, "geometry": {"type": "Point", "coordinates": [46.67807000000005, 24.853530000000035]}, "properties": {"OBJECTID": 1816, "Species": "Ficus nitida", "Spread": 2, "SpreadP": 20}}, {"type": "Feature", "id": 1817, "geometry": {"type": "Point", "coordinates": [46.67856000000006, 24.85346000000004]}, "properties": {"OBJECTID": 1817, "Species": "Phoenix dactylifera", "Spread": 2, "SpreadP": 10}}, {"type": "Feature", "id": 1818, "geometry": {"type": "Point", "coordinates": [46.67850600300005, 24.853463658000067]}, "properties": {"OBJECTID": 1818, "Species": "Phoenix dactylifera", "Spread": 6.269260842111272, "SpreadP": 10}}, {"type": "Feature", "id": 1819, "geometry": {"type": "Point", "coordinates": [46.678630000000055, 24.85349000000008]}, "properties": {"OBJECTID": 1819, "Species": "Phoenix dactylifera", "Spread": 1.5, "SpreadP": 10}}, {"type": "Feature", "id": 1820, "geometry": {"type": "Point", "coordinates": [46.67857711500005, 24.85349486900003]}, "properties": {"OBJECTID": 1820, "Species": "Phoenix dactylifera", "Spread": 4.390975566536959, "SpreadP": 10}}, {"type": "Feature", "id": 1821, "geometry": {"type": "Point", "coordinates": [46.67870000000005, 24.85352000000006]}, "properties": {"OBJECTID": 1821, "Species": "Phoenix dactylifera", "Spread": 2, "SpreadP": 10}}, {"type": "Feature", "id": 1822, "geometry": {"type": "Point", "coordinates": [46.678732781000065, 24.85352800800007]}, "properties": {"OBJECTID": 1822, "Species": "Phoenix dactylifera", "Spread": 4.066195370996995, "SpreadP": 10}}, {"type": "Feature", "id": 1823, "geometry": {"type": "Point", "coordinates": [46.678726158000075, 24.85355817100003]}, "properties": {"OBJECTID": 1823, "Species": "Phoenix dactylifera", "Spread": 4.681753812687701, "SpreadP": 10}}, {"type": "Feature", "id": 1824, "geometry": {"type": "Point", "coordinates": [46.678867084000046, 24.85359334000003]}, "properties": {"OBJECTID": 1824, "Species": null, "Spread": 4.905530286373629, "SpreadP": 11.3}}, {"type": "Feature", "id": 1825, "geometry": {"type": "Point", "coordinates": [46.67837000000003, 24.85360000000003]}, "properties": {"OBJECTID": 1825, "Species": "Ficus nitida", "Spread": 2, "SpreadP": 20}}, {"type": "Feature", "id": 1826, "geometry": {"type": "Point", "coordinates": [46.67726000000005, 24.853410000000054]}, "properties": {"OBJECTID": 1826, "Species": "Phoenix dactylifera", "Spread": 1, "SpreadP": 10}}, {"type": "Feature", "id": 1827, "geometry": {"type": "Point", "coordinates": [46.67733000000004, 24.853450000000066]}, "properties": {"OBJECTID": 1827, "Species": "Phoenix dactylifera", "Spread": 1, "SpreadP": 10}}, {"type": "Feature", "id": 1828, "geometry": {"type": "Point", "coordinates": [46.67762000000005, 24.853560000000073]}, "properties": {"OBJECTID": 1828, "Species": "Phoenix dactylifera", "Spread": 2, "SpreadP": 10}}, {"type": "Feature", "id": 1829, "geometry": {"type": "Point", "coordinates": [46.67754794000007, 24.853564420000055]}, "properties": {"OBJECTID": 1829, "Species": null, "Spread": 3.9096343491878587, "SpreadP": 11.3}}, {"type": "Feature", "id": 1830, "geometry": {"type": "Point", "coordinates": [46.677592771000036, 24.853577590000043]}, "properties": {"OBJECTID": 1830, "Species": null, "Spread": 4.1232185260193885, "SpreadP": 11.3}}, {"type": "Feature", "id": 1831, "geometry": {"type": "Point", "coordinates": [46.67769000000004, 24.853590000000054]}, "properties": {"OBJECTID": 1831, "Species": "Phoenix dactylifera", "Spread": 2, "SpreadP": 10}}, {"type": "Feature", "id": 1832, "geometry": {"type": "Point", "coordinates": [46.67762878600007, 24.853599546000055]}, "properties": {"OBJECTID": 1832, "Species": "Phoenix dactylifera", "Spread": 3.8724947201888793, "SpreadP": 10}}, {"type": "Feature", "id": 1833, "geometry": {"type": "Point", "coordinates": [46.677760000000035, 24.853620000000035]}, "properties": {"OBJECTID": 1833, "Species": "Phoenix dactylifera", "Spread": 2, "SpreadP": 10}}, {"type": "Feature", "id": 1834, "geometry": {"type": "Point", "coordinates": [46.677711025000065, 24.853630871000064]}, "properties": {"OBJECTID": 1834, "Species": "Phoenix dactylifera", "Spread": 3.613633181550644, "SpreadP": 10}}, {"type": "Feature", "id": 1835, "geometry": {"type": "Point", "coordinates": [46.67784000000006, 24.853650000000073]}, "properties": {"OBJECTID": 1835, "Species": "Phoenix dactylifera", "Spread": 2, "SpreadP": 10}}, {"type": "Feature", "id": 1836, "geometry": {"type": "Point", "coordinates": [46.678943065000055, 24.85361415500006]}, "properties": {"OBJECTID": 1836, "Species": null, "Spread": 3.385137501286538, "SpreadP": 11.3}}, {"type": "Feature", "id": 1837, "geometry": {"type": "Point", "coordinates": [46.678365994000046, 24.853634012000043]}, "properties": {"OBJECTID": 1837, "Species": null, "Spread": 3.6303747511269595, "SpreadP": 11.3}}, {"type": "Feature", "id": 1838, "geometry": {"type": "Point", "coordinates": [46.67840600900007, 24.853633734000027]}, "properties": {"OBJECTID": 1838, "Species": null, "Spread": 4.062165002703568, "SpreadP": 11.3}}, {"type": "Feature", "id": 1839, "geometry": {"type": "Point", "coordinates": [46.678456941000036, 24.853639560000033]}, "properties": {"OBJECTID": 1839, "Species": null, "Spread": 4.122101961766508, "SpreadP": 11.3}}, {"type": "Feature", "id": 1840, "geometry": {"type": "Point", "coordinates": [46.67900000000003, 24.85364000000004]}, "properties": {"OBJECTID": 1840, "Species": "Phoenix dactylifera", "Spread": 2, "SpreadP": 10}}, {"type": "Feature", "id": 1841, "geometry": {"type": "Point", "coordinates": [46.67851285300003, 24.853672372000062]}, "properties": {"OBJECTID": 1841, "Species": null, "Spread": 4.567037598357732, "SpreadP": 11.3}}, {"type": "Feature", "id": 1842, "geometry": {"type": "Point", "coordinates": [46.678456090000054, 24.853675962000068]}, "properties": {"OBJECTID": 1842, "Species": null, "Spread": 4.123218526806823, "SpreadP": 11.3}}, {"type": "Feature", "id": 1843, "geometry": {"type": "Point", "coordinates": [46.67906000000005, 24.853670000000022]}, "properties": {"OBJECTID": 1843, "Species": "Phoenix dactylifera", "Spread": 2, "SpreadP": 10}}, {"type": "Feature", "id": 1844, "geometry": {"type": "Point", "coordinates": [46.679283902000066, 24.85379652100005]}, "properties": {"OBJECTID": 1844, "Species": "Phoenix dactylifera", "Spread": 5.336648961346073, "SpreadP": 10}}, {"type": "Feature", "id": 1845, "geometry": {"type": "Point", "coordinates": [46.67942000000005, 24.85382000000004]}, "properties": {"OBJECTID": 1845, "Species": "Phoenix dactylifera", "Spread": 2, "SpreadP": 10}}, {"type": "Feature", "id": 1846, "geometry": {"type": "Point", "coordinates": [46.67910758200003, 24.853923262000023]}, "properties": {"OBJECTID": 1846, "Species": null, "Spread": 5.535363029988069, "SpreadP": 11.3}}, {"type": "Feature", "id": 1847, "geometry": {"type": "Point", "coordinates": [46.67909918300006, 24.85396708600007]}, "properties": {"OBJECTID": 1847, "Species": null, "Spread": 8.22750146709234, "SpreadP": 11.3}}, {"type": "Feature", "id": 1848, "geometry": {"type": "Point", "coordinates": [46.67919888000006, 24.853972230000068]}, "properties": {"OBJECTID": 1848, "Species": "Ficus nitida", "Spread": 3, "SpreadP": 20}}, {"type": "Feature", "id": 1849, "geometry": {"type": "Point", "coordinates": [46.67925973300004, 24.853981676000046]}, "properties": {"OBJECTID": 1849, "Species": null, "Spread": 4.062165000603529, "SpreadP": 11.3}}, {"type": "Feature", "id": 1850, "geometry": {"type": "Point", "coordinates": [46.679170000000056, 24.854010000000073]}, "properties": {"OBJECTID": 1850, "Species": "Ficus nitida", "Spread": 2, "SpreadP": 20}}, {"type": "Feature", "id": 1851, "geometry": {"type": "Point", "coordinates": [46.679279575000066, 24.854022083000075]}, "properties": {"OBJECTID": 1851, "Species": null, "Spread": 6.937467462181329, "SpreadP": 11.3}}, {"type": "Feature", "id": 1852, "geometry": {"type": "Point", "coordinates": [46.67925000000008, 24.854030000000023]}, "properties": {"OBJECTID": 1852, "Species": "Ficus nitida", "Spread": 3, "SpreadP": 20}}, {"type": "Feature", "id": 1853, "geometry": {"type": "Point", "coordinates": [46.67929144200008, 24.85405147000006]}, "properties": {"OBJECTID": 1853, "Species": null, "Spread": 5.709475933941948, "SpreadP": 11.3}}, {"type": "Feature", "id": 1854, "geometry": {"type": "Point", "coordinates": [46.67935219100008, 24.854052972000034]}, "properties": {"OBJECTID": 1854, "Species": null, "Spread": 3.0515633473542936, "SpreadP": 11.3}}, {"type": "Feature", "id": 1855, "geometry": {"type": "Point", "coordinates": [46.67948230700006, 24.854086164000023]}, "properties": {"OBJECTID": 1855, "Species": null, "Spread": 5.754733753337619, "SpreadP": 11.3}}, {"type": "Feature", "id": 1856, "geometry": {"type": "Point", "coordinates": [46.679410000000075, 24.854090000000042]}, "properties": {"OBJECTID": 1856, "Species": "Ficus nitida", "Spread": 3, "SpreadP": 20}}, {"type": "Feature", "id": 1857, "geometry": {"type": "Point", "coordinates": [46.67954000000003, 24.85411000000005]}, "properties": {"OBJECTID": 1857, "Species": "Ficus nitida", "Spread": 2, "SpreadP": 20}}, {"type": "Feature", "id": 1858, "geometry": {"type": "Point", "coordinates": [46.67962000000006, 24.85414000000003]}, "properties": {"OBJECTID": 1858, "Species": "Ficus nitida", "Spread": 2, "SpreadP": 20}}, {"type": "Feature", "id": 1859, "geometry": {"type": "Point", "coordinates": [46.67957558100005, 24.85415127400006]}, "properties": {"OBJECTID": 1859, "Species": null, "Spread": 6.33125295436991, "SpreadP": 11.3}}, {"type": "Feature", "id": 1860, "geometry": {"type": "Point", "coordinates": [46.679110550000075, 24.854184600000053]}, "properties": {"OBJECTID": 1860, "Species": "Phoenix dactylifera", "Spread": 2, "SpreadP": 10}}, {"type": "Feature", "id": 1861, "geometry": {"type": "Point", "coordinates": [46.679660184000056, 24.854185253000026]}, "properties": {"OBJECTID": 1861, "Species": null, "Spread": 5.50077610725605, "SpreadP": 11.3}}, {"type": "Feature", "id": 1862, "geometry": {"type": "Point", "coordinates": [46.67919126000004, 24.85422140000003]}, "properties": {"OBJECTID": 1862, "Species": "Phoenix dactylifera", "Spread": 2, "SpreadP": 10}}, {"type": "Feature", "id": 1863, "geometry": {"type": "Point", "coordinates": [46.67926495000006, 24.854242860000056]}, "properties": {"OBJECTID": 1863, "Species": "Phoenix dactylifera", "Spread": 1, "SpreadP": 10}}, {"type": "Feature", "id": 1864, "geometry": {"type": "Point", "coordinates": [46.67922319200005, 24.85424346900004]}, "properties": {"OBJECTID": 1864, "Species": "Phoenix dactylifera", "Spread": 4.048035689415142, "SpreadP": 10}}, {"type": "Feature", "id": 1865, "geometry": {"type": "Point", "coordinates": [46.67977983500003, 24.85424835400005]}, "properties": {"OBJECTID": 1865, "Species": null, "Spread": 4.94060660593505, "SpreadP": 11.3}}, {"type": "Feature", "id": 1866, "geometry": {"type": "Point", "coordinates": [46.67934099000007, 24.85427302000005]}, "properties": {"OBJECTID": 1866, "Species": "Phoenix dactylifera", "Spread": 2, "SpreadP": 10}}, {"type": "Feature", "id": 1867, "geometry": {"type": "Point", "coordinates": [46.679850685000076, 24.85427612600006]}, "properties": {"OBJECTID": 1867, "Species": null, "Spread": 4.614125783621363, "SpreadP": 11.3}}, {"type": "Feature", "id": 1868, "geometry": {"type": "Point", "coordinates": [46.68197500000008, 24.854784100000074]}, "properties": {"OBJECTID": 1868, "Species": "Ziziphus spina-christi", "Spread": 5, "SpreadP": 10}}, {"type": "Feature", "id": 1869, "geometry": {"type": "Point", "coordinates": [46.68203100000005, 24.854814000000033]}, "properties": {"OBJECTID": 1869, "Species": "Vachellia farnesiana", "Spread": 2.25, "SpreadP": 8}}, {"type": "Feature", "id": 1870, "geometry": {"type": "Point", "coordinates": [46.68195627700004, 24.854834362000076]}, "properties": {"OBJECTID": 1870, "Species": "Ziziphus spina-christi", "Spread": 5, "SpreadP": 10}}, {"type": "Feature", "id": 1871, "geometry": {"type": "Point", "coordinates": [46.68199514200006, 24.85483454900003]}, "properties": {"OBJECTID": 1871, "Species": null, "Spread": 3.998388929005864, "SpreadP": 11.3}}, {"type": "Feature", "id": 1872, "geometry": {"type": "Point", "coordinates": [46.68219600000003, 24.854818000000023]}, "properties": {"OBJECTID": 1872, "Species": "Vachellia farnesiana", "Spread": 0.5, "SpreadP": 8}}, {"type": "Feature", "id": 1873, "geometry": {"type": "Point", "coordinates": [46.682420000000036, 24.854861000000028]}, "properties": {"OBJECTID": 1873, "Species": "Ziziphus spina-christi", "Spread": 4, "SpreadP": 10}}, {"type": "Feature", "id": 1874, "geometry": {"type": "Point", "coordinates": [46.68221500000004, 24.85487500000005]}, "properties": {"OBJECTID": 1874, "Species": "Vachellia farnesiana", "Spread": 2.75, "SpreadP": 8}}, {"type": "Feature", "id": 1875, "geometry": {"type": "Point", "coordinates": [46.68238844700005, 24.85489003400005]}, "properties": {"OBJECTID": 1875, "Species": "Ziziphus spina-christi", "Spread": 4, "SpreadP": 10}}, {"type": "Feature", "id": 1876, "geometry": {"type": "Point", "coordinates": [46.68226800000008, 24.85489300000006]}, "properties": {"OBJECTID": 1876, "Species": "Albizia lebbeck", "Spread": 5, "SpreadP": 18}}, {"type": "Feature", "id": 1877, "geometry": {"type": "Point", "coordinates": [46.68249808300004, 24.85491041800003]}, "properties": {"OBJECTID": 1877, "Species": "Ficus religiosa", "Spread": 2.5, "SpreadP": 18}}, {"type": "Feature", "id": 1878, "geometry": {"type": "Point", "coordinates": [46.68261000000007, 24.854933000000074]}, "properties": {"OBJECTID": 1878, "Species": "Ziziphus spina-christi", "Spread": 2.5, "SpreadP": 10}}, {"type": "Feature", "id": 1879, "geometry": {"type": "Point", "coordinates": [46.68227680000007, 24.854937188000065]}, "properties": {"OBJECTID": 1879, "Species": "Albizia lebbeck", "Spread": 5, "SpreadP": 18}}, {"type": "Feature", "id": 1880, "geometry": {"type": "Point", "coordinates": [46.68221511000007, 24.85494661900003]}, "properties": {"OBJECTID": 1880, "Species": "Ficus altissima", "Spread": 2.5, "SpreadP": 16}}, {"type": "Feature", "id": 1881, "geometry": {"type": "Point", "coordinates": [46.682503447000045, 24.85495422500003]}, "properties": {"OBJECTID": 1881, "Species": "Albizia lebbeck", "Spread": 3, "SpreadP": 18}}, {"type": "Feature", "id": 1882, "geometry": {"type": "Point", "coordinates": [46.682408000000066, 24.85496500000005]}, "properties": {"OBJECTID": 1882, "Species": "Vachellia farnesiana", "Spread": 1.5, "SpreadP": 8}}, {"type": "Feature", "id": 1883, "geometry": {"type": "Point", "coordinates": [46.681970000000035, 24.854861000000028]}, "properties": {"OBJECTID": 1883, "Species": "Ziziphus spina-christi", "Spread": 4.75, "SpreadP": 10}}, {"type": "Feature", "id": 1884, "geometry": {"type": "Point", "coordinates": [46.682071276000045, 24.85487938600005]}, "properties": {"OBJECTID": 1884, "Species": "Ficus altissima", "Spread": 2.5, "SpreadP": 16}}, {"type": "Feature", "id": 1885, "geometry": {"type": "Point", "coordinates": [46.682004402000075, 24.85489401700005]}, "properties": {"OBJECTID": 1885, "Species": null, "Spread": 3.6836870724879707, "SpreadP": 11.3}}, {"type": "Feature", "id": 1886, "geometry": {"type": "Point", "coordinates": [46.68174031600006, 24.855048460000035]}, "properties": {"OBJECTID": 1886, "Species": null, "Spread": 5.72148102144098, "SpreadP": 11.3}}, {"type": "Feature", "id": 1887, "geometry": {"type": "Point", "coordinates": [46.68182685200003, 24.85506129500004]}, "properties": {"OBJECTID": 1887, "Species": null, "Spread": 6.73899318078614, "SpreadP": 11.3}}, {"type": "Feature", "id": 1888, "geometry": {"type": "Point", "coordinates": [46.68172000000004, 24.855080000000044]}, "properties": {"OBJECTID": 1888, "Species": "Ziziphus spina-christi", "Spread": 4, "SpreadP": 10}}, {"type": "Feature", "id": 1889, "geometry": {"type": "Point", "coordinates": [46.68180000000007, 24.855080000000044]}, "properties": {"OBJECTID": 1889, "Species": "Ziziphus spina-christi", "Spread": 5, "SpreadP": 10}}, {"type": "Feature", "id": 1890, "geometry": {"type": "Point", "coordinates": [46.68182939600007, 24.85509212100004]}, "properties": {"OBJECTID": 1890, "Species": null, "Spread": 5.688950489916249, "SpreadP": 11.3}}, {"type": "Feature", "id": 1891, "geometry": {"type": "Point", "coordinates": [46.681940000000054, 24.85513000000003]}, "properties": {"OBJECTID": 1891, "Species": "Ziziphus spina-christi", "Spread": 3, "SpreadP": 10}}, {"type": "Feature", "id": 1892, "geometry": {"type": "Point", "coordinates": [46.682031953000035, 24.855161931000055]}, "properties": {"OBJECTID": 1892, "Species": null, "Spread": 3.6410996644112514, "SpreadP": 11.3}}, {"type": "Feature", "id": 1893, "geometry": {"type": "Point", "coordinates": [46.68260101300007, 24.854984951000063]}, "properties": {"OBJECTID": 1893, "Species": "Ziziphus spina-christi", "Spread": 2.5, "SpreadP": 10}}, {"type": "Feature", "id": 1894, "geometry": {"type": "Point", "coordinates": [46.682623000000035, 24.854994000000033]}, "properties": {"OBJECTID": 1894, "Species": "Ficus religiosa", "Spread": 2.75, "SpreadP": 18}}, {"type": "Feature", "id": 1895, "geometry": {"type": "Point", "coordinates": [46.68266605600007, 24.855010506000042]}, "properties": {"OBJECTID": 1895, "Species": "Ficus religiosa", "Spread": 3, "SpreadP": 18}}, {"type": "Feature", "id": 1896, "geometry": {"type": "Point", "coordinates": [46.68235600000003, 24.855017000000032]}, "properties": {"OBJECTID": 1896, "Species": "Ziziphus spina-christi", "Spread": 4, "SpreadP": 10}}, {"type": "Feature", "id": 1897, "geometry": {"type": "Point", "coordinates": [46.68245885600004, 24.855015982000054]}, "properties": {"OBJECTID": 1897, "Species": "Albizia lebbeck", "Spread": 3, "SpreadP": 18}}, {"type": "Feature", "id": 1898, "geometry": {"type": "Point", "coordinates": [46.68255700000003, 24.85501800000003]}, "properties": {"OBJECTID": 1898, "Species": "Ficus religiosa", "Spread": 2, "SpreadP": 18}}, {"type": "Feature", "id": 1899, "geometry": {"type": "Point", "coordinates": [46.682439000000045, 24.855022000000076]}, "properties": {"OBJECTID": 1899, "Species": "Vachellia farnesiana", "Spread": 0.5, "SpreadP": 8}}, {"type": "Feature", "id": 1900, "geometry": {"type": "Point", "coordinates": [46.68270200000006, 24.855038000000036]}, "properties": {"OBJECTID": 1900, "Species": "Ziziphus spina-christi", "Spread": 3.25, "SpreadP": 10}}, {"type": "Feature", "id": 1901, "geometry": {"type": "Point", "coordinates": [46.68237369500008, 24.855051880000076]}, "properties": {"OBJECTID": 1901, "Species": "Ziziphus spina-christi", "Spread": 4, "SpreadP": 10}}, {"type": "Feature", "id": 1902, "geometry": {"type": "Point", "coordinates": [46.68254669800007, 24.855063441000027]}, "properties": {"OBJECTID": 1902, "Species": "Ficus altissima", "Spread": 2, "SpreadP": 16}}, {"type": "Feature", "id": 1903, "geometry": {"type": "Point", "coordinates": [46.68266500000004, 24.855067000000076]}, "properties": {"OBJECTID": 1903, "Species": "Ficus altissima", "Spread": 1, "SpreadP": 16}}, {"type": "Feature", "id": 1904, "geometry": {"type": "Point", "coordinates": [46.682503000000054, 24.85507000000007]}, "properties": {"OBJECTID": 1904, "Species": "Vachellia farnesiana", "Spread": 2, "SpreadP": 8}}, {"type": "Feature", "id": 1905, "geometry": {"type": "Point", "coordinates": [46.68267074900007, 24.855072263000068]}, "properties": {"OBJECTID": 1905, "Species": "Ziziphus spina-christi", "Spread": 3, "SpreadP": 10}}, {"type": "Feature", "id": 1906, "geometry": {"type": "Point", "coordinates": [46.68259631800004, 24.855081694000035]}, "properties": {"OBJECTID": 1906, "Species": "Ficus religiosa", "Spread": 2, "SpreadP": 18}}, {"type": "Feature", "id": 1907, "geometry": {"type": "Point", "coordinates": [46.682667062000064, 24.85509416600007]}, "properties": {"OBJECTID": 1907, "Species": "Ficus religiosa", "Spread": 2.5, "SpreadP": 18}}, {"type": "Feature", "id": 1908, "geometry": {"type": "Point", "coordinates": [46.68262800000008, 24.855129000000034]}, "properties": {"OBJECTID": 1908, "Species": "Albizia lebbeck", "Spread": 3.75, "SpreadP": 18}}, {"type": "Feature", "id": 1909, "geometry": {"type": "Point", "coordinates": [46.68269556000007, 24.855133411000054]}, "properties": {"OBJECTID": 1909, "Species": "Ziziphus spina-christi", "Spread": 4, "SpreadP": 10}}, {"type": "Feature", "id": 1910, "geometry": {"type": "Point", "coordinates": [46.68283168200003, 24.855213117000062]}, "properties": {"OBJECTID": 1910, "Species": "Albizia lebbeck", "Spread": 3, "SpreadP": 18}}, {"type": "Feature", "id": 1911, "geometry": {"type": "Point", "coordinates": [46.677910000000054, 24.853680000000054]}, "properties": {"OBJECTID": 1911, "Species": "Phoenix dactylifera", "Spread": 2, "SpreadP": 10}}, {"type": "Feature", "id": 1912, "geometry": {"type": "Point", "coordinates": [46.677935955000066, 24.85369447100004]}, "properties": {"OBJECTID": 1912, "Species": "Phoenix dactylifera", "Spread": 3.567737667374323, "SpreadP": 10}}, {"type": "Feature", "id": 1913, "geometry": {"type": "Point", "coordinates": [46.67785870800003, 24.85369575200008]}, "properties": {"OBJECTID": 1913, "Species": "Phoenix dactylifera", "Spread": 2.8046521900895014, "SpreadP": 10}}, {"type": "Feature", "id": 1914, "geometry": {"type": "Point", "coordinates": [46.67792828900008, 24.85372458200004]}, "properties": {"OBJECTID": 1914, "Species": "Phoenix dactylifera", "Spread": 3.073875511708248, "SpreadP": 10}}, {"type": "Feature", "id": 1915, "geometry": {"type": "Point", "coordinates": [46.678120000000035, 24.853770000000054]}, "properties": {"OBJECTID": 1915, "Species": "Phoenix dactylifera", "Spread": 2, "SpreadP": 10}}, {"type": "Feature", "id": 1916, "geometry": {"type": "Point", "coordinates": [46.67900791000005, 24.853677314000038]}, "properties": {"OBJECTID": 1916, "Species": "Phoenix dactylifera", "Spread": 4.495284731192426, "SpreadP": 10}}, {"type": "Feature", "id": 1917, "geometry": {"type": "Point", "coordinates": [46.67854566400007, 24.85372170100004]}, "properties": {"OBJECTID": 1917, "Species": "Phoenix dactylifera", "Spread": 3.6718297263354462, "SpreadP": 10}}, {"type": "Feature", "id": 1918, "geometry": {"type": "Point", "coordinates": [46.678720000000055, 24.85382000000004]}, "properties": {"OBJECTID": 1918, "Species": "Ficus nitida", "Spread": 2, "SpreadP": 20}}, {"type": "Feature", "id": 1919, "geometry": {"type": "Point", "coordinates": [46.67882324900006, 24.853823360000035]}, "properties": {"OBJECTID": 1919, "Species": null, "Spread": 3.4145545698577053, "SpreadP": 11.3}}, {"type": "Feature", "id": 1920, "geometry": {"type": "Point", "coordinates": [46.678750000000036, 24.853830000000073]}, "properties": {"OBJECTID": 1920, "Species": "Ficus nitida", "Spread": 3, "SpreadP": 20}}, {"type": "Feature", "id": 1921, "geometry": {"type": "Point", "coordinates": [46.67832830000003, 24.85385928000005]}, "properties": {"OBJECTID": 1921, "Species": "Phoenix dactylifera", "Spread": 2, "SpreadP": 10}}, {"type": "Feature", "id": 1922, "geometry": {"type": "Point", "coordinates": [46.678905618000044, 24.853863973000045]}, "properties": {"OBJECTID": 1922, "Species": "Phoenix dactylifera", "Spread": 6.237600019880812, "SpreadP": 10}}, {"type": "Feature", "id": 1923, "geometry": {"type": "Point", "coordinates": [46.678990000000056, 24.85387000000003]}, "properties": {"OBJECTID": 1923, "Species": "Ficus nitida", "Spread": 2, "SpreadP": 20}}, {"type": "Feature", "id": 1924, "geometry": {"type": "Point", "coordinates": [46.67840303000003, 24.853891530000055]}, "properties": {"OBJECTID": 1924, "Species": "Phoenix dactylifera", "Spread": 2, "SpreadP": 10}}, {"type": "Feature", "id": 1925, "geometry": {"type": "Point", "coordinates": [46.67847596000007, 24.853921410000055]}, "properties": {"OBJECTID": 1925, "Species": "Phoenix dactylifera", "Spread": 2, "SpreadP": 10}}, {"type": "Feature", "id": 1926, "geometry": {"type": "Point", "coordinates": [46.67900188600004, 24.853933589000064]}, "properties": {"OBJECTID": 1926, "Species": null, "Spread": 6.344941645049084, "SpreadP": 11.3}}, {"type": "Feature", "id": 1927, "geometry": {"type": "Point", "coordinates": [46.67906000000005, 24.853940000000023]}, "properties": {"OBJECTID": 1927, "Species": "Ficus nitida", "Spread": 3, "SpreadP": 20}}, {"type": "Feature", "id": 1928, "geometry": {"type": "Point", "coordinates": [46.67854872000004, 24.85395347000008]}, "properties": {"OBJECTID": 1928, "Species": "Phoenix dactylifera", "Spread": 2, "SpreadP": 10}}, {"type": "Feature", "id": 1929, "geometry": {"type": "Point", "coordinates": [46.678776500000026, 24.854051704000028]}, "properties": {"OBJECTID": 1929, "Species": "Phoenix dactylifera", "Spread": 5.2881771726864555, "SpreadP": 10}}, {"type": "Feature", "id": 1930, "geometry": {"type": "Point", "coordinates": [46.678833990000044, 24.85407145000005]}, "properties": {"OBJECTID": 1930, "Species": "Phoenix dactylifera", "Spread": 1.5, "SpreadP": 10}}, {"type": "Feature", "id": 1931, "geometry": {"type": "Point", "coordinates": [46.67877024500007, 24.854080020000026]}, "properties": {"OBJECTID": 1931, "Species": "Phoenix dactylifera", "Spread": 4.762776052787036, "SpreadP": 10}}, {"type": "Feature", "id": 1932, "geometry": {"type": "Point", "coordinates": [46.67897153000007, 24.854129730000068]}, "properties": {"OBJECTID": 1932, "Species": "Phoenix dactylifera", "Spread": 2, "SpreadP": 10}}, {"type": "Feature", "id": 1933, "geometry": {"type": "Point", "coordinates": [46.67904726000006, 24.85415702000006]}, "properties": {"OBJECTID": 1933, "Species": "Phoenix dactylifera", "Spread": 2, "SpreadP": 10}}, {"type": "Feature", "id": 1934, "geometry": {"type": "Point", "coordinates": [46.67645003600006, 24.85286364700005]}, "properties": {"OBJECTID": 1934, "Species": null, "Spread": 4.605667249998307, "SpreadP": 11.3}}, {"type": "Feature", "id": 1935, "geometry": {"type": "Point", "coordinates": [46.675852759000065, 24.852567804000046]}, "properties": {"OBJECTID": 1935, "Species": null, "Spread": 5.5851919263951455, "SpreadP": 11.3}}, {"type": "Feature", "id": 1936, "geometry": {"type": "Point", "coordinates": [46.67577000000006, 24.85257000000007]}, "properties": {"OBJECTID": 1936, "Species": "Ficus nitida", "Spread": 3, "SpreadP": 20}}, {"type": "Feature", "id": 1937, "geometry": {"type": "Point", "coordinates": [46.67589826500006, 24.85259621600005]}, "properties": {"OBJECTID": 1937, "Species": null, "Spread": 4.883897192191745, "SpreadP": 11.3}}, {"type": "Feature", "id": 1938, "geometry": {"type": "Point", "coordinates": [46.67595000000006, 24.852600000000052]}, "properties": {"OBJECTID": 1938, "Species": "Ficus nitida", "Spread": 2, "SpreadP": 20}}, {"type": "Feature", "id": 1939, "geometry": {"type": "Point", "coordinates": [46.675999612000055, 24.852617934000023]}, "properties": {"OBJECTID": 1939, "Species": null, "Spread": 4.062165000603529, "SpreadP": 11.3}}, {"type": "Feature", "id": 1940, "geometry": {"type": "Point", "coordinates": [46.67600683500007, 24.852644406000024]}, "properties": {"OBJECTID": 1940, "Species": null, "Spread": 3.1183003117218586, "SpreadP": 11.3}}, {"type": "Feature", "id": 1941, "geometry": {"type": "Point", "coordinates": [46.67556819400005, 24.852434732000063]}, "properties": {"OBJECTID": 1941, "Species": null, "Spread": 5.75783084592335, "SpreadP": 11.3}}, {"type": "Feature", "id": 1942, "geometry": {"type": "Point", "coordinates": [46.675059790000034, 24.852479480000056]}, "properties": {"OBJECTID": 1942, "Species": "Phoenix dactylifera", "Spread": 2, "SpreadP": 10}}, {"type": "Feature", "id": 1943, "geometry": {"type": "Point", "coordinates": [46.675640000000044, 24.852520000000027]}, "properties": {"OBJECTID": 1943, "Species": "Ficus nitida", "Spread": 4, "SpreadP": 20}}, {"type": "Feature", "id": 1944, "geometry": {"type": "Point", "coordinates": [46.67519359000005, 24.85253294000006]}, "properties": {"OBJECTID": 1944, "Species": "Phoenix dactylifera", "Spread": 1, "SpreadP": 10}}, {"type": "Feature", "id": 1945, "geometry": {"type": "Point", "coordinates": [46.67533990000004, 24.852597820000028]}, "properties": {"OBJECTID": 1945, "Species": "Phoenix dactylifera", "Spread": 1, "SpreadP": 10}}, {"type": "Feature", "id": 1946, "geometry": {"type": "Point", "coordinates": [46.69417440900003, 24.88281773800003]}, "properties": {"OBJECTID": 1946, "Species": "Ziziphus spina-christi", "Spread": 4, "SpreadP": 10}}, {"type": "Feature", "id": 1947, "geometry": {"type": "Point", "coordinates": [46.694186685000034, 24.882942383000056]}, "properties": {"OBJECTID": 1947, "Species": null, "Spread": 2.9816765634723272, "SpreadP": 11.3}}, {"type": "Feature", "id": 1948, "geometry": {"type": "Point", "coordinates": [46.694157645000075, 24.882971638000072]}, "properties": {"OBJECTID": 1948, "Species": "Ziziphus spina-christi", "Spread": 3, "SpreadP": 10}}, {"type": "Feature", "id": 1949, "geometry": {"type": "Point", "coordinates": [46.69416300900008, 24.883079916000042]}, "properties": {"OBJECTID": 1949, "Species": "Ziziphus spina-christi", "Spread": 4, "SpreadP": 10}}, {"type": "Feature", "id": 1950, "geometry": {"type": "Point", "coordinates": [46.69418734200008, 24.883173577000036]}, "properties": {"OBJECTID": 1950, "Species": null, "Spread": 3.4542504375302916, "SpreadP": 11.3}}, {"type": "Feature", "id": 1951, "geometry": {"type": "Point", "coordinates": [46.69414758700003, 24.88319427700003]}, "properties": {"OBJECTID": 1951, "Species": "Ziziphus spina-christi", "Spread": 2.5, "SpreadP": 10}}, {"type": "Feature", "id": 1952, "geometry": {"type": "Point", "coordinates": [46.69417749400003, 24.883328301000063]}, "properties": {"OBJECTID": 1952, "Species": null, "Spread": 3.020654380408249, "SpreadP": 11.3}}, {"type": "Feature", "id": 1953, "geometry": {"type": "Point", "coordinates": [46.69414255800007, 24.883334491000028]}, "properties": {"OBJECTID": 1953, "Species": "Ziziphus spina-christi", "Spread": 2.5, "SpreadP": 10}}, {"type": "Feature", "id": 1954, "geometry": {"type": "Point", "coordinates": [46.694103331000065, 24.88341630800005]}, "properties": {"OBJECTID": 1954, "Species": "Ziziphus spina-christi", "Spread": 5, "SpreadP": 10}}, {"type": "Feature", "id": 1955, "geometry": {"type": "Point", "coordinates": [46.694137193000074, 24.88348170000006]}, "properties": {"OBJECTID": 1955, "Species": "Ziziphus spina-christi", "Spread": 1.5, "SpreadP": 10}}, {"type": "Feature", "id": 1956, "geometry": {"type": "Point", "coordinates": [46.69412613000003, 24.88363042900005]}, "properties": {"OBJECTID": 1956, "Species": "Ziziphus spina-christi", "Spread": 2, "SpreadP": 10}}, {"type": "Feature", "id": 1957, "geometry": {"type": "Point", "coordinates": [46.694117747000064, 24.883720458000028]}, "properties": {"OBJECTID": 1957, "Species": "Ziziphus spina-christi", "Spread": 1.5, "SpreadP": 10}}, {"type": "Feature", "id": 1958, "geometry": {"type": "Point", "coordinates": [46.694150008000065, 24.88373896300004]}, "properties": {"OBJECTID": 1958, "Species": null, "Spread": 2.8479002604161683, "SpreadP": 11.3}}, {"type": "Feature", "id": 1959, "geometry": {"type": "Point", "coordinates": [46.69471685800005, 24.883819214000027]}, "properties": {"OBJECTID": 1959, "Species": null, "Spread": 3.529795710679521, "SpreadP": 11.3}}, {"type": "Feature", "id": 1960, "geometry": {"type": "Point", "coordinates": [46.69414074400004, 24.88383329800007]}, "properties": {"OBJECTID": 1960, "Species": null, "Spread": 2.8615593349186557, "SpreadP": 11.3}}, {"type": "Feature", "id": 1961, "geometry": {"type": "Point", "coordinates": [46.69411338800006, 24.883861280000076]}, "properties": {"OBJECTID": 1961, "Species": "Ziziphus spina-christi", "Spread": 1.5, "SpreadP": 10}}, {"type": "Feature", "id": 1962, "geometry": {"type": "Point", "coordinates": [46.69409796600007, 24.883962866000047]}, "properties": {"OBJECTID": 1962, "Species": "Ziziphus spina-christi", "Spread": 1.5, "SpreadP": 10}}, {"type": "Feature", "id": 1963, "geometry": {"type": "Point", "coordinates": [46.69413329300005, 24.88396474600006]}, "properties": {"OBJECTID": 1963, "Species": null, "Spread": 3.22057877467839, "SpreadP": 11.3}}, {"type": "Feature", "id": 1964, "geometry": {"type": "Point", "coordinates": [46.69409897200006, 24.884030387000053]}, "properties": {"OBJECTID": 1964, "Species": "Ziziphus spina-christi", "Spread": 2.5, "SpreadP": 10}}, {"type": "Feature", "id": 1965, "geometry": {"type": "Point", "coordinates": [46.69411981700006, 24.884054355000046]}, "properties": {"OBJECTID": 1965, "Species": null, "Spread": 3.454261460752452, "SpreadP": 11.3}}, {"type": "Feature", "id": 1966, "geometry": {"type": "Point", "coordinates": [46.694679043000065, 24.88407062700003]}, "properties": {"OBJECTID": 1966, "Species": null, "Spread": 4.246074588484946, "SpreadP": 11.3}}, {"type": "Feature", "id": 1967, "geometry": {"type": "Point", "coordinates": [46.69407000000007, 24.884160000000065]}, "properties": {"OBJECTID": 1967, "Species": "Ziziphus spina-christi", "Spread": 3, "SpreadP": 10}}, {"type": "Feature", "id": 1968, "geometry": {"type": "Point", "coordinates": [46.69467677200004, 24.88418396000003]}, "properties": {"OBJECTID": 1968, "Species": null, "Spread": 3.021393094528054, "SpreadP": 11.3}}, {"type": "Feature", "id": 1969, "geometry": {"type": "Point", "coordinates": [46.694090000000074, 24.884690000000035]}, "properties": {"OBJECTID": 1969, "Species": "Ziziphus spina-christi", "Spread": 3, "SpreadP": 10}}, {"type": "Feature", "id": 1970, "geometry": {"type": "Point", "coordinates": [46.69411000000008, 24.884780000000035]}, "properties": {"OBJECTID": 1970, "Species": "Ziziphus spina-christi", "Spread": 2.5, "SpreadP": 10}}, {"type": "Feature", "id": 1971, "geometry": {"type": "Point", "coordinates": [46.69408000000004, 24.884900000000073]}, "properties": {"OBJECTID": 1971, "Species": "Ziziphus spina-christi", "Spread": 3, "SpreadP": 10}}, {"type": "Feature", "id": 1972, "geometry": {"type": "Point", "coordinates": [46.69405859900007, 24.885025487000064]}, "properties": {"OBJECTID": 1972, "Species": null, "Spread": 3.4202175829556163, "SpreadP": 11.3}}, {"type": "Feature", "id": 1973, "geometry": {"type": "Point", "coordinates": [46.694090000000074, 24.88513000000006]}, "properties": {"OBJECTID": 1973, "Species": "Ziziphus spina-christi", "Spread": 1.5, "SpreadP": 10}}, {"type": "Feature", "id": 1974, "geometry": {"type": "Point", "coordinates": [46.69410000000005, 24.885320000000036]}, "properties": {"OBJECTID": 1974, "Species": "Ziziphus spina-christi", "Spread": 4.5, "SpreadP": 10}}, {"type": "Feature", "id": 1975, "geometry": {"type": "Point", "coordinates": [46.69410000000005, 24.885410000000036]}, "properties": {"OBJECTID": 1975, "Species": "Ziziphus spina-christi", "Spread": 2.5, "SpreadP": 10}}, {"type": "Feature", "id": 1976, "geometry": {"type": "Point", "coordinates": [46.694129470000064, 24.885444792000044]}, "properties": {"OBJECTID": 1976, "Species": null, "Spread": 4.194745896422286, "SpreadP": 11.3}}, {"type": "Feature", "id": 1977, "geometry": {"type": "Point", "coordinates": [46.694090000000074, 24.88566000000003]}, "properties": {"OBJECTID": 1977, "Species": "Ziziphus spina-christi", "Spread": 3, "SpreadP": 10}}, {"type": "Feature", "id": 1978, "geometry": {"type": "Point", "coordinates": [46.694085521000034, 24.885717319000037]}, "properties": {"OBJECTID": 1978, "Species": null, "Spread": 3.420217583169671, "SpreadP": 11.3}}, {"type": "Feature", "id": 1979, "geometry": {"type": "Point", "coordinates": [46.69405000000006, 24.885730000000024]}, "properties": {"OBJECTID": 1979, "Species": "Ziziphus spina-christi", "Spread": 5, "SpreadP": 10}}, {"type": "Feature", "id": 1980, "geometry": {"type": "Point", "coordinates": [46.69406501600008, 24.88580569900006]}, "properties": {"OBJECTID": 1980, "Species": null, "Spread": 3.244703298721377, "SpreadP": 11.3}}, {"type": "Feature", "id": 1981, "geometry": {"type": "Point", "coordinates": [46.694000000000074, 24.88581000000005]}, "properties": {"OBJECTID": 1981, "Species": "Ziziphus spina-christi", "Spread": 4, "SpreadP": 10}}, {"type": "Feature", "id": 1982, "geometry": {"type": "Point", "coordinates": [46.69398000000007, 24.88626000000005]}, "properties": {"OBJECTID": 1982, "Species": "Ziziphus spina-christi", "Spread": 2, "SpreadP": 10}}, {"type": "Feature", "id": 1983, "geometry": {"type": "Point", "coordinates": [46.69402575400005, 24.886273517000063]}, "properties": {"OBJECTID": 1983, "Species": null, "Spread": 2.513336366371982, "SpreadP": 11.3}}, {"type": "Feature", "id": 1984, "geometry": {"type": "Point", "coordinates": [46.69495000000006, 24.886090000000024]}, "properties": {"OBJECTID": 1984, "Species": "Vachellia farnesiana", "Spread": 0.7, "SpreadP": 8}}, {"type": "Feature", "id": 1985, "geometry": {"type": "Point", "coordinates": [46.69496000000004, 24.88635000000005]}, "properties": {"OBJECTID": 1985, "Species": "Vachellia nilotica var. tomentosa", "Spread": 1.2, "SpreadP": 9}}, {"type": "Feature", "id": 1986, "geometry": {"type": "Point", "coordinates": [46.69399000000004, 24.886360000000025]}, "properties": {"OBJECTID": 1986, "Species": "Ziziphus spina-christi", "Spread": 3, "SpreadP": 10}}, {"type": "Feature", "id": 1987, "geometry": {"type": "Point", "coordinates": [46.694034901000066, 24.88643659400003]}, "properties": {"OBJECTID": 1987, "Species": null, "Spread": 2.9685702297366294, "SpreadP": 11.3}}, {"type": "Feature", "id": 1988, "geometry": {"type": "Point", "coordinates": [46.69399000000004, 24.88644000000005]}, "properties": {"OBJECTID": 1988, "Species": "Ziziphus spina-christi", "Spread": 3, "SpreadP": 10}}, {"type": "Feature", "id": 1989, "geometry": {"type": "Point", "coordinates": [46.69399000000004, 24.886580000000038]}, "properties": {"OBJECTID": 1989, "Species": "Ziziphus spina-christi", "Spread": 2, "SpreadP": 10}}, {"type": "Feature", "id": 1990, "geometry": {"type": "Point", "coordinates": [46.69403767700004, 24.886579710000035]}, "properties": {"OBJECTID": 1990, "Species": null, "Spread": 3.2205787748404813, "SpreadP": 11.3}}, {"type": "Feature", "id": 1991, "geometry": {"type": "Point", "coordinates": [46.69404351000003, 24.886692011000036]}, "properties": {"OBJECTID": 1991, "Species": null, "Spread": 2.902150855401278, "SpreadP": 11.3}}, {"type": "Feature", "id": 1992, "geometry": {"type": "Point", "coordinates": [46.69402000000008, 24.886720000000025]}, "properties": {"OBJECTID": 1992, "Species": "Ziziphus spina-christi", "Spread": 2.5, "SpreadP": 10}}, {"type": "Feature", "id": 1993, "geometry": {"type": "Point", "coordinates": [46.69487000000004, 24.886750000000063]}, "properties": {"OBJECTID": 1993, "Species": "Phoenix dactylifera", "Spread": 4.5, "SpreadP": 10}}, {"type": "Feature", "id": 1994, "geometry": {"type": "Point", "coordinates": [46.694883995000055, 24.886788314000057]}, "properties": {"OBJECTID": 1994, "Species": null, "Spread": 3.109703254595966, "SpreadP": 11.3}}, {"type": "Feature", "id": 1995, "geometry": {"type": "Point", "coordinates": [46.69405171100004, 24.886820831000023]}, "properties": {"OBJECTID": 1995, "Species": null, "Spread": 3.1717793034322344, "SpreadP": 11.3}}, {"type": "Feature", "id": 1996, "geometry": {"type": "Point", "coordinates": [46.69496000000004, 24.88659000000007]}, "properties": {"OBJECTID": 1996, "Species": "Vachellia farnesiana", "Spread": 0.8, "SpreadP": 8}}, {"type": "Feature", "id": 1997, "geometry": {"type": "Point", "coordinates": [46.69501000000008, 24.88677000000007]}, "properties": {"OBJECTID": 1997, "Species": "Vachellia farnesiana", "Spread": 1, "SpreadP": 8}}, {"type": "Feature", "id": 1998, "geometry": {"type": "Point", "coordinates": [46.69506000000007, 24.886820000000057]}, "properties": {"OBJECTID": 1998, "Species": "Vachellia farnesiana", "Spread": 0.5, "SpreadP": 8}}, {"type": "Feature", "id": 1999, "geometry": {"type": "Point", "coordinates": [46.694030000000055, 24.886850000000038]}, "properties": {"OBJECTID": 1999, "Species": "Ziziphus spina-christi", "Spread": 3, "SpreadP": 10}}, {"type": "Feature", "id": 2000, "geometry": {"type": "Point", "coordinates": [46.69404000000003, 24.886910000000057]}, "properties": {"OBJECTID": 2000, "Species": "Ziziphus spina-christi", "Spread": 2, "SpreadP": 10}}, {"type": "Feature", "id": 2001, "geometry": {"type": "Point", "coordinates": [46.69404000000003, 24.887000000000057]}, "properties": {"OBJECTID": 2001, "Species": "Ziziphus spina-christi", "Spread": 3, "SpreadP": 10}}, {"type": "Feature", "id": 2002, "geometry": {"type": "Point", "coordinates": [46.69407251000007, 24.887007683000036]}, "properties": {"OBJECTID": 2002, "Species": null, "Spread": 2.915555778728175, "SpreadP": 11.3}}, {"type": "Feature", "id": 2003, "geometry": {"type": "Point", "coordinates": [46.694060000000036, 24.887150000000076]}, "properties": {"OBJECTID": 2003, "Species": "Ziziphus spina-christi", "Spread": 3, "SpreadP": 10}}, {"type": "Feature", "id": 2004, "geometry": {"type": "Point", "coordinates": [46.694980000000044, 24.88689000000005]}, "properties": {"OBJECTID": 2004, "Species": "Phoenix dactylifera", "Spread": 5, "SpreadP": 10}}, {"type": "Feature", "id": 2005, "geometry": {"type": "Point", "coordinates": [46.694060000000036, 24.887230000000045]}, "properties": {"OBJECTID": 2005, "Species": "Ziziphus spina-christi", "Spread": 4, "SpreadP": 10}}, {"type": "Feature", "id": 2006, "geometry": {"type": "Point", "coordinates": [46.69409614600005, 24.887247337000076]}, "properties": {"OBJECTID": 2006, "Species": null, "Spread": 2.942182413937274, "SpreadP": 11.3}}, {"type": "Feature", "id": 2007, "geometry": {"type": "Point", "coordinates": [46.69411014100007, 24.887351545000058]}, "properties": {"OBJECTID": 2007, "Species": null, "Spread": 2.6930820183671718, "SpreadP": 11.3}}, {"type": "Feature", "id": 2008, "geometry": {"type": "Point", "coordinates": [46.69408000000004, 24.887370000000033]}, "properties": {"OBJECTID": 2008, "Species": "Ziziphus spina-christi", "Spread": 4.5, "SpreadP": 10}}, {"type": "Feature", "id": 2009, "geometry": {"type": "Point", "coordinates": [46.69410000000005, 24.887500000000045]}, "properties": {"OBJECTID": 2009, "Species": "Ziziphus spina-christi", "Spread": 2.5, "SpreadP": 10}}, {"type": "Feature", "id": 2010, "geometry": {"type": "Point", "coordinates": [46.69495000000006, 24.887700000000052]}, "properties": {"OBJECTID": 2010, "Species": "Ziziphus spina-christi", "Spread": 2.5, "SpreadP": 10}}, {"type": "Feature", "id": 2011, "geometry": {"type": "Point", "coordinates": [46.69497000000007, 24.887790000000052]}, "properties": {"OBJECTID": 2011, "Species": "Ziziphus spina-christi", "Spread": 3, "SpreadP": 10}}, {"type": "Feature", "id": 2012, "geometry": {"type": "Point", "coordinates": [46.69495221900007, 24.88783273300004]}, "properties": {"OBJECTID": 2012, "Species": null, "Spread": 3.5762677791254145, "SpreadP": 11.3}}, {"type": "Feature", "id": 2013, "geometry": {"type": "Point", "coordinates": [46.694980000000044, 24.887890000000027]}, "properties": {"OBJECTID": 2013, "Species": "Ziziphus spina-christi", "Spread": 2.5, "SpreadP": 10}}, {"type": "Feature", "id": 2014, "geometry": {"type": "Point", "coordinates": [46.69497878400006, 24.888004167000076]}, "properties": {"OBJECTID": 2014, "Species": null, "Spread": 3.1962721726533068, "SpreadP": 11.3}}, {"type": "Feature", "id": 2015, "geometry": {"type": "Point", "coordinates": [46.69504000000006, 24.888130000000046]}, "properties": {"OBJECTID": 2015, "Species": "Ziziphus spina-christi", "Spread": 2.5, "SpreadP": 10}}, {"type": "Feature", "id": 2016, "geometry": {"type": "Point", "coordinates": [46.69500145100005, 24.88815465700003]}, "properties": {"OBJECTID": 2016, "Species": null, "Spread": 3.420217583350221, "SpreadP": 11.3}}, {"type": "Feature", "id": 2017, "geometry": {"type": "Point", "coordinates": [46.695056548000025, 24.888164388000064]}, "properties": {"OBJECTID": 2017, "Species": null, "Spread": 3.304244106007178, "SpreadP": 11.3}}, {"type": "Feature", "id": 2018, "geometry": {"type": "Point", "coordinates": [46.69505000000004, 24.888240000000053]}, "properties": {"OBJECTID": 2018, "Species": "Ziziphus spina-christi", "Spread": 2, "SpreadP": 10}}, {"type": "Feature", "id": 2019, "geometry": {"type": "Point", "coordinates": [46.69506788600006, 24.888271562000057]}, "properties": {"OBJECTID": 2019, "Species": null, "Spread": 3.3858426638206804, "SpreadP": 11.3}}, {"type": "Feature", "id": 2020, "geometry": {"type": "Point", "coordinates": [46.695030634000034, 24.888308823000045]}, "properties": {"OBJECTID": 2020, "Species": null, "Spread": 3.109703255529491, "SpreadP": 11.3}}, {"type": "Feature", "id": 2021, "geometry": {"type": "Point", "coordinates": [46.695070000000044, 24.88835000000006]}, "properties": {"OBJECTID": 2021, "Species": "Ziziphus spina-christi", "Spread": 3, "SpreadP": 10}}, {"type": "Feature", "id": 2022, "geometry": {"type": "Point", "coordinates": [46.69511000000006, 24.888550000000066]}, "properties": {"OBJECTID": 2022, "Species": "Ziziphus spina-christi", "Spread": 3, "SpreadP": 10}}, {"type": "Feature", "id": 2023, "geometry": {"type": "Point", "coordinates": [46.695121552000046, 24.88858433000007]}, "properties": {"OBJECTID": 2023, "Species": null, "Spread": 3.36273084086887, "SpreadP": 11.3}}, {"type": "Feature", "id": 2024, "geometry": {"type": "Point", "coordinates": [46.695291413000064, 24.889509946000032]}, "properties": {"OBJECTID": 2024, "Species": null, "Spread": 3.147095820976213, "SpreadP": 11.3}}, {"type": "Feature", "id": 2025, "geometry": {"type": "Point", "coordinates": [46.69586889500005, 24.891161880000027]}, "properties": {"OBJECTID": 2025, "Species": "Ziziphus spina-christi", "Spread": 3, "SpreadP": 10}}, {"type": "Feature", "id": 2026, "geometry": {"type": "Point", "coordinates": [46.69585710300004, 24.891200163000065]}, "properties": {"OBJECTID": 2026, "Species": null, "Spread": 3.2326635410115516, "SpreadP": 11.3}}, {"type": "Feature", "id": 2027, "geometry": {"type": "Point", "coordinates": [46.69589605200008, 24.891257377000045]}, "properties": {"OBJECTID": 2027, "Species": "Ziziphus spina-christi", "Spread": 2, "SpreadP": 10}}, {"type": "Feature", "id": 2028, "geometry": {"type": "Point", "coordinates": [46.69593963800003, 24.891376292000075]}, "properties": {"OBJECTID": 2028, "Species": "Ziziphus spina-christi", "Spread": 3, "SpreadP": 10}}, {"type": "Feature", "id": 2029, "geometry": {"type": "Point", "coordinates": [46.69615019100007, 24.891907305000075]}, "properties": {"OBJECTID": 2029, "Species": "Ziziphus spina-christi", "Spread": 3.5, "SpreadP": 10}}, {"type": "Feature", "id": 2030, "geometry": {"type": "Point", "coordinates": [46.69615485600008, 24.89193741500003]}, "properties": {"OBJECTID": 2030, "Species": null, "Spread": 3.2084484907857167, "SpreadP": 11.3}}, {"type": "Feature", "id": 2031, "geometry": {"type": "Point", "coordinates": [46.69621624100006, 24.892086133000078]}, "properties": {"OBJECTID": 2031, "Species": "Ziziphus spina-christi", "Spread": 2, "SpreadP": 10}}, {"type": "Feature", "id": 2032, "geometry": {"type": "Point", "coordinates": [46.69625580300004, 24.892169465000052]}, "properties": {"OBJECTID": 2032, "Species": "Ziziphus spina-christi", "Spread": 2, "SpreadP": 10}}, {"type": "Feature", "id": 2033, "geometry": {"type": "Point", "coordinates": [46.69640848800003, 24.892700983000054]}, "properties": {"OBJECTID": 2033, "Species": null, "Spread": 3.2742052629135316, "SpreadP": 11.3}}, {"type": "Feature", "id": 2034, "geometry": {"type": "Point", "coordinates": [46.69644339100006, 24.892808568000078]}, "properties": {"OBJECTID": 2034, "Species": null, "Spread": 3.2924220835472924, "SpreadP": 11.3}}, {"type": "Feature", "id": 2035, "geometry": {"type": "Point", "coordinates": [46.69659711400004, 24.893303254000045]}, "properties": {"OBJECTID": 2035, "Species": "Ziziphus spina-christi", "Spread": 2, "SpreadP": 10}}, {"type": "Feature", "id": 2036, "geometry": {"type": "Point", "coordinates": [46.69663194200007, 24.893346147000045]}, "properties": {"OBJECTID": 2036, "Species": null, "Spread": 3.0206543809246003, "SpreadP": 11.3}}, {"type": "Feature", "id": 2037, "geometry": {"type": "Point", "coordinates": [46.69665042300005, 24.893389626000044]}, "properties": {"OBJECTID": 2037, "Species": "Ziziphus spina-christi", "Spread": 1.5, "SpreadP": 10}}, {"type": "Feature", "id": 2038, "geometry": {"type": "Point", "coordinates": [46.69667944400004, 24.893429991000062]}, "properties": {"OBJECTID": 2038, "Species": null, "Spread": 2.792595962513672, "SpreadP": 11.3}}, {"type": "Feature", "id": 2039, "geometry": {"type": "Point", "coordinates": [46.69673000000006, 24.893570000000068]}, "properties": {"OBJECTID": 2039, "Species": "Ziziphus spina-christi", "Spread": 1.5, "SpreadP": 10}}, {"type": "Feature", "id": 2040, "geometry": {"type": "Point", "coordinates": [46.69679000000008, 24.893660000000068]}, "properties": {"OBJECTID": 2040, "Species": "Ziziphus spina-christi", "Spread": 2.5, "SpreadP": 10}}, {"type": "Feature", "id": 2041, "geometry": {"type": "Point", "coordinates": [46.696830000000034, 24.893730000000062]}, "properties": {"OBJECTID": 2041, "Species": "Ziziphus spina-christi", "Spread": 3, "SpreadP": 10}}, {"type": "Feature", "id": 2042, "geometry": {"type": "Point", "coordinates": [46.69688000000008, 24.893820000000062]}, "properties": {"OBJECTID": 2042, "Species": "Ziziphus spina-christi", "Spread": 2.7, "SpreadP": 10}}, {"type": "Feature", "id": 2043, "geometry": {"type": "Point", "coordinates": [46.69697000000008, 24.89399000000003]}, "properties": {"OBJECTID": 2043, "Species": "Ziziphus spina-christi", "Spread": 2.5, "SpreadP": 10}}, {"type": "Feature", "id": 2044, "geometry": {"type": "Point", "coordinates": [46.69703000000004, 24.89408000000003]}, "properties": {"OBJECTID": 2044, "Species": "Ziziphus spina-christi", "Spread": 3, "SpreadP": 10}}, {"type": "Feature", "id": 2045, "geometry": {"type": "Point", "coordinates": [46.69653000000005, 24.89420000000007]}, "properties": {"OBJECTID": 2045, "Species": "Ziziphus spina-christi", "Spread": 2, "SpreadP": 10}}, {"type": "Feature", "id": 2046, "geometry": {"type": "Point", "coordinates": [46.697110000000066, 24.89423000000005]}, "properties": {"OBJECTID": 2046, "Species": "Ziziphus spina-christi", "Spread": 2.5, "SpreadP": 10}}, {"type": "Feature", "id": 2047, "geometry": {"type": "Point", "coordinates": [46.697190000000035, 24.894360000000063]}, "properties": {"OBJECTID": 2047, "Species": "Ziziphus spina-christi", "Spread": 3, "SpreadP": 10}}, {"type": "Feature", "id": 2048, "geometry": {"type": "Point", "coordinates": [46.69512000000003, 24.888640000000066]}, "properties": {"OBJECTID": 2048, "Species": "Ziziphus spina-christi", "Spread": 3, "SpreadP": 10}}, {"type": "Feature", "id": 2049, "geometry": {"type": "Point", "coordinates": [46.69513137800004, 24.888668203000066]}, "properties": {"OBJECTID": 2049, "Species": null, "Spread": 3.0335356959538355, "SpreadP": 11.3}}, {"type": "Feature", "id": 2050, "geometry": {"type": "Point", "coordinates": [46.69514000000004, 24.88874000000004]}, "properties": {"OBJECTID": 2050, "Species": "Ziziphus spina-christi", "Spread": 3, "SpreadP": 10}}, {"type": "Feature", "id": 2051, "geometry": {"type": "Point", "coordinates": [46.69515431900004, 24.888767272000052]}, "properties": {"OBJECTID": 2051, "Species": null, "Spread": 3.60882930979363, "SpreadP": 11.3}}, {"type": "Feature", "id": 2052, "geometry": {"type": "Point", "coordinates": [46.69520000000006, 24.88897000000003]}, "properties": {"OBJECTID": 2052, "Species": "Ziziphus spina-christi", "Spread": 3, "SpreadP": 10}}, {"type": "Feature", "id": 2053, "geometry": {"type": "Point", "coordinates": [46.69520655100007, 24.88900112400006]}, "properties": {"OBJECTID": 2053, "Species": null, "Spread": 3.122217203964687, "SpreadP": 11.3}}, {"type": "Feature", "id": 2054, "geometry": {"type": "Point", "coordinates": [46.69522000000006, 24.889090000000067]}, "properties": {"OBJECTID": 2054, "Species": "Ziziphus spina-christi", "Spread": 3, "SpreadP": 10}}, {"type": "Feature", "id": 2055, "geometry": {"type": "Point", "coordinates": [46.69524280400003, 24.88911415000007]}, "properties": {"OBJECTID": 2055, "Species": null, "Spread": 3.280557460333502, "SpreadP": 11.3}}, {"type": "Feature", "id": 2056, "geometry": {"type": "Point", "coordinates": [46.69520298900005, 24.88915216500004]}, "properties": {"OBJECTID": 2056, "Species": null, "Spread": 3.4767539349661454, "SpreadP": 11.3}}, {"type": "Feature", "id": 2057, "geometry": {"type": "Point", "coordinates": [46.69524792400006, 24.889330221000023]}, "properties": {"OBJECTID": 2057, "Species": null, "Spread": 3.4879703451760555, "SpreadP": 11.3}}, {"type": "Feature", "id": 2058, "geometry": {"type": "Point", "coordinates": [46.69437538300008, 24.88894065200003]}, "properties": {"OBJECTID": 2058, "Species": null, "Spread": 5.529057918963751, "SpreadP": 11.3}}, {"type": "Feature", "id": 2059, "geometry": {"type": "Point", "coordinates": [46.69441263300007, 24.889076459000023]}, "properties": {"OBJECTID": 2059, "Species": null, "Spread": 4.303026290257155, "SpreadP": 11.3}}, {"type": "Feature", "id": 2060, "geometry": {"type": "Point", "coordinates": [46.69444534500008, 24.88921736800006]}, "properties": {"OBJECTID": 2060, "Species": null, "Spread": 3.304244102772295, "SpreadP": 11.3}}, {"type": "Feature", "id": 2061, "geometry": {"type": "Point", "coordinates": [46.69450664300007, 24.889502135000043]}, "properties": {"OBJECTID": 2061, "Species": null, "Spread": 4.151515287204915, "SpreadP": 11.3}}, {"type": "Feature", "id": 2062, "geometry": {"type": "Point", "coordinates": [46.69454382100008, 24.889639928000065]}, "properties": {"OBJECTID": 2062, "Species": null, "Spread": 4.371104084268439, "SpreadP": 11.3}}, {"type": "Feature", "id": 2063, "geometry": {"type": "Point", "coordinates": [46.69456992000005, 24.88976947200007]}, "properties": {"OBJECTID": 2063, "Species": null, "Spread": 4.20747006223073, "SpreadP": 11.3}}, {"type": "Feature", "id": 2064, "geometry": {"type": "Point", "coordinates": [46.694653231000075, 24.89005488500004]}, "properties": {"OBJECTID": 2064, "Species": null, "Spread": 4.459418138757179, "SpreadP": 11.3}}, {"type": "Feature", "id": 2065, "geometry": {"type": "Point", "coordinates": [46.694693924000035, 24.890193645000068]}, "properties": {"OBJECTID": 2065, "Species": null, "Spread": 3.630374751214639, "SpreadP": 11.3}}, {"type": "Feature", "id": 2066, "geometry": {"type": "Point", "coordinates": [46.69477545800004, 24.890494060000037]}, "properties": {"OBJECTID": 2066, "Species": null, "Spread": 5.073002492977683, "SpreadP": 11.3}}, {"type": "Feature", "id": 2067, "geometry": {"type": "Point", "coordinates": [46.69474402700007, 24.890570697000044]}, "properties": {"OBJECTID": 2067, "Species": null, "Spread": 3.6410996646210627, "SpreadP": 11.3}}, {"type": "Feature", "id": 2068, "geometry": {"type": "Point", "coordinates": [46.69480311500007, 24.89063363300005]}, "properties": {"OBJECTID": 2068, "Species": null, "Spread": 6.431761253176878, "SpreadP": 11.3}}, {"type": "Feature", "id": 2069, "geometry": {"type": "Point", "coordinates": [46.694919636000066, 24.89090316900007]}, "properties": {"OBJECTID": 2069, "Species": null, "Spread": 3.0466237518934203, "SpreadP": 11.3}}, {"type": "Feature", "id": 2070, "geometry": {"type": "Point", "coordinates": [46.69487428300005, 24.89127882500003]}, "properties": {"OBJECTID": 2070, "Species": null, "Spread": 2.533204946376585, "SpreadP": 11.3}}, {"type": "Feature", "id": 2071, "geometry": {"type": "Point", "coordinates": [46.69488527900006, 24.891294962000075]}, "properties": {"OBJECTID": 2071, "Species": "Phoenix dactylifera", "Spread": 4.704542805218306, "SpreadP": 10}}, {"type": "Feature", "id": 2072, "geometry": {"type": "Point", "coordinates": [46.69497817600006, 24.891384634000076]}, "properties": {"OBJECTID": 2072, "Species": null, "Spread": 2.8723844187174405, "SpreadP": 11.3}}, {"type": "Feature", "id": 2073, "geometry": {"type": "Point", "coordinates": [46.694989570000075, 24.89140844900004]}, "properties": {"OBJECTID": 2073, "Species": "Phoenix dactylifera", "Spread": 4.061224576713198, "SpreadP": 10}}, {"type": "Feature", "id": 2074, "geometry": {"type": "Point", "coordinates": [46.69774000000007, 24.894700000000057]}, "properties": {"OBJECTID": 2074, "Species": "Vachellia farnesiana", "Spread": 1.6, "SpreadP": 8}}, {"type": "Feature", "id": 2075, "geometry": {"type": "Point", "coordinates": [46.69757276800004, 24.89476548700003]}, "properties": {"OBJECTID": 2075, "Species": "Ziziphus spina-christi", "Spread": 3, "SpreadP": 10}}, {"type": "Feature", "id": 2076, "geometry": {"type": "Point", "coordinates": [46.69767804400004, 24.894789513000035]}, "properties": {"OBJECTID": 2076, "Species": "Ziziphus spina-christi", "Spread": 3, "SpreadP": 10}}, {"type": "Feature", "id": 2077, "geometry": {"type": "Point", "coordinates": [46.69764926800008, 24.894805468000072]}, "properties": {"OBJECTID": 2077, "Species": null, "Spread": 2.5288031986407704, "SpreadP": 11.3}}, {"type": "Feature", "id": 2078, "geometry": {"type": "Point", "coordinates": [46.69780900000006, 24.894841000000042]}, "properties": {"OBJECTID": 2078, "Species": "Vachellia farnesiana", "Spread": 1, "SpreadP": 8}}, {"type": "Feature", "id": 2079, "geometry": {"type": "Point", "coordinates": [46.696660000000065, 24.894420000000025]}, "properties": {"OBJECTID": 2079, "Species": "Ziziphus spina-christi", "Spread": 2.2, "SpreadP": 10}}, {"type": "Feature", "id": 2080, "geometry": {"type": "Point", "coordinates": [46.69670000000008, 24.894510000000025]}, "properties": {"OBJECTID": 2080, "Species": "Ziziphus spina-christi", "Spread": 2.2, "SpreadP": 10}}, {"type": "Feature", "id": 2081, "geometry": {"type": "Point", "coordinates": [46.69676000000004, 24.894610000000057]}, "properties": {"OBJECTID": 2081, "Species": "Ziziphus spina-christi", "Spread": 2, "SpreadP": 10}}, {"type": "Feature", "id": 2082, "geometry": {"type": "Point", "coordinates": [46.69685000000004, 24.89477000000005]}, "properties": {"OBJECTID": 2082, "Species": "Ziziphus spina-christi", "Spread": 2.5, "SpreadP": 10}}, {"type": "Feature", "id": 2083, "geometry": {"type": "Point", "coordinates": [46.69688115500003, 24.894778863000056]}, "properties": {"OBJECTID": 2083, "Species": null, "Spread": 3.046362540696427, "SpreadP": 11.3}}, {"type": "Feature", "id": 2084, "geometry": {"type": "Point", "coordinates": [46.696920000000034, 24.894880000000057]}, "properties": {"OBJECTID": 2084, "Species": "Ziziphus spina-christi", "Spread": 3, "SpreadP": 10}}, {"type": "Feature", "id": 2085, "geometry": {"type": "Point", "coordinates": [46.69697000000008, 24.894970000000058]}, "properties": {"OBJECTID": 2085, "Species": "Ziziphus spina-christi", "Spread": 2, "SpreadP": 10}}, {"type": "Feature", "id": 2086, "geometry": {"type": "Point", "coordinates": [46.697020000000066, 24.89504000000005]}, "properties": {"OBJECTID": 2086, "Species": "Ziziphus spina-christi", "Spread": 3, "SpreadP": 10}}, {"type": "Feature", "id": 2087, "geometry": {"type": "Point", "coordinates": [46.69708000000003, 24.895230000000026]}, "properties": {"OBJECTID": 2087, "Species": "Ziziphus spina-christi", "Spread": 2.5, "SpreadP": 10}}, {"type": "Feature", "id": 2088, "geometry": {"type": "Point", "coordinates": [46.697703861000036, 24.894859765000035]}, "properties": {"OBJECTID": 2088, "Species": "Ziziphus spina-christi", "Spread": 4, "SpreadP": 10}}, {"type": "Feature", "id": 2089, "geometry": {"type": "Point", "coordinates": [46.697609312000054, 24.89487375500005]}, "properties": {"OBJECTID": 2089, "Species": "Ziziphus spina-christi", "Spread": 4, "SpreadP": 10}}, {"type": "Feature", "id": 2090, "geometry": {"type": "Point", "coordinates": [46.69771865800004, 24.894918939000036]}, "properties": {"OBJECTID": 2090, "Species": null, "Spread": 3.487951239443422, "SpreadP": 11.3}}, {"type": "Feature", "id": 2091, "geometry": {"type": "Point", "coordinates": [46.69774610600007, 24.894939141000066]}, "properties": {"OBJECTID": 2091, "Species": "Ziziphus spina-christi", "Spread": 4, "SpreadP": 10}}, {"type": "Feature", "id": 2092, "geometry": {"type": "Point", "coordinates": [46.69764518800008, 24.894957692000048]}, "properties": {"OBJECTID": 2092, "Species": "Ziziphus spina-christi", "Spread": 2.5, "SpreadP": 10}}, {"type": "Feature", "id": 2093, "geometry": {"type": "Point", "coordinates": [46.697778292000066, 24.895009697000035]}, "properties": {"OBJECTID": 2093, "Species": "Ziziphus spina-christi", "Spread": 4.5, "SpreadP": 10}}, {"type": "Feature", "id": 2094, "geometry": {"type": "Point", "coordinates": [46.697796062000066, 24.895178181000063]}, "properties": {"OBJECTID": 2094, "Species": "Ziziphus spina-christi", "Spread": 3, "SpreadP": 10}}, {"type": "Feature", "id": 2095, "geometry": {"type": "Point", "coordinates": [46.69787518700008, 24.895186393000074]}, "properties": {"OBJECTID": 2095, "Species": "Ziziphus spina-christi", "Spread": 3, "SpreadP": 10}}, {"type": "Feature", "id": 2096, "geometry": {"type": "Point", "coordinates": [46.697916761000045, 24.895282191000035]}, "properties": {"OBJECTID": 2096, "Species": "Ziziphus spina-christi", "Spread": 4.5, "SpreadP": 10}}, {"type": "Feature", "id": 2097, "geometry": {"type": "Point", "coordinates": [46.69785875800005, 24.89528766500007]}, "properties": {"OBJECTID": 2097, "Species": "Ziziphus spina-christi", "Spread": 3, "SpreadP": 10}}, {"type": "Feature", "id": 2098, "geometry": {"type": "Point", "coordinates": [46.69797268700006, 24.89530388000003]}, "properties": {"OBJECTID": 2098, "Species": null, "Spread": 3.630374751477678, "SpreadP": 11.3}}, {"type": "Feature", "id": 2099, "geometry": {"type": "Point", "coordinates": [46.69835200000006, 24.89564100000007]}, "properties": {"OBJECTID": 2099, "Species": "Vachellia farnesiana", "Spread": 1, "SpreadP": 8}}, {"type": "Feature", "id": 2100, "geometry": {"type": "Point", "coordinates": [46.69790871400005, 24.895345448000057]}, "properties": {"OBJECTID": 2100, "Species": "Ziziphus spina-christi", "Spread": 2, "SpreadP": 10}}, {"type": "Feature", "id": 2101, "geometry": {"type": "Point", "coordinates": [46.69803712600003, 24.895371299000033]}, "properties": {"OBJECTID": 2101, "Species": "Ziziphus spina-christi", "Spread": 3.5, "SpreadP": 10}}, {"type": "Feature", "id": 2102, "geometry": {"type": "Point", "coordinates": [46.698081382000055, 24.895426649000058]}, "properties": {"OBJECTID": 2102, "Species": "Ziziphus spina-christi", "Spread": 4.5, "SpreadP": 10}}, {"type": "Feature", "id": 2103, "geometry": {"type": "Point", "coordinates": [46.69808683700006, 24.895482513000047]}, "properties": {"OBJECTID": 2103, "Species": null, "Spread": 3.8188175446004378, "SpreadP": 11.3}}, {"type": "Feature", "id": 2104, "geometry": {"type": "Point", "coordinates": [46.69828000000007, 24.895530000000065]}, "properties": {"OBJECTID": 2104, "Species": "Vachellia farnesiana", "Spread": 0.5, "SpreadP": 8}}, {"type": "Feature", "id": 2105, "geometry": {"type": "Point", "coordinates": [46.69830500000006, 24.89555800000005]}, "properties": {"OBJECTID": 2105, "Species": "Vachellia farnesiana", "Spread": 2, "SpreadP": 8}}, {"type": "Feature", "id": 2106, "geometry": {"type": "Point", "coordinates": [46.69808942800006, 24.895587225000043]}, "properties": {"OBJECTID": 2106, "Species": "Ziziphus spina-christi", "Spread": 2.5, "SpreadP": 10}}, {"type": "Feature", "id": 2107, "geometry": {"type": "Point", "coordinates": [46.69819872800008, 24.895623415000045]}, "properties": {"OBJECTID": 2107, "Species": "Ziziphus spina-christi", "Spread": 4, "SpreadP": 10}}, {"type": "Feature", "id": 2108, "geometry": {"type": "Point", "coordinates": [46.697370000000035, 24.895650000000046]}, "properties": {"OBJECTID": 2108, "Species": "Ziziphus spina-christi", "Spread": 3, "SpreadP": 10}}, {"type": "Feature", "id": 2109, "geometry": {"type": "Point", "coordinates": [46.69815983600006, 24.895681198000034]}, "properties": {"OBJECTID": 2109, "Species": "Ziziphus spina-christi", "Spread": 2.5, "SpreadP": 10}}, {"type": "Feature", "id": 2110, "geometry": {"type": "Point", "coordinates": [46.69823762000004, 24.895684543000073]}, "properties": {"OBJECTID": 2110, "Species": "Ziziphus spina-christi", "Spread": 4, "SpreadP": 10}}, {"type": "Feature", "id": 2111, "geometry": {"type": "Point", "coordinates": [46.698266733000025, 24.895708856000056]}, "properties": {"OBJECTID": 2111, "Species": null, "Spread": 4.362195076575599, "SpreadP": 11.3}}, {"type": "Feature", "id": 2112, "geometry": {"type": "Point", "coordinates": [46.69742000000008, 24.89573000000007]}, "properties": {"OBJECTID": 2112, "Species": "Ziziphus spina-christi", "Spread": 2.5, "SpreadP": 10}}, {"type": "Feature", "id": 2113, "geometry": {"type": "Point", "coordinates": [46.69821985100003, 24.895757228000036]}, "properties": {"OBJECTID": 2113, "Species": "Ziziphus spina-christi", "Spread": 2, "SpreadP": 10}}, {"type": "Feature", "id": 2114, "geometry": {"type": "Point", "coordinates": [46.69748000000004, 24.895800000000065]}, "properties": {"OBJECTID": 2114, "Species": "Ziziphus spina-christi", "Spread": 2, "SpreadP": 10}}, {"type": "Feature", "id": 2115, "geometry": {"type": "Point", "coordinates": [46.69832680400003, 24.89582109400004]}, "properties": {"OBJECTID": 2115, "Species": "Ziziphus spina-christi", "Spread": 2.5, "SpreadP": 10}}, {"type": "Feature", "id": 2116, "geometry": {"type": "Point", "coordinates": [46.69764216300007, 24.89605325100007]}, "properties": {"OBJECTID": 2116, "Species": null, "Spread": 3.147095821372697, "SpreadP": 11.3}}, {"type": "Feature", "id": 2117, "geometry": {"type": "Point", "coordinates": [46.697696662000055, 24.896136846000047]}, "properties": {"OBJECTID": 2117, "Species": null, "Spread": 4.58870340733522, "SpreadP": 11.3}}, {"type": "Feature", "id": 2118, "geometry": {"type": "Point", "coordinates": [46.69775042200007, 24.89620373500003]}, "properties": {"OBJECTID": 2118, "Species": null, "Spread": 4.485573307265736, "SpreadP": 11.3}}, {"type": "Feature", "id": 2119, "geometry": {"type": "Point", "coordinates": [46.698373407000076, 24.895869753000056]}, "properties": {"OBJECTID": 2119, "Species": "Ziziphus spina-christi", "Spread": 4, "SpreadP": 10}}, {"type": "Feature", "id": 2120, "geometry": {"type": "Point", "coordinates": [46.69834256200005, 24.895934227000055]}, "properties": {"OBJECTID": 2120, "Species": "Ziziphus spina-christi", "Spread": 1, "SpreadP": 10}}, {"type": "Feature", "id": 2121, "geometry": {"type": "Point", "coordinates": [46.69843208000003, 24.89595004000006]}, "properties": {"OBJECTID": 2121, "Species": "Ziziphus spina-christi", "Spread": 2, "SpreadP": 10}}, {"type": "Feature", "id": 2122, "geometry": {"type": "Point", "coordinates": [46.698355305000064, 24.89596100500006]}, "properties": {"OBJECTID": 2122, "Species": null, "Spread": 3.2447032992648586, "SpreadP": 11.3}}, {"type": "Feature", "id": 2123, "geometry": {"type": "Point", "coordinates": [46.69839888800004, 24.896006303000036]}, "properties": {"OBJECTID": 2123, "Species": "Ziziphus spina-christi", "Spread": 1, "SpreadP": 10}}, {"type": "Feature", "id": 2124, "geometry": {"type": "Point", "coordinates": [46.69841277800003, 24.896033200000034]}, "properties": {"OBJECTID": 2124, "Species": null, "Spread": 2.8341753602373916, "SpreadP": 11.3}}, {"type": "Feature", "id": 2125, "geometry": {"type": "Point", "coordinates": [46.69848907800008, 24.89603549800006]}, "properties": {"OBJECTID": 2125, "Species": "Ziziphus spina-christi", "Spread": 4, "SpreadP": 10}}, {"type": "Feature", "id": 2126, "geometry": {"type": "Point", "coordinates": [46.698480360000076, 24.896112137000046]}, "properties": {"OBJECTID": 2126, "Species": "Ziziphus spina-christi", "Spread": 2, "SpreadP": 10}}, {"type": "Feature", "id": 2127, "geometry": {"type": "Point", "coordinates": [46.698600000000056, 24.896160000000066]}, "properties": {"OBJECTID": 2127, "Species": "Ziziphus spina-christi", "Spread": 4, "SpreadP": 10}}, {"type": "Feature", "id": 2128, "geometry": {"type": "Point", "coordinates": [46.698660000000075, 24.89623000000006]}, "properties": {"OBJECTID": 2128, "Species": "Ziziphus spina-christi", "Spread": 4, "SpreadP": 10}}, {"type": "Feature", "id": 2129, "geometry": {"type": "Point", "coordinates": [46.69864000000007, 24.89632000000006]}, "properties": {"OBJECTID": 2129, "Species": "Ziziphus spina-christi", "Spread": 3, "SpreadP": 10}}, {"type": "Feature", "id": 2130, "geometry": {"type": "Point", "coordinates": [46.69876000000005, 24.89635000000004]}, "properties": {"OBJECTID": 2130, "Species": "Ziziphus spina-christi", "Spread": 3.5, "SpreadP": 10}}, {"type": "Feature", "id": 2131, "geometry": {"type": "Point", "coordinates": [46.698658574000035, 24.896355166000035]}, "properties": {"OBJECTID": 2131, "Species": null, "Spread": 3.2805574624836686, "SpreadP": 11.3}}, {"type": "Feature", "id": 2132, "geometry": {"type": "Point", "coordinates": [46.69872000000004, 24.896420000000035]}, "properties": {"OBJECTID": 2132, "Species": "Ziziphus spina-christi", "Spread": 3, "SpreadP": 10}}, {"type": "Feature", "id": 2133, "geometry": {"type": "Point", "coordinates": [46.69882000000007, 24.896430000000066]}, "properties": {"OBJECTID": 2133, "Species": "Ziziphus spina-christi", "Spread": 2.5, "SpreadP": 10}}, {"type": "Feature", "id": 2134, "geometry": {"type": "Point", "coordinates": [46.69879000000003, 24.89650000000006]}, "properties": {"OBJECTID": 2134, "Species": "Ziziphus spina-christi", "Spread": 3.5, "SpreadP": 10}}, {"type": "Feature", "id": 2135, "geometry": {"type": "Point", "coordinates": [46.69894000000005, 24.89656000000008]}, "properties": {"OBJECTID": 2135, "Species": "Ziziphus spina-christi", "Spread": 5, "SpreadP": 10}}, {"type": "Feature", "id": 2136, "geometry": {"type": "Point", "coordinates": [46.69898000000006, 24.896610000000067]}, "properties": {"OBJECTID": 2136, "Species": "Ziziphus spina-christi", "Spread": 4, "SpreadP": 10}}, {"type": "Feature", "id": 2137, "geometry": {"type": "Point", "coordinates": [46.69905000000006, 24.896690000000035]}, "properties": {"OBJECTID": 2137, "Species": "Ziziphus spina-christi", "Spread": 4.5, "SpreadP": 10}}, {"type": "Feature", "id": 2138, "geometry": {"type": "Point", "coordinates": [46.698960000000056, 24.89671000000004]}, "properties": {"OBJECTID": 2138, "Species": "Ziziphus spina-christi", "Spread": 3, "SpreadP": 10}}, {"type": "Feature", "id": 2139, "geometry": {"type": "Point", "coordinates": [46.69790000000006, 24.896390000000054]}, "properties": {"OBJECTID": 2139, "Species": "Ziziphus spina-christi", "Spread": 2, "SpreadP": 10}}, {"type": "Feature", "id": 2140, "geometry": {"type": "Point", "coordinates": [46.69793000000004, 24.89644000000004]}, "properties": {"OBJECTID": 2140, "Species": "Ziziphus spina-christi", "Spread": 2.5, "SpreadP": 10}}, {"type": "Feature", "id": 2141, "geometry": {"type": "Point", "coordinates": [46.69805000000008, 24.89659000000006]}, "properties": {"OBJECTID": 2141, "Species": "Ziziphus spina-christi", "Spread": 2, "SpreadP": 10}}, {"type": "Feature", "id": 2142, "geometry": {"type": "Point", "coordinates": [46.69816812300007, 24.896714496000072]}, "properties": {"OBJECTID": 2142, "Species": null, "Spread": 6.012906905375054, "SpreadP": 11.3}}, {"type": "Feature", "id": 2143, "geometry": {"type": "Point", "coordinates": [46.69822531600005, 24.896809586000074]}, "properties": {"OBJECTID": 2143, "Species": null, "Spread": 4.566800164809978, "SpreadP": 11.3}}, {"type": "Feature", "id": 2144, "geometry": {"type": "Point", "coordinates": [46.69830679900008, 24.89690481300005]}, "properties": {"OBJECTID": 2144, "Species": null, "Spread": 3.0466237518934203, "SpreadP": 11.3}}, {"type": "Feature", "id": 2145, "geometry": {"type": "Point", "coordinates": [46.69904308000008, 24.89672290200008]}, "properties": {"OBJECTID": 2145, "Species": null, "Spread": 3.869534474144766, "SpreadP": 11.3}}, {"type": "Feature", "id": 2146, "geometry": {"type": "Point", "coordinates": [46.699010000000044, 24.896780000000035]}, "properties": {"OBJECTID": 2146, "Species": "Ziziphus spina-christi", "Spread": 3, "SpreadP": 10}}, {"type": "Feature", "id": 2147, "geometry": {"type": "Point", "coordinates": [46.69844000000006, 24.89709000000005]}, "properties": {"OBJECTID": 2147, "Species": "Ziziphus spina-christi", "Spread": 2.3, "SpreadP": 10}}, {"type": "Feature", "id": 2148, "geometry": {"type": "Point", "coordinates": [46.69850000000008, 24.897160000000042]}, "properties": {"OBJECTID": 2148, "Species": "Ziziphus spina-christi", "Spread": 2.5, "SpreadP": 10}}, {"type": "Feature", "id": 2149, "geometry": {"type": "Point", "coordinates": [46.698570000000075, 24.89722000000006]}, "properties": {"OBJECTID": 2149, "Species": "Ziziphus spina-christi", "Spread": 3, "SpreadP": 10}}, {"type": "Feature", "id": 2150, "geometry": {"type": "Point", "coordinates": [46.69721000000004, 24.89536000000004]}, "properties": {"OBJECTID": 2150, "Species": "Ziziphus spina-christi", "Spread": 1.5, "SpreadP": 10}}, {"type": "Feature", "id": 2151, "geometry": {"type": "Point", "coordinates": [46.69595237800007, 24.891419479000035]}, "properties": {"OBJECTID": 2151, "Species": "Ziziphus spina-christi", "Spread": 1.5, "SpreadP": 10}}, {"type": "Feature", "id": 2152, "geometry": {"type": "Point", "coordinates": [46.695081181000035, 24.89150057300003]}, "properties": {"OBJECTID": 2152, "Species": "Phoenix dactylifera", "Spread": 4.701971018071184, "SpreadP": 10}}, {"type": "Feature", "id": 2153, "geometry": {"type": "Point", "coordinates": [46.69603686800008, 24.891655181000033]}, "properties": {"OBJECTID": 2153, "Species": "Ziziphus spina-christi", "Spread": 2.5, "SpreadP": 10}}, {"type": "Feature", "id": 2154, "geometry": {"type": "Point", "coordinates": [46.696048216000065, 24.891685885000072]}, "properties": {"OBJECTID": 2154, "Species": null, "Spread": 3.1840492887991294, "SpreadP": 11.3}}, {"type": "Feature", "id": 2155, "geometry": {"type": "Point", "coordinates": [46.69606670700006, 24.891718136000065]}, "properties": {"OBJECTID": 2155, "Species": "Ziziphus spina-christi", "Spread": 3, "SpreadP": 10}}, {"type": "Feature", "id": 2156, "geometry": {"type": "Point", "coordinates": [46.57136680700006, 24.798238318000074]}, "properties": {"OBJECTID": 2156, "Species": null, "Spread": 4.771276467598077, "SpreadP": 11.3}}, {"type": "Feature", "id": 2157, "geometry": {"type": "Point", "coordinates": [46.57147252000004, 24.79828149800005]}, "properties": {"OBJECTID": 2157, "Species": null, "Spread": 4.776467343773019, "SpreadP": 11.3}}, {"type": "Feature", "id": 2158, "geometry": {"type": "Point", "coordinates": [46.57158055300005, 24.798343679000027]}, "properties": {"OBJECTID": 2158, "Species": null, "Spread": 2.466353973712628, "SpreadP": 11.3}}, {"type": "Feature", "id": 2159, "geometry": {"type": "Point", "coordinates": [46.57163199000007, 24.79838310300005]}, "properties": {"OBJECTID": 2159, "Species": "Olea europaea", "Spread": 2, "SpreadP": 8}}, {"type": "Feature", "id": 2160, "geometry": {"type": "Point", "coordinates": [46.57167846500005, 24.798386427000025]}, "properties": {"OBJECTID": 2160, "Species": null, "Spread": 2.9421824134439354, "SpreadP": 11.3}}, {"type": "Feature", "id": 2161, "geometry": {"type": "Point", "coordinates": [46.57037211000005, 24.797904920000065]}, "properties": {"OBJECTID": 2161, "Species": "Olea europaea", "Spread": 0.5, "SpreadP": 8}}, {"type": "Feature", "id": 2162, "geometry": {"type": "Point", "coordinates": [46.57046791000005, 24.79794314000003]}, "properties": {"OBJECTID": 2162, "Species": "Ziziphus spina-christi", "Spread": 2, "SpreadP": 10}}, {"type": "Feature", "id": 2163, "geometry": {"type": "Point", "coordinates": [46.57235212100005, 24.798738221000065]}, "properties": {"OBJECTID": 2163, "Species": null, "Spread": 4.182434384223275, "SpreadP": 11.3}}, {"type": "Feature", "id": 2164, "geometry": {"type": "Point", "coordinates": [46.57055760000003, 24.79795303000003]}, "properties": {"OBJECTID": 2164, "Species": "Ziziphus spina-christi", "Spread": 2, "SpreadP": 10}}, {"type": "Feature", "id": 2165, "geometry": {"type": "Point", "coordinates": [46.570684920000076, 24.797990750000054]}, "properties": {"OBJECTID": 2165, "Species": "Ziziphus spina-christi", "Spread": 2.5, "SpreadP": 10}}, {"type": "Feature", "id": 2166, "geometry": {"type": "Point", "coordinates": [46.570829813000046, 24.798025900000027]}, "properties": {"OBJECTID": 2166, "Species": null, "Spread": 3.9280986200914443, "SpreadP": 11.3}}, {"type": "Feature", "id": 2167, "geometry": {"type": "Point", "coordinates": [46.570790000000045, 24.79804000000007]}, "properties": {"OBJECTID": 2167, "Species": "Ziziphus spina-christi", "Spread": 1.5, "SpreadP": 10}}, {"type": "Feature", "id": 2168, "geometry": {"type": "Point", "coordinates": [46.570156749000034, 24.798074134000046]}, "properties": {"OBJECTID": 2168, "Species": null, "Spread": 3.5543943760410084, "SpreadP": 11.3}}, {"type": "Feature", "id": 2169, "geometry": {"type": "Point", "coordinates": [46.570928500000036, 24.79807574000006]}, "properties": {"OBJECTID": 2169, "Species": "Ziziphus spina-christi", "Spread": 2.5, "SpreadP": 10}}, {"type": "Feature", "id": 2170, "geometry": {"type": "Point", "coordinates": [46.570260000000076, 24.79809000000006]}, "properties": {"OBJECTID": 2170, "Species": "Ziziphus spina-christi", "Spread": 3, "SpreadP": 10}}, {"type": "Feature", "id": 2171, "geometry": {"type": "Point", "coordinates": [46.570340000000044, 24.798110000000065]}, "properties": {"OBJECTID": 2171, "Species": "Ziziphus spina-christi", "Spread": 3, "SpreadP": 10}}, {"type": "Feature", "id": 2172, "geometry": {"type": "Point", "coordinates": [46.57042000000007, 24.79812000000004]}, "properties": {"OBJECTID": 2172, "Species": "Ziziphus spina-christi", "Spread": 3.4, "SpreadP": 10}}, {"type": "Feature", "id": 2173, "geometry": {"type": "Point", "coordinates": [46.570451184000035, 24.798133723000035]}, "properties": {"OBJECTID": 2173, "Species": null, "Spread": 5.690281374409372, "SpreadP": 11.3}}, {"type": "Feature", "id": 2174, "geometry": {"type": "Point", "coordinates": [46.57067968800004, 24.798201590000076]}, "properties": {"OBJECTID": 2174, "Species": null, "Spread": 4.543570553730932, "SpreadP": 11.3}}, {"type": "Feature", "id": 2175, "geometry": {"type": "Point", "coordinates": [46.57078821300007, 24.798236618000033]}, "properties": {"OBJECTID": 2175, "Species": null, "Spread": 4.6813452415114885, "SpreadP": 11.3}}, {"type": "Feature", "id": 2176, "geometry": {"type": "Point", "coordinates": [46.57045299200007, 24.798311055000056]}, "properties": {"OBJECTID": 2176, "Species": null, "Spread": 3.64352248976126, "SpreadP": 11.3}}, {"type": "Feature", "id": 2177, "geometry": {"type": "Point", "coordinates": [46.57101551100004, 24.798312148000036]}, "properties": {"OBJECTID": 2177, "Species": null, "Spread": 4.5599883778042, "SpreadP": 11.3}}, {"type": "Feature", "id": 2178, "geometry": {"type": "Point", "coordinates": [46.57069000000007, 24.798400000000072]}, "properties": {"OBJECTID": 2178, "Species": "Olea europaea", "Spread": 2.5, "SpreadP": 8}}, {"type": "Feature", "id": 2179, "geometry": {"type": "Point", "coordinates": [46.57077335000008, 24.79843943000003]}, "properties": {"OBJECTID": 2179, "Species": "Ziziphus spina-christi", "Spread": 2, "SpreadP": 10}}, {"type": "Feature", "id": 2180, "geometry": {"type": "Point", "coordinates": [46.580870170000026, 24.810705490000032]}, "properties": {"OBJECTID": 2180, "Species": "Ziziphus spina-christi", "Spread": 3, "SpreadP": 10}}, {"type": "Feature", "id": 2181, "geometry": {"type": "Point", "coordinates": [46.580788951000045, 24.810933611000053]}, "properties": {"OBJECTID": 2181, "Species": null, "Spread": 4.757566765223348, "SpreadP": 11.3}}, {"type": "Feature", "id": 2182, "geometry": {"type": "Point", "coordinates": [46.58054501000004, 24.810974930000043]}, "properties": {"OBJECTID": 2182, "Species": "Ziziphus jujuba", "Spread": 2, "SpreadP": 8}}, {"type": "Feature", "id": 2183, "geometry": {"type": "Point", "coordinates": [46.58062015000007, 24.811058480000042]}, "properties": {"OBJECTID": 2183, "Species": "Ziziphus jujuba", "Spread": 2.5, "SpreadP": 8}}, {"type": "Feature", "id": 2184, "geometry": {"type": "Point", "coordinates": [46.58088543200006, 24.811067257000047]}, "properties": {"OBJECTID": 2184, "Species": null, "Spread": 3.7466657255786227, "SpreadP": 11.3}}, {"type": "Feature", "id": 2185, "geometry": {"type": "Point", "coordinates": [46.58096366800004, 24.811130993000063]}, "properties": {"OBJECTID": 2185, "Species": null, "Spread": 5.217605277766273, "SpreadP": 11.3}}, {"type": "Feature", "id": 2186, "geometry": {"type": "Point", "coordinates": [46.580684070000075, 24.811140160000036]}, "properties": {"OBJECTID": 2186, "Species": "Ziziphus jujuba", "Spread": 3, "SpreadP": 8}}, {"type": "Feature", "id": 2187, "geometry": {"type": "Point", "coordinates": [46.579147540000065, 24.80863743900005]}, "properties": {"OBJECTID": 2187, "Species": "Olea europaea", "Spread": 1, "SpreadP": 8}}, {"type": "Feature", "id": 2188, "geometry": {"type": "Point", "coordinates": [46.57912447000007, 24.808993780000037]}, "properties": {"OBJECTID": 2188, "Species": "Ziziphus spina-christi", "Spread": 2.5, "SpreadP": 10}}, {"type": "Feature", "id": 2189, "geometry": {"type": "Point", "coordinates": [46.57923375000007, 24.80917160000007]}, "properties": {"OBJECTID": 2189, "Species": "Ziziphus spina-christi", "Spread": 2.5, "SpreadP": 10}}, {"type": "Feature", "id": 2190, "geometry": {"type": "Point", "coordinates": [46.58118903600007, 24.811384734000058]}, "properties": {"OBJECTID": 2190, "Species": "Olea europaea", "Spread": 2.6, "SpreadP": 8}}, {"type": "Feature", "id": 2191, "geometry": {"type": "Point", "coordinates": [46.58132679100004, 24.811538287000076]}, "properties": {"OBJECTID": 2191, "Species": null, "Spread": 3.17177930349847, "SpreadP": 11.3}}, {"type": "Feature", "id": 2192, "geometry": {"type": "Point", "coordinates": [46.58106271200006, 24.81154782300007]}, "properties": {"OBJECTID": 2192, "Species": null, "Spread": 2.9554057720698013, "SpreadP": 11.3}}, {"type": "Feature", "id": 2193, "geometry": {"type": "Point", "coordinates": [46.58135123900007, 24.811561683000036]}, "properties": {"OBJECTID": 2193, "Species": null, "Spread": 3.2084484926290364, "SpreadP": 11.3}}, {"type": "Feature", "id": 2194, "geometry": {"type": "Point", "coordinates": [46.58141000000006, 24.81161000000003]}, "properties": {"OBJECTID": 2194, "Species": "Olea europaea", "Spread": 1.5, "SpreadP": 8}}, {"type": "Feature", "id": 2195, "geometry": {"type": "Point", "coordinates": [46.58113339600004, 24.811623500000053]}, "properties": {"OBJECTID": 2195, "Species": null, "Spread": 3.2924220839881513, "SpreadP": 11.3}}, {"type": "Feature", "id": 2196, "geometry": {"type": "Point", "coordinates": [46.58158000000003, 24.811770000000024]}, "properties": {"OBJECTID": 2196, "Species": "Olea europaea", "Spread": 3.5, "SpreadP": 8}}, {"type": "Feature", "id": 2197, "geometry": {"type": "Point", "coordinates": [46.58160000000004, 24.811800000000062]}, "properties": {"OBJECTID": 2197, "Species": "Olea europaea", "Spread": 1.5, "SpreadP": 8}}, {"type": "Feature", "id": 2198, "geometry": {"type": "Point", "coordinates": [46.58165000000008, 24.811840000000075]}, "properties": {"OBJECTID": 2198, "Species": "Olea europaea", "Spread": 3, "SpreadP": 8}}, {"type": "Feature", "id": 2199, "geometry": {"type": "Point", "coordinates": [46.58071353500003, 24.811160657000073]}, "properties": {"OBJECTID": 2199, "Species": null, "Spread": 6.032179072618793, "SpreadP": 11.3}}, {"type": "Feature", "id": 2200, "geometry": {"type": "Point", "coordinates": [46.58075789000003, 24.811214610000036]}, "properties": {"OBJECTID": 2200, "Species": "Ziziphus jujuba", "Spread": 2.5, "SpreadP": 8}}, {"type": "Feature", "id": 2201, "geometry": {"type": "Point", "coordinates": [46.58083060000007, 24.811291700000027]}, "properties": {"OBJECTID": 2201, "Species": "Ziziphus spina-christi", "Spread": 3, "SpreadP": 10}}, {"type": "Feature", "id": 2202, "geometry": {"type": "Point", "coordinates": [46.58090505700005, 24.811393965000036]}, "properties": {"OBJECTID": 2202, "Species": "Olea europaea", "Spread": 1, "SpreadP": 8}}, {"type": "Feature", "id": 2203, "geometry": {"type": "Point", "coordinates": [46.58097888200007, 24.811465248000047]}, "properties": {"OBJECTID": 2203, "Species": null, "Spread": 3.351115154344283, "SpreadP": 11.3}}, {"type": "Feature", "id": 2204, "geometry": {"type": "Point", "coordinates": [46.57299000000006, 24.79970000000003]}, "properties": {"OBJECTID": 2204, "Species": "Ziziphus spina-christi", "Spread": 2, "SpreadP": 10}}, {"type": "Feature", "id": 2205, "geometry": {"type": "Point", "coordinates": [46.57307121000008, 24.79975666000007]}, "properties": {"OBJECTID": 2205, "Species": "Ziziphus spina-christi", "Spread": 1.5, "SpreadP": 10}}, {"type": "Feature", "id": 2206, "geometry": {"type": "Point", "coordinates": [46.57336732200008, 24.79975490100003]}, "properties": {"OBJECTID": 2206, "Species": null, "Spread": 3.3160239783980745, "SpreadP": 11.3}}, {"type": "Feature", "id": 2207, "geometry": {"type": "Point", "coordinates": [46.573155720000045, 24.799830840000027]}, "properties": {"OBJECTID": 2207, "Species": "Ziziphus spina-christi", "Spread": 2, "SpreadP": 10}}, {"type": "Feature", "id": 2208, "geometry": {"type": "Point", "coordinates": [46.57317842300006, 24.799855216000026]}, "properties": {"OBJECTID": 2208, "Species": null, "Spread": 2.6196872217537712, "SpreadP": 11.3}}, {"type": "Feature", "id": 2209, "geometry": {"type": "Point", "coordinates": [46.57323383000005, 24.79990286000003]}, "properties": {"OBJECTID": 2209, "Species": "Ziziphus spina-christi", "Spread": 2.5, "SpreadP": 10}}, {"type": "Feature", "id": 2210, "geometry": {"type": "Point", "coordinates": [46.57331846000005, 24.799982020000073]}, "properties": {"OBJECTID": 2210, "Species": "Ziziphus spina-christi", "Spread": 1.5, "SpreadP": 10}}, {"type": "Feature", "id": 2211, "geometry": {"type": "Point", "coordinates": [46.57440239200008, 24.800946967000073]}, "properties": {"OBJECTID": 2211, "Species": null, "Spread": 5.177660814634671, "SpreadP": 11.3}}, {"type": "Feature", "id": 2212, "geometry": {"type": "Point", "coordinates": [46.574159972000075, 24.80097120100004]}, "properties": {"OBJECTID": 2212, "Species": "Olea europaea", "Spread": 2, "SpreadP": 8}}, {"type": "Feature", "id": 2213, "geometry": {"type": "Point", "coordinates": [46.57444790400007, 24.801013069000078]}, "properties": {"OBJECTID": 2213, "Species": null, "Spread": 6.222761481639232, "SpreadP": 11.3}}, {"type": "Feature", "id": 2214, "geometry": {"type": "Point", "coordinates": [46.574261308000075, 24.801106024000035]}, "properties": {"OBJECTID": 2214, "Species": null, "Spread": 3.4828981940847608, "SpreadP": 11.3}}, {"type": "Feature", "id": 2215, "geometry": {"type": "Point", "coordinates": [46.574327794000055, 24.801202126000078]}, "properties": {"OBJECTID": 2215, "Species": null, "Spread": 3.2084484915615383, "SpreadP": 11.3}}, {"type": "Feature", "id": 2216, "geometry": {"type": "Point", "coordinates": [46.574377534000064, 24.801286790000063]}, "properties": {"OBJECTID": 2216, "Species": null, "Spread": 4.468025746969642, "SpreadP": 11.3}}, {"type": "Feature", "id": 2217, "geometry": {"type": "Point", "coordinates": [46.57444790300008, 24.801375594000035]}, "properties": {"OBJECTID": 2217, "Species": null, "Spread": 5.442659646644092, "SpreadP": 11.3}}, {"type": "Feature", "id": 2218, "geometry": {"type": "Point", "coordinates": [46.57537199500007, 24.802523090000022]}, "properties": {"OBJECTID": 2218, "Species": "Ziziphus spina-christi", "Spread": 3, "SpreadP": 10}}, {"type": "Feature", "id": 2219, "geometry": {"type": "Point", "coordinates": [46.57539613500006, 24.802567830000044]}, "properties": {"OBJECTID": 2219, "Species": "Ziziphus spina-christi", "Spread": 2, "SpreadP": 10}}, {"type": "Feature", "id": 2220, "geometry": {"type": "Point", "coordinates": [46.57543727900003, 24.80259084200003]}, "properties": {"OBJECTID": 2220, "Species": null, "Spread": 4.4241885174992115, "SpreadP": 11.3}}, {"type": "Feature", "id": 2221, "geometry": {"type": "Point", "coordinates": [46.576480110000034, 24.804740390000063]}, "properties": {"OBJECTID": 2221, "Species": "Ziziphus spina-christi", "Spread": 2.5, "SpreadP": 10}}, {"type": "Feature", "id": 2222, "geometry": {"type": "Point", "coordinates": [46.571227950000036, 24.798409443000025]}, "properties": {"OBJECTID": 2222, "Species": null, "Spread": 3.554394376655348, "SpreadP": 11.3}}, {"type": "Feature", "id": 2223, "geometry": {"type": "Point", "coordinates": [46.57178663800005, 24.79842708500007]}, "properties": {"OBJECTID": 2223, "Species": null, "Spread": 6.568834200520394, "SpreadP": 11.3}}, {"type": "Feature", "id": 2224, "geometry": {"type": "Point", "coordinates": [46.57134190800008, 24.798454745000072]}, "properties": {"OBJECTID": 2224, "Species": null, "Spread": 3.327762151646006, "SpreadP": 11.3}}, {"type": "Feature", "id": 2225, "geometry": {"type": "Point", "coordinates": [46.571870371000045, 24.798500156000046]}, "properties": {"OBJECTID": 2225, "Species": "Ziziphus spina-christi", "Spread": 2, "SpreadP": 10}}, {"type": "Feature", "id": 2226, "geometry": {"type": "Point", "coordinates": [46.571524973000066, 24.798520677000056]}, "properties": {"OBJECTID": 2226, "Species": null, "Spread": 4.993058837510249, "SpreadP": 11.3}}, {"type": "Feature", "id": 2227, "geometry": {"type": "Point", "coordinates": [46.57196064500005, 24.79854248500004]}, "properties": {"OBJECTID": 2227, "Species": "Ziziphus spina-christi", "Spread": 3, "SpreadP": 10}}, {"type": "Feature", "id": 2228, "geometry": {"type": "Point", "coordinates": [46.57161022200006, 24.798573729000054]}, "properties": {"OBJECTID": 2228, "Species": null, "Spread": 3.7570536193599673, "SpreadP": 11.3}}, {"type": "Feature", "id": 2229, "geometry": {"type": "Point", "coordinates": [46.57208561900006, 24.79860291800003]}, "properties": {"OBJECTID": 2229, "Species": "Ziziphus spina-christi", "Spread": 1.5, "SpreadP": 10}}, {"type": "Feature", "id": 2230, "geometry": {"type": "Point", "coordinates": [46.57169348300005, 24.79861408200003]}, "properties": {"OBJECTID": 2230, "Species": null, "Spread": 2.9021508564037592, "SpreadP": 11.3}}, {"type": "Feature", "id": 2231, "geometry": {"type": "Point", "coordinates": [46.571210000000065, 24.798620000000028]}, "properties": {"OBJECTID": 2231, "Species": "Ziziphus spina-christi", "Spread": 2.5, "SpreadP": 10}}, {"type": "Feature", "id": 2232, "geometry": {"type": "Point", "coordinates": [46.571816229000035, 24.798654560000045]}, "properties": {"OBJECTID": 2232, "Species": null, "Spread": 4.310335561392178, "SpreadP": 11.3}}, {"type": "Feature", "id": 2233, "geometry": {"type": "Point", "coordinates": [46.572202547000074, 24.798656101000063]}, "properties": {"OBJECTID": 2233, "Species": "Ziziphus spina-christi", "Spread": 1, "SpreadP": 10}}, {"type": "Feature", "id": 2234, "geometry": {"type": "Point", "coordinates": [46.571422479000034, 24.798681041000066]}, "properties": {"OBJECTID": 2234, "Species": null, "Spread": 4.566420163820096, "SpreadP": 11.3}}, {"type": "Feature", "id": 2235, "geometry": {"type": "Point", "coordinates": [46.57225594000005, 24.79867848200007]}, "properties": {"OBJECTID": 2235, "Species": "Olea europaea", "Spread": 2, "SpreadP": 8}}, {"type": "Feature", "id": 2236, "geometry": {"type": "Point", "coordinates": [46.571482769000056, 24.798721542000067]}, "properties": {"OBJECTID": 2236, "Species": null, "Spread": 4.564501911468448, "SpreadP": 11.3}}, {"type": "Feature", "id": 2237, "geometry": {"type": "Point", "coordinates": [46.57150037000008, 24.798745060000044]}, "properties": {"OBJECTID": 2237, "Species": null, "Spread": 3.543407041155454, "SpreadP": 11.3}}, {"type": "Feature", "id": 2238, "geometry": {"type": "Point", "coordinates": [46.57197608700005, 24.798747001000038]}, "properties": {"OBJECTID": 2238, "Species": null, "Spread": 4.127764361144606, "SpreadP": 11.3}}, {"type": "Feature", "id": 2239, "geometry": {"type": "Point", "coordinates": [46.571603812000035, 24.798789163000038]}, "properties": {"OBJECTID": 2239, "Species": null, "Spread": 3.0591356044029516, "SpreadP": 11.3}}, {"type": "Feature", "id": 2240, "geometry": {"type": "Point", "coordinates": [46.571696804000055, 24.798827722000055]}, "properties": {"OBJECTID": 2240, "Species": null, "Spread": 4.559932114212427, "SpreadP": 11.3}}, {"type": "Feature", "id": 2241, "geometry": {"type": "Point", "coordinates": [46.572438592000026, 24.798799160000044]}, "properties": {"OBJECTID": 2241, "Species": null, "Spread": 4.911984952625707, "SpreadP": 11.3}}, {"type": "Feature", "id": 2242, "geometry": {"type": "Point", "coordinates": [46.572520000000054, 24.79884000000004]}, "properties": {"OBJECTID": 2242, "Species": "Tamarix nilotica", "Spread": 2, "SpreadP": 7}}, {"type": "Feature", "id": 2243, "geometry": {"type": "Point", "coordinates": [46.57253664000007, 24.798864657000024]}, "properties": {"OBJECTID": 2243, "Species": null, "Spread": 2.994725537107602, "SpreadP": 11.3}}, {"type": "Feature", "id": 2244, "geometry": {"type": "Point", "coordinates": [46.572625188000075, 24.798916905000056]}, "properties": {"OBJECTID": 2244, "Species": null, "Spread": 4.452961984040962, "SpreadP": 11.3}}, {"type": "Feature", "id": 2245, "geometry": {"type": "Point", "coordinates": [46.57276287700006, 24.798981928000046]}, "properties": {"OBJECTID": 2245, "Species": "Olea europaea", "Spread": 2, "SpreadP": 8}}, {"type": "Feature", "id": 2246, "geometry": {"type": "Point", "coordinates": [46.57239000000004, 24.799000000000035]}, "properties": {"OBJECTID": 2246, "Species": "Ziziphus spina-christi", "Spread": 2.6, "SpreadP": 10}}, {"type": "Feature", "id": 2247, "geometry": {"type": "Point", "coordinates": [46.57247621600004, 24.79904919200004]}, "properties": {"OBJECTID": 2247, "Species": "Ziziphus spina-christi", "Spread": 2.5, "SpreadP": 10}}, {"type": "Feature", "id": 2248, "geometry": {"type": "Point", "coordinates": [46.572844470000064, 24.79906868000006]}, "properties": {"OBJECTID": 2248, "Species": "Ziziphus spina-christi", "Spread": 2, "SpreadP": 10}}, {"type": "Feature", "id": 2249, "geometry": {"type": "Point", "coordinates": [46.57253723600007, 24.79908845400007]}, "properties": {"OBJECTID": 2249, "Species": "Ziziphus spina-christi", "Spread": 3, "SpreadP": 10}}, {"type": "Feature", "id": 2250, "geometry": {"type": "Point", "coordinates": [46.57293572000003, 24.799135130000025]}, "properties": {"OBJECTID": 2250, "Species": "Ziziphus spina-christi", "Spread": 2, "SpreadP": 10}}, {"type": "Feature", "id": 2251, "geometry": {"type": "Point", "coordinates": [46.572645667000074, 24.79916014300005]}, "properties": {"OBJECTID": 2251, "Species": null, "Spread": 5.0924684849904995, "SpreadP": 11.3}}, {"type": "Feature", "id": 2252, "geometry": {"type": "Point", "coordinates": [46.57295317900008, 24.79915710100005]}, "properties": {"OBJECTID": 2252, "Species": null, "Spread": 2.8615593321266193, "SpreadP": 11.3}}, {"type": "Feature", "id": 2253, "geometry": {"type": "Point", "coordinates": [46.57271905400006, 24.799214368000037]}, "properties": {"OBJECTID": 2253, "Species": null, "Spread": 4.920504091407253, "SpreadP": 11.3}}, {"type": "Feature", "id": 2254, "geometry": {"type": "Point", "coordinates": [46.57237330300006, 24.799234298000044]}, "properties": {"OBJECTID": 2254, "Species": null, "Spread": 2.7361740673473753, "SpreadP": 11.3}}, {"type": "Feature", "id": 2255, "geometry": {"type": "Point", "coordinates": [46.57279585400005, 24.799268076000033]}, "properties": {"OBJECTID": 2255, "Species": null, "Spread": 4.285116344802666, "SpreadP": 11.3}}, {"type": "Feature", "id": 2256, "geometry": {"type": "Point", "coordinates": [46.57312065000008, 24.79927624000004]}, "properties": {"OBJECTID": 2256, "Species": "Ziziphus spina-christi", "Spread": 2, "SpreadP": 10}}, {"type": "Feature", "id": 2257, "geometry": {"type": "Point", "coordinates": [46.57245153900004, 24.799288853000064]}, "properties": {"OBJECTID": 2257, "Species": null, "Spread": 2.353083185367441, "SpreadP": 11.3}}, {"type": "Feature", "id": 2258, "geometry": {"type": "Point", "coordinates": [46.57254042300008, 24.79933004700007]}, "properties": {"OBJECTID": 2258, "Species": null, "Spread": 4.324383779006025, "SpreadP": 11.3}}, {"type": "Feature", "id": 2259, "geometry": {"type": "Point", "coordinates": [46.57292100900003, 24.79936206600007]}, "properties": {"OBJECTID": 2259, "Species": null, "Spread": 5.651916648157483, "SpreadP": 11.3}}, {"type": "Feature", "id": 2260, "geometry": {"type": "Point", "coordinates": [46.57321160200007, 24.799361266000062]}, "properties": {"OBJECTID": 2260, "Species": null, "Spread": 2.7925959638495583, "SpreadP": 11.3}}, {"type": "Feature", "id": 2261, "geometry": {"type": "Point", "coordinates": [46.573277861000065, 24.79937455000004]}, "properties": {"OBJECTID": 2261, "Species": "Olea europaea", "Spread": 2, "SpreadP": 8}}, {"type": "Feature", "id": 2262, "geometry": {"type": "Point", "coordinates": [46.57262291100005, 24.79939046900006]}, "properties": {"OBJECTID": 2262, "Species": null, "Spread": 4.865383025576809, "SpreadP": 11.3}}, {"type": "Feature", "id": 2263, "geometry": {"type": "Point", "coordinates": [46.57301544400008, 24.799428168000077]}, "properties": {"OBJECTID": 2263, "Species": null, "Spread": 4.399984847399729, "SpreadP": 11.3}}, {"type": "Feature", "id": 2264, "geometry": {"type": "Point", "coordinates": [46.573299674000054, 24.799432986000056]}, "properties": {"OBJECTID": 2264, "Species": null, "Spread": 2.7075222407907855, "SpreadP": 11.3}}, {"type": "Feature", "id": 2265, "geometry": {"type": "Point", "coordinates": [46.57270622000004, 24.799473953000074]}, "properties": {"OBJECTID": 2265, "Species": null, "Spread": 2.8886837263279066, "SpreadP": 11.3}}, {"type": "Feature", "id": 2266, "geometry": {"type": "Point", "coordinates": [46.57338977200004, 24.799501500000076]}, "properties": {"OBJECTID": 2266, "Species": null, "Spread": 4.630398881818744, "SpreadP": 11.3}}, {"type": "Feature", "id": 2267, "geometry": {"type": "Point", "coordinates": [46.57278585700004, 24.799535243000037]}, "properties": {"OBJECTID": 2267, "Species": null, "Spread": 3.084523060703822, "SpreadP": 11.3}}, {"type": "Feature", "id": 2268, "geometry": {"type": "Point", "coordinates": [46.57318156000008, 24.799573800000076]}, "properties": {"OBJECTID": 2268, "Species": null, "Spread": 4.863916127403685, "SpreadP": 11.3}}, {"type": "Feature", "id": 2269, "geometry": {"type": "Point", "coordinates": [46.57328054700008, 24.799663658000043]}, "properties": {"OBJECTID": 2269, "Species": null, "Spread": 5.958552518840583, "SpreadP": 11.3}}, {"type": "Feature", "id": 2270, "geometry": {"type": "Point", "coordinates": [46.57295465400006, 24.799667647000035]}, "properties": {"OBJECTID": 2270, "Species": "Olea europaea", "Spread": 2, "SpreadP": 8}}, {"type": "Feature", "id": 2271, "geometry": {"type": "Point", "coordinates": [46.572123428000054, 24.798824465000052]}, "properties": {"OBJECTID": 2271, "Species": null, "Spread": 3.998057771897408, "SpreadP": 11.3}}, {"type": "Feature", "id": 2272, "geometry": {"type": "Point", "coordinates": [46.57179568200007, 24.798879170000077]}, "properties": {"OBJECTID": 2272, "Species": null, "Spread": 5.515552595549138, "SpreadP": 11.3}}, {"type": "Feature", "id": 2273, "geometry": {"type": "Point", "coordinates": [46.57222184500006, 24.798884371000042]}, "properties": {"OBJECTID": 2273, "Species": null, "Spread": 4.759315915483984, "SpreadP": 11.3}}, {"type": "Feature", "id": 2274, "geometry": {"type": "Point", "coordinates": [46.571892165000065, 24.79893992700005]}, "properties": {"OBJECTID": 2274, "Species": "Olea europaea", "Spread": 1.5, "SpreadP": 8}}, {"type": "Feature", "id": 2275, "geometry": {"type": "Point", "coordinates": [46.57197162500006, 24.79898862400006]}, "properties": {"OBJECTID": 2275, "Species": "Ziziphus spina-christi", "Spread": 2, "SpreadP": 10}}, {"type": "Feature", "id": 2276, "geometry": {"type": "Point", "coordinates": [46.57207000000005, 24.799040000000048]}, "properties": {"OBJECTID": 2276, "Species": "Ziziphus spina-christi", "Spread": 3, "SpreadP": 10}}, {"type": "Feature", "id": 2277, "geometry": {"type": "Point", "coordinates": [46.57217235200005, 24.799093007000067]}, "properties": {"OBJECTID": 2277, "Species": null, "Spread": 5.0752607943227925, "SpreadP": 11.3}}, {"type": "Feature", "id": 2278, "geometry": {"type": "Point", "coordinates": [46.57226110000005, 24.799148265000042]}, "properties": {"OBJECTID": 2278, "Species": null, "Spread": 4.952155092588294, "SpreadP": 11.3}}, {"type": "Feature", "id": 2279, "geometry": {"type": "Point", "coordinates": [46.570864880000045, 24.798457520000056]}, "properties": {"OBJECTID": 2279, "Species": "Ziziphus spina-christi", "Spread": 3, "SpreadP": 10}}, {"type": "Feature", "id": 2280, "geometry": {"type": "Point", "coordinates": [46.570891913000025, 24.798469229000034]}, "properties": {"OBJECTID": 2280, "Species": null, "Spread": 6.311846890716011, "SpreadP": 11.3}}, {"type": "Feature", "id": 2281, "geometry": {"type": "Point", "coordinates": [46.570988930000055, 24.79850820000007]}, "properties": {"OBJECTID": 2281, "Species": "Ziziphus spina-christi", "Spread": 2.5, "SpreadP": 10}}, {"type": "Feature", "id": 2282, "geometry": {"type": "Point", "coordinates": [46.57108624400007, 24.798568636000027]}, "properties": {"OBJECTID": 2282, "Species": "Ziziphus spina-christi", "Spread": 3, "SpreadP": 10}}, {"type": "Feature", "id": 2283, "geometry": {"type": "Point", "coordinates": [46.62129810300007, 24.829361567000035]}, "properties": {"OBJECTID": 2283, "Species": null, "Spread": 4.046856020105787, "SpreadP": 11.3}}, {"type": "Feature", "id": 2284, "geometry": {"type": "Point", "coordinates": [46.61945700000007, 24.828611000000024]}, "properties": {"OBJECTID": 2284, "Species": "Ziziphus spina-christi", "Spread": 6, "SpreadP": 10}}, {"type": "Feature", "id": 2285, "geometry": {"type": "Point", "coordinates": [46.61954200000008, 24.828626000000042]}, "properties": {"OBJECTID": 2285, "Species": "Ziziphus spina-christi", "Spread": 5, "SpreadP": 10}}, {"type": "Feature", "id": 2286, "geometry": {"type": "Point", "coordinates": [46.61948000000007, 24.828630000000032]}, "properties": {"OBJECTID": 2286, "Species": "Ziziphus spina-christi", "Spread": 3, "SpreadP": 10}}, {"type": "Feature", "id": 2287, "geometry": {"type": "Point", "coordinates": [46.61957000000007, 24.82866000000007]}, "properties": {"OBJECTID": 2287, "Species": "Ziziphus spina-christi", "Spread": 2, "SpreadP": 10}}, {"type": "Feature", "id": 2288, "geometry": {"type": "Point", "coordinates": [46.61962300000005, 24.828666000000055]}, "properties": {"OBJECTID": 2288, "Species": "Ziziphus spina-christi", "Spread": 6, "SpreadP": 10}}, {"type": "Feature", "id": 2289, "geometry": {"type": "Point", "coordinates": [46.619650000000036, 24.82869000000005]}, "properties": {"OBJECTID": 2289, "Species": "Ziziphus spina-christi", "Spread": 3, "SpreadP": 10}}, {"type": "Feature", "id": 2290, "geometry": {"type": "Point", "coordinates": [46.619773000000066, 24.82871700000004]}, "properties": {"OBJECTID": 2290, "Species": "Ziziphus spina-christi", "Spread": 6, "SpreadP": 10}}, {"type": "Feature", "id": 2291, "geometry": {"type": "Point", "coordinates": [46.61985000000004, 24.828760000000045]}, "properties": {"OBJECTID": 2291, "Species": "Ficus altissima", "Spread": 4, "SpreadP": 16}}, {"type": "Feature", "id": 2292, "geometry": {"type": "Point", "coordinates": [46.620430000000056, 24.828990000000033]}, "properties": {"OBJECTID": 2292, "Species": "Ficus altissima", "Spread": 2, "SpreadP": 16}}, {"type": "Feature", "id": 2293, "geometry": {"type": "Point", "coordinates": [46.62043580800008, 24.829025584000078]}, "properties": {"OBJECTID": 2293, "Species": "Phoenix dactylifera", "Spread": 4.489077506136042, "SpreadP": 10}}, {"type": "Feature", "id": 2294, "geometry": {"type": "Point", "coordinates": [46.620477942000036, 24.829030501000034]}, "properties": {"OBJECTID": 2294, "Species": "Phoenix dactylifera", "Spread": 3.061007972826282, "SpreadP": 10}}, {"type": "Feature", "id": 2295, "geometry": {"type": "Point", "coordinates": [46.62056000000007, 24.829040000000077]}, "properties": {"OBJECTID": 2295, "Species": "Ficus altissima", "Spread": 3, "SpreadP": 16}}, {"type": "Feature", "id": 2296, "geometry": {"type": "Point", "coordinates": [46.620610000000056, 24.829080000000033]}, "properties": {"OBJECTID": 2296, "Species": "Ziziphus spina-christi", "Spread": 1, "SpreadP": 10}}, {"type": "Feature", "id": 2297, "geometry": {"type": "Point", "coordinates": [46.62068711000006, 24.82911208400003]}, "properties": {"OBJECTID": 2297, "Species": "Phoenix dactylifera", "Spread": 4.742818048042337, "SpreadP": 10}}, {"type": "Feature", "id": 2298, "geometry": {"type": "Point", "coordinates": [46.62071102500005, 24.829133657000057]}, "properties": {"OBJECTID": 2298, "Species": "Phoenix dactylifera", "Spread": 4.384879156012753, "SpreadP": 10}}, {"type": "Feature", "id": 2299, "geometry": {"type": "Point", "coordinates": [46.619890000000055, 24.828760000000045]}, "properties": {"OBJECTID": 2299, "Species": "Ficus altissima", "Spread": 3, "SpreadP": 16}}, {"type": "Feature", "id": 2300, "geometry": {"type": "Point", "coordinates": [46.61982000000006, 24.828770000000077]}, "properties": {"OBJECTID": 2300, "Species": "Ficus altissima", "Spread": 3, "SpreadP": 16}}, {"type": "Feature", "id": 2301, "geometry": {"type": "Point", "coordinates": [46.61988448300008, 24.828788771000063]}, "properties": {"OBJECTID": 2301, "Species": null, "Spread": 5.291214041075334, "SpreadP": 11.3}}, {"type": "Feature", "id": 2302, "geometry": {"type": "Point", "coordinates": [46.61994000000004, 24.828810000000033]}, "properties": {"OBJECTID": 2302, "Species": "Ficus altissima", "Spread": 3, "SpreadP": 16}}, {"type": "Feature", "id": 2303, "geometry": {"type": "Point", "coordinates": [46.620010000000036, 24.828820000000064]}, "properties": {"OBJECTID": 2303, "Species": "Ficus altissima", "Spread": 3, "SpreadP": 16}}, {"type": "Feature", "id": 2304, "geometry": {"type": "Point", "coordinates": [46.62003000000004, 24.828850000000045]}, "properties": {"OBJECTID": 2304, "Species": "Ficus altissima", "Spread": 2.5, "SpreadP": 16}}, {"type": "Feature", "id": 2305, "geometry": {"type": "Point", "coordinates": [46.620083642000054, 24.82885899000007]}, "properties": {"OBJECTID": 2305, "Species": null, "Spread": 3.476775839902642, "SpreadP": 11.3}}, {"type": "Feature", "id": 2306, "geometry": {"type": "Point", "coordinates": [46.61957642300007, 24.82888798700003]}, "properties": {"OBJECTID": 2306, "Species": null, "Spread": 5.030557749109841, "SpreadP": 11.3}}, {"type": "Feature", "id": 2307, "geometry": {"type": "Point", "coordinates": [46.62014000000005, 24.828890000000058]}, "properties": {"OBJECTID": 2307, "Species": "Phoenix dactylifera", "Spread": 5, "SpreadP": 10}}, {"type": "Feature", "id": 2308, "geometry": {"type": "Point", "coordinates": [46.618840000000034, 24.828800000000058]}, "properties": {"OBJECTID": 2308, "Species": "Ziziphus spina-christi", "Spread": 5, "SpreadP": 10}}, {"type": "Feature", "id": 2309, "geometry": {"type": "Point", "coordinates": [46.61884289200003, 24.82881765600007]}, "properties": {"OBJECTID": 2309, "Species": "Ziziphus jujuba", "Spread": 2.5, "SpreadP": 8}}, {"type": "Feature", "id": 2310, "geometry": {"type": "Point", "coordinates": [46.61891430600008, 24.828846868000028]}, "properties": {"OBJECTID": 2310, "Species": "Ziziphus jujuba", "Spread": 3, "SpreadP": 8}}, {"type": "Feature", "id": 2311, "geometry": {"type": "Point", "coordinates": [46.61898672600006, 24.828870602000052]}, "properties": {"OBJECTID": 2311, "Species": "Ziziphus jujuba", "Spread": 3, "SpreadP": 8}}, {"type": "Feature", "id": 2312, "geometry": {"type": "Point", "coordinates": [46.61899500000004, 24.828873000000044]}, "properties": {"OBJECTID": 2312, "Species": "Pithecellobium dulce", "Spread": 2, "SpreadP": 12}}, {"type": "Feature", "id": 2313, "geometry": {"type": "Point", "coordinates": [46.61909367900006, 24.828916244000027]}, "properties": {"OBJECTID": 2313, "Species": "Ziziphus jujuba", "Spread": 3, "SpreadP": 8}}, {"type": "Feature", "id": 2314, "geometry": {"type": "Point", "coordinates": [46.619129540000074, 24.828948310000044]}, "properties": {"OBJECTID": 2314, "Species": "Phoenix dactylifera", "Spread": 4.5, "SpreadP": 10}}, {"type": "Feature", "id": 2315, "geometry": {"type": "Point", "coordinates": [46.61916467000003, 24.82895246000004]}, "properties": {"OBJECTID": 2315, "Species": "Ficus altissima", "Spread": 3, "SpreadP": 16}}, {"type": "Feature", "id": 2316, "geometry": {"type": "Point", "coordinates": [46.61919900000004, 24.828960000000052]}, "properties": {"OBJECTID": 2316, "Species": "Pithecellobium dulce", "Spread": 1, "SpreadP": 12}}, {"type": "Feature", "id": 2317, "geometry": {"type": "Point", "coordinates": [46.61930000000007, 24.82899800000007]}, "properties": {"OBJECTID": 2317, "Species": "Pithecellobium dulce", "Spread": 1, "SpreadP": 12}}, {"type": "Feature", "id": 2318, "geometry": {"type": "Point", "coordinates": [46.62221662200005, 24.829981493000048]}, "properties": {"OBJECTID": 2318, "Species": null, "Spread": 5.48422062318552, "SpreadP": 11.3}}, {"type": "Feature", "id": 2319, "geometry": {"type": "Point", "coordinates": [46.622255401000075, 24.82999032600003]}, "properties": {"OBJECTID": 2319, "Species": null, "Spread": 4.731878230033099, "SpreadP": 11.3}}, {"type": "Feature", "id": 2320, "geometry": {"type": "Point", "coordinates": [46.622171750000064, 24.829994570000053]}, "properties": {"OBJECTID": 2320, "Species": "Conocarpus erectus", "Spread": 4, "SpreadP": 12}}, {"type": "Feature", "id": 2321, "geometry": {"type": "Point", "coordinates": [46.62230947000006, 24.83004458000005]}, "properties": {"OBJECTID": 2321, "Species": "Conocarpus erectus", "Spread": 3.5, "SpreadP": 12}}, {"type": "Feature", "id": 2322, "geometry": {"type": "Point", "coordinates": [46.622402101000034, 24.830109625000034]}, "properties": {"OBJECTID": 2322, "Species": null, "Spread": 4.631456909256564, "SpreadP": 11.3}}, {"type": "Feature", "id": 2323, "geometry": {"type": "Point", "coordinates": [46.62244960000004, 24.830111290000048]}, "properties": {"OBJECTID": 2323, "Species": "Acacia aneura", "Spread": 3, "SpreadP": 9}}, {"type": "Feature", "id": 2324, "geometry": {"type": "Point", "coordinates": [46.622547130000044, 24.830114910000077]}, "properties": {"OBJECTID": 2324, "Species": "Conocarpus erectus", "Spread": 3.5, "SpreadP": 12}}, {"type": "Feature", "id": 2325, "geometry": {"type": "Point", "coordinates": [46.62544118000005, 24.83137510000006]}, "properties": {"OBJECTID": 2325, "Species": "Conocarpus erectus", "Spread": 4, "SpreadP": 12}}, {"type": "Feature", "id": 2326, "geometry": {"type": "Point", "coordinates": [46.62551000500008, 24.831404536000036]}, "properties": {"OBJECTID": 2326, "Species": null, "Spread": 8.059917685986925, "SpreadP": 11.3}}, {"type": "Feature", "id": 2327, "geometry": {"type": "Point", "coordinates": [46.625632360000054, 24.831421850000027]}, "properties": {"OBJECTID": 2327, "Species": "Conocarpus erectus", "Spread": 3.5, "SpreadP": 12}}, {"type": "Feature", "id": 2328, "geometry": {"type": "Point", "coordinates": [46.62558046000004, 24.831432450000023]}, "properties": {"OBJECTID": 2328, "Species": "Conocarpus erectus", "Spread": 4, "SpreadP": 12}}, {"type": "Feature", "id": 2329, "geometry": {"type": "Point", "coordinates": [46.62576351000007, 24.831473930000072]}, "properties": {"OBJECTID": 2329, "Species": "Conocarpus erectus", "Spread": 4.5, "SpreadP": 12}}, {"type": "Feature", "id": 2330, "geometry": {"type": "Point", "coordinates": [46.62574367000008, 24.831506640000043]}, "properties": {"OBJECTID": 2330, "Species": "Phoenix dactylifera", "Spread": 4.892535481835677, "SpreadP": 10}}, {"type": "Feature", "id": 2331, "geometry": {"type": "Point", "coordinates": [46.62581825500007, 24.831507242000043]}, "properties": {"OBJECTID": 2331, "Species": null, "Spread": 4.905530285426265, "SpreadP": 11.3}}, {"type": "Feature", "id": 2332, "geometry": {"type": "Point", "coordinates": [46.62581718100006, 24.831543108000062]}, "properties": {"OBJECTID": 2332, "Species": "Phoenix dactylifera", "Spread": 4.5669395641180435, "SpreadP": 10}}, {"type": "Feature", "id": 2333, "geometry": {"type": "Point", "coordinates": [46.62584361000006, 24.831556360000036]}, "properties": {"OBJECTID": 2333, "Species": null, "Spread": 5.635467549915654, "SpreadP": 11.3}}, {"type": "Feature", "id": 2334, "geometry": {"type": "Point", "coordinates": [46.62018000000006, 24.828910000000064]}, "properties": {"OBJECTID": 2334, "Species": "Ficus altissima", "Spread": 2, "SpreadP": 16}}, {"type": "Feature", "id": 2335, "geometry": {"type": "Point", "coordinates": [46.62024000000008, 24.82892000000004]}, "properties": {"OBJECTID": 2335, "Species": "Ficus altissima", "Spread": 1.5, "SpreadP": 16}}, {"type": "Feature", "id": 2336, "geometry": {"type": "Point", "coordinates": [46.620310000000075, 24.828940000000046]}, "properties": {"OBJECTID": 2336, "Species": "Ficus altissima", "Spread": 3, "SpreadP": 16}}, {"type": "Feature", "id": 2337, "geometry": {"type": "Point", "coordinates": [46.61970000000008, 24.828950000000077]}, "properties": {"OBJECTID": 2337, "Species": "Ziziphus spina-christi", "Spread": 2, "SpreadP": 10}}, {"type": "Feature", "id": 2338, "geometry": {"type": "Point", "coordinates": [46.619770000000074, 24.82898000000006]}, "properties": {"OBJECTID": 2338, "Species": "Ziziphus spina-christi", "Spread": 2, "SpreadP": 10}}, {"type": "Feature", "id": 2339, "geometry": {"type": "Point", "coordinates": [46.61990011300003, 24.82902398400006]}, "properties": {"OBJECTID": 2339, "Species": null, "Spread": 4.739192501492192, "SpreadP": 11.3}}, {"type": "Feature", "id": 2340, "geometry": {"type": "Point", "coordinates": [46.61939907000004, 24.829059820000055]}, "properties": {"OBJECTID": 2340, "Species": "Ficus altissima", "Spread": 1, "SpreadP": 16}}, {"type": "Feature", "id": 2341, "geometry": {"type": "Point", "coordinates": [46.61997000000008, 24.829060000000027]}, "properties": {"OBJECTID": 2341, "Species": "Ziziphus spina-christi", "Spread": 3, "SpreadP": 10}}, {"type": "Feature", "id": 2342, "geometry": {"type": "Point", "coordinates": [46.62005000000005, 24.829090000000065]}, "properties": {"OBJECTID": 2342, "Species": "Ziziphus spina-christi", "Spread": 3, "SpreadP": 10}}, {"type": "Feature", "id": 2343, "geometry": {"type": "Point", "coordinates": [46.62012000000004, 24.829130000000077]}, "properties": {"OBJECTID": 2343, "Species": "Ziziphus spina-christi", "Spread": 3, "SpreadP": 10}}, {"type": "Feature", "id": 2344, "geometry": {"type": "Point", "coordinates": [46.62021000000004, 24.82916000000006]}, "properties": {"OBJECTID": 2344, "Species": "Ziziphus spina-christi", "Spread": 3, "SpreadP": 10}}, {"type": "Feature", "id": 2345, "geometry": {"type": "Point", "coordinates": [46.62024347400006, 24.829180075000068]}, "properties": {"OBJECTID": 2345, "Species": null, "Spread": 4.062165001653549, "SpreadP": 11.3}}, {"type": "Feature", "id": 2346, "geometry": {"type": "Point", "coordinates": [46.61972100000003, 24.82919700000008]}, "properties": {"OBJECTID": 2346, "Species": "Terminalia mantaly", "Spread": 1, "SpreadP": 8}}, {"type": "Feature", "id": 2347, "geometry": {"type": "Point", "coordinates": [46.62032397200005, 24.829207643000075]}, "properties": {"OBJECTID": 2347, "Species": null, "Spread": 4.228035386060495, "SpreadP": 11.3}}, {"type": "Feature", "id": 2348, "geometry": {"type": "Point", "coordinates": [46.61982100000006, 24.82923900000003]}, "properties": {"OBJECTID": 2348, "Species": "Terminalia mantaly", "Spread": 1, "SpreadP": 8}}, {"type": "Feature", "id": 2349, "geometry": {"type": "Point", "coordinates": [46.619892280000045, 24.829283521000036]}, "properties": {"OBJECTID": 2349, "Species": null, "Spread": 4.563139402915743, "SpreadP": 11.3}}, {"type": "Feature", "id": 2350, "geometry": {"type": "Point", "coordinates": [46.61990664000007, 24.829297490000044]}, "properties": {"OBJECTID": 2350, "Species": "Phoenix dactylifera", "Spread": 6.0932475027336865, "SpreadP": 10}}, {"type": "Feature", "id": 2351, "geometry": {"type": "Point", "coordinates": [46.61997300000007, 24.82929900000005]}, "properties": {"OBJECTID": 2351, "Species": "Pithecellobium dulce", "Spread": 1, "SpreadP": 12}}, {"type": "Feature", "id": 2352, "geometry": {"type": "Point", "coordinates": [46.62075581400006, 24.829141440000058]}, "properties": {"OBJECTID": 2352, "Species": "Phoenix dactylifera", "Spread": 3.912238817769359, "SpreadP": 10}}, {"type": "Feature", "id": 2353, "geometry": {"type": "Point", "coordinates": [46.62078581500003, 24.82916348200007]}, "properties": {"OBJECTID": 2353, "Species": null, "Spread": 3.9493270838832317, "SpreadP": 11.3}}, {"type": "Feature", "id": 2354, "geometry": {"type": "Point", "coordinates": [46.620870000000025, 24.829180000000065]}, "properties": {"OBJECTID": 2354, "Species": "Phoenix dactylifera", "Spread": 4, "SpreadP": 10}}, {"type": "Feature", "id": 2355, "geometry": {"type": "Point", "coordinates": [46.620930000000044, 24.82920000000007]}, "properties": {"OBJECTID": 2355, "Species": "Phoenix dactylifera", "Spread": 5, "SpreadP": 10}}, {"type": "Feature", "id": 2356, "geometry": {"type": "Point", "coordinates": [46.62098165000003, 24.829236458000025]}, "properties": {"OBJECTID": 2356, "Species": "Phoenix dactylifera", "Spread": 5.743328032199959, "SpreadP": 10}}, {"type": "Feature", "id": 2357, "geometry": {"type": "Point", "coordinates": [46.621047943000065, 24.82926154000006]}, "properties": {"OBJECTID": 2357, "Species": "Phoenix dactylifera", "Spread": 4.332593981442353, "SpreadP": 10}}, {"type": "Feature", "id": 2358, "geometry": {"type": "Point", "coordinates": [46.62107583300008, 24.82927939700005]}, "properties": {"OBJECTID": 2358, "Species": null, "Spread": 4.062165000603529, "SpreadP": 11.3}}, {"type": "Feature", "id": 2359, "geometry": {"type": "Point", "coordinates": [46.62054000000006, 24.829300000000046]}, "properties": {"OBJECTID": 2359, "Species": "Ziziphus spina-christi", "Spread": 2, "SpreadP": 10}}, {"type": "Feature", "id": 2360, "geometry": {"type": "Point", "coordinates": [46.621123580000074, 24.829299195000033]}, "properties": {"OBJECTID": 2360, "Species": null, "Spread": 5.9215721792959215, "SpreadP": 11.3}}, {"type": "Feature", "id": 2361, "geometry": {"type": "Point", "coordinates": [46.62058227500006, 24.829309739000053]}, "properties": {"OBJECTID": 2361, "Species": null, "Spread": 3.3884961439055283, "SpreadP": 11.3}}, {"type": "Feature", "id": 2362, "geometry": {"type": "Point", "coordinates": [46.619984223000074, 24.82932915400005]}, "properties": {"OBJECTID": 2362, "Species": "Phoenix dactylifera", "Spread": 5.416220001846889, "SpreadP": 10}}, {"type": "Feature", "id": 2363, "geometry": {"type": "Point", "coordinates": [46.620044000000064, 24.829330000000027]}, "properties": {"OBJECTID": 2363, "Species": "Pithecellobium dulce", "Spread": 1, "SpreadP": 12}}, {"type": "Feature", "id": 2364, "geometry": {"type": "Point", "coordinates": [46.62013500000006, 24.829369000000042]}, "properties": {"OBJECTID": 2364, "Species": "Pithecellobium dulce", "Spread": 1, "SpreadP": 12}}, {"type": "Feature", "id": 2365, "geometry": {"type": "Point", "coordinates": [46.620164491000025, 24.829402980000054]}, "properties": {"OBJECTID": 2365, "Species": null, "Spread": 3.641099663239805, "SpreadP": 11.3}}, {"type": "Feature", "id": 2366, "geometry": {"type": "Point", "coordinates": [46.620213738000075, 24.829416726000034]}, "properties": {"OBJECTID": 2366, "Species": "Phoenix dactylifera", "Spread": 4.97114738503746, "SpreadP": 10}}, {"type": "Feature", "id": 2367, "geometry": {"type": "Point", "coordinates": [46.62028819900007, 24.829455934000066]}, "properties": {"OBJECTID": 2367, "Species": "Phoenix dactylifera", "Spread": 6.71750569072769, "SpreadP": 10}}, {"type": "Feature", "id": 2368, "geometry": {"type": "Point", "coordinates": [46.62115819100006, 24.82930392800006]}, "properties": {"OBJECTID": 2368, "Species": null, "Spread": 5.05760639605553, "SpreadP": 11.3}}, {"type": "Feature", "id": 2369, "geometry": {"type": "Point", "coordinates": [46.621209692000036, 24.82931998600003]}, "properties": {"OBJECTID": 2369, "Species": "Phoenix dactylifera", "Spread": 4.769721604593698, "SpreadP": 10}}, {"type": "Feature", "id": 2370, "geometry": {"type": "Point", "coordinates": [46.620610000000056, 24.829330000000027]}, "properties": {"OBJECTID": 2370, "Species": "Ziziphus spina-christi", "Spread": 1, "SpreadP": 10}}, {"type": "Feature", "id": 2371, "geometry": {"type": "Point", "coordinates": [46.62077000000005, 24.829360000000065]}, "properties": {"OBJECTID": 2371, "Species": "Conocarpus erectus", "Spread": 4.5, "SpreadP": 12}}, {"type": "Feature", "id": 2372, "geometry": {"type": "Point", "coordinates": [46.620750000000044, 24.829390000000046]}, "properties": {"OBJECTID": 2372, "Species": "Conocarpus erectus", "Spread": 5.5, "SpreadP": 12}}, {"type": "Feature", "id": 2373, "geometry": {"type": "Point", "coordinates": [46.62086000000005, 24.82943000000006]}, "properties": {"OBJECTID": 2373, "Species": "Conocarpus erectus", "Spread": 4.5, "SpreadP": 12}}, {"type": "Feature", "id": 2374, "geometry": {"type": "Point", "coordinates": [46.62093016800003, 24.829470736000076]}, "properties": {"OBJECTID": 2374, "Species": null, "Spread": 5.844470368294571, "SpreadP": 11.3}}, {"type": "Feature", "id": 2375, "geometry": {"type": "Point", "coordinates": [46.62097982000006, 24.82949582200007]}, "properties": {"OBJECTID": 2375, "Species": null, "Spread": 6.863198742402981, "SpreadP": 11.3}}, {"type": "Feature", "id": 2376, "geometry": {"type": "Point", "coordinates": [46.62109624400006, 24.829509038000026]}, "properties": {"OBJECTID": 2376, "Species": null, "Spread": 4.92479662201645, "SpreadP": 11.3}}, {"type": "Feature", "id": 2377, "geometry": {"type": "Point", "coordinates": [46.62101062700003, 24.829514406000044]}, "properties": {"OBJECTID": 2377, "Species": null, "Spread": 5.582911790188579, "SpreadP": 11.3}}, {"type": "Feature", "id": 2378, "geometry": {"type": "Point", "coordinates": [46.621394010000074, 24.82938450000006]}, "properties": {"OBJECTID": 2378, "Species": "Ziziphus spina-christi", "Spread": 1.5, "SpreadP": 10}}, {"type": "Feature", "id": 2379, "geometry": {"type": "Point", "coordinates": [46.62147300000004, 24.829408000000058]}, "properties": {"OBJECTID": 2379, "Species": "Ziziphus spina-christi", "Spread": 2, "SpreadP": 10}}, {"type": "Feature", "id": 2380, "geometry": {"type": "Point", "coordinates": [46.621303099000045, 24.82963718700006]}, "properties": {"OBJECTID": 2380, "Species": null, "Spread": 6.770275004152807, "SpreadP": 11.3}}, {"type": "Feature", "id": 2381, "geometry": {"type": "Point", "coordinates": [46.62134185000008, 24.829641700000025]}, "properties": {"OBJECTID": 2381, "Species": "Conocarpus erectus", "Spread": 3, "SpreadP": 12}}, {"type": "Feature", "id": 2382, "geometry": {"type": "Point", "coordinates": [46.62152856000006, 24.82968316000006]}, "properties": {"OBJECTID": 2382, "Species": "Conocarpus erectus", "Spread": 3, "SpreadP": 12}}, {"type": "Feature", "id": 2383, "geometry": {"type": "Point", "coordinates": [46.62144212000004, 24.829687440000043]}, "properties": {"OBJECTID": 2383, "Species": "Conocarpus erectus", "Spread": 3.5, "SpreadP": 12}}, {"type": "Feature", "id": 2384, "geometry": {"type": "Point", "coordinates": [46.621529631000044, 24.829710573000057]}, "properties": {"OBJECTID": 2384, "Species": null, "Spread": 5.416220002904745, "SpreadP": 11.3}}, {"type": "Feature", "id": 2385, "geometry": {"type": "Point", "coordinates": [46.62160288600006, 24.829751763000047]}, "properties": {"OBJECTID": 2385, "Species": null, "Spread": 5.077706249823499, "SpreadP": 11.3}}, {"type": "Feature", "id": 2386, "geometry": {"type": "Point", "coordinates": [46.621678630000076, 24.829781860000026]}, "properties": {"OBJECTID": 2386, "Species": "Conocarpus erectus", "Spread": 3, "SpreadP": 12}}, {"type": "Feature", "id": 2387, "geometry": {"type": "Point", "coordinates": [46.62178841000008, 24.829825490000076]}, "properties": {"OBJECTID": 2387, "Species": "Conocarpus erectus", "Spread": 4, "SpreadP": 12}}, {"type": "Feature", "id": 2388, "geometry": {"type": "Point", "coordinates": [46.621045492000064, 24.82952650800007]}, "properties": {"OBJECTID": 2388, "Species": null, "Spread": 5.578206066613587, "SpreadP": 11.3}}, {"type": "Feature", "id": 2389, "geometry": {"type": "Point", "coordinates": [46.62113514600003, 24.829529447000027]}, "properties": {"OBJECTID": 2389, "Species": null, "Spread": 3.7362387577990406, "SpreadP": 11.3}}, {"type": "Feature", "id": 2390, "geometry": {"type": "Point", "coordinates": [46.62120207000004, 24.829545560000042]}, "properties": {"OBJECTID": 2390, "Species": "Conocarpus erectus", "Spread": 3.5, "SpreadP": 12}}, {"type": "Feature", "id": 2391, "geometry": {"type": "Point", "coordinates": [46.621165405000056, 24.829547940000054]}, "properties": {"OBJECTID": 2391, "Species": null, "Spread": 4.566800165939132, "SpreadP": 11.3}}, {"type": "Feature", "id": 2392, "geometry": {"type": "Point", "coordinates": [46.621240380000074, 24.829561200000057]}, "properties": {"OBJECTID": 2392, "Species": "Conocarpus erectus", "Spread": 3, "SpreadP": 12}}, {"type": "Feature", "id": 2393, "geometry": {"type": "Point", "coordinates": [46.62127563700005, 24.82958865100005]}, "properties": {"OBJECTID": 2393, "Species": null, "Spread": 3.998388929865647, "SpreadP": 11.3}}, {"type": "Feature", "id": 2394, "geometry": {"type": "Point", "coordinates": [46.62090900000004, 24.82970400000005]}, "properties": {"OBJECTID": 2394, "Species": "Conocarpus lancifolius", "Spread": 3, "SpreadP": 12}}, {"type": "Feature", "id": 2395, "geometry": {"type": "Point", "coordinates": [46.62329252600006, 24.830210692000037]}, "properties": {"OBJECTID": 2395, "Species": null, "Spread": 3.2566985443743297, "SpreadP": 11.3}}, {"type": "Feature", "id": 2396, "geometry": {"type": "Point", "coordinates": [46.62331760700005, 24.830220902000065]}, "properties": {"OBJECTID": 2396, "Species": "Phoenix dactylifera", "Spread": 3.8996341432027526, "SpreadP": 10}}, {"type": "Feature", "id": 2397, "geometry": {"type": "Point", "coordinates": [46.62339544500003, 24.830253619000075]}, "properties": {"OBJECTID": 2397, "Species": "Phoenix dactylifera", "Spread": 6.893648726740811, "SpreadP": 10}}, {"type": "Feature", "id": 2398, "geometry": {"type": "Point", "coordinates": [46.62343653000005, 24.83025383000006]}, "properties": {"OBJECTID": 2398, "Species": "Phoenix dactylifera", "Spread": 8, "SpreadP": 10}}, {"type": "Feature", "id": 2399, "geometry": {"type": "Point", "coordinates": [46.62268447800005, 24.830185603000075]}, "properties": {"OBJECTID": 2399, "Species": null, "Spread": 4.739192503587753, "SpreadP": 11.3}}, {"type": "Feature", "id": 2400, "geometry": {"type": "Point", "coordinates": [46.62272781000007, 24.830208156000026]}, "properties": {"OBJECTID": 2400, "Species": null, "Spread": 4.400678753148072, "SpreadP": 11.3}}, {"type": "Feature", "id": 2401, "geometry": {"type": "Point", "coordinates": [46.622743660000026, 24.830235190000053]}, "properties": {"OBJECTID": 2401, "Species": "Conocarpus erectus", "Spread": 4, "SpreadP": 12}}, {"type": "Feature", "id": 2402, "geometry": {"type": "Point", "coordinates": [46.62283135000007, 24.830270350000035]}, "properties": {"OBJECTID": 2402, "Species": "Conocarpus erectus", "Spread": 4, "SpreadP": 12}}, {"type": "Feature", "id": 2403, "geometry": {"type": "Point", "coordinates": [46.62287709100008, 24.830311546000075]}, "properties": {"OBJECTID": 2403, "Species": null, "Spread": 5.273668135368388, "SpreadP": 11.3}}, {"type": "Feature", "id": 2404, "geometry": {"type": "Point", "coordinates": [46.62303082200003, 24.83032885600005]}, "properties": {"OBJECTID": 2404, "Species": null, "Spread": 4.149533299386393, "SpreadP": 11.3}}, {"type": "Feature", "id": 2405, "geometry": {"type": "Point", "coordinates": [46.62293277400005, 24.830334593000032]}, "properties": {"OBJECTID": 2405, "Species": null, "Spread": 4.062165001120703, "SpreadP": 11.3}}, {"type": "Feature", "id": 2406, "geometry": {"type": "Point", "coordinates": [46.62297265800004, 24.83034937000008]}, "properties": {"OBJECTID": 2406, "Species": null, "Spread": 4.9986385889319624, "SpreadP": 11.3}}, {"type": "Feature", "id": 2407, "geometry": {"type": "Point", "coordinates": [46.62302977100006, 24.830375524000033]}, "properties": {"OBJECTID": 2407, "Species": null, "Spread": 4.400678753148072, "SpreadP": 11.3}}, {"type": "Feature", "id": 2408, "geometry": {"type": "Point", "coordinates": [46.62347356400005, 24.83028215400003]}, "properties": {"OBJECTID": 2408, "Species": "Phoenix dactylifera", "Spread": 5.787826225966199, "SpreadP": 10}}, {"type": "Feature", "id": 2409, "geometry": {"type": "Point", "coordinates": [46.62353770000004, 24.83030443000007]}, "properties": {"OBJECTID": 2409, "Species": "Ficus altissima", "Spread": 3, "SpreadP": 16}}, {"type": "Feature", "id": 2410, "geometry": {"type": "Point", "coordinates": [46.62359582000005, 24.83032084000007]}, "properties": {"OBJECTID": 2410, "Species": "Ficus altissima", "Spread": 3, "SpreadP": 16}}, {"type": "Feature", "id": 2411, "geometry": {"type": "Point", "coordinates": [46.62306279100005, 24.830331027000057]}, "properties": {"OBJECTID": 2411, "Species": null, "Spread": 3.722333974610831, "SpreadP": 11.3}}, {"type": "Feature", "id": 2412, "geometry": {"type": "Point", "coordinates": [46.62309036200003, 24.830355906000023]}, "properties": {"OBJECTID": 2412, "Species": null, "Spread": 3.8892268894919533, "SpreadP": 11.3}}, {"type": "Feature", "id": 2413, "geometry": {"type": "Point", "coordinates": [46.62366675000004, 24.830353580000065]}, "properties": {"OBJECTID": 2413, "Species": "Ziziphus spina-christi", "Spread": 1, "SpreadP": 10}}, {"type": "Feature", "id": 2414, "geometry": {"type": "Point", "coordinates": [46.623703430000035, 24.830367160000037]}, "properties": {"OBJECTID": 2414, "Species": "Ficus altissima", "Spread": 2, "SpreadP": 16}}, {"type": "Feature", "id": 2415, "geometry": {"type": "Point", "coordinates": [46.62312922400008, 24.83037715300003]}, "properties": {"OBJECTID": 2415, "Species": null, "Spread": 3.88922689049045, "SpreadP": 11.3}}, {"type": "Feature", "id": 2416, "geometry": {"type": "Point", "coordinates": [46.62374015000006, 24.830383230000052]}, "properties": {"OBJECTID": 2416, "Species": "Ficus altissima", "Spread": 2.5, "SpreadP": 16}}, {"type": "Feature", "id": 2417, "geometry": {"type": "Point", "coordinates": [46.62318653900007, 24.83039363200004]}, "properties": {"OBJECTID": 2417, "Species": null, "Spread": 4.104261099410613, "SpreadP": 11.3}}, {"type": "Feature", "id": 2418, "geometry": {"type": "Point", "coordinates": [46.62376900000004, 24.830395000000067]}, "properties": {"OBJECTID": 2418, "Species": "Dalbergia sissoo", "Spread": 1, "SpreadP": 9}}, {"type": "Feature", "id": 2419, "geometry": {"type": "Point", "coordinates": [46.62322420300006, 24.83040310800004]}, "properties": {"OBJECTID": 2419, "Species": null, "Spread": 3.7442045151377368, "SpreadP": 11.3}}, {"type": "Feature", "id": 2420, "geometry": {"type": "Point", "coordinates": [46.623774980000064, 24.830399310000075]}, "properties": {"OBJECTID": 2420, "Species": "Ficus altissima", "Spread": 0.5, "SpreadP": 16}}, {"type": "Feature", "id": 2421, "geometry": {"type": "Point", "coordinates": [46.623263156000064, 24.830427116000067]}, "properties": {"OBJECTID": 2421, "Species": null, "Spread": 4.132664630742991, "SpreadP": 11.3}}, {"type": "Feature", "id": 2422, "geometry": {"type": "Point", "coordinates": [46.62386800000007, 24.830431000000033]}, "properties": {"OBJECTID": 2422, "Species": "Dalbergia sissoo", "Spread": 1, "SpreadP": 9}}, {"type": "Feature", "id": 2423, "geometry": {"type": "Point", "coordinates": [46.62328804300006, 24.830475319000072]}, "properties": {"OBJECTID": 2423, "Species": null, "Spread": 4.520211455469637, "SpreadP": 11.3}}, {"type": "Feature", "id": 2424, "geometry": {"type": "Point", "coordinates": [46.62337892800008, 24.830509464000045]}, "properties": {"OBJECTID": 2424, "Species": null, "Spread": 4.290067320397726, "SpreadP": 11.3}}, {"type": "Feature", "id": 2425, "geometry": {"type": "Point", "coordinates": [46.62341675600004, 24.830533440000067]}, "properties": {"OBJECTID": 2425, "Species": null, "Spread": 5.312895211958395, "SpreadP": 11.3}}, {"type": "Feature", "id": 2426, "geometry": {"type": "Point", "coordinates": [46.62345501600004, 24.830551033000063]}, "properties": {"OBJECTID": 2426, "Species": null, "Spread": 4.062165003220742, "SpreadP": 11.3}}, {"type": "Feature", "id": 2427, "geometry": {"type": "Point", "coordinates": [46.62356464000004, 24.830558044000043]}, "properties": {"OBJECTID": 2427, "Species": null, "Spread": 5.456908868922236, "SpreadP": 11.3}}, {"type": "Feature", "id": 2428, "geometry": {"type": "Point", "coordinates": [46.624008110000034, 24.83049845000005]}, "properties": {"OBJECTID": 2428, "Species": "Phoenix dactylifera", "Spread": 4, "SpreadP": 10}}, {"type": "Feature", "id": 2429, "geometry": {"type": "Point", "coordinates": [46.62283200000007, 24.830481000000077]}, "properties": {"OBJECTID": 2429, "Species": "Ziziphus spina-christi", "Spread": 2, "SpreadP": 10}}, {"type": "Feature", "id": 2430, "geometry": {"type": "Point", "coordinates": [46.62288100000006, 24.830511000000058]}, "properties": {"OBJECTID": 2430, "Species": "Ziziphus spina-christi", "Spread": 1, "SpreadP": 10}}, {"type": "Feature", "id": 2431, "geometry": {"type": "Point", "coordinates": [46.62297600000005, 24.830549000000076]}, "properties": {"OBJECTID": 2431, "Species": "Ziziphus spina-christi", "Spread": 1, "SpreadP": 10}}, {"type": "Feature", "id": 2432, "geometry": {"type": "Point", "coordinates": [46.62295000000006, 24.830550000000073]}, "properties": {"OBJECTID": 2432, "Species": "Phoenix dactylifera", "Spread": 2, "SpreadP": 10}}, {"type": "Feature", "id": 2433, "geometry": {"type": "Point", "coordinates": [46.623008834000075, 24.830576738000047]}, "properties": {"OBJECTID": 2433, "Species": "Phoenix dactylifera", "Spread": 5.044372339700176, "SpreadP": 10}}, {"type": "Feature", "id": 2434, "geometry": {"type": "Point", "coordinates": [46.62413043000004, 24.83054633000006]}, "properties": {"OBJECTID": 2434, "Species": "Ficus altissima", "Spread": 2, "SpreadP": 16}}, {"type": "Feature", "id": 2435, "geometry": {"type": "Point", "coordinates": [46.62415935000007, 24.830560000000048]}, "properties": {"OBJECTID": 2435, "Species": "Phoenix dactylifera", "Spread": 5, "SpreadP": 10}}, {"type": "Feature", "id": 2436, "geometry": {"type": "Point", "coordinates": [46.62421703000007, 24.83058895000005]}, "properties": {"OBJECTID": 2436, "Species": "Phoenix dactylifera", "Spread": 5, "SpreadP": 10}}, {"type": "Feature", "id": 2437, "geometry": {"type": "Point", "coordinates": [46.624243841000066, 24.83061153500006]}, "properties": {"OBJECTID": 2437, "Species": "Phoenix dactylifera", "Spread": 5.077706252456384, "SpreadP": 10}}, {"type": "Feature", "id": 2438, "geometry": {"type": "Point", "coordinates": [46.62427589300006, 24.83062317400004]}, "properties": {"OBJECTID": 2438, "Species": "Phoenix dactylifera", "Spread": 6.98611610473146, "SpreadP": 10}}, {"type": "Feature", "id": 2439, "geometry": {"type": "Point", "coordinates": [46.62876678100008, 24.832511469000053]}, "properties": {"OBJECTID": 2439, "Species": "Phoenix dactylifera", "Spread": 4.292095116175783, "SpreadP": 10}}, {"type": "Feature", "id": 2440, "geometry": {"type": "Point", "coordinates": [46.62880121500007, 24.832522690000076]}, "properties": {"OBJECTID": 2440, "Species": "Phoenix dactylifera", "Spread": 5.776816464758822, "SpreadP": 10}}, {"type": "Feature", "id": 2441, "geometry": {"type": "Point", "coordinates": [46.62884246300007, 24.832543181000062]}, "properties": {"OBJECTID": 2441, "Species": "Phoenix dactylifera", "Spread": 4.567037598357732, "SpreadP": 10}}, {"type": "Feature", "id": 2442, "geometry": {"type": "Point", "coordinates": [46.62887386700004, 24.832553431000065]}, "properties": {"OBJECTID": 2442, "Species": "Phoenix dactylifera", "Spread": 6.630319883766616, "SpreadP": 10}}, {"type": "Feature", "id": 2443, "geometry": {"type": "Point", "coordinates": [46.62891399800003, 24.832569173000024]}, "properties": {"OBJECTID": 2443, "Species": null, "Spread": 3.889636087687971, "SpreadP": 11.3}}, {"type": "Feature", "id": 2444, "geometry": {"type": "Point", "coordinates": [46.62824469000003, 24.832272800000055]}, "properties": {"OBJECTID": 2444, "Species": "Phoenix dactylifera", "Spread": 5, "SpreadP": 10}}, {"type": "Feature", "id": 2445, "geometry": {"type": "Point", "coordinates": [46.62833000000006, 24.83232000000004]}, "properties": {"OBJECTID": 2445, "Species": "Phoenix dactylifera", "Spread": 5, "SpreadP": 10}}, {"type": "Feature", "id": 2446, "geometry": {"type": "Point", "coordinates": [46.62844000000007, 24.832367288000057]}, "properties": {"OBJECTID": 2446, "Species": "Phoenix dactylifera", "Spread": 3.436465739305229, "SpreadP": 10}}, {"type": "Feature", "id": 2447, "geometry": {"type": "Point", "coordinates": [46.62847195900008, 24.832385079000062]}, "properties": {"OBJECTID": 2447, "Species": null, "Spread": 4.17023508238404, "SpreadP": 11.3}}, {"type": "Feature", "id": 2448, "geometry": {"type": "Point", "coordinates": [46.62799924400008, 24.832419981000044]}, "properties": {"OBJECTID": 2448, "Species": "Phoenix dactylifera", "Spread": 4.1180429206514635, "SpreadP": 10}}, {"type": "Feature", "id": 2449, "geometry": {"type": "Point", "coordinates": [46.627950000000055, 24.832430000000045]}, "properties": {"OBJECTID": 2449, "Species": "Conocarpus erectus", "Spread": 4, "SpreadP": 12}}, {"type": "Feature", "id": 2450, "geometry": {"type": "Point", "coordinates": [46.62807000000004, 24.832440000000076]}, "properties": {"OBJECTID": 2450, "Species": "Phoenix dactylifera", "Spread": 3, "SpreadP": 10}}, {"type": "Feature", "id": 2451, "geometry": {"type": "Point", "coordinates": [46.628611584000055, 24.832438411000055]}, "properties": {"OBJECTID": 2451, "Species": "Phoenix dactylifera", "Spread": 3.889226887298534, "SpreadP": 10}}, {"type": "Feature", "id": 2452, "geometry": {"type": "Point", "coordinates": [46.62800000000004, 24.83245000000005]}, "properties": {"OBJECTID": 2452, "Species": "Conocarpus erectus", "Spread": 4, "SpreadP": 12}}, {"type": "Feature", "id": 2453, "geometry": {"type": "Point", "coordinates": [46.628100000000074, 24.832460000000026]}, "properties": {"OBJECTID": 2453, "Species": "Phoenix dactylifera", "Spread": 4, "SpreadP": 10}}, {"type": "Feature", "id": 2454, "geometry": {"type": "Point", "coordinates": [46.63175000000007, 24.83399000000003]}, "properties": {"OBJECTID": 2454, "Species": "Conocarpus erectus", "Spread": 3, "SpreadP": 12}}, {"type": "Feature", "id": 2455, "geometry": {"type": "Point", "coordinates": [46.63179000000008, 24.834010000000035]}, "properties": {"OBJECTID": 2455, "Species": "Phoenix dactylifera", "Spread": 3, "SpreadP": 10}}, {"type": "Feature", "id": 2456, "geometry": {"type": "Point", "coordinates": [46.63181000000003, 24.834060000000022]}, "properties": {"OBJECTID": 2456, "Species": "Conocarpus erectus", "Spread": 3, "SpreadP": 12}}, {"type": "Feature", "id": 2457, "geometry": {"type": "Point", "coordinates": [46.63193000000007, 24.834070000000054]}, "properties": {"OBJECTID": 2457, "Species": "Conocarpus erectus", "Spread": 4, "SpreadP": 12}}, {"type": "Feature", "id": 2458, "geometry": {"type": "Point", "coordinates": [46.63197000000008, 24.83408000000003]}, "properties": {"OBJECTID": 2458, "Species": "Conocarpus erectus", "Spread": 5, "SpreadP": 12}}, {"type": "Feature", "id": 2459, "geometry": {"type": "Point", "coordinates": [46.63277287300008, 24.834427142000038]}, "properties": {"OBJECTID": 2459, "Species": "Phoenix dactylifera", "Spread": 2.7524126309792685, "SpreadP": 10}}, {"type": "Feature", "id": 2460, "geometry": {"type": "Point", "coordinates": [46.63272593200003, 24.834448466000026]}, "properties": {"OBJECTID": 2460, "Species": null, "Spread": 5.925006135773695, "SpreadP": 11.3}}, {"type": "Feature", "id": 2461, "geometry": {"type": "Point", "coordinates": [46.632858826000074, 24.83446237900006]}, "properties": {"OBJECTID": 2461, "Species": null, "Spread": 4.3445697813829875, "SpreadP": 11.3}}, {"type": "Feature", "id": 2462, "geometry": {"type": "Point", "coordinates": [46.63281654200006, 24.834485435000033]}, "properties": {"OBJECTID": 2462, "Species": null, "Spread": 5.1336526449538065, "SpreadP": 11.3}}, {"type": "Feature", "id": 2463, "geometry": {"type": "Point", "coordinates": [46.632895037000026, 24.834500494000054]}, "properties": {"OBJECTID": 2463, "Species": null, "Spread": 9.1348731619873, "SpreadP": 11.3}}, {"type": "Feature", "id": 2464, "geometry": {"type": "Point", "coordinates": [46.63202000000007, 24.834100000000035]}, "properties": {"OBJECTID": 2464, "Species": "Conocarpus erectus", "Spread": 4, "SpreadP": 12}}, {"type": "Feature", "id": 2465, "geometry": {"type": "Point", "coordinates": [46.63196659500005, 24.834122724000053]}, "properties": {"OBJECTID": 2465, "Species": null, "Spread": 4.45066559295046, "SpreadP": 11.3}}, {"type": "Feature", "id": 2466, "geometry": {"type": "Point", "coordinates": [46.63209000000006, 24.834140000000048]}, "properties": {"OBJECTID": 2466, "Species": "Conocarpus erectus", "Spread": 3.5, "SpreadP": 12}}, {"type": "Feature", "id": 2467, "geometry": {"type": "Point", "coordinates": [46.63212320300005, 24.83415803200006]}, "properties": {"OBJECTID": 2467, "Species": null, "Spread": 4.048035690783359, "SpreadP": 11.3}}, {"type": "Feature", "id": 2468, "geometry": {"type": "Point", "coordinates": [46.632160112000065, 24.834165728000073]}, "properties": {"OBJECTID": 2468, "Species": null, "Spread": 3.969024599243536, "SpreadP": 11.3}}, {"type": "Feature", "id": 2469, "geometry": {"type": "Point", "coordinates": [46.63209421100004, 24.83417774700007]}, "properties": {"OBJECTID": 2469, "Species": "Phoenix dactylifera", "Spread": 4.989043982570979, "SpreadP": 10}}, {"type": "Feature", "id": 2470, "geometry": {"type": "Point", "coordinates": [46.63219071200007, 24.83419040600006]}, "properties": {"OBJECTID": 2470, "Species": null, "Spread": 4.574085944425712, "SpreadP": 11.3}}, {"type": "Feature", "id": 2471, "geometry": {"type": "Point", "coordinates": [46.63222265200005, 24.834194053000033]}, "properties": {"OBJECTID": 2471, "Species": null, "Spread": 3.554394377092371, "SpreadP": 11.3}}, {"type": "Feature", "id": 2472, "geometry": {"type": "Point", "coordinates": [46.63225793400005, 24.834256553000046]}, "properties": {"OBJECTID": 2472, "Species": null, "Spread": 5.712729812994359, "SpreadP": 11.3}}, {"type": "Feature", "id": 2473, "geometry": {"type": "Point", "coordinates": [46.63238857700003, 24.83426710200007]}, "properties": {"OBJECTID": 2473, "Species": "Phoenix dactylifera", "Spread": 2.4483487857356327, "SpreadP": 10}}, {"type": "Feature", "id": 2474, "geometry": {"type": "Point", "coordinates": [46.63232919100005, 24.834280026000044]}, "properties": {"OBJECTID": 2474, "Species": null, "Spread": 4.546016867079534, "SpreadP": 11.3}}, {"type": "Feature", "id": 2475, "geometry": {"type": "Point", "coordinates": [46.63244549900003, 24.83428994600007]}, "properties": {"OBJECTID": 2475, "Species": null, "Spread": 3.046623748740227, "SpreadP": 11.3}}, {"type": "Feature", "id": 2476, "geometry": {"type": "Point", "coordinates": [46.632415096000045, 24.834309177000023]}, "properties": {"OBJECTID": 2476, "Species": null, "Spread": 5.371665587099794, "SpreadP": 11.3}}, {"type": "Feature", "id": 2477, "geometry": {"type": "Point", "coordinates": [46.63249918500003, 24.834309674000053]}, "properties": {"OBJECTID": 2477, "Species": null, "Spread": 3.550362163521504, "SpreadP": 11.3}}, {"type": "Feature", "id": 2478, "geometry": {"type": "Point", "coordinates": [46.63253506500007, 24.834329597000078]}, "properties": {"OBJECTID": 2478, "Species": null, "Spread": 4.400678754189653, "SpreadP": 11.3}}, {"type": "Feature", "id": 2479, "geometry": {"type": "Point", "coordinates": [46.63246277200005, 24.834335570000064]}, "properties": {"OBJECTID": 2479, "Species": "Phoenix dactylifera", "Spread": 5.589407724362814, "SpreadP": 10}}, {"type": "Feature", "id": 2480, "geometry": {"type": "Point", "coordinates": [46.63259316700004, 24.834346569000047]}, "properties": {"OBJECTID": 2480, "Species": null, "Spread": 3.3851581610975514, "SpreadP": 11.3}}, {"type": "Feature", "id": 2481, "geometry": {"type": "Point", "coordinates": [46.632505525000056, 24.834351825000056]}, "properties": {"OBJECTID": 2481, "Species": "Phoenix dactylifera", "Spread": 5.018053255618887, "SpreadP": 10}}, {"type": "Feature", "id": 2482, "geometry": {"type": "Point", "coordinates": [46.63254704700006, 24.834374066000066]}, "properties": {"OBJECTID": 2482, "Species": "Phoenix dactylifera", "Spread": 5.920389465821847, "SpreadP": 10}}, {"type": "Feature", "id": 2483, "geometry": {"type": "Point", "coordinates": [46.63260358700006, 24.834393755000065]}, "properties": {"OBJECTID": 2483, "Species": "Phoenix dactylifera", "Spread": 4.490608857328314, "SpreadP": 10}}, {"type": "Feature", "id": 2484, "geometry": {"type": "Point", "coordinates": [46.62865825600005, 24.832460464000064]}, "properties": {"OBJECTID": 2484, "Species": "Phoenix dactylifera", "Spread": 6.018927210587414, "SpreadP": 10}}, {"type": "Feature", "id": 2485, "geometry": {"type": "Point", "coordinates": [46.62805714900003, 24.832485081000073]}, "properties": {"OBJECTID": 2485, "Species": null, "Spread": 5.244232466235008, "SpreadP": 11.3}}, {"type": "Feature", "id": 2486, "geometry": {"type": "Point", "coordinates": [46.628700999000046, 24.83247964900005]}, "properties": {"OBJECTID": 2486, "Species": "Phoenix dactylifera", "Spread": 4.567037600462588, "SpreadP": 10}}, {"type": "Feature", "id": 2487, "geometry": {"type": "Point", "coordinates": [46.628087469000036, 24.832487008000044]}, "properties": {"OBJECTID": 2487, "Species": null, "Spread": 5.2542379485696555, "SpreadP": 11.3}}, {"type": "Feature", "id": 2488, "geometry": {"type": "Point", "coordinates": [46.62873255400007, 24.832496922000075]}, "properties": {"OBJECTID": 2488, "Species": "Phoenix dactylifera", "Spread": 5.207075580893299, "SpreadP": 10}}, {"type": "Feature", "id": 2489, "geometry": {"type": "Point", "coordinates": [46.62820583700005, 24.832506485000067]}, "properties": {"OBJECTID": 2489, "Species": null, "Spread": 3.385137501286538, "SpreadP": 11.3}}, {"type": "Feature", "id": 2490, "geometry": {"type": "Point", "coordinates": [46.62818000000004, 24.832520000000045]}, "properties": {"OBJECTID": 2490, "Species": "Conocarpus erectus", "Spread": 4.5, "SpreadP": 12}}, {"type": "Feature", "id": 2491, "geometry": {"type": "Point", "coordinates": [46.62827000000004, 24.832530000000077]}, "properties": {"OBJECTID": 2491, "Species": "Conocarpus erectus", "Spread": 4, "SpreadP": 12}}, {"type": "Feature", "id": 2492, "geometry": {"type": "Point", "coordinates": [46.628220000000056, 24.83254000000005]}, "properties": {"OBJECTID": 2492, "Species": "Conocarpus erectus", "Spread": 4, "SpreadP": 12}}, {"type": "Feature", "id": 2493, "geometry": {"type": "Point", "coordinates": [46.62825173400006, 24.83256056500005]}, "properties": {"OBJECTID": 2493, "Species": "Phoenix dactylifera", "Spread": 3.852386290785629, "SpreadP": 10}}, {"type": "Feature", "id": 2494, "geometry": {"type": "Point", "coordinates": [46.62894571500004, 24.83258275000003]}, "properties": {"OBJECTID": 2494, "Species": "Phoenix dactylifera", "Spread": 5.701386285552726, "SpreadP": 10}}, {"type": "Feature", "id": 2495, "geometry": {"type": "Point", "coordinates": [46.62904196800008, 24.832626230000074]}, "properties": {"OBJECTID": 2495, "Species": null, "Spread": 4.520211456525925, "SpreadP": 11.3}}, {"type": "Feature", "id": 2496, "geometry": {"type": "Point", "coordinates": [46.629102268000054, 24.832653545000028]}, "properties": {"OBJECTID": 2496, "Species": "Phoenix dactylifera", "Spread": 3.9182550236574176, "SpreadP": 10}}, {"type": "Feature", "id": 2497, "geometry": {"type": "Point", "coordinates": [46.629166791000046, 24.83267749500004]}, "properties": {"OBJECTID": 2497, "Species": "Phoenix dactylifera", "Spread": 4.062165003753588, "SpreadP": 10}}, {"type": "Feature", "id": 2498, "geometry": {"type": "Point", "coordinates": [46.62919433400003, 24.83268416800007]}, "properties": {"OBJECTID": 2498, "Species": null, "Spread": 4.326271062115261, "SpreadP": 11.3}}, {"type": "Feature", "id": 2499, "geometry": {"type": "Point", "coordinates": [46.629227642000046, 24.832702228000073]}, "properties": {"OBJECTID": 2499, "Species": "Phoenix dactylifera", "Spread": 6.421260734209717, "SpreadP": 10}}, {"type": "Feature", "id": 2500, "geometry": {"type": "Point", "coordinates": [46.62927071000007, 24.832725596000046]}, "properties": {"OBJECTID": 2500, "Species": "Phoenix dactylifera", "Spread": 4.292095113550452, "SpreadP": 10}}, {"type": "Feature", "id": 2501, "geometry": {"type": "Point", "coordinates": [46.62932543800008, 24.832742057000075]}, "properties": {"OBJECTID": 2501, "Species": null, "Spread": 3.339484722809961, "SpreadP": 11.3}}, {"type": "Feature", "id": 2502, "geometry": {"type": "Point", "coordinates": [46.62879970400007, 24.832756940000024]}, "properties": {"OBJECTID": 2502, "Species": null, "Spread": 4.8679595769416775, "SpreadP": 11.3}}, {"type": "Feature", "id": 2503, "geometry": {"type": "Point", "coordinates": [46.629371012000036, 24.832765882000047]}, "properties": {"OBJECTID": 2503, "Species": "Phoenix dactylifera", "Spread": 4.52112681210982, "SpreadP": 10}}, {"type": "Feature", "id": 2504, "geometry": {"type": "Point", "coordinates": [46.628492848000064, 24.83266452400005]}, "properties": {"OBJECTID": 2504, "Species": null, "Spread": 5.582911791271864, "SpreadP": 11.3}}, {"type": "Feature", "id": 2505, "geometry": {"type": "Point", "coordinates": [46.628036862000044, 24.832686632000048]}, "properties": {"OBJECTID": 2505, "Species": "Phoenix dactylifera", "Spread": 3.3028951571751217, "SpreadP": 10}}, {"type": "Feature", "id": 2506, "geometry": {"type": "Point", "coordinates": [46.628665597000065, 24.832710044000066]}, "properties": {"OBJECTID": 2506, "Species": null, "Spread": 4.7391925030638635, "SpreadP": 11.3}}, {"type": "Feature", "id": 2507, "geometry": {"type": "Point", "coordinates": [46.62810881200005, 24.83272874900007]}, "properties": {"OBJECTID": 2507, "Species": null, "Spread": 4.01784592482669, "SpreadP": 11.3}}, {"type": "Feature", "id": 2508, "geometry": {"type": "Point", "coordinates": [46.62872421000003, 24.83272631500006]}, "properties": {"OBJECTID": 2508, "Species": null, "Spread": 5.141714460374973, "SpreadP": 11.3}}, {"type": "Feature", "id": 2509, "geometry": {"type": "Point", "coordinates": [46.62868681200007, 24.832751117000043]}, "properties": {"OBJECTID": 2509, "Species": "Phoenix dactylifera", "Spread": 4.005507646130236, "SpreadP": 10}}, {"type": "Feature", "id": 2510, "geometry": {"type": "Point", "coordinates": [46.628724257000044, 24.832762057000025]}, "properties": {"OBJECTID": 2510, "Species": "Phoenix dactylifera", "Spread": 4.880680141378879, "SpreadP": 10}}, {"type": "Feature", "id": 2511, "geometry": {"type": "Point", "coordinates": [46.628229770000075, 24.832768300000055]}, "properties": {"OBJECTID": 2511, "Species": "Phoenix dactylifera", "Spread": 2, "SpreadP": 10}}, {"type": "Feature", "id": 2512, "geometry": {"type": "Point", "coordinates": [46.62828319400006, 24.832792394000023]}, "properties": {"OBJECTID": 2512, "Species": "Phoenix dactylifera", "Spread": 4.0661953715293135, "SpreadP": 10}}, {"type": "Feature", "id": 2513, "geometry": {"type": "Point", "coordinates": [46.628351026000075, 24.832829613000058]}, "properties": {"OBJECTID": 2513, "Species": "Phoenix dactylifera", "Spread": 4.3837968584920795, "SpreadP": 10}}, {"type": "Feature", "id": 2514, "geometry": {"type": "Point", "coordinates": [46.628772291000075, 24.832781839000063]}, "properties": {"OBJECTID": 2514, "Species": "Phoenix dactylifera", "Spread": 3.073668398174225, "SpreadP": 10}}, {"type": "Feature", "id": 2515, "geometry": {"type": "Point", "coordinates": [46.629424965000055, 24.832782661000067]}, "properties": {"OBJECTID": 2515, "Species": null, "Spread": 4.361809622163032, "SpreadP": 11.3}}, {"type": "Feature", "id": 2516, "geometry": {"type": "Point", "coordinates": [46.62891782100007, 24.832800559000077]}, "properties": {"OBJECTID": 2516, "Species": "Phoenix dactylifera", "Spread": 3.117064478940727, "SpreadP": 10}}, {"type": "Feature", "id": 2517, "geometry": {"type": "Point", "coordinates": [46.628827096000066, 24.83280308700006]}, "properties": {"OBJECTID": 2517, "Species": null, "Spread": 6.770275002046499, "SpreadP": 11.3}}, {"type": "Feature", "id": 2518, "geometry": {"type": "Point", "coordinates": [46.62945982300005, 24.832797646000074]}, "properties": {"OBJECTID": 2518, "Species": null, "Spread": 5.072461863979614, "SpreadP": 11.3}}, {"type": "Feature", "id": 2519, "geometry": {"type": "Point", "coordinates": [46.62895402200007, 24.83281628900005]}, "properties": {"OBJECTID": 2519, "Species": "Phoenix dactylifera", "Spread": 3.4720357154776678, "SpreadP": 10}}, {"type": "Feature", "id": 2520, "geometry": {"type": "Point", "coordinates": [46.62888220100007, 24.832824181000035]}, "properties": {"OBJECTID": 2520, "Species": null, "Spread": 6.105539572672163, "SpreadP": 11.3}}, {"type": "Feature", "id": 2521, "geometry": {"type": "Point", "coordinates": [46.628988227000036, 24.832829652000044]}, "properties": {"OBJECTID": 2521, "Species": "Phoenix dactylifera", "Spread": 4.163703836863758, "SpreadP": 10}}, {"type": "Feature", "id": 2522, "geometry": {"type": "Point", "coordinates": [46.62890888100003, 24.832850648000033]}, "properties": {"OBJECTID": 2522, "Species": null, "Spread": 5.237831952000166, "SpreadP": 11.3}}, {"type": "Feature", "id": 2523, "geometry": {"type": "Point", "coordinates": [46.629024506000064, 24.83285135400007]}, "properties": {"OBJECTID": 2523, "Species": "Phoenix dactylifera", "Spread": 2.121532887003829, "SpreadP": 10}}, {"type": "Feature", "id": 2524, "geometry": {"type": "Point", "coordinates": [46.62904459200007, 24.832865725000033]}, "properties": {"OBJECTID": 2524, "Species": null, "Spread": 6.0555180549615075, "SpreadP": 11.3}}, {"type": "Feature", "id": 2525, "geometry": {"type": "Point", "coordinates": [46.62959057100005, 24.83286035800006]}, "properties": {"OBJECTID": 2525, "Species": "Phoenix dactylifera", "Spread": 4.4382754529882105, "SpreadP": 10}}, {"type": "Feature", "id": 2526, "geometry": {"type": "Point", "coordinates": [46.62897349000008, 24.83287598000004]}, "properties": {"OBJECTID": 2526, "Species": null, "Spread": 4.566800165939132, "SpreadP": 11.3}}, {"type": "Feature", "id": 2527, "geometry": {"type": "Point", "coordinates": [46.62963312900007, 24.832872578000035]}, "properties": {"OBJECTID": 2527, "Species": "Phoenix dactylifera", "Spread": 3.6424877961815767, "SpreadP": 10}}, {"type": "Feature", "id": 2528, "geometry": {"type": "Point", "coordinates": [46.62901811300003, 24.832883620000075]}, "properties": {"OBJECTID": 2528, "Species": null, "Spread": 4.228035385503381, "SpreadP": 11.3}}, {"type": "Feature", "id": 2529, "geometry": {"type": "Point", "coordinates": [46.62966274000007, 24.832886089000056]}, "properties": {"OBJECTID": 2529, "Species": "Phoenix dactylifera", "Spread": 3.6443328183815047, "SpreadP": 10}}, {"type": "Feature", "id": 2530, "geometry": {"type": "Point", "coordinates": [46.62908242000003, 24.832893897000076]}, "properties": {"OBJECTID": 2530, "Species": null, "Spread": 8.602827447213249, "SpreadP": 11.3}}, {"type": "Feature", "id": 2531, "geometry": {"type": "Point", "coordinates": [46.62912958000004, 24.832895949000033]}, "properties": {"OBJECTID": 2531, "Species": null, "Spread": 3.723651251722931, "SpreadP": 11.3}}, {"type": "Feature", "id": 2532, "geometry": {"type": "Point", "coordinates": [46.629166121000026, 24.832901477000064]}, "properties": {"OBJECTID": 2532, "Species": null, "Spread": 3.4173433044768506, "SpreadP": 11.3}}, {"type": "Feature", "id": 2533, "geometry": {"type": "Point", "coordinates": [46.62920264500008, 24.832915111000034]}, "properties": {"OBJECTID": 2533, "Species": null, "Spread": 4.416293810489677, "SpreadP": 11.3}}, {"type": "Feature", "id": 2534, "geometry": {"type": "Point", "coordinates": [46.628391657000066, 24.832840968000028]}, "properties": {"OBJECTID": 2534, "Species": "Phoenix dactylifera", "Spread": 3.675468891126692, "SpreadP": 10}}, {"type": "Feature", "id": 2535, "geometry": {"type": "Point", "coordinates": [46.62847000000005, 24.832880000000046]}, "properties": {"OBJECTID": 2535, "Species": "Phoenix dactylifera", "Spread": 2, "SpreadP": 10}}, {"type": "Feature", "id": 2536, "geometry": {"type": "Point", "coordinates": [46.62853000000007, 24.832900000000052]}, "properties": {"OBJECTID": 2536, "Species": "Phoenix dactylifera", "Spread": 2, "SpreadP": 10}}, {"type": "Feature", "id": 2537, "geometry": {"type": "Point", "coordinates": [46.628604686000074, 24.83292913100007]}, "properties": {"OBJECTID": 2537, "Species": "Phoenix dactylifera", "Spread": 4.559964364451759, "SpreadP": 10}}, {"type": "Feature", "id": 2538, "geometry": {"type": "Point", "coordinates": [46.62868363100006, 24.83296052000003]}, "properties": {"OBJECTID": 2538, "Species": "Phoenix dactylifera", "Spread": 4.819909618783092, "SpreadP": 10}}, {"type": "Feature", "id": 2539, "geometry": {"type": "Point", "coordinates": [46.62980284300005, 24.832940104000045]}, "properties": {"OBJECTID": 2539, "Species": "Phoenix dactylifera", "Spread": 3.9410974621574955, "SpreadP": 10}}, {"type": "Feature", "id": 2540, "geometry": {"type": "Point", "coordinates": [46.62924139100005, 24.832938290000072]}, "properties": {"OBJECTID": 2540, "Species": null, "Spread": 3.697906812464376, "SpreadP": 11.3}}, {"type": "Feature", "id": 2541, "geometry": {"type": "Point", "coordinates": [46.62914346100007, 24.83293964300003]}, "properties": {"OBJECTID": 2541, "Species": "Phoenix dactylifera", "Spread": 3.497611405776154, "SpreadP": 10}}, {"type": "Feature", "id": 2542, "geometry": {"type": "Point", "coordinates": [46.62918550300003, 24.832951725000044]}, "properties": {"OBJECTID": 2542, "Species": "Phoenix dactylifera", "Spread": 2.8400655830274864, "SpreadP": 10}}, {"type": "Feature", "id": 2543, "geometry": {"type": "Point", "coordinates": [46.62927169900007, 24.832952436000028]}, "properties": {"OBJECTID": 2543, "Species": null, "Spread": 3.995008775339389, "SpreadP": 11.3}}, {"type": "Feature", "id": 2544, "geometry": {"type": "Point", "coordinates": [46.629331953000076, 24.832968557000072]}, "properties": {"OBJECTID": 2544, "Species": null, "Spread": 3.958635412153672, "SpreadP": 11.3}}, {"type": "Feature", "id": 2545, "geometry": {"type": "Point", "coordinates": [46.629227694000065, 24.832975155000042]}, "properties": {"OBJECTID": 2545, "Species": "Phoenix dactylifera", "Spread": 3.3379813145039336, "SpreadP": 10}}, {"type": "Feature", "id": 2546, "geometry": {"type": "Point", "coordinates": [46.629273040000044, 24.832989591000057]}, "properties": {"OBJECTID": 2546, "Species": "Phoenix dactylifera", "Spread": 4.512952443532245, "SpreadP": 10}}, {"type": "Feature", "id": 2547, "geometry": {"type": "Point", "coordinates": [46.62938054000006, 24.833002752000027]}, "properties": {"OBJECTID": 2547, "Species": "Phoenix dactylifera", "Spread": 2.1734117674677877, "SpreadP": 10}}, {"type": "Feature", "id": 2548, "geometry": {"type": "Point", "coordinates": [46.62941741100008, 24.833019670000056]}, "properties": {"OBJECTID": 2548, "Species": "Phoenix dactylifera", "Spread": 1.9406809560890248, "SpreadP": 10}}, {"type": "Feature", "id": 2549, "geometry": {"type": "Point", "coordinates": [46.629331569000044, 24.833021054000028]}, "properties": {"OBJECTID": 2549, "Species": null, "Spread": 5.582911790245594, "SpreadP": 11.3}}, {"type": "Feature", "id": 2550, "geometry": {"type": "Point", "coordinates": [46.62871746500008, 24.832981072000052]}, "properties": {"OBJECTID": 2550, "Species": "Phoenix dactylifera", "Spread": 4.284547359621329, "SpreadP": 10}}, {"type": "Feature", "id": 2551, "geometry": {"type": "Point", "coordinates": [46.629890000000046, 24.832980000000077]}, "properties": {"OBJECTID": 2551, "Species": "Phoenix dactylifera", "Spread": 5, "SpreadP": 10}}, {"type": "Feature", "id": 2552, "geometry": {"type": "Point", "coordinates": [46.62991301800008, 24.83299710800003]}, "properties": {"OBJECTID": 2552, "Species": "Phoenix dactylifera", "Spread": 5.4162406653567565, "SpreadP": 10}}, {"type": "Feature", "id": 2553, "geometry": {"type": "Point", "coordinates": [46.629944443000056, 24.833008434000078]}, "properties": {"OBJECTID": 2553, "Species": "Phoenix dactylifera", "Spread": 6.045206482245966, "SpreadP": 10}}, {"type": "Feature", "id": 2554, "geometry": {"type": "Point", "coordinates": [46.62978145400007, 24.833170777000078]}, "properties": {"OBJECTID": 2554, "Species": null, "Spread": 3.736238758872501, "SpreadP": 11.3}}, {"type": "Feature", "id": 2555, "geometry": {"type": "Point", "coordinates": [46.62944854400007, 24.833065371000032]}, "properties": {"OBJECTID": 2555, "Species": null, "Spread": 4.485573309295279, "SpreadP": 11.3}}, {"type": "Feature", "id": 2556, "geometry": {"type": "Point", "coordinates": [46.62959145500008, 24.83309355600005]}, "properties": {"OBJECTID": 2556, "Species": null, "Spread": 3.61439588592778, "SpreadP": 11.3}}, {"type": "Feature", "id": 2557, "geometry": {"type": "Point", "coordinates": [46.629497290000074, 24.833096445000024]}, "properties": {"OBJECTID": 2557, "Species": null, "Spread": 3.550362163021226, "SpreadP": 11.3}}, {"type": "Feature", "id": 2558, "geometry": {"type": "Point", "coordinates": [46.62953058700003, 24.833101648000024]}, "properties": {"OBJECTID": 2558, "Species": null, "Spread": 3.1097032555622466, "SpreadP": 11.3}}, {"type": "Feature", "id": 2559, "geometry": {"type": "Point", "coordinates": [46.629662687000064, 24.833116765000057]}, "properties": {"OBJECTID": 2559, "Species": null, "Spread": 3.3160239767719797, "SpreadP": 11.3}}, {"type": "Feature", "id": 2560, "geometry": {"type": "Point", "coordinates": [46.629860000000065, 24.833200000000033]}, "properties": {"OBJECTID": 2560, "Species": "Conocarpus erectus", "Spread": 4, "SpreadP": 12}}, {"type": "Feature", "id": 2561, "geometry": {"type": "Point", "coordinates": [46.62991000000005, 24.83322000000004]}, "properties": {"OBJECTID": 2561, "Species": "Conocarpus erectus", "Spread": 5, "SpreadP": 12}}, {"type": "Feature", "id": 2562, "geometry": {"type": "Point", "coordinates": [46.62984000000006, 24.83323000000007]}, "properties": {"OBJECTID": 2562, "Species": "Acacia aneura", "Spread": 6, "SpreadP": 9}}, {"type": "Feature", "id": 2563, "geometry": {"type": "Point", "coordinates": [46.62986586400007, 24.833249529000057]}, "properties": {"OBJECTID": 2563, "Species": null, "Spread": 4.7391925030638635, "SpreadP": 11.3}}, {"type": "Feature", "id": 2564, "geometry": {"type": "Point", "coordinates": [46.62997000000007, 24.833250000000078]}, "properties": {"OBJECTID": 2564, "Species": "Conocarpus erectus", "Spread": 4, "SpreadP": 12}}, {"type": "Feature", "id": 2565, "geometry": {"type": "Point", "coordinates": [46.62994000000003, 24.833260000000053]}, "properties": {"OBJECTID": 2565, "Species": "Acacia aneura", "Spread": 5, "SpreadP": 9}}, {"type": "Feature", "id": 2566, "geometry": {"type": "Point", "coordinates": [46.63001000000003, 24.833260000000053]}, "properties": {"OBJECTID": 2566, "Species": "Conocarpus erectus", "Spread": 4.5, "SpreadP": 12}}, {"type": "Feature", "id": 2567, "geometry": {"type": "Point", "coordinates": [46.63008000000008, 24.83328000000006]}, "properties": {"OBJECTID": 2567, "Species": "Phoenix dactylifera", "Spread": 4, "SpreadP": 10}}, {"type": "Feature", "id": 2568, "geometry": {"type": "Point", "coordinates": [46.63006000000007, 24.83331000000004]}, "properties": {"OBJECTID": 2568, "Species": "Phoenix dactylifera", "Spread": 4, "SpreadP": 10}}, {"type": "Feature", "id": 2569, "geometry": {"type": "Point", "coordinates": [46.63015000000007, 24.83332000000007]}, "properties": {"OBJECTID": 2569, "Species": "Conocarpus erectus", "Spread": 5, "SpreadP": 12}}, {"type": "Feature", "id": 2570, "geometry": {"type": "Point", "coordinates": [46.63010000000003, 24.833330000000046]}, "properties": {"OBJECTID": 2570, "Species": "Phoenix dactylifera", "Spread": 5, "SpreadP": 10}}, {"type": "Feature", "id": 2571, "geometry": {"type": "Point", "coordinates": [46.630158720000054, 24.83335618500007]}, "properties": {"OBJECTID": 2571, "Species": "Phoenix dactylifera", "Spread": 3.906865196328782, "SpreadP": 10}}, {"type": "Feature", "id": 2572, "geometry": {"type": "Point", "coordinates": [46.630223502000035, 24.83336074700003]}, "properties": {"OBJECTID": 2572, "Species": null, "Spread": 4.228035384027785, "SpreadP": 11.3}}, {"type": "Feature", "id": 2573, "geometry": {"type": "Point", "coordinates": [46.630202851000035, 24.83337780200003]}, "properties": {"OBJECTID": 2573, "Species": "Phoenix dactylifera", "Spread": 2.955621172685693, "SpreadP": 10}}, {"type": "Feature", "id": 2574, "geometry": {"type": "Point", "coordinates": [46.63035000000008, 24.83341000000007]}, "properties": {"OBJECTID": 2574, "Species": "Phoenix dactylifera", "Spread": 3, "SpreadP": 10}}, {"type": "Feature", "id": 2575, "geometry": {"type": "Point", "coordinates": [46.630300000000034, 24.833420000000046]}, "properties": {"OBJECTID": 2575, "Species": "Conocarpus erectus", "Spread": 4.5, "SpreadP": 12}}, {"type": "Feature", "id": 2576, "geometry": {"type": "Point", "coordinates": [46.63034000000005, 24.833440000000053]}, "properties": {"OBJECTID": 2576, "Species": "Conocarpus erectus", "Spread": 5, "SpreadP": 12}}, {"type": "Feature", "id": 2577, "geometry": {"type": "Point", "coordinates": [46.63077000000004, 24.83361000000008]}, "properties": {"OBJECTID": 2577, "Species": "Conocarpus erectus", "Spread": 4, "SpreadP": 12}}, {"type": "Feature", "id": 2578, "geometry": {"type": "Point", "coordinates": [46.630810000000054, 24.83364000000006]}, "properties": {"OBJECTID": 2578, "Species": "Conocarpus erectus", "Spread": 4, "SpreadP": 12}}, {"type": "Feature", "id": 2579, "geometry": {"type": "Point", "coordinates": [46.63086000000004, 24.833650000000034]}, "properties": {"OBJECTID": 2579, "Species": "Conocarpus erectus", "Spread": 3, "SpreadP": 12}}, {"type": "Feature", "id": 2580, "geometry": {"type": "Point", "coordinates": [46.63094000000007, 24.833690000000047]}, "properties": {"OBJECTID": 2580, "Species": "Conocarpus erectus", "Spread": 3.5, "SpreadP": 12}}, {"type": "Feature", "id": 2581, "geometry": {"type": "Point", "coordinates": [46.63102108000004, 24.83369077900005]}, "properties": {"OBJECTID": 2581, "Species": "Phoenix dactylifera", "Spread": 2.8984193133780014, "SpreadP": 10}}, {"type": "Feature", "id": 2582, "geometry": {"type": "Point", "coordinates": [46.63107000000008, 24.83370000000008]}, "properties": {"OBJECTID": 2582, "Species": "Conocarpus erectus", "Spread": 3, "SpreadP": 12}}, {"type": "Feature", "id": 2583, "geometry": {"type": "Point", "coordinates": [46.631110000000035, 24.833720000000028]}, "properties": {"OBJECTID": 2583, "Species": "Conocarpus erectus", "Spread": 3, "SpreadP": 12}}, {"type": "Feature", "id": 2584, "geometry": {"type": "Point", "coordinates": [46.63114000000007, 24.833740000000034]}, "properties": {"OBJECTID": 2584, "Species": "Conocarpus erectus", "Spread": 4.5, "SpreadP": 12}}, {"type": "Feature", "id": 2585, "geometry": {"type": "Point", "coordinates": [46.63109000000003, 24.833750000000066]}, "properties": {"OBJECTID": 2585, "Species": "Conocarpus erectus", "Spread": 2.5, "SpreadP": 12}}, {"type": "Feature", "id": 2586, "geometry": {"type": "Point", "coordinates": [46.63044000000008, 24.833440000000053]}, "properties": {"OBJECTID": 2586, "Species": "Phoenix dactylifera", "Spread": 4, "SpreadP": 10}}, {"type": "Feature", "id": 2587, "geometry": {"type": "Point", "coordinates": [46.63038000000006, 24.83346000000006]}, "properties": {"OBJECTID": 2587, "Species": "Conocarpus erectus", "Spread": 4, "SpreadP": 12}}, {"type": "Feature", "id": 2588, "geometry": {"type": "Point", "coordinates": [46.62988000000007, 24.833470000000034]}, "properties": {"OBJECTID": 2588, "Species": "Pithecellobium dulce", "Spread": 0.5, "SpreadP": 12}}, {"type": "Feature", "id": 2589, "geometry": {"type": "Point", "coordinates": [46.63049722800008, 24.833468355000036]}, "properties": {"OBJECTID": 2589, "Species": "Phoenix dactylifera", "Spread": 3.9182550236574176, "SpreadP": 10}}, {"type": "Feature", "id": 2590, "geometry": {"type": "Point", "coordinates": [46.63047000000006, 24.83349000000004]}, "properties": {"OBJECTID": 2590, "Species": "Conocarpus erectus", "Spread": 4.5, "SpreadP": 12}}, {"type": "Feature", "id": 2591, "geometry": {"type": "Point", "coordinates": [46.63059000000004, 24.833500000000072]}, "properties": {"OBJECTID": 2591, "Species": "Conocarpus erectus", "Spread": 4.5, "SpreadP": 12}}, {"type": "Feature", "id": 2592, "geometry": {"type": "Point", "coordinates": [46.62995170700003, 24.83351226900004]}, "properties": {"OBJECTID": 2592, "Species": null, "Spread": 3.0206543806147894, "SpreadP": 11.3}}, {"type": "Feature", "id": 2593, "geometry": {"type": "Point", "coordinates": [46.63052554800004, 24.83352003600004]}, "properties": {"OBJECTID": 2593, "Species": null, "Spread": 5.164415297765678, "SpreadP": 11.3}}, {"type": "Feature", "id": 2594, "geometry": {"type": "Point", "coordinates": [46.63065000000006, 24.833530000000053]}, "properties": {"OBJECTID": 2594, "Species": "Conocarpus erectus", "Spread": 4.5, "SpreadP": 12}}, {"type": "Feature", "id": 2595, "geometry": {"type": "Point", "coordinates": [46.630683144000045, 24.833554820000074]}, "properties": {"OBJECTID": 2595, "Species": null, "Spread": 4.062165001653549, "SpreadP": 11.3}}, {"type": "Feature", "id": 2596, "geometry": {"type": "Point", "coordinates": [46.63012051800007, 24.833577079000065]}, "properties": {"OBJECTID": 2596, "Species": null, "Spread": 3.4087977927999917, "SpreadP": 11.3}}, {"type": "Feature", "id": 2597, "geometry": {"type": "Point", "coordinates": [46.63015810600007, 24.83359313300008]}, "properties": {"OBJECTID": 2597, "Species": null, "Spread": 3.587154464106851, "SpreadP": 11.3}}, {"type": "Feature", "id": 2598, "geometry": {"type": "Point", "coordinates": [46.63029665400006, 24.833640537000065]}, "properties": {"OBJECTID": 2598, "Species": null, "Spread": 2.7044232765660206, "SpreadP": 11.3}}, {"type": "Feature", "id": 2599, "geometry": {"type": "Point", "coordinates": [46.630416420000074, 24.833681590000026]}, "properties": {"OBJECTID": 2599, "Species": "Phoenix dactylifera", "Spread": 1, "SpreadP": 10}}, {"type": "Feature", "id": 2600, "geometry": {"type": "Point", "coordinates": [46.630478330000074, 24.833707670000024]}, "properties": {"OBJECTID": 2600, "Species": "Phoenix dactylifera", "Spread": 2, "SpreadP": 10}}, {"type": "Feature", "id": 2601, "geometry": {"type": "Point", "coordinates": [46.63044631500003, 24.83371586100003]}, "properties": {"OBJECTID": 2601, "Species": null, "Spread": 4.400678754189653, "SpreadP": 11.3}}, {"type": "Feature", "id": 2602, "geometry": {"type": "Point", "coordinates": [46.63058504400004, 24.83376987500003]}, "properties": {"OBJECTID": 2602, "Species": null, "Spread": 3.70823233942262, "SpreadP": 11.3}}, {"type": "Feature", "id": 2603, "geometry": {"type": "Point", "coordinates": [46.63068387100003, 24.833808968000028]}, "properties": {"OBJECTID": 2603, "Species": null, "Spread": 4.1702350817428755, "SpreadP": 11.3}}, {"type": "Feature", "id": 2604, "geometry": {"type": "Point", "coordinates": [46.631290000000035, 24.833800000000053]}, "properties": {"OBJECTID": 2604, "Species": "Conocarpus erectus", "Spread": 5, "SpreadP": 12}}, {"type": "Feature", "id": 2605, "geometry": {"type": "Point", "coordinates": [46.63137000000006, 24.833830000000034]}, "properties": {"OBJECTID": 2605, "Species": "Phoenix dactylifera", "Spread": 3, "SpreadP": 10}}, {"type": "Feature", "id": 2606, "geometry": {"type": "Point", "coordinates": [46.63136000000003, 24.833860000000072]}, "properties": {"OBJECTID": 2606, "Species": "Conocarpus erectus", "Spread": 3, "SpreadP": 12}}, {"type": "Feature", "id": 2607, "geometry": {"type": "Point", "coordinates": [46.63144089600007, 24.83386476800007]}, "properties": {"OBJECTID": 2607, "Species": "Phoenix dactylifera", "Spread": 3.0005127596499794, "SpreadP": 10}}, {"type": "Feature", "id": 2608, "geometry": {"type": "Point", "coordinates": [46.63161000000008, 24.833930000000066]}, "properties": {"OBJECTID": 2608, "Species": "Conocarpus erectus", "Spread": 3, "SpreadP": 12}}, {"type": "Feature", "id": 2609, "geometry": {"type": "Point", "coordinates": [46.63164000000006, 24.833950000000073]}, "properties": {"OBJECTID": 2609, "Species": "Conocarpus erectus", "Spread": 3, "SpreadP": 12}}, {"type": "Feature", "id": 2610, "geometry": {"type": "Point", "coordinates": [46.63154370900003, 24.833952372000056]}, "properties": {"OBJECTID": 2610, "Species": null, "Spread": 4.0372091503532745, "SpreadP": 11.3}}, {"type": "Feature", "id": 2611, "geometry": {"type": "Point", "coordinates": [46.631680000000074, 24.833960000000047]}, "properties": {"OBJECTID": 2611, "Species": "Conocarpus erectus", "Spread": 2, "SpreadP": 12}}, {"type": "Feature", "id": 2612, "geometry": {"type": "Point", "coordinates": [46.63265247800007, 24.834410339000044]}, "properties": {"OBJECTID": 2612, "Species": null, "Spread": 6.501412907043626, "SpreadP": 11.3}}, {"type": "Feature", "id": 2613, "geometry": {"type": "Point", "coordinates": [46.63297135100004, 24.834509049000076]}, "properties": {"OBJECTID": 2613, "Species": null, "Spread": 4.567037597312273, "SpreadP": 11.3}}, {"type": "Feature", "id": 2614, "geometry": {"type": "Point", "coordinates": [46.63303054900007, 24.834533067000052]}, "properties": {"OBJECTID": 2614, "Species": null, "Spread": 3.704797199571553, "SpreadP": 11.3}}, {"type": "Feature", "id": 2615, "geometry": {"type": "Point", "coordinates": [46.63297606800006, 24.834550936000028]}, "properties": {"OBJECTID": 2615, "Species": "Phoenix dactylifera", "Spread": 4.971019320443247, "SpreadP": 10}}, {"type": "Feature", "id": 2616, "geometry": {"type": "Point", "coordinates": [46.63308006300008, 24.83455032200004]}, "properties": {"OBJECTID": 2616, "Species": null, "Spread": 3.465520453760047, "SpreadP": 11.3}}, {"type": "Feature", "id": 2617, "geometry": {"type": "Point", "coordinates": [46.63316693000007, 24.834591466000063]}, "properties": {"OBJECTID": 2617, "Species": null, "Spread": 3.798341163717564, "SpreadP": 11.3}}, {"type": "Feature", "id": 2618, "geometry": {"type": "Point", "coordinates": [46.63321701500007, 24.83460922000006]}, "properties": {"OBJECTID": 2618, "Species": "Phoenix dactylifera", "Spread": 2.8984193133780014, "SpreadP": 10}}, {"type": "Feature", "id": 2619, "geometry": {"type": "Point", "coordinates": [46.63325649700005, 24.83462551100007]}, "properties": {"OBJECTID": 2619, "Species": "Phoenix dactylifera", "Spread": 3.073875511708248, "SpreadP": 10}}, {"type": "Feature", "id": 2620, "geometry": {"type": "Point", "coordinates": [46.63316090100005, 24.83463425700006]}, "properties": {"OBJECTID": 2620, "Species": null, "Spread": 4.905530287463748, "SpreadP": 11.3}}, {"type": "Feature", "id": 2621, "geometry": {"type": "Point", "coordinates": [46.63319975700006, 24.834638848000054]}, "properties": {"OBJECTID": 2621, "Species": null, "Spread": 4.940606603499699, "SpreadP": 11.3}}, {"type": "Feature", "id": 2622, "geometry": {"type": "Point", "coordinates": [46.633246804000066, 24.83466042400005]}, "properties": {"OBJECTID": 2622, "Species": null, "Spread": 5.400623562835653, "SpreadP": 11.3}}, {"type": "Feature", "id": 2623, "geometry": {"type": "Point", "coordinates": [46.63334807900003, 24.834672288000036]}, "properties": {"OBJECTID": 2623, "Species": "Phoenix dactylifera", "Spread": 2.776592415780791, "SpreadP": 10}}, {"type": "Feature", "id": 2624, "geometry": {"type": "Point", "coordinates": [46.63329035100003, 24.83467751200004]}, "properties": {"OBJECTID": 2624, "Species": null, "Spread": 4.853014370262541, "SpreadP": 11.3}}, {"type": "Feature", "id": 2625, "geometry": {"type": "Point", "coordinates": [46.633353371000055, 24.834712059000026]}, "properties": {"OBJECTID": 2625, "Species": null, "Spread": 4.2280353828533315, "SpreadP": 11.3}}, {"type": "Feature", "id": 2626, "geometry": {"type": "Point", "coordinates": [46.63338276800005, 24.83471582100003]}, "properties": {"OBJECTID": 2626, "Species": null, "Spread": 4.235181468836826, "SpreadP": 11.3}}, {"type": "Feature", "id": 2627, "geometry": {"type": "Point", "coordinates": [46.63344417800005, 24.83471565800005]}, "properties": {"OBJECTID": 2627, "Species": null, "Spread": 4.96642637510031, "SpreadP": 11.3}}, {"type": "Feature", "id": 2628, "geometry": {"type": "Point", "coordinates": [46.63347520900004, 24.834719231000065]}, "properties": {"OBJECTID": 2628, "Species": null, "Spread": 3.6624552692076158, "SpreadP": 11.3}}, {"type": "Feature", "id": 2629, "geometry": {"type": "Point", "coordinates": [46.633528986000044, 24.834749415000033]}, "properties": {"OBJECTID": 2629, "Species": null, "Spread": 4.400678753148072, "SpreadP": 11.3}}, {"type": "Feature", "id": 2630, "geometry": {"type": "Point", "coordinates": [46.63354788500004, 24.834787161000065]}, "properties": {"OBJECTID": 2630, "Species": "Phoenix dactylifera", "Spread": 4.329066049271697, "SpreadP": 10}}, {"type": "Feature", "id": 2631, "geometry": {"type": "Point", "coordinates": [46.63374544200008, 24.834830390000036]}, "properties": {"OBJECTID": 2631, "Species": "Phoenix dactylifera", "Spread": 3.2050735790186304, "SpreadP": 10}}, {"type": "Feature", "id": 2632, "geometry": {"type": "Point", "coordinates": [46.63367756000008, 24.834844016000034]}, "properties": {"OBJECTID": 2632, "Species": null, "Spread": 6.525359260756133, "SpreadP": 11.3}}, {"type": "Feature", "id": 2633, "geometry": {"type": "Point", "coordinates": [46.63382964600004, 24.834863512000027]}, "properties": {"OBJECTID": 2633, "Species": "Phoenix dactylifera", "Spread": 3.073668398174225, "SpreadP": 10}}, {"type": "Feature", "id": 2634, "geometry": {"type": "Point", "coordinates": [46.633789138000054, 24.834895548000077]}, "properties": {"OBJECTID": 2634, "Species": null, "Spread": 5.754733752286677, "SpreadP": 11.3}}, {"type": "Feature", "id": 2635, "geometry": {"type": "Point", "coordinates": [46.633831609000026, 24.834904406000078]}, "properties": {"OBJECTID": 2635, "Species": null, "Spread": 8.879401288251076, "SpreadP": 11.3}}, {"type": "Feature", "id": 2636, "geometry": {"type": "Point", "coordinates": [46.63390948600005, 24.834912166000038]}, "properties": {"OBJECTID": 2636, "Species": null, "Spread": 3.4879512388794356, "SpreadP": 11.3}}, {"type": "Feature", "id": 2637, "geometry": {"type": "Point", "coordinates": [46.63445074700007, 24.83516981300005]}, "properties": {"OBJECTID": 2637, "Species": null, "Spread": 5.234441054045733, "SpreadP": 11.3}}, {"type": "Feature", "id": 2638, "geometry": {"type": "Point", "coordinates": [46.634484703000055, 24.83518219000007]}, "properties": {"OBJECTID": 2638, "Species": null, "Spread": 6.783192025307551, "SpreadP": 11.3}}, {"type": "Feature", "id": 2639, "geometry": {"type": "Point", "coordinates": [46.63463915500006, 24.835205876000032]}, "properties": {"OBJECTID": 2639, "Species": null, "Spread": 4.0480356886759905, "SpreadP": 11.3}}, {"type": "Feature", "id": 2640, "geometry": {"type": "Point", "coordinates": [46.63454121800004, 24.835206947000074]}, "properties": {"OBJECTID": 2640, "Species": null, "Spread": 6.431761252652281, "SpreadP": 11.3}}, {"type": "Feature", "id": 2641, "geometry": {"type": "Point", "coordinates": [46.63457654800004, 24.835213214000078]}, "properties": {"OBJECTID": 2641, "Species": null, "Spread": 7.292900581157766, "SpreadP": 11.3}}, {"type": "Feature", "id": 2642, "geometry": {"type": "Point", "coordinates": [46.63468428200008, 24.83522560700004]}, "properties": {"OBJECTID": 2642, "Species": null, "Spread": 4.730957582861313, "SpreadP": 11.3}}, {"type": "Feature", "id": 2643, "geometry": {"type": "Point", "coordinates": [46.63478253400007, 24.835274733000062]}, "properties": {"OBJECTID": 2643, "Species": null, "Spread": 4.4006787510359775, "SpreadP": 11.3}}, {"type": "Feature", "id": 2644, "geometry": {"type": "Point", "coordinates": [46.63575673200006, 24.835671585000057]}, "properties": {"OBJECTID": 2644, "Species": "Phoenix dactylifera", "Spread": 5.195694085816236, "SpreadP": 10}}, {"type": "Feature", "id": 2645, "geometry": {"type": "Point", "coordinates": [46.635715754000046, 24.83570468000005]}, "properties": {"OBJECTID": 2645, "Species": null, "Spread": 4.739213163413011, "SpreadP": 11.3}}, {"type": "Feature", "id": 2646, "geometry": {"type": "Point", "coordinates": [46.63584235600007, 24.835705896000036]}, "properties": {"OBJECTID": 2646, "Species": "Phoenix dactylifera", "Spread": 4.0722710384054155, "SpreadP": 10}}, {"type": "Feature", "id": 2647, "geometry": {"type": "Point", "coordinates": [46.635751612000035, 24.83571022600006]}, "properties": {"OBJECTID": 2647, "Species": null, "Spread": 4.4768718971437025, "SpreadP": 11.3}}, {"type": "Feature", "id": 2648, "geometry": {"type": "Point", "coordinates": [46.63579456000008, 24.83572834100005]}, "properties": {"OBJECTID": 2648, "Species": null, "Spread": 4.066081098485773, "SpreadP": 11.3}}, {"type": "Feature", "id": 2649, "geometry": {"type": "Point", "coordinates": [46.63591212700004, 24.83574045200004]}, "properties": {"OBJECTID": 2649, "Species": null, "Spread": 6.770295663465, "SpreadP": 11.3}}, {"type": "Feature", "id": 2650, "geometry": {"type": "Point", "coordinates": [46.63594528900006, 24.835746605000054]}, "properties": {"OBJECTID": 2650, "Species": null, "Spread": 3.9493270851244486, "SpreadP": 11.3}}, {"type": "Feature", "id": 2651, "geometry": {"type": "Point", "coordinates": [46.63597327000008, 24.835762807000037]}, "properties": {"OBJECTID": 2651, "Species": null, "Spread": 3.723651250150039, "SpreadP": 11.3}}, {"type": "Feature", "id": 2652, "geometry": {"type": "Point", "coordinates": [46.635893198000076, 24.83576496300003]}, "properties": {"OBJECTID": 2652, "Species": "Phoenix dactylifera", "Spread": 4.74080419798847, "SpreadP": 10}}, {"type": "Feature", "id": 2653, "geometry": {"type": "Point", "coordinates": [46.63601269900005, 24.835780853000074]}, "properties": {"OBJECTID": 2653, "Species": null, "Spread": 4.496823681863358, "SpreadP": 11.3}}, {"type": "Feature", "id": 2654, "geometry": {"type": "Point", "coordinates": [46.63646496100006, 24.83600619400005]}, "properties": {"OBJECTID": 2654, "Species": "Phoenix dactylifera", "Spread": 5.034139439706521, "SpreadP": 10}}, {"type": "Feature", "id": 2655, "geometry": {"type": "Point", "coordinates": [46.636622878000026, 24.83607954000007]}, "properties": {"OBJECTID": 2655, "Species": null, "Spread": 3.8896360874915663, "SpreadP": 11.3}}, {"type": "Feature", "id": 2656, "geometry": {"type": "Point", "coordinates": [46.636665837000066, 24.836087217000056]}, "properties": {"OBJECTID": 2656, "Species": null, "Spread": 5.156592224432809, "SpreadP": 11.3}}, {"type": "Feature", "id": 2657, "geometry": {"type": "Point", "coordinates": [46.63674915200005, 24.83612389600006]}, "properties": {"OBJECTID": 2657, "Species": null, "Spread": 5.647675817375786, "SpreadP": 11.3}}, {"type": "Feature", "id": 2658, "geometry": {"type": "Point", "coordinates": [46.63686807800008, 24.836169107000046]}, "properties": {"OBJECTID": 2658, "Species": null, "Spread": 4.290067320620317, "SpreadP": 11.3}}, {"type": "Feature", "id": 2659, "geometry": {"type": "Point", "coordinates": [46.63689305300005, 24.836186122000072]}, "properties": {"OBJECTID": 2659, "Species": null, "Spread": 5.077706252982961, "SpreadP": 11.3}}, {"type": "Feature", "id": 2660, "geometry": {"type": "Point", "coordinates": [46.63703824400005, 24.836207605000027]}, "properties": {"OBJECTID": 2660, "Species": "Phoenix dactylifera", "Spread": 4.819909618783092, "SpreadP": 10}}, {"type": "Feature", "id": 2661, "geometry": {"type": "Point", "coordinates": [46.63697714500006, 24.836215585000048]}, "properties": {"OBJECTID": 2661, "Species": "Phoenix dactylifera", "Spread": 4.969994684892747, "SpreadP": 10}}, {"type": "Feature", "id": 2662, "geometry": {"type": "Point", "coordinates": [46.63600027700005, 24.835815333000028]}, "properties": {"OBJECTID": 2662, "Species": "Phoenix dactylifera", "Spread": 5.635467549915654, "SpreadP": 10}}, {"type": "Feature", "id": 2663, "geometry": {"type": "Point", "coordinates": [46.636115637000046, 24.835846521000065]}, "properties": {"OBJECTID": 2663, "Species": null, "Spread": 8.9188362781996, "SpreadP": 11.3}}, {"type": "Feature", "id": 2664, "geometry": {"type": "Point", "coordinates": [46.63621275500003, 24.83585845400006]}, "properties": {"OBJECTID": 2664, "Species": "Phoenix dactylifera", "Spread": 3.99117776404179, "SpreadP": 10}}, {"type": "Feature", "id": 2665, "geometry": {"type": "Point", "coordinates": [46.63615145600005, 24.83588274600004]}, "properties": {"OBJECTID": 2665, "Species": null, "Spread": 4.905530284336147, "SpreadP": 11.3}}, {"type": "Feature", "id": 2666, "geometry": {"type": "Point", "coordinates": [46.63631383000006, 24.835900348000052]}, "properties": {"OBJECTID": 2666, "Species": "Phoenix dactylifera", "Spread": 3.6143377995122106, "SpreadP": 10}}, {"type": "Feature", "id": 2667, "geometry": {"type": "Point", "coordinates": [46.636212423000075, 24.835906100000045]}, "properties": {"OBJECTID": 2667, "Species": null, "Spread": 4.750278339800609, "SpreadP": 11.3}}, {"type": "Feature", "id": 2668, "geometry": {"type": "Point", "coordinates": [46.63632101300004, 24.835910685000044]}, "properties": {"OBJECTID": 2668, "Species": null, "Spread": 3.8892268882970313, "SpreadP": 11.3}}, {"type": "Feature", "id": 2669, "geometry": {"type": "Point", "coordinates": [46.636358192000046, 24.835919868000076]}, "properties": {"OBJECTID": 2669, "Species": null, "Spread": 5.381046650530731, "SpreadP": 11.3}}, {"type": "Feature", "id": 2670, "geometry": {"type": "Point", "coordinates": [46.636276674000044, 24.835924714000043]}, "properties": {"OBJECTID": 2670, "Species": null, "Spread": 4.228035382401617, "SpreadP": 11.3}}, {"type": "Feature", "id": 2671, "geometry": {"type": "Point", "coordinates": [46.63639332100007, 24.835933929000078]}, "properties": {"OBJECTID": 2671, "Species": null, "Spread": 3.1115841189051783, "SpreadP": 11.3}}, {"type": "Feature", "id": 2672, "geometry": {"type": "Point", "coordinates": [46.634041635000074, 24.834954844000038]}, "properties": {"OBJECTID": 2672, "Species": null, "Spread": 6.263139692656271, "SpreadP": 11.3}}, {"type": "Feature", "id": 2673, "geometry": {"type": "Point", "coordinates": [46.63398738500007, 24.834961098000065]}, "properties": {"OBJECTID": 2673, "Species": null, "Spread": 5.2442324672547205, "SpreadP": 11.3}}, {"type": "Feature", "id": 2674, "geometry": {"type": "Point", "coordinates": [46.63409471400007, 24.834982104000062]}, "properties": {"OBJECTID": 2674, "Species": null, "Spread": 6.793621887567932, "SpreadP": 11.3}}, {"type": "Feature", "id": 2675, "geometry": {"type": "Point", "coordinates": [46.63415369200004, 24.83500908700006]}, "properties": {"OBJECTID": 2675, "Species": null, "Spread": 8.861818299667819, "SpreadP": 11.3}}, {"type": "Feature", "id": 2676, "geometry": {"type": "Point", "coordinates": [46.63437402500006, 24.835132933000068]}, "properties": {"OBJECTID": 2676, "Species": null, "Spread": 6.7618265158077975, "SpreadP": 11.3}}, {"type": "Feature", "id": 2677, "geometry": {"type": "Point", "coordinates": [46.634418391000054, 24.835150793000025]}, "properties": {"OBJECTID": 2677, "Species": null, "Spread": 7.34617302449135, "SpreadP": 11.3}}, {"type": "Feature", "id": 2678, "geometry": {"type": "Point", "coordinates": [46.63642096900003, 24.83595022000003]}, "properties": {"OBJECTID": 2678, "Species": null, "Spread": 5.077706250876653, "SpreadP": 11.3}}, {"type": "Feature", "id": 2679, "geometry": {"type": "Point", "coordinates": [46.63633284900004, 24.835953173000064]}, "properties": {"OBJECTID": 2679, "Species": "Phoenix dactylifera", "Spread": 6.293180121289016, "SpreadP": 10}}, {"type": "Feature", "id": 2680, "geometry": {"type": "Point", "coordinates": [46.636418106000065, 24.835986640000044]}, "properties": {"OBJECTID": 2680, "Species": "Phoenix dactylifera", "Spread": 5.856494416976406, "SpreadP": 10}}, {"type": "Feature", "id": 2681, "geometry": {"type": "Point", "coordinates": [46.63705674600004, 24.836219541000048]}, "properties": {"OBJECTID": 2681, "Species": null, "Spread": 5.077706250876653, "SpreadP": 11.3}}, {"type": "Feature", "id": 2682, "geometry": {"type": "Point", "coordinates": [46.63706792900007, 24.836255297000037]}, "properties": {"OBJECTID": 2682, "Species": "Phoenix dactylifera", "Spread": 4.892665600729912, "SpreadP": 10}}, {"type": "Feature", "id": 2683, "geometry": {"type": "Point", "coordinates": [46.63715221500007, 24.836256417000072]}, "properties": {"OBJECTID": 2683, "Species": null, "Spread": 4.400678753148072, "SpreadP": 11.3}}, {"type": "Feature", "id": 2684, "geometry": {"type": "Point", "coordinates": [46.63716429300007, 24.836297241000068]}, "properties": {"OBJECTID": 2684, "Species": "Phoenix dactylifera", "Spread": 5.243989672681483, "SpreadP": 10}}, {"type": "Feature", "id": 2685, "geometry": {"type": "Point", "coordinates": [46.637271879000025, 24.836303004000058]}, "properties": {"OBJECTID": 2685, "Species": null, "Spread": 3.641099663099931, "SpreadP": 11.3}}, {"type": "Feature", "id": 2686, "geometry": {"type": "Point", "coordinates": [46.63730314500003, 24.836362423000026]}, "properties": {"OBJECTID": 2686, "Species": null, "Spread": 5.577567777651756, "SpreadP": 11.3}}, {"type": "Feature", "id": 2687, "geometry": {"type": "Point", "coordinates": [46.63474815400008, 24.83528585700003]}, "properties": {"OBJECTID": 2687, "Species": "Phoenix dactylifera", "Spread": 2.871276032038748, "SpreadP": 10}}, {"type": "Feature", "id": 2688, "geometry": {"type": "Point", "coordinates": [46.63482514400005, 24.835317862000068]}, "properties": {"OBJECTID": 2688, "Species": "Phoenix dactylifera", "Spread": 4.098983902423283, "SpreadP": 10}}, {"type": "Feature", "id": 2689, "geometry": {"type": "Point", "coordinates": [46.57352129900005, 24.79962845400007]}, "properties": {"OBJECTID": 2689, "Species": null, "Spread": 3.0463625403557946, "SpreadP": 11.3}}, {"type": "Feature", "id": 2690, "geometry": {"type": "Point", "coordinates": [46.57359847200007, 24.799697355000035]}, "properties": {"OBJECTID": 2690, "Species": null, "Spread": 3.0718555598744093, "SpreadP": 11.3}}, {"type": "Feature", "id": 2691, "geometry": {"type": "Point", "coordinates": [46.57367850300005, 24.799774987000035]}, "properties": {"OBJECTID": 2691, "Species": null, "Spread": 3.4315993708332395, "SpreadP": 11.3}}, {"type": "Feature", "id": 2692, "geometry": {"type": "Point", "coordinates": [46.57374288900007, 24.799807955000063]}, "properties": {"OBJECTID": 2692, "Species": "Olea europaea", "Spread": 2, "SpreadP": 8}}, {"type": "Feature", "id": 2693, "geometry": {"type": "Point", "coordinates": [46.57546380000008, 24.802251630000058]}, "properties": {"OBJECTID": 2693, "Species": "Ziziphus spina-christi", "Spread": 2, "SpreadP": 10}}, {"type": "Feature", "id": 2694, "geometry": {"type": "Point", "coordinates": [46.57557885300008, 24.802434246000075]}, "properties": {"OBJECTID": 2694, "Species": null, "Spread": 5.17760455140586, "SpreadP": 11.3}}, {"type": "Feature", "id": 2695, "geometry": {"type": "Point", "coordinates": [46.57564029300005, 24.802528233000032]}, "properties": {"OBJECTID": 2695, "Species": null, "Spread": 4.518972105560465, "SpreadP": 11.3}}, {"type": "Feature", "id": 2696, "geometry": {"type": "Point", "coordinates": [46.57546117900006, 24.80266370000004]}, "properties": {"OBJECTID": 2696, "Species": "Ziziphus spina-christi", "Spread": 2.5, "SpreadP": 10}}, {"type": "Feature", "id": 2697, "geometry": {"type": "Point", "coordinates": [46.575517913000056, 24.80276904300007]}, "properties": {"OBJECTID": 2697, "Species": null, "Spread": 3.476753937026105, "SpreadP": 11.3}}, {"type": "Feature", "id": 2698, "geometry": {"type": "Point", "coordinates": [46.57561716600003, 24.802933764000045]}, "properties": {"OBJECTID": 2698, "Species": "Olea europaea", "Spread": 3.3, "SpreadP": 8}}, {"type": "Feature", "id": 2699, "geometry": {"type": "Point", "coordinates": [46.57351052800004, 24.799886486000048]}, "properties": {"OBJECTID": 2699, "Species": null, "Spread": 2.928899355654978, "SpreadP": 11.3}}, {"type": "Feature", "id": 2700, "geometry": {"type": "Point", "coordinates": [46.57380536000005, 24.79989648000003]}, "properties": {"OBJECTID": 2700, "Species": "Ziziphus spina-christi", "Spread": 2, "SpreadP": 10}}, {"type": "Feature", "id": 2701, "geometry": {"type": "Point", "coordinates": [46.573895046000075, 24.799998988000027]}, "properties": {"OBJECTID": 2701, "Species": null, "Spread": 2.6930820182513404, "SpreadP": 11.3}}, {"type": "Feature", "id": 2702, "geometry": {"type": "Point", "coordinates": [46.57395100000008, 24.800052460000074]}, "properties": {"OBJECTID": 2702, "Species": "Ziziphus spina-christi", "Spread": 2, "SpreadP": 10}}, {"type": "Feature", "id": 2703, "geometry": {"type": "Point", "coordinates": [46.57397519400007, 24.80007377100003]}, "properties": {"OBJECTID": 2703, "Species": null, "Spread": 2.4184590460413795, "SpreadP": 11.3}}, {"type": "Feature", "id": 2704, "geometry": {"type": "Point", "coordinates": [46.57348445300005, 24.80014230000006]}, "properties": {"OBJECTID": 2704, "Species": null, "Spread": 2.834175361189791, "SpreadP": 11.3}}, {"type": "Feature", "id": 2705, "geometry": {"type": "Point", "coordinates": [46.574035551000065, 24.800139442000045]}, "properties": {"OBJECTID": 2705, "Species": null, "Spread": 3.7721006956596095, "SpreadP": 11.3}}, {"type": "Feature", "id": 2706, "geometry": {"type": "Point", "coordinates": [46.573561131000076, 24.800229863000027]}, "properties": {"OBJECTID": 2706, "Species": null, "Spread": 3.7153072863570937, "SpreadP": 11.3}}, {"type": "Feature", "id": 2707, "geometry": {"type": "Point", "coordinates": [46.57410884600006, 24.800225526000077]}, "properties": {"OBJECTID": 2707, "Species": null, "Spread": 5.8171110520464095, "SpreadP": 11.3}}, {"type": "Feature", "id": 2708, "geometry": {"type": "Point", "coordinates": [46.57415460800007, 24.800295534000043]}, "properties": {"OBJECTID": 2708, "Species": "Olea europaea", "Spread": 3, "SpreadP": 8}}, {"type": "Feature", "id": 2709, "geometry": {"type": "Point", "coordinates": [46.57418507800003, 24.80030505600007]}, "properties": {"OBJECTID": 2709, "Species": null, "Spread": 4.051599100451012, "SpreadP": 11.3}}, {"type": "Feature", "id": 2710, "geometry": {"type": "Point", "coordinates": [46.573938181000074, 24.800324163000028]}, "properties": {"OBJECTID": 2710, "Species": null, "Spread": 4.223958273224009, "SpreadP": 11.3}}, {"type": "Feature", "id": 2711, "geometry": {"type": "Point", "coordinates": [46.57369581800003, 24.800376405000065]}, "properties": {"OBJECTID": 2711, "Species": null, "Spread": 2.806524208487875, "SpreadP": 11.3}}, {"type": "Feature", "id": 2712, "geometry": {"type": "Point", "coordinates": [46.57425358900008, 24.800395257000048]}, "properties": {"OBJECTID": 2712, "Species": null, "Spread": 3.1097032556625592, "SpreadP": 11.3}}, {"type": "Feature", "id": 2713, "geometry": {"type": "Point", "coordinates": [46.57403265500005, 24.800440421000076]}, "properties": {"OBJECTID": 2713, "Species": null, "Spread": 3.2205787745815306, "SpreadP": 11.3}}, {"type": "Feature", "id": 2714, "geometry": {"type": "Point", "coordinates": [46.57376955700005, 24.800457815000073]}, "properties": {"OBJECTID": 2714, "Species": null, "Spread": 2.6492891478472282, "SpreadP": 11.3}}, {"type": "Feature", "id": 2715, "geometry": {"type": "Point", "coordinates": [46.57431980300004, 24.80047773700005]}, "properties": {"OBJECTID": 2715, "Species": null, "Spread": 2.7218858532694683, "SpreadP": 11.3}}, {"type": "Feature", "id": 2716, "geometry": {"type": "Point", "coordinates": [46.57405436100004, 24.800512843000035]}, "properties": {"OBJECTID": 2716, "Species": "Olea europaea", "Spread": 3, "SpreadP": 8}}, {"type": "Feature", "id": 2717, "geometry": {"type": "Point", "coordinates": [46.57380625600007, 24.80053749600006]}, "properties": {"OBJECTID": 2717, "Species": "Olea europaea", "Spread": 2, "SpreadP": 8}}, {"type": "Feature", "id": 2718, "geometry": {"type": "Point", "coordinates": [46.57437281000006, 24.80056171700005]}, "properties": {"OBJECTID": 2718, "Species": null, "Spread": 4.863859864416897, "SpreadP": 11.3}}, {"type": "Feature", "id": 2719, "geometry": {"type": "Point", "coordinates": [46.57386000000008, 24.800580000000025]}, "properties": {"OBJECTID": 2719, "Species": "Ziziphus spina-christi", "Spread": 2.5, "SpreadP": 10}}, {"type": "Feature", "id": 2720, "geometry": {"type": "Point", "coordinates": [46.573886981000044, 24.800591669000028]}, "properties": {"OBJECTID": 2720, "Species": null, "Spread": 5.384943299946341, "SpreadP": 11.3}}, {"type": "Feature", "id": 2721, "geometry": {"type": "Point", "coordinates": [46.57392670000007, 24.800662620000026]}, "properties": {"OBJECTID": 2721, "Species": "Ziziphus spina-christi", "Spread": 2.5, "SpreadP": 10}}, {"type": "Feature", "id": 2722, "geometry": {"type": "Point", "coordinates": [46.57395524700007, 24.800674297000057]}, "properties": {"OBJECTID": 2722, "Species": null, "Spread": 6.035677061275887, "SpreadP": 11.3}}, {"type": "Feature", "id": 2723, "geometry": {"type": "Point", "coordinates": [46.57421933300003, 24.800681491000034]}, "properties": {"OBJECTID": 2723, "Species": null, "Spread": 3.304244102897528, "SpreadP": 11.3}}, {"type": "Feature", "id": 2724, "geometry": {"type": "Point", "coordinates": [46.57418947700006, 24.800682064000057]}, "properties": {"OBJECTID": 2724, "Species": "Ziziphus spina-christi", "Spread": 2.5, "SpreadP": 10}}, {"type": "Feature", "id": 2725, "geometry": {"type": "Point", "coordinates": [46.57426927300003, 24.800741432000052]}, "properties": {"OBJECTID": 2725, "Species": null, "Spread": 4.453131397451182, "SpreadP": 11.3}}, {"type": "Feature", "id": 2726, "geometry": {"type": "Point", "coordinates": [46.57399250000003, 24.800747820000026]}, "properties": {"OBJECTID": 2726, "Species": "Ziziphus spina-christi", "Spread": 2, "SpreadP": 10}}, {"type": "Feature", "id": 2727, "geometry": {"type": "Point", "coordinates": [46.574239265000074, 24.800748895000027]}, "properties": {"OBJECTID": 2727, "Species": "Ziziphus spina-christi", "Spread": 3, "SpreadP": 10}}, {"type": "Feature", "id": 2728, "geometry": {"type": "Point", "coordinates": [46.574305681000055, 24.800800304000063]}, "properties": {"OBJECTID": 2728, "Species": null, "Spread": 5.097320535739047, "SpreadP": 11.3}}, {"type": "Feature", "id": 2729, "geometry": {"type": "Point", "coordinates": [46.57429743500006, 24.800830285000075]}, "properties": {"OBJECTID": 2729, "Species": "Ziziphus spina-christi", "Spread": 4, "SpreadP": 10}}, {"type": "Feature", "id": 2730, "geometry": {"type": "Point", "coordinates": [46.57405643000004, 24.80083324000003]}, "properties": {"OBJECTID": 2730, "Species": "Ziziphus spina-christi", "Spread": 1.5, "SpreadP": 10}}, {"type": "Feature", "id": 2731, "geometry": {"type": "Point", "coordinates": [46.57409656900006, 24.80086095100006]}, "properties": {"OBJECTID": 2731, "Species": null, "Spread": 2.750388053762275, "SpreadP": 11.3}}, {"type": "Feature", "id": 2732, "geometry": {"type": "Point", "coordinates": [46.574120280000045, 24.800922590000027]}, "properties": {"OBJECTID": 2732, "Species": "Ziziphus spina-christi", "Spread": 1.5, "SpreadP": 10}}, {"type": "Feature", "id": 2733, "geometry": {"type": "Point", "coordinates": [46.57651528700006, 24.80400435300004]}, "properties": {"OBJECTID": 2733, "Species": "Olea europaea", "Spread": 1.5, "SpreadP": 8}}, {"type": "Feature", "id": 2734, "geometry": {"type": "Point", "coordinates": [46.57656975000003, 24.80409000000003]}, "properties": {"OBJECTID": 2734, "Species": "Pithecellobium dulce", "Spread": 0.5, "SpreadP": 12}}, {"type": "Feature", "id": 2735, "geometry": {"type": "Point", "coordinates": [46.57668281000008, 24.80427270000007]}, "properties": {"OBJECTID": 2735, "Species": "Ziziphus spina-christi", "Spread": 3, "SpreadP": 10}}, {"type": "Feature", "id": 2736, "geometry": {"type": "Point", "coordinates": [46.57801489000008, 24.80637942000004]}, "properties": {"OBJECTID": 2736, "Species": "Ziziphus spina-christi", "Spread": 2.5, "SpreadP": 10}}, {"type": "Feature", "id": 2737, "geometry": {"type": "Point", "coordinates": [46.578068690000066, 24.806465940000066]}, "properties": {"OBJECTID": 2737, "Species": "Ziziphus spina-christi", "Spread": 4, "SpreadP": 10}}, {"type": "Feature", "id": 2738, "geometry": {"type": "Point", "coordinates": [46.57780442400008, 24.80648292400008]}, "properties": {"OBJECTID": 2738, "Species": "Ziziphus spina-christi", "Spread": 4, "SpreadP": 10}}, {"type": "Feature", "id": 2739, "geometry": {"type": "Point", "coordinates": [46.57809257800005, 24.806482036000034]}, "properties": {"OBJECTID": 2739, "Species": null, "Spread": 7.0494089804617275, "SpreadP": 11.3}}, {"type": "Feature", "id": 2740, "geometry": {"type": "Point", "coordinates": [46.577837197000065, 24.806540706000078]}, "properties": {"OBJECTID": 2740, "Species": "Ziziphus spina-christi", "Spread": 3.4, "SpreadP": 10}}, {"type": "Feature", "id": 2741, "geometry": {"type": "Point", "coordinates": [46.57812183000004, 24.806553070000064]}, "properties": {"OBJECTID": 2741, "Species": "Ziziphus spina-christi", "Spread": 4, "SpreadP": 10}}, {"type": "Feature", "id": 2742, "geometry": {"type": "Point", "coordinates": [46.57815425000007, 24.80657866300004]}, "properties": {"OBJECTID": 2742, "Species": null, "Spread": 4.774492516757284, "SpreadP": 11.3}}, {"type": "Feature", "id": 2743, "geometry": {"type": "Point", "coordinates": [46.57674000600008, 24.804770071000064]}, "properties": {"OBJECTID": 2743, "Species": "Ziziphus spina-christi", "Spread": 2.6, "SpreadP": 10}}, {"type": "Feature", "id": 2744, "geometry": {"type": "Point", "coordinates": [46.57656000000003, 24.804820000000063]}, "properties": {"OBJECTID": 2744, "Species": "Ziziphus spina-christi", "Spread": 2.5, "SpreadP": 10}}, {"type": "Feature", "id": 2745, "geometry": {"type": "Point", "coordinates": [46.57701711000004, 24.80481560100003]}, "properties": {"OBJECTID": 2745, "Species": null, "Spread": 3.6959916981406966, "SpreadP": 11.3}}, {"type": "Feature", "id": 2746, "geometry": {"type": "Point", "coordinates": [46.57684561000008, 24.804886155000077]}, "properties": {"OBJECTID": 2746, "Species": null, "Spread": 6.67247544264543, "SpreadP": 11.3}}, {"type": "Feature", "id": 2747, "geometry": {"type": "Point", "coordinates": [46.57661581600007, 24.80494060500007]}, "properties": {"OBJECTID": 2747, "Species": null, "Spread": 4.214536427167544, "SpreadP": 11.3}}, {"type": "Feature", "id": 2748, "geometry": {"type": "Point", "coordinates": [46.57688193700005, 24.804962843000055]}, "properties": {"OBJECTID": 2748, "Species": null, "Spread": 6.076241979468153, "SpreadP": 11.3}}, {"type": "Feature", "id": 2749, "geometry": {"type": "Point", "coordinates": [46.57711848900004, 24.80498278300007]}, "properties": {"OBJECTID": 2749, "Species": null, "Spread": 4.774549091507895, "SpreadP": 11.3}}, {"type": "Feature", "id": 2750, "geometry": {"type": "Point", "coordinates": [46.57666000000006, 24.804990000000032]}, "properties": {"OBJECTID": 2750, "Species": "Olea europaea", "Spread": 2, "SpreadP": 8}}, {"type": "Feature", "id": 2751, "geometry": {"type": "Point", "coordinates": [46.57666905900004, 24.805018053000026]}, "properties": {"OBJECTID": 2751, "Species": null, "Spread": 4.921801888526522, "SpreadP": 11.3}}, {"type": "Feature", "id": 2752, "geometry": {"type": "Point", "coordinates": [46.57692502300006, 24.805031864000057]}, "properties": {"OBJECTID": 2752, "Species": null, "Spread": 5.85400856822958, "SpreadP": 11.3}}, {"type": "Feature", "id": 2753, "geometry": {"type": "Point", "coordinates": [46.57666783800005, 24.805064996000056]}, "properties": {"OBJECTID": 2753, "Species": "Olea europaea", "Spread": 2, "SpreadP": 8}}, {"type": "Feature", "id": 2754, "geometry": {"type": "Point", "coordinates": [46.576723110000046, 24.805111620000048]}, "properties": {"OBJECTID": 2754, "Species": null, "Spread": 4.75767960338715, "SpreadP": 11.3}}, {"type": "Feature", "id": 2755, "geometry": {"type": "Point", "coordinates": [46.57698838500005, 24.80512465700008]}, "properties": {"OBJECTID": 2755, "Species": null, "Spread": 5.074640027442209, "SpreadP": 11.3}}, {"type": "Feature", "id": 2756, "geometry": {"type": "Point", "coordinates": [46.57722101000007, 24.805146500000035]}, "properties": {"OBJECTID": 2756, "Species": "Ziziphus spina-christi", "Spread": 2, "SpreadP": 10}}, {"type": "Feature", "id": 2757, "geometry": {"type": "Point", "coordinates": [46.57704076600004, 24.805198278000034]}, "properties": {"OBJECTID": 2757, "Species": null, "Spread": 4.727382974983964, "SpreadP": 11.3}}, {"type": "Feature", "id": 2758, "geometry": {"type": "Point", "coordinates": [46.57677802400008, 24.805202879000035]}, "properties": {"OBJECTID": 2758, "Species": null, "Spread": 5.708335509708784, "SpreadP": 11.3}}, {"type": "Feature", "id": 2759, "geometry": {"type": "Point", "coordinates": [46.57730808900004, 24.805254903000048]}, "properties": {"OBJECTID": 2759, "Species": null, "Spread": 3.0971387484789252, "SpreadP": 11.3}}, {"type": "Feature", "id": 2760, "geometry": {"type": "Point", "coordinates": [46.57708892100004, 24.805277267000065]}, "properties": {"OBJECTID": 2760, "Species": null, "Spread": 4.920786343542368, "SpreadP": 11.3}}, {"type": "Feature", "id": 2761, "geometry": {"type": "Point", "coordinates": [46.57683547200003, 24.80529490500004]}, "properties": {"OBJECTID": 2761, "Species": null, "Spread": 4.755253733996739, "SpreadP": 11.3}}, {"type": "Feature", "id": 2762, "geometry": {"type": "Point", "coordinates": [46.577141666000045, 24.805412209000053]}, "properties": {"OBJECTID": 2762, "Species": "Ziziphus spina-christi", "Spread": 2.5, "SpreadP": 10}}, {"type": "Feature", "id": 2763, "geometry": {"type": "Point", "coordinates": [46.57739643800005, 24.805436779000047]}, "properties": {"OBJECTID": 2763, "Species": null, "Spread": 5.247450864055722, "SpreadP": 11.3}}, {"type": "Feature", "id": 2764, "geometry": {"type": "Point", "coordinates": [46.577173351000056, 24.80545390800006]}, "properties": {"OBJECTID": 2764, "Species": "Ziziphus spina-christi", "Spread": 2.5, "SpreadP": 10}}, {"type": "Feature", "id": 2765, "geometry": {"type": "Point", "coordinates": [46.57694614400003, 24.80546822100007]}, "properties": {"OBJECTID": 2765, "Species": null, "Spread": 5.117236346907887, "SpreadP": 11.3}}, {"type": "Feature", "id": 2766, "geometry": {"type": "Point", "coordinates": [46.577225783000074, 24.805508865000036]}, "properties": {"OBJECTID": 2766, "Species": null, "Spread": 4.125620432964051, "SpreadP": 11.3}}, {"type": "Feature", "id": 2767, "geometry": {"type": "Point", "coordinates": [46.57697763300007, 24.805554683000025]}, "properties": {"OBJECTID": 2767, "Species": "Olea europaea", "Spread": 2, "SpreadP": 8}}, {"type": "Feature", "id": 2768, "geometry": {"type": "Point", "coordinates": [46.577030000000036, 24.805590000000052]}, "properties": {"OBJECTID": 2768, "Species": "Ziziphus spina-christi", "Spread": 2.2, "SpreadP": 10}}, {"type": "Feature", "id": 2769, "geometry": {"type": "Point", "coordinates": [46.57733620500005, 24.80568882400007]}, "properties": {"OBJECTID": 2769, "Species": null, "Spread": 3.7362387584806025, "SpreadP": 11.3}}, {"type": "Feature", "id": 2770, "geometry": {"type": "Point", "coordinates": [46.57710000000003, 24.80570000000006]}, "properties": {"OBJECTID": 2770, "Species": "Ziziphus spina-christi", "Spread": 2.2, "SpreadP": 10}}, {"type": "Feature", "id": 2771, "geometry": {"type": "Point", "coordinates": [46.57733487000007, 24.80571760400005]}, "properties": {"OBJECTID": 2771, "Species": "Olea europaea", "Spread": 0.5, "SpreadP": 8}}, {"type": "Feature", "id": 2772, "geometry": {"type": "Point", "coordinates": [46.577105593000056, 24.805735944000048]}, "properties": {"OBJECTID": 2772, "Species": null, "Spread": 3.3511151548401115, "SpreadP": 11.3}}, {"type": "Feature", "id": 2773, "geometry": {"type": "Point", "coordinates": [46.57714000000004, 24.805760000000078]}, "properties": {"OBJECTID": 2773, "Species": "Ziziphus spina-christi", "Spread": 2, "SpreadP": 10}}, {"type": "Feature", "id": 2774, "geometry": {"type": "Point", "coordinates": [46.577157611000075, 24.80581023600007]}, "properties": {"OBJECTID": 2774, "Species": null, "Spread": 3.0845230578783207, "SpreadP": 11.3}}, {"type": "Feature", "id": 2775, "geometry": {"type": "Point", "coordinates": [46.57739270400003, 24.80581976600007]}, "properties": {"OBJECTID": 2775, "Species": "Olea europaea", "Spread": 3.4, "SpreadP": 8}}, {"type": "Feature", "id": 2776, "geometry": {"type": "Point", "coordinates": [46.574517041000036, 24.800751761000072]}, "properties": {"OBJECTID": 2776, "Species": "Olea europaea", "Spread": 2, "SpreadP": 8}}, {"type": "Feature", "id": 2777, "geometry": {"type": "Point", "coordinates": [46.57461384100003, 24.80087891200003]}, "properties": {"OBJECTID": 2777, "Species": null, "Spread": 4.291886646222759, "SpreadP": 11.3}}, {"type": "Feature", "id": 2778, "geometry": {"type": "Point", "coordinates": [46.57463222000007, 24.800939000000028]}, "properties": {"OBJECTID": 2778, "Species": "Ziziphus spina-christi", "Spread": 2.5, "SpreadP": 10}}, {"type": "Feature", "id": 2779, "geometry": {"type": "Point", "coordinates": [46.57470579000005, 24.801040950000072]}, "properties": {"OBJECTID": 2779, "Species": "Ziziphus spina-christi", "Spread": 3.5, "SpreadP": 10}}, {"type": "Feature", "id": 2780, "geometry": {"type": "Point", "coordinates": [46.574504793000074, 24.801092597000036]}, "properties": {"OBJECTID": 2780, "Species": null, "Spread": 3.821749257030476, "SpreadP": 11.3}}, {"type": "Feature", "id": 2781, "geometry": {"type": "Point", "coordinates": [46.57476157000008, 24.801130030000024]}, "properties": {"OBJECTID": 2781, "Species": "Ziziphus spina-christi", "Spread": 2, "SpreadP": 10}}, {"type": "Feature", "id": 2782, "geometry": {"type": "Point", "coordinates": [46.57477985400004, 24.80115932600006]}, "properties": {"OBJECTID": 2782, "Species": null, "Spread": 2.707522238107952, "SpreadP": 11.3}}, {"type": "Feature", "id": 2783, "geometry": {"type": "Point", "coordinates": [46.574565095000025, 24.801195880000023]}, "properties": {"OBJECTID": 2783, "Species": null, "Spread": 4.399928271700768, "SpreadP": 11.3}}, {"type": "Feature", "id": 2784, "geometry": {"type": "Point", "coordinates": [46.574819270000035, 24.80122269000003]}, "properties": {"OBJECTID": 2784, "Species": "Ziziphus spina-christi", "Spread": 3, "SpreadP": 10}}, {"type": "Feature", "id": 2785, "geometry": {"type": "Point", "coordinates": [46.57484157400006, 24.80124339100007]}, "properties": {"OBJECTID": 2785, "Species": null, "Spread": 5.576484991613187, "SpreadP": 11.3}}, {"type": "Feature", "id": 2786, "geometry": {"type": "Point", "coordinates": [46.574608330000046, 24.801269212000022]}, "properties": {"OBJECTID": 2786, "Species": null, "Spread": 5.384830461266952, "SpreadP": 11.3}}, {"type": "Feature", "id": 2787, "geometry": {"type": "Point", "coordinates": [46.57487344000003, 24.801297163000072]}, "properties": {"OBJECTID": 2787, "Species": "Olea europaea", "Spread": 1.5, "SpreadP": 8}}, {"type": "Feature", "id": 2788, "geometry": {"type": "Point", "coordinates": [46.57465839200006, 24.801361134000047]}, "properties": {"OBJECTID": 2788, "Species": null, "Spread": 5.503591730680092, "SpreadP": 11.3}}, {"type": "Feature", "id": 2789, "geometry": {"type": "Point", "coordinates": [46.57494625000004, 24.80141690800008]}, "properties": {"OBJECTID": 2789, "Species": null, "Spread": 4.422608780672053, "SpreadP": 11.3}}, {"type": "Feature", "id": 2790, "geometry": {"type": "Point", "coordinates": [46.57450006700003, 24.80146276200003]}, "properties": {"OBJECTID": 2790, "Species": null, "Spread": 2.8479002620189506, "SpreadP": 11.3}}, {"type": "Feature", "id": 2791, "geometry": {"type": "Point", "coordinates": [46.574994238000045, 24.80150290000006]}, "properties": {"OBJECTID": 2791, "Species": null, "Spread": 2.8751535162408532, "SpreadP": 11.3}}, {"type": "Feature", "id": 2792, "geometry": {"type": "Point", "coordinates": [46.57473463500003, 24.801518427000076]}, "properties": {"OBJECTID": 2792, "Species": "Ziziphus spina-christi", "Spread": 3, "SpreadP": 10}}, {"type": "Feature", "id": 2793, "geometry": {"type": "Point", "coordinates": [46.574536488000035, 24.801530601000024]}, "properties": {"OBJECTID": 2793, "Species": "Olea europaea", "Spread": 2, "SpreadP": 8}}, {"type": "Feature", "id": 2794, "geometry": {"type": "Point", "coordinates": [46.57476023300006, 24.80153432000003]}, "properties": {"OBJECTID": 2794, "Species": null, "Spread": 3.280557461187359, "SpreadP": 11.3}}, {"type": "Feature", "id": 2795, "geometry": {"type": "Point", "coordinates": [46.57505795000003, 24.80157699500006]}, "properties": {"OBJECTID": 2795, "Species": null, "Spread": 3.9623449018952726, "SpreadP": 11.3}}, {"type": "Feature", "id": 2796, "geometry": {"type": "Point", "coordinates": [46.57477654500008, 24.801584168000034]}, "properties": {"OBJECTID": 2796, "Species": "Ziziphus spina-christi", "Spread": 3.5, "SpreadP": 10}}, {"type": "Feature", "id": 2797, "geometry": {"type": "Point", "coordinates": [46.574808579000035, 24.801585259000035]}, "properties": {"OBJECTID": 2797, "Species": null, "Spread": 4.665773548100799, "SpreadP": 11.3}}, {"type": "Feature", "id": 2798, "geometry": {"type": "Point", "coordinates": [46.57511122600005, 24.801681313000074]}, "properties": {"OBJECTID": 2798, "Species": null, "Spread": 4.911251658374964, "SpreadP": 11.3}}, {"type": "Feature", "id": 2799, "geometry": {"type": "Point", "coordinates": [46.57516811600004, 24.801755678000063]}, "properties": {"OBJECTID": 2799, "Species": null, "Spread": 4.214310750316579, "SpreadP": 11.3}}, {"type": "Feature", "id": 2800, "geometry": {"type": "Point", "coordinates": [46.57492121900003, 24.801791826000056]}, "properties": {"OBJECTID": 2800, "Species": null, "Spread": 5.503591730680092, "SpreadP": 11.3}}, {"type": "Feature", "id": 2801, "geometry": {"type": "Point", "coordinates": [46.575207040000066, 24.801810301000046]}, "properties": {"OBJECTID": 2801, "Species": "Olea europaea", "Spread": 1.5, "SpreadP": 8}}, {"type": "Feature", "id": 2802, "geometry": {"type": "Point", "coordinates": [46.57493180700004, 24.801820647000056]}, "properties": {"OBJECTID": 2802, "Species": null, "Spread": 3.704797200224532, "SpreadP": 11.3}}, {"type": "Feature", "id": 2803, "geometry": {"type": "Point", "coordinates": [46.57519905100003, 24.801840412000047]}, "properties": {"OBJECTID": 2803, "Species": null, "Spread": 2.7785978985588633, "SpreadP": 11.3}}, {"type": "Feature", "id": 2804, "geometry": {"type": "Point", "coordinates": [46.574979245000065, 24.80187445200005]}, "properties": {"OBJECTID": 2804, "Species": null, "Spread": 4.245623235858781, "SpreadP": 11.3}}, {"type": "Feature", "id": 2805, "geometry": {"type": "Point", "coordinates": [46.575250580000045, 24.80190472000004]}, "properties": {"OBJECTID": 2805, "Species": "Ziziphus spina-christi", "Spread": 3, "SpreadP": 10}}, {"type": "Feature", "id": 2806, "geometry": {"type": "Point", "coordinates": [46.575052036000045, 24.801982688000066]}, "properties": {"OBJECTID": 2806, "Species": null, "Spread": 4.086465838022613, "SpreadP": 11.3}}, {"type": "Feature", "id": 2807, "geometry": {"type": "Point", "coordinates": [46.57530337000003, 24.80199164000004]}, "properties": {"OBJECTID": 2807, "Species": "Ziziphus spina-christi", "Spread": 2, "SpreadP": 10}}, {"type": "Feature", "id": 2808, "geometry": {"type": "Point", "coordinates": [46.57508107700005, 24.802069326000037]}, "properties": {"OBJECTID": 2808, "Species": null, "Spread": 3.798341163181229, "SpreadP": 11.3}}, {"type": "Feature", "id": 2809, "geometry": {"type": "Point", "coordinates": [46.57535685000005, 24.802078300000062]}, "properties": {"OBJECTID": 2809, "Species": "Ziziphus spina-christi", "Spread": 2.5, "SpreadP": 10}}, {"type": "Feature", "id": 2810, "geometry": {"type": "Point", "coordinates": [46.575095719000046, 24.80209555400006]}, "properties": {"OBJECTID": 2810, "Species": null, "Spread": 3.839184715584423, "SpreadP": 11.3}}, {"type": "Feature", "id": 2811, "geometry": {"type": "Point", "coordinates": [46.57514665700006, 24.802131467000038]}, "properties": {"OBJECTID": 2811, "Species": null, "Spread": 4.628650044688849, "SpreadP": 11.3}}, {"type": "Feature", "id": 2812, "geometry": {"type": "Point", "coordinates": [46.575422916000036, 24.80218055000006]}, "properties": {"OBJECTID": 2812, "Species": null, "Spread": 3.4215710200578395, "SpreadP": 11.3}}, {"type": "Feature", "id": 2813, "geometry": {"type": "Point", "coordinates": [46.57521762300007, 24.80225570600004]}, "properties": {"OBJECTID": 2813, "Species": null, "Spread": 4.214649265321097, "SpreadP": 11.3}}, {"type": "Feature", "id": 2814, "geometry": {"type": "Point", "coordinates": [46.575280141000064, 24.802354637000064]}, "properties": {"OBJECTID": 2814, "Species": null, "Spread": 4.486305560194352, "SpreadP": 11.3}}, {"type": "Feature", "id": 2815, "geometry": {"type": "Point", "coordinates": [46.57527888900006, 24.802389152000046]}, "properties": {"OBJECTID": 2815, "Species": null, "Spread": 3.969024599917203, "SpreadP": 11.3}}, {"type": "Feature", "id": 2816, "geometry": {"type": "Point", "coordinates": [46.57569888900008, 24.80305022400006]}, "properties": {"OBJECTID": 2816, "Species": "Olea europaea", "Spread": 3, "SpreadP": 8}}, {"type": "Feature", "id": 2817, "geometry": {"type": "Point", "coordinates": [46.57546635700004, 24.803086541000027]}, "properties": {"OBJECTID": 2817, "Species": null, "Spread": 3.0206543808887716, "SpreadP": 11.3}}, {"type": "Feature", "id": 2818, "geometry": {"type": "Point", "coordinates": [46.57574683400003, 24.803136050000035]}, "properties": {"OBJECTID": 2818, "Species": "Olea europaea", "Spread": 3.5, "SpreadP": 8}}, {"type": "Feature", "id": 2819, "geometry": {"type": "Point", "coordinates": [46.57552176200005, 24.803186722000078]}, "properties": {"OBJECTID": 2819, "Species": null, "Spread": 6.153987289386937, "SpreadP": 11.3}}, {"type": "Feature", "id": 2820, "geometry": {"type": "Point", "coordinates": [46.575860000000034, 24.803320000000042]}, "properties": {"OBJECTID": 2820, "Species": "Olea europaea", "Spread": 3, "SpreadP": 8}}, {"type": "Feature", "id": 2821, "geometry": {"type": "Point", "coordinates": [46.575891796000064, 24.803340869000067]}, "properties": {"OBJECTID": 2821, "Species": null, "Spread": 3.6712238366128154, "SpreadP": 11.3}}, {"type": "Feature", "id": 2822, "geometry": {"type": "Point", "coordinates": [46.57563834800004, 24.803351606000035]}, "properties": {"OBJECTID": 2822, "Species": null, "Spread": 4.621089875503439, "SpreadP": 11.3}}, {"type": "Feature", "id": 2823, "geometry": {"type": "Point", "coordinates": [46.57591765800004, 24.80339573200007]}, "properties": {"OBJECTID": 2823, "Species": "Olea europaea", "Spread": 1, "SpreadP": 8}}, {"type": "Feature", "id": 2824, "geometry": {"type": "Point", "coordinates": [46.575690000000066, 24.803400000000067]}, "properties": {"OBJECTID": 2824, "Species": "Olea europaea", "Spread": 2, "SpreadP": 8}}, {"type": "Feature", "id": 2825, "geometry": {"type": "Point", "coordinates": [46.575947556000074, 24.803431363000072]}, "properties": {"OBJECTID": 2825, "Species": null, "Spread": 4.628650044688849, "SpreadP": 11.3}}, {"type": "Feature", "id": 2826, "geometry": {"type": "Point", "coordinates": [46.57595411900007, 24.803475570000046]}, "properties": {"OBJECTID": 2826, "Species": "Olea europaea", "Spread": 3, "SpreadP": 8}}, {"type": "Feature", "id": 2827, "geometry": {"type": "Point", "coordinates": [46.57623587300003, 24.803553480000062]}, "properties": {"OBJECTID": 2827, "Species": null, "Spread": 3.2805574612824473, "SpreadP": 11.3}}, {"type": "Feature", "id": 2828, "geometry": {"type": "Point", "coordinates": [46.57600491300008, 24.80357477000007]}, "properties": {"OBJECTID": 2828, "Species": "Ziziphus spina-christi", "Spread": 2.8, "SpreadP": 10}}, {"type": "Feature", "id": 2829, "geometry": {"type": "Point", "coordinates": [46.57581000000005, 24.803590000000042]}, "properties": {"OBJECTID": 2829, "Species": "Ziziphus spina-christi", "Spread": 2, "SpreadP": 10}}, {"type": "Feature", "id": 2830, "geometry": {"type": "Point", "coordinates": [46.575789271000076, 24.803611212000078]}, "properties": {"OBJECTID": 2830, "Species": null, "Spread": 2.8341753603115167, "SpreadP": 11.3}}, {"type": "Feature", "id": 2831, "geometry": {"type": "Point", "coordinates": [46.576049254000054, 24.803630310000074]}, "properties": {"OBJECTID": 2831, "Species": "Ziziphus spina-christi", "Spread": 2.5, "SpreadP": 10}}, {"type": "Feature", "id": 2832, "geometry": {"type": "Point", "coordinates": [46.57629562500006, 24.803650694000055]}, "properties": {"OBJECTID": 2832, "Species": null, "Spread": 4.125677007758146, "SpreadP": 11.3}}, {"type": "Feature", "id": 2833, "geometry": {"type": "Point", "coordinates": [46.57609418100003, 24.803704438000068]}, "properties": {"OBJECTID": 2833, "Species": "Ziziphus spina-christi", "Spread": 3.5, "SpreadP": 10}}, {"type": "Feature", "id": 2834, "geometry": {"type": "Point", "coordinates": [46.57635983200004, 24.803752691000057]}, "properties": {"OBJECTID": 2834, "Species": null, "Spread": 4.481622925733348, "SpreadP": 11.3}}, {"type": "Feature", "id": 2835, "geometry": {"type": "Point", "coordinates": [46.57619255600008, 24.803827847000036]}, "properties": {"OBJECTID": 2835, "Species": null, "Spread": 4.81675001001519, "SpreadP": 11.3}}, {"type": "Feature", "id": 2836, "geometry": {"type": "Point", "coordinates": [46.57641945700004, 24.803842436000025]}, "properties": {"OBJECTID": 2836, "Species": null, "Spread": 2.9816989124454145, "SpreadP": 11.3}}, {"type": "Feature", "id": 2837, "geometry": {"type": "Point", "coordinates": [46.575941570000055, 24.803868800000032]}, "properties": {"OBJECTID": 2837, "Species": "Ziziphus spina-christi", "Spread": 2.2, "SpreadP": 10}}, {"type": "Feature", "id": 2838, "geometry": {"type": "Point", "coordinates": [46.57625422900003, 24.80391987400003]}, "properties": {"OBJECTID": 2838, "Species": null, "Spread": 4.214536427167544, "SpreadP": 11.3}}, {"type": "Feature", "id": 2839, "geometry": {"type": "Point", "coordinates": [46.57646121200003, 24.803926776000026]}, "properties": {"OBJECTID": 2839, "Species": null, "Spread": 5.221780297460419, "SpreadP": 11.3}}, {"type": "Feature", "id": 2840, "geometry": {"type": "Point", "coordinates": [46.575998680000055, 24.803959430000077]}, "properties": {"OBJECTID": 2840, "Species": "Olea europaea", "Spread": 1.5, "SpreadP": 8}}, {"type": "Feature", "id": 2841, "geometry": {"type": "Point", "coordinates": [46.57602243100007, 24.80400739600003]}, "properties": {"OBJECTID": 2841, "Species": "Olea europaea", "Spread": 2, "SpreadP": 8}}, {"type": "Feature", "id": 2842, "geometry": {"type": "Point", "coordinates": [46.57637250500005, 24.80412463400006]}, "properties": {"OBJECTID": 2842, "Species": null, "Spread": 4.357896455596115, "SpreadP": 11.3}}, {"type": "Feature", "id": 2843, "geometry": {"type": "Point", "coordinates": [46.57611736700005, 24.804141506000065]}, "properties": {"OBJECTID": 2843, "Species": null, "Spread": 4.629327074147689, "SpreadP": 11.3}}, {"type": "Feature", "id": 2844, "geometry": {"type": "Point", "coordinates": [46.57643079800005, 24.80421742900006]}, "properties": {"OBJECTID": 2844, "Species": null, "Spread": 4.746283241201052, "SpreadP": 11.3}}, {"type": "Feature", "id": 2845, "geometry": {"type": "Point", "coordinates": [46.57617907300005, 24.804242716000033]}, "properties": {"OBJECTID": 2845, "Species": null, "Spread": 2.847900261983184, "SpreadP": 11.3}}, {"type": "Feature", "id": 2846, "geometry": {"type": "Point", "coordinates": [46.57623986700003, 24.80434089700003]}, "properties": {"OBJECTID": 2846, "Species": null, "Spread": 3.8149789566509, "SpreadP": 11.3}}, {"type": "Feature", "id": 2847, "geometry": {"type": "Point", "coordinates": [46.57651274700004, 24.804347033000056]}, "properties": {"OBJECTID": 2847, "Species": null, "Spread": 4.486700337838142, "SpreadP": 11.3}}, {"type": "Feature", "id": 2848, "geometry": {"type": "Point", "coordinates": [46.57629140100005, 24.804422188000046]}, "properties": {"OBJECTID": 2848, "Species": null, "Spread": 5.029110220957515, "SpreadP": 11.3}}, {"type": "Feature", "id": 2849, "geometry": {"type": "Point", "coordinates": [46.57638940100003, 24.804577100000074]}, "properties": {"OBJECTID": 2849, "Species": null, "Spread": 4.920786343024874, "SpreadP": 11.3}}, {"type": "Feature", "id": 2850, "geometry": {"type": "Point", "coordinates": [46.576426120000065, 24.804654130000074]}, "properties": {"OBJECTID": 2850, "Species": "Ziziphus spina-christi", "Spread": 2.5, "SpreadP": 10}}, {"type": "Feature", "id": 2851, "geometry": {"type": "Point", "coordinates": [46.57646036800003, 24.80467756200005]}, "properties": {"OBJECTID": 2851, "Species": null, "Spread": 3.0392778163967944, "SpreadP": 11.3}}, {"type": "Feature", "id": 2852, "geometry": {"type": "Point", "coordinates": [46.57676069200005, 24.804386133000037]}, "properties": {"OBJECTID": 2852, "Species": null, "Spread": 3.232663539406543, "SpreadP": 11.3}}, {"type": "Feature", "id": 2853, "geometry": {"type": "Point", "coordinates": [46.57654485000006, 24.80442142100003]}, "properties": {"OBJECTID": 2853, "Species": null, "Spread": 5.193063092144549, "SpreadP": 11.3}}, {"type": "Feature", "id": 2854, "geometry": {"type": "Point", "coordinates": [46.57679415000007, 24.80445438000004]}, "properties": {"OBJECTID": 2854, "Species": "Ziziphus spina-christi", "Spread": 3.5, "SpreadP": 10}}, {"type": "Feature", "id": 2855, "geometry": {"type": "Point", "coordinates": [46.57660229800007, 24.804488140000046]}, "properties": {"OBJECTID": 2855, "Species": null, "Spread": 3.885784551498291, "SpreadP": 11.3}}, {"type": "Feature", "id": 2856, "geometry": {"type": "Point", "coordinates": [46.576859951000074, 24.80454730500003]}, "properties": {"OBJECTID": 2856, "Species": "Olea europaea", "Spread": 0.5, "SpreadP": 8}}, {"type": "Feature", "id": 2857, "geometry": {"type": "Point", "coordinates": [46.57663657400008, 24.80458856100006]}, "properties": {"OBJECTID": 2857, "Species": "Ziziphus spina-christi", "Spread": 2.5, "SpreadP": 10}}, {"type": "Feature", "id": 2858, "geometry": {"type": "Point", "coordinates": [46.576907282000036, 24.80464995400007]}, "properties": {"OBJECTID": 2858, "Species": null, "Spread": 4.805522751800318, "SpreadP": 11.3}}, {"type": "Feature", "id": 2859, "geometry": {"type": "Point", "coordinates": [46.57670572400008, 24.80469585000003]}, "properties": {"OBJECTID": 2859, "Species": "Ziziphus spina-christi", "Spread": 2, "SpreadP": 10}}, {"type": "Feature", "id": 2860, "geometry": {"type": "Point", "coordinates": [46.57675436800008, 24.804730477000078]}, "properties": {"OBJECTID": 2860, "Species": null, "Spread": 4.196595129750162, "SpreadP": 11.3}}, {"type": "Feature", "id": 2861, "geometry": {"type": "Point", "coordinates": [46.57695712700007, 24.804730477000078]}, "properties": {"OBJECTID": 2861, "Species": null, "Spread": 4.458208810637126, "SpreadP": 11.3}}, {"type": "Feature", "id": 2862, "geometry": {"type": "Point", "coordinates": [46.57745909000005, 24.805923850000056]}, "properties": {"OBJECTID": 2862, "Species": "Olea europaea", "Spread": 3.5, "SpreadP": 8}}, {"type": "Feature", "id": 2863, "geometry": {"type": "Point", "coordinates": [46.577509716000066, 24.805983267000045]}, "properties": {"OBJECTID": 2863, "Species": "Olea europaea", "Spread": 3.5, "SpreadP": 8}}, {"type": "Feature", "id": 2864, "geometry": {"type": "Point", "coordinates": [46.577545515000054, 24.80602592100007]}, "properties": {"OBJECTID": 2864, "Species": null, "Spread": 3.465520453071168, "SpreadP": 11.3}}, {"type": "Feature", "id": 2865, "geometry": {"type": "Point", "coordinates": [46.57762471600006, 24.806189540000048]}, "properties": {"OBJECTID": 2865, "Species": "Olea europaea", "Spread": 3.4, "SpreadP": 8}}, {"type": "Feature", "id": 2866, "geometry": {"type": "Point", "coordinates": [46.577657018000025, 24.806203949000064]}, "properties": {"OBJECTID": 2866, "Species": null, "Spread": 3.5434070400145923, "SpreadP": 11.3}}, {"type": "Feature", "id": 2867, "geometry": {"type": "Point", "coordinates": [46.57768766400005, 24.80628996200005]}, "properties": {"OBJECTID": 2867, "Species": "Olea europaea", "Spread": 3.5, "SpreadP": 8}}, {"type": "Feature", "id": 2868, "geometry": {"type": "Point", "coordinates": [46.57769888800004, 24.806645381000067]}, "properties": {"OBJECTID": 2868, "Species": null, "Spread": 5.012184468631357, "SpreadP": 11.3}}, {"type": "Feature", "id": 2869, "geometry": {"type": "Point", "coordinates": [46.57774000000006, 24.806710000000066]}, "properties": {"OBJECTID": 2869, "Species": "Olea europaea", "Spread": 1.8, "SpreadP": 8}}, {"type": "Feature", "id": 2870, "geometry": {"type": "Point", "coordinates": [46.57789159600003, 24.806626573000074]}, "properties": {"OBJECTID": 2870, "Species": "Ziziphus spina-christi", "Spread": 3.5, "SpreadP": 10}}, {"type": "Feature", "id": 2871, "geometry": {"type": "Point", "coordinates": [46.57819275600008, 24.80666237400004]}, "properties": {"OBJECTID": 2871, "Species": null, "Spread": 2.6930820190219746, "SpreadP": 11.3}}, {"type": "Feature", "id": 2872, "geometry": {"type": "Point", "coordinates": [46.57796754300006, 24.80671516600006]}, "properties": {"OBJECTID": 2872, "Species": null, "Spread": 6.153817875676814, "SpreadP": 11.3}}, {"type": "Feature", "id": 2873, "geometry": {"type": "Point", "coordinates": [46.578242112000055, 24.80674354100006]}, "properties": {"OBJECTID": 2873, "Species": null, "Spread": 6.004590251463939, "SpreadP": 11.3}}, {"type": "Feature", "id": 2874, "geometry": {"type": "Point", "coordinates": [46.57801823300008, 24.806777284000077]}, "properties": {"OBJECTID": 2874, "Species": null, "Spread": 4.554854388303715, "SpreadP": 11.3}}, {"type": "Feature", "id": 2875, "geometry": {"type": "Point", "coordinates": [46.57778113000006, 24.806805120000035]}, "properties": {"OBJECTID": 2875, "Species": "Ziziphus spina-christi", "Spread": 2.5, "SpreadP": 10}}, {"type": "Feature", "id": 2876, "geometry": {"type": "Point", "coordinates": [46.57827112800004, 24.80680582900004]}, "properties": {"OBJECTID": 2876, "Species": "Olea europaea", "Spread": 2, "SpreadP": 8}}, {"type": "Feature", "id": 2877, "geometry": {"type": "Point", "coordinates": [46.577830590000076, 24.80688402000004]}, "properties": {"OBJECTID": 2877, "Species": "Ziziphus spina-christi", "Spread": 3, "SpreadP": 10}}, {"type": "Feature", "id": 2878, "geometry": {"type": "Point", "coordinates": [46.57835954400008, 24.80690842000007]}, "properties": {"OBJECTID": 2878, "Species": null, "Spread": 5.1756297241176785, "SpreadP": 11.3}}, {"type": "Feature", "id": 2879, "geometry": {"type": "Point", "coordinates": [46.57788054000008, 24.806965640000044]}, "properties": {"OBJECTID": 2879, "Species": "Ziziphus spina-christi", "Spread": 2, "SpreadP": 10}}, {"type": "Feature", "id": 2880, "geometry": {"type": "Point", "coordinates": [46.57815340600007, 24.806987407000065]}, "properties": {"OBJECTID": 2880, "Species": null, "Spread": 4.1405713582402335, "SpreadP": 11.3}}, {"type": "Feature", "id": 2881, "geometry": {"type": "Point", "coordinates": [46.578413613000066, 24.80700964700003]}, "properties": {"OBJECTID": 2881, "Species": null, "Spread": 4.986231961522878, "SpreadP": 11.3}}, {"type": "Feature", "id": 2882, "geometry": {"type": "Point", "coordinates": [46.578149937000035, 24.807020704000024]}, "properties": {"OBJECTID": 2882, "Species": null, "Spread": 3.608829308699912, "SpreadP": 11.3}}, {"type": "Feature", "id": 2883, "geometry": {"type": "Point", "coordinates": [46.57792913000003, 24.80704478000007]}, "properties": {"OBJECTID": 2883, "Species": "Ziziphus spina-christi", "Spread": 3, "SpreadP": 10}}, {"type": "Feature", "id": 2884, "geometry": {"type": "Point", "coordinates": [46.57820663000007, 24.807076364000068]}, "properties": {"OBJECTID": 2884, "Species": null, "Spread": 5.127560899416854, "SpreadP": 11.3}}, {"type": "Feature", "id": 2885, "geometry": {"type": "Point", "coordinates": [46.57800978500006, 24.807133880000038]}, "properties": {"OBJECTID": 2885, "Species": null, "Spread": 5.030238604645565, "SpreadP": 11.3}}, {"type": "Feature", "id": 2886, "geometry": {"type": "Point", "coordinates": [46.578515838000044, 24.807171457000038]}, "properties": {"OBJECTID": 2886, "Species": null, "Spread": 4.747298475813985, "SpreadP": 11.3}}, {"type": "Feature", "id": 2887, "geometry": {"type": "Point", "coordinates": [46.578014978000056, 24.807227947000058]}, "properties": {"OBJECTID": 2887, "Species": "Olea europaea", "Spread": 2, "SpreadP": 8}}, {"type": "Feature", "id": 2888, "geometry": {"type": "Point", "coordinates": [46.57857924700005, 24.807279076000043]}, "properties": {"OBJECTID": 2888, "Species": "Ziziphus spina-christi", "Spread": 3, "SpreadP": 10}}, {"type": "Feature", "id": 2889, "geometry": {"type": "Point", "coordinates": [46.57810187200005, 24.807307193000042]}, "properties": {"OBJECTID": 2889, "Species": null, "Spread": 4.157948463113774, "SpreadP": 11.3}}, {"type": "Feature", "id": 2890, "geometry": {"type": "Point", "coordinates": [46.57859073000003, 24.80731478000007]}, "properties": {"OBJECTID": 2890, "Species": "Ziziphus spina-christi", "Spread": 1.5, "SpreadP": 10}}, {"type": "Feature", "id": 2891, "geometry": {"type": "Point", "coordinates": [46.57832879600005, 24.807319248000056]}, "properties": {"OBJECTID": 2891, "Species": "Ziziphus spina-christi", "Spread": 3.5, "SpreadP": 10}}, {"type": "Feature", "id": 2892, "geometry": {"type": "Point", "coordinates": [46.57861806200003, 24.807330199000035]}, "properties": {"OBJECTID": 2892, "Species": null, "Spread": 4.4814535115408916, "SpreadP": 11.3}}, {"type": "Feature", "id": 2893, "geometry": {"type": "Point", "coordinates": [46.578355481000074, 24.80735865400004]}, "properties": {"OBJECTID": 2893, "Species": null, "Spread": 3.499135836973613, "SpreadP": 11.3}}, {"type": "Feature", "id": 2894, "geometry": {"type": "Point", "coordinates": [46.578374058000065, 24.807395333000045]}, "properties": {"OBJECTID": 2894, "Species": "Ziziphus spina-christi", "Spread": 3, "SpreadP": 10}}, {"type": "Feature", "id": 2895, "geometry": {"type": "Point", "coordinates": [46.57816945800005, 24.807406886000024]}, "properties": {"OBJECTID": 2895, "Species": null, "Spread": 4.585094753156842, "SpreadP": 11.3}}, {"type": "Feature", "id": 2896, "geometry": {"type": "Point", "coordinates": [46.57865799000007, 24.807419340000024]}, "properties": {"OBJECTID": 2896, "Species": "Ziziphus spina-christi", "Spread": 3.5, "SpreadP": 10}}, {"type": "Feature", "id": 2897, "geometry": {"type": "Point", "coordinates": [46.578434995000066, 24.807507977000057]}, "properties": {"OBJECTID": 2897, "Species": "Ziziphus spina-christi", "Spread": 2.5, "SpreadP": 10}}, {"type": "Feature", "id": 2898, "geometry": {"type": "Point", "coordinates": [46.57871179000006, 24.80750586000005]}, "properties": {"OBJECTID": 2898, "Species": "Ziziphus spina-christi", "Spread": 3.5, "SpreadP": 10}}, {"type": "Feature", "id": 2899, "geometry": {"type": "Point", "coordinates": [46.57877604600003, 24.807608574000028]}, "properties": {"OBJECTID": 2899, "Species": null, "Spread": 5.467088993030277, "SpreadP": 11.3}}, {"type": "Feature", "id": 2900, "geometry": {"type": "Point", "coordinates": [46.57851247800005, 24.807626123000034]}, "properties": {"OBJECTID": 2900, "Species": null, "Spread": 3.7257877198887734, "SpreadP": 11.3}}, {"type": "Feature", "id": 2901, "geometry": {"type": "Point", "coordinates": [46.57883518300008, 24.807694463000075]}, "properties": {"OBJECTID": 2901, "Species": null, "Spread": 5.330329851086674, "SpreadP": 11.3}}, {"type": "Feature", "id": 2902, "geometry": {"type": "Point", "coordinates": [46.57887203000007, 24.807766610000044]}, "properties": {"OBJECTID": 2902, "Species": "Ziziphus spina-christi", "Spread": 2.5, "SpreadP": 10}}, {"type": "Feature", "id": 2903, "geometry": {"type": "Point", "coordinates": [46.578619659000026, 24.807771049000053]}, "properties": {"OBJECTID": 2903, "Species": null, "Spread": 4.990125040238275, "SpreadP": 11.3}}, {"type": "Feature", "id": 2904, "geometry": {"type": "Point", "coordinates": [46.57889977100007, 24.80778945000003]}, "properties": {"OBJECTID": 2904, "Species": "Olea europaea", "Spread": 3, "SpreadP": 8}}, {"type": "Feature", "id": 2905, "geometry": {"type": "Point", "coordinates": [46.58473156400004, 24.814122540000028]}, "properties": {"OBJECTID": 2905, "Species": "Ziziphus spina-christi", "Spread": 2.5, "SpreadP": 10}}, {"type": "Feature", "id": 2906, "geometry": {"type": "Point", "coordinates": [46.58499460100006, 24.81427062800003]}, "properties": {"OBJECTID": 2906, "Species": null, "Spread": 3.476753936875957, "SpreadP": 11.3}}, {"type": "Feature", "id": 2907, "geometry": {"type": "Point", "coordinates": [46.58524878400004, 24.814386153000044]}, "properties": {"OBJECTID": 2907, "Species": null, "Spread": 4.363707474230269, "SpreadP": 11.3}}, {"type": "Feature", "id": 2908, "geometry": {"type": "Point", "coordinates": [46.58547378000003, 24.81449739100003]}, "properties": {"OBJECTID": 2908, "Species": null, "Spread": 4.289573303641672, "SpreadP": 11.3}}, {"type": "Feature", "id": 2909, "geometry": {"type": "Point", "coordinates": [46.58561214000008, 24.814555386000052]}, "properties": {"OBJECTID": 2909, "Species": null, "Spread": 4.936244884870324, "SpreadP": 11.3}}, {"type": "Feature", "id": 2910, "geometry": {"type": "Point", "coordinates": [46.585690000000056, 24.814610000000073]}, "properties": {"OBJECTID": 2910, "Species": "Ziziphus spina-christi", "Spread": 2, "SpreadP": 10}}, {"type": "Feature", "id": 2911, "geometry": {"type": "Point", "coordinates": [46.58139551000005, 24.811882770000068]}, "properties": {"OBJECTID": 2911, "Species": "Ziziphus jujuba", "Spread": 3, "SpreadP": 8}}, {"type": "Feature", "id": 2912, "geometry": {"type": "Point", "coordinates": [46.58142324600004, 24.811898963000033]}, "properties": {"OBJECTID": 2912, "Species": null, "Spread": 6.079570866720759, "SpreadP": 11.3}}, {"type": "Feature", "id": 2913, "geometry": {"type": "Point", "coordinates": [46.581710000000044, 24.811900000000037]}, "properties": {"OBJECTID": 2913, "Species": "Olea europaea", "Spread": 3, "SpreadP": 8}}, {"type": "Feature", "id": 2914, "geometry": {"type": "Point", "coordinates": [46.58177000000006, 24.811960000000056]}, "properties": {"OBJECTID": 2914, "Species": "Ziziphus spina-christi", "Spread": 2.5, "SpreadP": 10}}, {"type": "Feature", "id": 2915, "geometry": {"type": "Point", "coordinates": [46.581540920000066, 24.81202324000003]}, "properties": {"OBJECTID": 2915, "Species": "Ziziphus jujuba", "Spread": 3, "SpreadP": 8}}, {"type": "Feature", "id": 2916, "geometry": {"type": "Point", "coordinates": [46.58184000000006, 24.812040000000025]}, "properties": {"OBJECTID": 2916, "Species": "Ziziphus spina-christi", "Spread": 1.5, "SpreadP": 10}}, {"type": "Feature", "id": 2917, "geometry": {"type": "Point", "coordinates": [46.581920000000025, 24.812080000000037]}, "properties": {"OBJECTID": 2917, "Species": "Ziziphus spina-christi", "Spread": 2, "SpreadP": 10}}, {"type": "Feature", "id": 2918, "geometry": {"type": "Point", "coordinates": [46.58161214000006, 24.812093640000057]}, "properties": {"OBJECTID": 2918, "Species": "Ziziphus jujuba", "Spread": 3, "SpreadP": 8}}, {"type": "Feature", "id": 2919, "geometry": {"type": "Point", "coordinates": [46.58204041100004, 24.81220244800005]}, "properties": {"OBJECTID": 2919, "Species": null, "Spread": 4.063447126905848, "SpreadP": 11.3}}, {"type": "Feature", "id": 2920, "geometry": {"type": "Point", "coordinates": [46.58214348100006, 24.812285736000035]}, "properties": {"OBJECTID": 2920, "Species": null, "Spread": 5.550927262134903, "SpreadP": 11.3}}, {"type": "Feature", "id": 2921, "geometry": {"type": "Point", "coordinates": [46.58185861000004, 24.81231898200008]}, "properties": {"OBJECTID": 2921, "Species": null, "Spread": 2.792595964148195, "SpreadP": 11.3}}, {"type": "Feature", "id": 2922, "geometry": {"type": "Point", "coordinates": [46.58229431500007, 24.81242150500003]}, "properties": {"OBJECTID": 2922, "Species": null, "Spread": 5.394365146178242, "SpreadP": 11.3}}, {"type": "Feature", "id": 2923, "geometry": {"type": "Point", "coordinates": [46.582381045000034, 24.81249338400005]}, "properties": {"OBJECTID": 2923, "Species": null, "Spread": 4.860361876864148, "SpreadP": 11.3}}, {"type": "Feature", "id": 2924, "geometry": {"type": "Point", "coordinates": [46.58216644500004, 24.812592901000073]}, "properties": {"OBJECTID": 2924, "Species": null, "Spread": 3.097138748813973, "SpreadP": 11.3}}, {"type": "Feature", "id": 2925, "geometry": {"type": "Point", "coordinates": [46.582550000000026, 24.812650000000076]}, "properties": {"OBJECTID": 2925, "Species": "Ziziphus spina-christi", "Spread": 3.5, "SpreadP": 10}}, {"type": "Feature", "id": 2926, "geometry": {"type": "Point", "coordinates": [46.58258263300007, 24.81267960300005]}, "properties": {"OBJECTID": 2926, "Species": null, "Spread": 3.5434070420645494, "SpreadP": 11.3}}, {"type": "Feature", "id": 2927, "geometry": {"type": "Point", "coordinates": [46.582610000000045, 24.812700000000063]}, "properties": {"OBJECTID": 2927, "Species": "Ziziphus spina-christi", "Spread": 2.5, "SpreadP": 10}}, {"type": "Feature", "id": 2928, "geometry": {"type": "Point", "coordinates": [46.58273676300007, 24.812787739000044]}, "properties": {"OBJECTID": 2928, "Species": null, "Spread": 5.788506375971437, "SpreadP": 11.3}}, {"type": "Feature", "id": 2929, "geometry": {"type": "Point", "coordinates": [46.58281720800005, 24.812849349000032]}, "properties": {"OBJECTID": 2929, "Species": null, "Spread": 5.058955808900549, "SpreadP": 11.3}}, {"type": "Feature", "id": 2930, "geometry": {"type": "Point", "coordinates": [46.58300112300003, 24.813004611000054]}, "properties": {"OBJECTID": 2930, "Species": null, "Spread": 3.208448489460272, "SpreadP": 11.3}}, {"type": "Feature", "id": 2931, "geometry": {"type": "Point", "coordinates": [46.582707837000044, 24.813043108000045]}, "properties": {"OBJECTID": 2931, "Species": "Olea europaea", "Spread": 2, "SpreadP": 8}}, {"type": "Feature", "id": 2932, "geometry": {"type": "Point", "coordinates": [46.58309373700007, 24.81306726400004]}, "properties": {"OBJECTID": 2932, "Species": null, "Spread": 6.819502562368883, "SpreadP": 11.3}}, {"type": "Feature", "id": 2933, "geometry": {"type": "Point", "coordinates": [46.58290393800007, 24.813159678000034]}, "properties": {"OBJECTID": 2933, "Species": null, "Spread": 6.012206684345892, "SpreadP": 11.3}}, {"type": "Feature", "id": 2934, "geometry": {"type": "Point", "coordinates": [46.583258209000064, 24.81317629700004]}, "properties": {"OBJECTID": 2934, "Species": null, "Spread": 6.116694370686688, "SpreadP": 11.3}}, {"type": "Feature", "id": 2935, "geometry": {"type": "Point", "coordinates": [46.58297407200007, 24.81322827400004]}, "properties": {"OBJECTID": 2935, "Species": null, "Spread": 2.9421824131626453, "SpreadP": 11.3}}, {"type": "Feature", "id": 2936, "geometry": {"type": "Point", "coordinates": [46.583358419000035, 24.813265321000074]}, "properties": {"OBJECTID": 2936, "Species": null, "Spread": 3.7674179267253916, "SpreadP": 11.3}}, {"type": "Feature", "id": 2937, "geometry": {"type": "Point", "coordinates": [46.58306859900006, 24.81327605100006]}, "properties": {"OBJECTID": 2937, "Species": null, "Spread": 5.3412751713302, "SpreadP": 11.3}}, {"type": "Feature", "id": 2938, "geometry": {"type": "Point", "coordinates": [46.58314752100006, 24.813357084000074]}, "properties": {"OBJECTID": 2938, "Species": null, "Spread": 2.5441760038122316, "SpreadP": 11.3}}, {"type": "Feature", "id": 2939, "geometry": {"type": "Point", "coordinates": [46.58350539000003, 24.81335705600003]}, "properties": {"OBJECTID": 2939, "Species": null, "Spread": 4.469154130674948, "SpreadP": 11.3}}, {"type": "Feature", "id": 2940, "geometry": {"type": "Point", "coordinates": [46.58357200800003, 24.81339356500007]}, "properties": {"OBJECTID": 2940, "Species": null, "Spread": 4.61110383637512, "SpreadP": 11.3}}, {"type": "Feature", "id": 2941, "geometry": {"type": "Point", "coordinates": [46.58324830300006, 24.81341103500006]}, "properties": {"OBJECTID": 2941, "Species": "Olea europaea", "Spread": 1.5, "SpreadP": 8}}, {"type": "Feature", "id": 2942, "geometry": {"type": "Point", "coordinates": [46.58358932400006, 24.813425038000048]}, "properties": {"OBJECTID": 2942, "Species": null, "Spread": 3.641099664183956, "SpreadP": 11.3}}, {"type": "Feature", "id": 2943, "geometry": {"type": "Point", "coordinates": [46.58362165800003, 24.81343920100005]}, "properties": {"OBJECTID": 2943, "Species": null, "Spread": 4.61110383794903, "SpreadP": 11.3}}, {"type": "Feature", "id": 2944, "geometry": {"type": "Point", "coordinates": [46.58328908000004, 24.813450070000044]}, "properties": {"OBJECTID": 2944, "Species": "Ziziphus jujuba", "Spread": 3, "SpreadP": 8}}, {"type": "Feature", "id": 2945, "geometry": {"type": "Point", "coordinates": [46.58337816000005, 24.813506940000025]}, "properties": {"OBJECTID": 2945, "Species": "Ziziphus jujuba", "Spread": 2.5, "SpreadP": 8}}, {"type": "Feature", "id": 2946, "geometry": {"type": "Point", "coordinates": [46.58340881400005, 24.813513896000075]}, "properties": {"OBJECTID": 2946, "Species": null, "Spread": 3.9917388245762, "SpreadP": 11.3}}, {"type": "Feature", "id": 2947, "geometry": {"type": "Point", "coordinates": [46.57926709000003, 24.80840992000003]}, "properties": {"OBJECTID": 2947, "Species": "Olea europaea", "Spread": 1.5, "SpreadP": 8}}, {"type": "Feature", "id": 2948, "geometry": {"type": "Point", "coordinates": [46.57867742800005, 24.807846210000037]}, "properties": {"OBJECTID": 2948, "Species": null, "Spread": 5.142906915117668, "SpreadP": 11.3}}, {"type": "Feature", "id": 2949, "geometry": {"type": "Point", "coordinates": [46.57846476000003, 24.80794355000006]}, "properties": {"OBJECTID": 2949, "Species": "Ziziphus spina-christi", "Spread": 2.5, "SpreadP": 10}}, {"type": "Feature", "id": 2950, "geometry": {"type": "Point", "coordinates": [46.57900350300008, 24.807968566000056]}, "properties": {"OBJECTID": 2950, "Species": null, "Spread": 5.3289757921325505, "SpreadP": 11.3}}, {"type": "Feature", "id": 2951, "geometry": {"type": "Point", "coordinates": [46.57851995000004, 24.808032050000065]}, "properties": {"OBJECTID": 2951, "Species": "Ziziphus spina-christi", "Spread": 3, "SpreadP": 10}}, {"type": "Feature", "id": 2952, "geometry": {"type": "Point", "coordinates": [46.578785906000064, 24.808038483000075]}, "properties": {"OBJECTID": 2952, "Species": null, "Spread": 5.084795477602999, "SpreadP": 11.3}}, {"type": "Feature", "id": 2953, "geometry": {"type": "Point", "coordinates": [46.57857727000004, 24.808125910000058]}, "properties": {"OBJECTID": 2953, "Species": "Ziziphus spina-christi", "Spread": 3, "SpreadP": 10}}, {"type": "Feature", "id": 2954, "geometry": {"type": "Point", "coordinates": [46.57884560100007, 24.808135203000063]}, "properties": {"OBJECTID": 2954, "Species": null, "Spread": 5.424549248086767, "SpreadP": 11.3}}, {"type": "Feature", "id": 2955, "geometry": {"type": "Point", "coordinates": [46.57863229000003, 24.808215870000026]}, "properties": {"OBJECTID": 2955, "Species": "Ziziphus spina-christi", "Spread": 2.2, "SpreadP": 10}}, {"type": "Feature", "id": 2956, "geometry": {"type": "Point", "coordinates": [46.57917809500003, 24.808256975000063]}, "properties": {"OBJECTID": 2956, "Species": null, "Spread": 5.887013629455588, "SpreadP": 11.3}}, {"type": "Feature", "id": 2957, "geometry": {"type": "Point", "coordinates": [46.57892022300007, 24.808268476000023]}, "properties": {"OBJECTID": 2957, "Species": "Ziziphus spina-christi", "Spread": 2.5, "SpreadP": 10}}, {"type": "Feature", "id": 2958, "geometry": {"type": "Point", "coordinates": [46.57868435000006, 24.80830270000007]}, "properties": {"OBJECTID": 2958, "Species": "Olea europaea", "Spread": 2, "SpreadP": 8}}, {"type": "Feature", "id": 2959, "geometry": {"type": "Point", "coordinates": [46.578965485000026, 24.808348516000024]}, "properties": {"OBJECTID": 2959, "Species": "Ziziphus spina-christi", "Spread": 2.5, "SpreadP": 10}}, {"type": "Feature", "id": 2960, "geometry": {"type": "Point", "coordinates": [46.57902357200004, 24.808455845000026]}, "properties": {"OBJECTID": 2960, "Species": "Ziziphus spina-christi", "Spread": 1.5, "SpreadP": 10}}, {"type": "Feature", "id": 2961, "geometry": {"type": "Point", "coordinates": [46.57910554700004, 24.808572940000033]}, "properties": {"OBJECTID": 2961, "Species": "Olea europaea", "Spread": 3.5, "SpreadP": 8}}, {"type": "Feature", "id": 2962, "geometry": {"type": "Point", "coordinates": [46.57932830000004, 24.80850970000006]}, "properties": {"OBJECTID": 2962, "Species": "Ziziphus spina-christi", "Spread": 2.5, "SpreadP": 10}}, {"type": "Feature", "id": 2963, "geometry": {"type": "Point", "coordinates": [46.579388720000054, 24.80860541000004]}, "properties": {"OBJECTID": 2963, "Species": "Ziziphus spina-christi", "Spread": 2.5, "SpreadP": 10}}, {"type": "Feature", "id": 2964, "geometry": {"type": "Point", "coordinates": [46.57944310000005, 24.808690960000035]}, "properties": {"OBJECTID": 2964, "Species": "Ziziphus spina-christi", "Spread": 1.5, "SpreadP": 10}}, {"type": "Feature", "id": 2965, "geometry": {"type": "Point", "coordinates": [46.57950030000006, 24.808786130000044]}, "properties": {"OBJECTID": 2965, "Species": "Ziziphus spina-christi", "Spread": 2.5, "SpreadP": 10}}, {"type": "Feature", "id": 2966, "geometry": {"type": "Point", "coordinates": [46.57928994900004, 24.808845645000076]}, "properties": {"OBJECTID": 2966, "Species": "Olea europaea", "Spread": 1, "SpreadP": 8}}, {"type": "Feature", "id": 2967, "geometry": {"type": "Point", "coordinates": [46.57934107800003, 24.80893365600008]}, "properties": {"OBJECTID": 2967, "Species": "Olea europaea", "Spread": 1.5, "SpreadP": 8}}, {"type": "Feature", "id": 2968, "geometry": {"type": "Point", "coordinates": [46.57959000000005, 24.80895000000004]}, "properties": {"OBJECTID": 2968, "Species": "Olea europaea", "Spread": 1, "SpreadP": 8}}, {"type": "Feature", "id": 2969, "geometry": {"type": "Point", "coordinates": [46.58102000000008, 24.811190000000067]}, "properties": {"OBJECTID": 2969, "Species": "Ziziphus spina-christi", "Spread": 3, "SpreadP": 10}}, {"type": "Feature", "id": 2970, "geometry": {"type": "Point", "coordinates": [46.581086190000065, 24.811253054000076]}, "properties": {"OBJECTID": 2970, "Species": "Olea europaea", "Spread": 3, "SpreadP": 8}}, {"type": "Feature", "id": 2971, "geometry": {"type": "Point", "coordinates": [46.58115000000004, 24.81135000000006]}, "properties": {"OBJECTID": 2971, "Species": "Olea europaea", "Spread": 0.5, "SpreadP": 8}}, {"type": "Feature", "id": 2972, "geometry": {"type": "Point", "coordinates": [46.57949631100007, 24.80921243800003]}, "properties": {"OBJECTID": 2972, "Species": "Olea europaea", "Spread": 1, "SpreadP": 8}}, {"type": "Feature", "id": 2973, "geometry": {"type": "Point", "coordinates": [46.579284640000026, 24.80925491000005]}, "properties": {"OBJECTID": 2973, "Species": "Ziziphus spina-christi", "Spread": 2.5, "SpreadP": 10}}, {"type": "Feature", "id": 2974, "geometry": {"type": "Point", "coordinates": [46.57957107800007, 24.809321026000077]}, "properties": {"OBJECTID": 2974, "Species": "Ziziphus spina-christi", "Spread": 3, "SpreadP": 10}}, {"type": "Feature", "id": 2975, "geometry": {"type": "Point", "coordinates": [46.579636194000045, 24.80939708300008]}, "properties": {"OBJECTID": 2975, "Species": null, "Spread": 4.506898401881689, "SpreadP": 11.3}}, {"type": "Feature", "id": 2976, "geometry": {"type": "Point", "coordinates": [46.57989693600007, 24.809414316000073]}, "properties": {"OBJECTID": 2976, "Species": null, "Spread": 3.888831186915264, "SpreadP": 11.3}}, {"type": "Feature", "id": 2977, "geometry": {"type": "Point", "coordinates": [46.57966000000005, 24.809450000000027]}, "properties": {"OBJECTID": 2977, "Species": "Ziziphus spina-christi", "Spread": 2.5, "SpreadP": 10}}, {"type": "Feature", "id": 2978, "geometry": {"type": "Point", "coordinates": [46.57993664000003, 24.809473670000045]}, "properties": {"OBJECTID": 2978, "Species": "Olea europaea", "Spread": 1, "SpreadP": 8}}, {"type": "Feature", "id": 2979, "geometry": {"type": "Point", "coordinates": [46.57999273000007, 24.80955976000007]}, "properties": {"OBJECTID": 2979, "Species": "Ziziphus spina-christi", "Spread": 2, "SpreadP": 10}}, {"type": "Feature", "id": 2980, "geometry": {"type": "Point", "coordinates": [46.57979631000006, 24.809639503000028]}, "properties": {"OBJECTID": 2980, "Species": null, "Spread": 4.444668521557371, "SpreadP": 11.3}}, {"type": "Feature", "id": 2981, "geometry": {"type": "Point", "coordinates": [46.580054060000066, 24.809648510000045]}, "properties": {"OBJECTID": 2981, "Species": "Ziziphus spina-christi", "Spread": 2.5, "SpreadP": 10}}, {"type": "Feature", "id": 2982, "geometry": {"type": "Point", "coordinates": [46.579848205000076, 24.809713035000073]}, "properties": {"OBJECTID": 2982, "Species": null, "Spread": 5.356451773053437, "SpreadP": 11.3}}, {"type": "Feature", "id": 2983, "geometry": {"type": "Point", "coordinates": [46.57974264000006, 24.80994404000006]}, "properties": {"OBJECTID": 2983, "Species": "Ziziphus spina-christi", "Spread": 3, "SpreadP": 10}}, {"type": "Feature", "id": 2984, "geometry": {"type": "Point", "coordinates": [46.58002287700003, 24.809954881000067]}, "properties": {"OBJECTID": 2984, "Species": null, "Spread": 6.1089651003386, "SpreadP": 11.3}}, {"type": "Feature", "id": 2985, "geometry": {"type": "Point", "coordinates": [46.579798320000066, 24.810032240000055]}, "properties": {"OBJECTID": 2985, "Species": "Ziziphus jujuba", "Spread": 2.5, "SpreadP": 8}}, {"type": "Feature", "id": 2986, "geometry": {"type": "Point", "coordinates": [46.58009818800008, 24.81008413400008]}, "properties": {"OBJECTID": 2986, "Species": null, "Spread": 5.348327723836374, "SpreadP": 11.3}}, {"type": "Feature", "id": 2987, "geometry": {"type": "Point", "coordinates": [46.579863430000046, 24.810111690000042]}, "properties": {"OBJECTID": 2987, "Species": "Ziziphus jujuba", "Spread": 2.5, "SpreadP": 8}}, {"type": "Feature", "id": 2988, "geometry": {"type": "Point", "coordinates": [46.58015387900008, 24.810154793000038]}, "properties": {"OBJECTID": 2988, "Species": null, "Spread": 5.028433191490675, "SpreadP": 11.3}}, {"type": "Feature", "id": 2989, "geometry": {"type": "Point", "coordinates": [46.57992839000008, 24.81019825000004]}, "properties": {"OBJECTID": 2989, "Species": "Ziziphus jujuba", "Spread": 2, "SpreadP": 8}}, {"type": "Feature", "id": 2990, "geometry": {"type": "Point", "coordinates": [46.579948614000045, 24.810219404000065]}, "properties": {"OBJECTID": 2990, "Species": null, "Spread": 2.8751535161677846, "SpreadP": 11.3}}, {"type": "Feature", "id": 2991, "geometry": {"type": "Point", "coordinates": [46.58021020600006, 24.810228323000047]}, "properties": {"OBJECTID": 2991, "Species": null, "Spread": 5.2700747972766875, "SpreadP": 11.3}}, {"type": "Feature", "id": 2992, "geometry": {"type": "Point", "coordinates": [46.57999072000007, 24.810282220000033]}, "properties": {"OBJECTID": 2992, "Species": "Ziziphus spina-christi", "Spread": 3, "SpreadP": 10}}, {"type": "Feature", "id": 2993, "geometry": {"type": "Point", "coordinates": [46.58031273000006, 24.810359874000028]}, "properties": {"OBJECTID": 2993, "Species": null, "Spread": 6.857923862859538, "SpreadP": 11.3}}, {"type": "Feature", "id": 2994, "geometry": {"type": "Point", "coordinates": [46.580073506000076, 24.810375384000054]}, "properties": {"OBJECTID": 2994, "Species": null, "Spread": 3.2864481902280844, "SpreadP": 11.3}}, {"type": "Feature", "id": 2995, "geometry": {"type": "Point", "coordinates": [46.58035829600004, 24.810408702000075]}, "properties": {"OBJECTID": 2995, "Species": null, "Spread": 4.275976438819589, "SpreadP": 11.3}}, {"type": "Feature", "id": 2996, "geometry": {"type": "Point", "coordinates": [46.58012946100007, 24.810461091000036]}, "properties": {"OBJECTID": 2996, "Species": null, "Spread": 3.1222172035324194, "SpreadP": 11.3}}, {"type": "Feature", "id": 2997, "geometry": {"type": "Point", "coordinates": [46.58041171700006, 24.81047576700007]}, "properties": {"OBJECTID": 2997, "Species": null, "Spread": 4.403257160278165, "SpreadP": 11.3}}, {"type": "Feature", "id": 2998, "geometry": {"type": "Point", "coordinates": [46.58068191800004, 24.81049420000005]}, "properties": {"OBJECTID": 2998, "Species": null, "Spread": 2.707522240675572, "SpreadP": 11.3}}, {"type": "Feature", "id": 2999, "geometry": {"type": "Point", "coordinates": [46.58018653900007, 24.81053885800003]}, "properties": {"OBJECTID": 2999, "Species": null, "Spread": 2.8615593353547033, "SpreadP": 11.3}}, {"type": "Feature", "id": 3000, "geometry": {"type": "Point", "coordinates": [46.58073502000008, 24.81054412000003]}, "properties": {"OBJECTID": 3000, "Species": "Ziziphus spina-christi", "Spread": 2.5, "SpreadP": 10}}, {"type": "Feature", "id": 3001, "geometry": {"type": "Point", "coordinates": [46.58050739400005, 24.810602741000025]}, "properties": {"OBJECTID": 3001, "Species": null, "Spread": 4.860474713967145, "SpreadP": 11.3}}, {"type": "Feature", "id": 3002, "geometry": {"type": "Point", "coordinates": [46.58080195000008, 24.810625150000078]}, "properties": {"OBJECTID": 3002, "Species": "Ziziphus spina-christi", "Spread": 3, "SpreadP": 10}}, {"type": "Feature", "id": 3003, "geometry": {"type": "Point", "coordinates": [46.580582811000056, 24.81069401600007]}, "properties": {"OBJECTID": 3003, "Species": null, "Spread": 4.860418138180158, "SpreadP": 11.3}}, {"type": "Feature", "id": 3004, "geometry": {"type": "Point", "coordinates": [46.58032145100003, 24.810710997000058]}, "properties": {"OBJECTID": 3004, "Species": null, "Spread": 2.8203836707092442, "SpreadP": 11.3}}, {"type": "Feature", "id": 3005, "geometry": {"type": "Point", "coordinates": [46.58677000000006, 24.815080000000023]}, "properties": {"OBJECTID": 3005, "Species": "Ziziphus spina-christi", "Spread": 2.5, "SpreadP": 10}}, {"type": "Feature", "id": 3006, "geometry": {"type": "Point", "coordinates": [46.58694000000003, 24.815150000000074]}, "properties": {"OBJECTID": 3006, "Species": "Olea europaea", "Spread": 1.5, "SpreadP": 8}}, {"type": "Feature", "id": 3007, "geometry": {"type": "Point", "coordinates": [46.58705000000003, 24.81519000000003]}, "properties": {"OBJECTID": 3007, "Species": "Olea europaea", "Spread": 2.6, "SpreadP": 8}}, {"type": "Feature", "id": 3008, "geometry": {"type": "Point", "coordinates": [46.587270000000046, 24.81529000000006]}, "properties": {"OBJECTID": 3008, "Species": "Olea europaea", "Spread": 1, "SpreadP": 8}}, {"type": "Feature", "id": 3009, "geometry": {"type": "Point", "coordinates": [46.58735000000007, 24.815320000000042]}, "properties": {"OBJECTID": 3009, "Species": "Olea europaea", "Spread": 1.5, "SpreadP": 8}}, {"type": "Feature", "id": 3010, "geometry": {"type": "Point", "coordinates": [46.58755000000008, 24.815400000000068]}, "properties": {"OBJECTID": 3010, "Species": "Olea europaea", "Spread": 3.5, "SpreadP": 8}}, {"type": "Feature", "id": 3011, "geometry": {"type": "Point", "coordinates": [46.58766000000003, 24.815450000000055]}, "properties": {"OBJECTID": 3011, "Species": "Olea europaea", "Spread": 3.7, "SpreadP": 8}}, {"type": "Feature", "id": 3012, "geometry": {"type": "Point", "coordinates": [46.58779000000004, 24.815510000000074]}, "properties": {"OBJECTID": 3012, "Species": "Ziziphus spina-christi", "Spread": 2.5, "SpreadP": 10}}, {"type": "Feature", "id": 3013, "geometry": {"type": "Point", "coordinates": [46.58788000000004, 24.815540000000055]}, "properties": {"OBJECTID": 3013, "Species": "Ziziphus spina-christi", "Spread": 2, "SpreadP": 10}}, {"type": "Feature", "id": 3014, "geometry": {"type": "Point", "coordinates": [46.587960000000066, 24.815570000000037]}, "properties": {"OBJECTID": 3014, "Species": "Ziziphus spina-christi", "Spread": 2.5, "SpreadP": 10}}, {"type": "Feature", "id": 3015, "geometry": {"type": "Point", "coordinates": [46.58816285000006, 24.815656500000046]}, "properties": {"OBJECTID": 3015, "Species": null, "Spread": 3.671449825035709, "SpreadP": 11.3}}, {"type": "Feature", "id": 3016, "geometry": {"type": "Point", "coordinates": [46.588292323000076, 24.815705466000054]}, "properties": {"OBJECTID": 3016, "Species": null, "Spread": 5.591266502551753, "SpreadP": 11.3}}, {"type": "Feature", "id": 3017, "geometry": {"type": "Point", "coordinates": [46.588455888000055, 24.81579593500004]}, "properties": {"OBJECTID": 3017, "Species": null, "Spread": 3.7047971984546155, "SpreadP": 11.3}}, {"type": "Feature", "id": 3018, "geometry": {"type": "Point", "coordinates": [46.588558652000074, 24.815818345000025]}, "properties": {"OBJECTID": 3018, "Species": null, "Spread": 4.806707710517821, "SpreadP": 11.3}}, {"type": "Feature", "id": 3019, "geometry": {"type": "Point", "coordinates": [46.58851537400005, 24.81582161800003]}, "properties": {"OBJECTID": 3019, "Species": null, "Spread": 3.29242208357823, "SpreadP": 11.3}}, {"type": "Feature", "id": 3020, "geometry": {"type": "Point", "coordinates": [46.58871000000005, 24.81588000000005]}, "properties": {"OBJECTID": 3020, "Species": "Ziziphus spina-christi", "Spread": 3, "SpreadP": 10}}, {"type": "Feature", "id": 3021, "geometry": {"type": "Point", "coordinates": [46.588790000000074, 24.81591000000003]}, "properties": {"OBJECTID": 3021, "Species": "Ziziphus spina-christi", "Spread": 4, "SpreadP": 10}}, {"type": "Feature", "id": 3022, "geometry": {"type": "Point", "coordinates": [46.588821574000065, 24.81593637900005]}, "properties": {"OBJECTID": 3022, "Species": null, "Spread": 4.986908991522041, "SpreadP": 11.3}}, {"type": "Feature", "id": 3023, "geometry": {"type": "Point", "coordinates": [46.58886000000007, 24.81594000000007]}, "properties": {"OBJECTID": 3023, "Species": "Albizia lebbeck", "Spread": 3.5, "SpreadP": 18}}, {"type": "Feature", "id": 3024, "geometry": {"type": "Point", "coordinates": [46.58346723000005, 24.813563800000054]}, "properties": {"OBJECTID": 3024, "Species": "Ziziphus jujuba", "Spread": 2, "SpreadP": 8}}, {"type": "Feature", "id": 3025, "geometry": {"type": "Point", "coordinates": [46.58402765200003, 24.81370953800007]}, "properties": {"OBJECTID": 3025, "Species": "Olea europaea", "Spread": 0.5, "SpreadP": 8}}, {"type": "Feature", "id": 3026, "geometry": {"type": "Point", "coordinates": [46.584539618000065, 24.81400814400007]}, "properties": {"OBJECTID": 3026, "Species": "Ziziphus spina-christi", "Spread": 3, "SpreadP": 10}}, {"type": "Feature", "id": 3027, "geometry": {"type": "Point", "coordinates": [46.58457820000007, 24.814025628000024]}, "properties": {"OBJECTID": 3027, "Species": null, "Spread": 5.157237385494293, "SpreadP": 11.3}}, {"type": "Feature", "id": 3028, "geometry": {"type": "Point", "coordinates": [46.58463089700007, 24.81405646500008]}, "properties": {"OBJECTID": 3028, "Species": "Ziziphus spina-christi", "Spread": 2, "SpreadP": 10}}, {"type": "Feature", "id": 3029, "geometry": {"type": "Point", "coordinates": [46.58659000000006, 24.814990000000023]}, "properties": {"OBJECTID": 3029, "Species": "Ziziphus spina-christi", "Spread": 2.5, "SpreadP": 10}}, {"type": "Feature", "id": 3030, "geometry": {"type": "Point", "coordinates": [46.58661698800006, 24.81501909700006]}, "properties": {"OBJECTID": 3030, "Species": null, "Spread": 3.3394590682603256, "SpreadP": 11.3}}, {"type": "Feature", "id": 3031, "geometry": {"type": "Point", "coordinates": [46.58669000000003, 24.815030000000036]}, "properties": {"OBJECTID": 3031, "Species": "Ziziphus spina-christi", "Spread": 2.5, "SpreadP": 10}}, {"type": "Feature", "id": 3032, "geometry": {"type": "Point", "coordinates": [46.586719121000044, 24.815065230000073]}, "properties": {"OBJECTID": 3032, "Species": null, "Spread": 3.2805574595417433, "SpreadP": 11.3}}, {"type": "Feature", "id": 3033, "geometry": {"type": "Point", "coordinates": [46.585750000000075, 24.814640000000054]}, "properties": {"OBJECTID": 3033, "Species": "Ziziphus spina-christi", "Spread": 2.5, "SpreadP": 10}}, {"type": "Feature", "id": 3034, "geometry": {"type": "Point", "coordinates": [46.58587000000006, 24.814680000000067]}, "properties": {"OBJECTID": 3034, "Species": "Ziziphus spina-christi", "Spread": 1, "SpreadP": 10}}, {"type": "Feature", "id": 3035, "geometry": {"type": "Point", "coordinates": [46.58604357400003, 24.81476274000005]}, "properties": {"OBJECTID": 3035, "Species": null, "Spread": 4.702727951326319, "SpreadP": 11.3}}, {"type": "Feature", "id": 3036, "geometry": {"type": "Point", "coordinates": [46.58612259000006, 24.814811570000074]}, "properties": {"OBJECTID": 3036, "Species": null, "Spread": 3.3858426644336386, "SpreadP": 11.3}}, {"type": "Feature", "id": 3037, "geometry": {"type": "Point", "coordinates": [46.58616339500003, 24.814813253000068]}, "properties": {"OBJECTID": 3037, "Species": null, "Spread": 4.982677709405868, "SpreadP": 11.3}}, {"type": "Feature", "id": 3038, "geometry": {"type": "Point", "coordinates": [46.586386565000055, 24.814903970000046]}, "properties": {"OBJECTID": 3038, "Species": null, "Spread": 4.6252648941790495, "SpreadP": 11.3}}, {"type": "Feature", "id": 3039, "geometry": {"type": "Point", "coordinates": [46.586483103000035, 24.814947266000047]}, "properties": {"OBJECTID": 3039, "Species": null, "Spread": 5.320513227732873, "SpreadP": 11.3}}, {"type": "Feature", "id": 3040, "geometry": {"type": "Point", "coordinates": [46.588904494000076, 24.815972568000063]}, "properties": {"OBJECTID": 3040, "Species": "Ziziphus spina-christi", "Spread": 3, "SpreadP": 10}}, {"type": "Feature", "id": 3041, "geometry": {"type": "Point", "coordinates": [46.58906689300005, 24.81602709400005]}, "properties": {"OBJECTID": 3041, "Species": null, "Spread": 5.199212626341836, "SpreadP": 11.3}}, {"type": "Feature", "id": 3042, "geometry": {"type": "Point", "coordinates": [46.58916172600004, 24.816080699000054]}, "properties": {"OBJECTID": 3042, "Species": null, "Spread": 4.300349209604297, "SpreadP": 11.3}}, {"type": "Feature", "id": 3043, "geometry": {"type": "Point", "coordinates": [46.58936218200006, 24.816156466000052]}, "properties": {"OBJECTID": 3043, "Species": null, "Spread": 4.444330007084023, "SpreadP": 11.3}}, {"type": "Feature", "id": 3044, "geometry": {"type": "Point", "coordinates": [46.589459856000076, 24.81619151600006]}, "properties": {"OBJECTID": 3044, "Species": null, "Spread": 3.5826463566637026, "SpreadP": 11.3}}, {"type": "Feature", "id": 3045, "geometry": {"type": "Point", "coordinates": [46.58943258100004, 24.81620618200003]}, "properties": {"OBJECTID": 3045, "Species": null, "Spread": 3.510238695720768, "SpreadP": 11.3}}, {"type": "Feature", "id": 3046, "geometry": {"type": "Point", "coordinates": [46.589663098000074, 24.816304210000055]}, "properties": {"OBJECTID": 3046, "Species": null, "Spread": 3.5102386949227804, "SpreadP": 11.3}}, {"type": "Feature", "id": 3047, "geometry": {"type": "Point", "coordinates": [46.58971472700006, 24.816324261000034]}, "properties": {"OBJECTID": 3047, "Species": null, "Spread": 3.3511151532291445, "SpreadP": 11.3}}, {"type": "Feature", "id": 3048, "geometry": {"type": "Point", "coordinates": [46.58976820700008, 24.816336867000075]}, "properties": {"OBJECTID": 3048, "Species": null, "Spread": 5.090324557358786, "SpreadP": 11.3}}, {"type": "Feature", "id": 3049, "geometry": {"type": "Point", "coordinates": [46.59145194600006, 24.81705673400006]}, "properties": {"OBJECTID": 3049, "Species": null, "Spread": 3.532385530388478, "SpreadP": 11.3}}, {"type": "Feature", "id": 3050, "geometry": {"type": "Point", "coordinates": [46.59155641500007, 24.817082172000028]}, "properties": {"OBJECTID": 3050, "Species": null, "Spread": 4.02169725065294, "SpreadP": 11.3}}, {"type": "Feature", "id": 3051, "geometry": {"type": "Point", "coordinates": [46.59174665100005, 24.81716206300007]}, "properties": {"OBJECTID": 3051, "Species": null, "Spread": 4.444273743258776, "SpreadP": 11.3}}, {"type": "Feature", "id": 3052, "geometry": {"type": "Point", "coordinates": [46.59186419900004, 24.817206390000024]}, "properties": {"OBJECTID": 3052, "Species": null, "Spread": 5.689322404316077, "SpreadP": 11.3}}, {"type": "Feature", "id": 3053, "geometry": {"type": "Point", "coordinates": [46.591810870000074, 24.817209777000073]}, "properties": {"OBJECTID": 3053, "Species": null, "Spread": 3.18404928883112, "SpreadP": 11.3}}, {"type": "Feature", "id": 3054, "geometry": {"type": "Point", "coordinates": [46.592167440000026, 24.817328030000056]}, "properties": {"OBJECTID": 3054, "Species": null, "Spread": 4.023558926601936, "SpreadP": 11.3}}, {"type": "Feature", "id": 3055, "geometry": {"type": "Point", "coordinates": [46.59215811100006, 24.817354714000032]}, "properties": {"OBJECTID": 3055, "Species": null, "Spread": 3.5762677788405948, "SpreadP": 11.3}}, {"type": "Feature", "id": 3056, "geometry": {"type": "Point", "coordinates": [46.59003000000007, 24.816440000000057]}, "properties": {"OBJECTID": 3056, "Species": "Ziziphus spina-christi", "Spread": 2, "SpreadP": 10}}, {"type": "Feature", "id": 3057, "geometry": {"type": "Point", "coordinates": [46.59008000000006, 24.816470000000038]}, "properties": {"OBJECTID": 3057, "Species": "Ziziphus spina-christi", "Spread": 4, "SpreadP": 10}}, {"type": "Feature", "id": 3058, "geometry": {"type": "Point", "coordinates": [46.59035000000006, 24.816580000000044]}, "properties": {"OBJECTID": 3058, "Species": "Olea europaea", "Spread": 3, "SpreadP": 8}}, {"type": "Feature", "id": 3059, "geometry": {"type": "Point", "coordinates": [46.59054000000003, 24.816670000000045]}, "properties": {"OBJECTID": 3059, "Species": "Olea europaea", "Spread": 1.5, "SpreadP": 8}}, {"type": "Feature", "id": 3060, "geometry": {"type": "Point", "coordinates": [46.590640000000064, 24.816700000000026]}, "properties": {"OBJECTID": 3060, "Species": "Olea europaea", "Spread": 2, "SpreadP": 8}}, {"type": "Feature", "id": 3061, "geometry": {"type": "Point", "coordinates": [46.59087000000005, 24.816800000000057]}, "properties": {"OBJECTID": 3061, "Species": "Olea europaea", "Spread": 3, "SpreadP": 8}}, {"type": "Feature", "id": 3062, "geometry": {"type": "Point", "coordinates": [46.59095000000008, 24.81683000000004]}, "properties": {"OBJECTID": 3062, "Species": "Olea europaea", "Spread": 3, "SpreadP": 8}}, {"type": "Feature", "id": 3063, "geometry": {"type": "Point", "coordinates": [46.59113533800007, 24.816921962000038]}, "properties": {"OBJECTID": 3063, "Species": "Ziziphus spina-christi", "Spread": 3, "SpreadP": 10}}, {"type": "Feature", "id": 3064, "geometry": {"type": "Point", "coordinates": [46.591163350000045, 24.816936776000034]}, "properties": {"OBJECTID": 3064, "Species": null, "Spread": 3.2805574611543684, "SpreadP": 11.3}}, {"type": "Feature", "id": 3065, "geometry": {"type": "Point", "coordinates": [46.59120000000007, 24.816950000000077]}, "properties": {"OBJECTID": 3065, "Species": "Ziziphus spina-christi", "Spread": 3, "SpreadP": 10}}, {"type": "Feature", "id": 3066, "geometry": {"type": "Point", "coordinates": [46.59123711400008, 24.81696392200007]}, "properties": {"OBJECTID": 3066, "Species": null, "Spread": 3.1840492889610807, "SpreadP": 11.3}}, {"type": "Feature", "id": 3067, "geometry": {"type": "Point", "coordinates": [46.59141667600005, 24.817043289000026]}, "properties": {"OBJECTID": 3067, "Species": null, "Spread": 3.280557459953147, "SpreadP": 11.3}}, {"type": "Feature", "id": 3068, "geometry": {"type": "Point", "coordinates": [46.591080000000034, 24.816900000000032]}, "properties": {"OBJECTID": 3068, "Species": "Ziziphus spina-christi", "Spread": 2.5, "SpreadP": 10}}, {"type": "Feature", "id": 3069, "geometry": {"type": "Point", "coordinates": [46.59614904600005, 24.81901523500005]}, "properties": {"OBJECTID": 3069, "Species": null, "Spread": 6.446236115264638, "SpreadP": 11.3}}, {"type": "Feature", "id": 3070, "geometry": {"type": "Point", "coordinates": [46.59624001100008, 24.819053977000067]}, "properties": {"OBJECTID": 3070, "Species": null, "Spread": 4.99593605832521, "SpreadP": 11.3}}, {"type": "Feature", "id": 3071, "geometry": {"type": "Point", "coordinates": [46.59697881900007, 24.819363332000023]}, "properties": {"OBJECTID": 3071, "Species": null, "Spread": 3.7296737894048557, "SpreadP": 11.3}}, {"type": "Feature", "id": 3072, "geometry": {"type": "Point", "coordinates": [46.59707619800008, 24.819405826000036]}, "properties": {"OBJECTID": 3072, "Species": null, "Spread": 3.715399894460957, "SpreadP": 11.3}}, {"type": "Feature", "id": 3073, "geometry": {"type": "Point", "coordinates": [46.597335376000046, 24.819510585000046]}, "properties": {"OBJECTID": 3073, "Species": null, "Spread": 6.270378953218059, "SpreadP": 11.3}}, {"type": "Feature", "id": 3074, "geometry": {"type": "Point", "coordinates": [46.59266670200003, 24.817556427000056]}, "properties": {"OBJECTID": 3074, "Species": null, "Spread": 6.378589992729292, "SpreadP": 11.3}}, {"type": "Feature", "id": 3075, "geometry": {"type": "Point", "coordinates": [46.59269863600008, 24.81758370800003]}, "properties": {"OBJECTID": 3075, "Species": null, "Spread": 3.408797792342435, "SpreadP": 11.3}}, {"type": "Feature", "id": 3076, "geometry": {"type": "Point", "coordinates": [46.59276741900004, 24.817586019000032]}, "properties": {"OBJECTID": 3076, "Species": null, "Spread": 5.658066494442257, "SpreadP": 11.3}}, {"type": "Feature", "id": 3077, "geometry": {"type": "Point", "coordinates": [46.59293683400006, 24.817668979000075]}, "properties": {"OBJECTID": 3077, "Species": null, "Spread": 4.8862581207801865, "SpreadP": 11.3}}, {"type": "Feature", "id": 3078, "geometry": {"type": "Point", "coordinates": [46.59303231300004, 24.817706497000074]}, "properties": {"OBJECTID": 3078, "Species": null, "Spread": 4.155804534968581, "SpreadP": 11.3}}, {"type": "Feature", "id": 3079, "geometry": {"type": "Point", "coordinates": [46.593180000000075, 24.817770000000053]}, "properties": {"OBJECTID": 3079, "Species": "Ziziphus spina-christi", "Spread": 3, "SpreadP": 10}}, {"type": "Feature", "id": 3080, "geometry": {"type": "Point", "coordinates": [46.59321511700006, 24.817780476000053]}, "properties": {"OBJECTID": 3080, "Species": null, "Spread": 4.775282385953321, "SpreadP": 11.3}}, {"type": "Feature", "id": 3081, "geometry": {"type": "Point", "coordinates": [46.60828691000006, 24.824119431000042]}, "properties": {"OBJECTID": 3081, "Species": null, "Spread": 4.491665225295588, "SpreadP": 11.3}}, {"type": "Feature", "id": 3082, "geometry": {"type": "Point", "coordinates": [46.60874569600003, 24.824114619000056]}, "properties": {"OBJECTID": 3082, "Species": null, "Spread": 3.0335356942434712, "SpreadP": 11.3}}, {"type": "Feature", "id": 3083, "geometry": {"type": "Point", "coordinates": [46.608811271000036, 24.82414477100008]}, "properties": {"OBJECTID": 3083, "Species": null, "Spread": 3.0077179003153, "SpreadP": 11.3}}, {"type": "Feature", "id": 3084, "geometry": {"type": "Point", "coordinates": [46.60837856900008, 24.824158530000034]}, "properties": {"OBJECTID": 3084, "Species": null, "Spread": 4.396994474761742, "SpreadP": 11.3}}, {"type": "Feature", "id": 3085, "geometry": {"type": "Point", "coordinates": [46.60847000000007, 24.824200000000076]}, "properties": {"OBJECTID": 3085, "Species": "Ziziphus spina-christi", "Spread": 2.5, "SpreadP": 10}}, {"type": "Feature", "id": 3086, "geometry": {"type": "Point", "coordinates": [46.607277458000056, 24.823498009000048]}, "properties": {"OBJECTID": 3086, "Species": "Ziziphus spina-christi", "Spread": 2, "SpreadP": 10}}, {"type": "Feature", "id": 3087, "geometry": {"type": "Point", "coordinates": [46.60751344200003, 24.823601928000073]}, "properties": {"OBJECTID": 3087, "Species": null, "Spread": 2.8615593329987137, "SpreadP": 11.3}}, {"type": "Feature", "id": 3088, "geometry": {"type": "Point", "coordinates": [46.60729423300006, 24.823705973000074]}, "properties": {"OBJECTID": 3088, "Species": null, "Spread": 4.383905539884967, "SpreadP": 11.3}}, {"type": "Feature", "id": 3089, "geometry": {"type": "Point", "coordinates": [46.607820891000074, 24.82373522200004]}, "properties": {"OBJECTID": 3089, "Species": null, "Spread": 2.87515351660177, "SpreadP": 11.3}}, {"type": "Feature", "id": 3090, "geometry": {"type": "Point", "coordinates": [46.60743172200006, 24.823761712000078]}, "properties": {"OBJECTID": 3090, "Species": null, "Spread": 4.591075187048196, "SpreadP": 11.3}}, {"type": "Feature", "id": 3091, "geometry": {"type": "Point", "coordinates": [46.60791288400003, 24.823771907000037]}, "properties": {"OBJECTID": 3091, "Species": null, "Spread": 2.589746956282831, "SpreadP": 11.3}}, {"type": "Feature", "id": 3092, "geometry": {"type": "Point", "coordinates": [46.60964090400006, 24.824499468000056]}, "properties": {"OBJECTID": 3092, "Species": "Ziziphus spina-christi", "Spread": 2, "SpreadP": 10}}, {"type": "Feature", "id": 3093, "geometry": {"type": "Point", "coordinates": [46.60971801800008, 24.824531723000064]}, "properties": {"OBJECTID": 3093, "Species": "Ziziphus spina-christi", "Spread": 3, "SpreadP": 10}}, {"type": "Feature", "id": 3094, "geometry": {"type": "Point", "coordinates": [46.609290000000044, 24.824550000000045]}, "properties": {"OBJECTID": 3094, "Species": "Olea europaea", "Spread": 3, "SpreadP": 8}}, {"type": "Feature", "id": 3095, "geometry": {"type": "Point", "coordinates": [46.60943000000003, 24.824610000000064]}, "properties": {"OBJECTID": 3095, "Species": "Olea europaea", "Spread": 2.3, "SpreadP": 8}}, {"type": "Feature", "id": 3096, "geometry": {"type": "Point", "coordinates": [46.608012132000056, 24.823808410000026]}, "properties": {"OBJECTID": 3096, "Species": "Olea europaea", "Spread": 3, "SpreadP": 8}}, {"type": "Feature", "id": 3097, "geometry": {"type": "Point", "coordinates": [46.607560000000035, 24.823830000000044]}, "properties": {"OBJECTID": 3097, "Species": "Ziziphus spina-christi", "Spread": 2.5, "SpreadP": 10}}, {"type": "Feature", "id": 3098, "geometry": {"type": "Point", "coordinates": [46.60810902700007, 24.823858923000046]}, "properties": {"OBJECTID": 3098, "Species": "Ziziphus spina-christi", "Spread": 2, "SpreadP": 10}}, {"type": "Feature", "id": 3099, "geometry": {"type": "Point", "coordinates": [46.60768000000007, 24.82388000000003]}, "properties": {"OBJECTID": 3099, "Species": "Ziziphus spina-christi", "Spread": 3, "SpreadP": 10}}, {"type": "Feature", "id": 3100, "geometry": {"type": "Point", "coordinates": [46.608235809000064, 24.82389905100007]}, "properties": {"OBJECTID": 3100, "Species": null, "Spread": 2.778597899230171, "SpreadP": 11.3}}, {"type": "Feature", "id": 3101, "geometry": {"type": "Point", "coordinates": [46.60776000000004, 24.823920000000044]}, "properties": {"OBJECTID": 3101, "Species": "Ziziphus spina-christi", "Spread": 2, "SpreadP": 10}}, {"type": "Feature", "id": 3102, "geometry": {"type": "Point", "coordinates": [46.60053430900007, 24.820851661000063]}, "properties": {"OBJECTID": 3102, "Species": null, "Spread": 4.397051050565427, "SpreadP": 11.3}}, {"type": "Feature", "id": 3103, "geometry": {"type": "Point", "coordinates": [46.60048071600005, 24.82085887100004]}, "properties": {"OBJECTID": 3103, "Species": null, "Spread": 3.554394376655348, "SpreadP": 11.3}}, {"type": "Feature", "id": 3104, "geometry": {"type": "Point", "coordinates": [46.60041010600003, 24.820830914000055]}, "properties": {"OBJECTID": 3104, "Species": null, "Spread": 3.3743065394837104, "SpreadP": 11.3}}, {"type": "Feature", "id": 3105, "geometry": {"type": "Point", "coordinates": [46.600729545000036, 24.820946501000037]}, "properties": {"OBJECTID": 3105, "Species": null, "Spread": 5.380091251837942, "SpreadP": 11.3}}, {"type": "Feature", "id": 3106, "geometry": {"type": "Point", "coordinates": [46.60085053600005, 24.820988929000066]}, "properties": {"OBJECTID": 3106, "Species": null, "Spread": 6.248827140154553, "SpreadP": 11.3}}, {"type": "Feature", "id": 3107, "geometry": {"type": "Point", "coordinates": [46.60078886100007, 24.82099071600004]}, "properties": {"OBJECTID": 3107, "Species": null, "Spread": 3.2326635418780585, "SpreadP": 11.3}}, {"type": "Feature", "id": 3108, "geometry": {"type": "Point", "coordinates": [46.60098986000003, 24.82105049100005]}, "properties": {"OBJECTID": 3108, "Species": null, "Spread": 3.586708536824545, "SpreadP": 11.3}}, {"type": "Feature", "id": 3109, "geometry": {"type": "Point", "coordinates": [46.601267481000036, 24.821194123000055]}, "properties": {"OBJECTID": 3109, "Species": null, "Spread": 3.4087977935899776, "SpreadP": 11.3}}, {"type": "Feature", "id": 3110, "geometry": {"type": "Point", "coordinates": [46.60609000000005, 24.82298000000003]}, "properties": {"OBJECTID": 3110, "Species": "Ziziphus spina-christi", "Spread": 2, "SpreadP": 10}}, {"type": "Feature", "id": 3111, "geometry": {"type": "Point", "coordinates": [46.60618000000005, 24.823020000000042]}, "properties": {"OBJECTID": 3111, "Species": "Olea europaea", "Spread": 1.5, "SpreadP": 8}}, {"type": "Feature", "id": 3112, "geometry": {"type": "Point", "coordinates": [46.60620585000004, 24.82304518600006]}, "properties": {"OBJECTID": 3112, "Species": null, "Spread": 2.875153516059288, "SpreadP": 11.3}}, {"type": "Feature", "id": 3113, "geometry": {"type": "Point", "coordinates": [46.60650720800004, 24.823171407000075]}, "properties": {"OBJECTID": 3113, "Species": null, "Spread": 2.955405770736422, "SpreadP": 11.3}}, {"type": "Feature", "id": 3114, "geometry": {"type": "Point", "coordinates": [46.606237392000025, 24.823261733000038]}, "properties": {"OBJECTID": 3114, "Species": null, "Spread": 4.867188440300327, "SpreadP": 11.3}}, {"type": "Feature", "id": 3115, "geometry": {"type": "Point", "coordinates": [46.60691779100006, 24.823325488000023]}, "properties": {"OBJECTID": 3115, "Species": "Pithecellobium dulce", "Spread": 1, "SpreadP": 12}}, {"type": "Feature", "id": 3116, "geometry": {"type": "Point", "coordinates": [46.599328753000066, 24.82037331300006]}, "properties": {"OBJECTID": 3116, "Species": null, "Spread": 3.6088293105168954, "SpreadP": 11.3}}, {"type": "Feature", "id": 3117, "geometry": {"type": "Point", "coordinates": [46.59980913800007, 24.820575529000052]}, "properties": {"OBJECTID": 3117, "Species": null, "Spread": 3.476759413593602, "SpreadP": 11.3}}, {"type": "Feature", "id": 3118, "geometry": {"type": "Point", "coordinates": [46.59985821400005, 24.820597228000054]}, "properties": {"OBJECTID": 3118, "Species": null, "Spread": 3.3973396160410156, "SpreadP": 11.3}}, {"type": "Feature", "id": 3119, "geometry": {"type": "Point", "coordinates": [46.59989874400003, 24.820615091000036]}, "properties": {"OBJECTID": 3119, "Species": null, "Spread": 3.673086511062765, "SpreadP": 11.3}}, {"type": "Feature", "id": 3120, "geometry": {"type": "Point", "coordinates": [46.59994284800007, 24.82063138600006]}, "properties": {"OBJECTID": 3120, "Species": null, "Spread": 3.3743065399761303, "SpreadP": 11.3}}, {"type": "Feature", "id": 3121, "geometry": {"type": "Point", "coordinates": [46.599972441000034, 24.82064421900003]}, "properties": {"OBJECTID": 3121, "Species": null, "Spread": 3.007717899417853, "SpreadP": 11.3}}, {"type": "Feature", "id": 3122, "geometry": {"type": "Point", "coordinates": [46.60008311200005, 24.820694839000055]}, "properties": {"OBJECTID": 3122, "Species": null, "Spread": 3.1470958215365505, "SpreadP": 11.3}}, {"type": "Feature", "id": 3123, "geometry": {"type": "Point", "coordinates": [46.60012062900006, 24.820707390000052]}, "properties": {"OBJECTID": 3123, "Species": null, "Spread": 3.1962721708348325, "SpreadP": 11.3}}, {"type": "Feature", "id": 3124, "geometry": {"type": "Point", "coordinates": [46.600232067000036, 24.820754817000022]}, "properties": {"OBJECTID": 3124, "Species": null, "Spread": 3.4202175817420204, "SpreadP": 11.3}}, {"type": "Feature", "id": 3125, "geometry": {"type": "Point", "coordinates": [46.60160402200006, 24.82133015100004]}, "properties": {"OBJECTID": 3125, "Species": null, "Spread": 3.268649771860409, "SpreadP": 11.3}}, {"type": "Feature", "id": 3126, "geometry": {"type": "Point", "coordinates": [46.601918374000036, 24.82144648800005]}, "properties": {"OBJECTID": 3126, "Species": null, "Spread": 4.433046171822015, "SpreadP": 11.3}}, {"type": "Feature", "id": 3127, "geometry": {"type": "Point", "coordinates": [46.60197329400006, 24.821488660000057]}, "properties": {"OBJECTID": 3127, "Species": null, "Spread": 3.839184715584423, "SpreadP": 11.3}}, {"type": "Feature", "id": 3128, "geometry": {"type": "Point", "coordinates": [46.60202378400004, 24.821489749000023]}, "properties": {"OBJECTID": 3128, "Species": null, "Spread": 9.299783258462577, "SpreadP": 11.3}}, {"type": "Feature", "id": 3129, "geometry": {"type": "Point", "coordinates": [46.602072468000074, 24.82153073300003]}, "properties": {"OBJECTID": 3129, "Species": null, "Spread": 2.792595963181615, "SpreadP": 11.3}}, {"type": "Feature", "id": 3130, "geometry": {"type": "Point", "coordinates": [46.60221351900003, 24.821571277000032]}, "properties": {"OBJECTID": 3130, "Species": null, "Spread": 5.316338208144453, "SpreadP": 11.3}}, {"type": "Feature", "id": 3131, "geometry": {"type": "Point", "coordinates": [46.60232259600008, 24.821612041000037]}, "properties": {"OBJECTID": 3131, "Species": null, "Spread": 3.828068205236549, "SpreadP": 11.3}}, {"type": "Feature", "id": 3132, "geometry": {"type": "Point", "coordinates": [46.60264895500006, 24.821770663000052]}, "properties": {"OBJECTID": 3132, "Species": null, "Spread": 3.220602421283774, "SpreadP": 11.3}}, {"type": "Feature", "id": 3133, "geometry": {"type": "Point", "coordinates": [46.602834975000064, 24.82183083600006]}, "properties": {"OBJECTID": 3133, "Species": null, "Spread": 3.8334844455133528, "SpreadP": 11.3}}, {"type": "Feature", "id": 3134, "geometry": {"type": "Point", "coordinates": [46.60280417100006, 24.821834829000068]}, "properties": {"OBJECTID": 3134, "Species": null, "Spread": 3.499112712004044, "SpreadP": 11.3}}, {"type": "Feature", "id": 3135, "geometry": {"type": "Point", "coordinates": [46.60293213400007, 24.821868273000064]}, "properties": {"OBJECTID": 3135, "Species": null, "Spread": 5.262627466362294, "SpreadP": 11.3}}, {"type": "Feature", "id": 3136, "geometry": {"type": "Point", "coordinates": [46.602894768000056, 24.821875102000035]}, "properties": {"OBJECTID": 3136, "Species": null, "Spread": 3.046362542366153, "SpreadP": 11.3}}, {"type": "Feature", "id": 3137, "geometry": {"type": "Point", "coordinates": [46.60308103500006, 24.821953307000058]}, "properties": {"OBJECTID": 3137, "Species": null, "Spread": 3.6303747525298338, "SpreadP": 11.3}}, {"type": "Feature", "id": 3138, "geometry": {"type": "Point", "coordinates": [46.60316770000003, 24.82196976700004]}, "properties": {"OBJECTID": 3138, "Species": null, "Spread": 4.8673012784669325, "SpreadP": 11.3}}, {"type": "Feature", "id": 3139, "geometry": {"type": "Point", "coordinates": [46.60313165100007, 24.821976576000054]}, "properties": {"OBJECTID": 3139, "Species": null, "Spread": 3.3743065415439517, "SpreadP": 11.3}}, {"type": "Feature", "id": 3140, "geometry": {"type": "Point", "coordinates": [46.60323552800003, 24.822000548000062]}, "properties": {"OBJECTID": 3140, "Species": null, "Spread": 5.262627467414732, "SpreadP": 11.3}}, {"type": "Feature", "id": 3141, "geometry": {"type": "Point", "coordinates": [46.60343626400004, 24.822082076000072]}, "properties": {"OBJECTID": 3141, "Species": null, "Spread": 5.043384116313517, "SpreadP": 11.3}}, {"type": "Feature", "id": 3142, "geometry": {"type": "Point", "coordinates": [46.603538007000054, 24.822124505000033]}, "properties": {"OBJECTID": 3142, "Species": null, "Spread": 5.150015731010159, "SpreadP": 11.3}}, {"type": "Feature", "id": 3143, "geometry": {"type": "Point", "coordinates": [46.603671829000064, 24.82218606600003]}, "properties": {"OBJECTID": 3143, "Species": null, "Spread": 3.8440346747300715, "SpreadP": 11.3}}, {"type": "Feature", "id": 3144, "geometry": {"type": "Point", "coordinates": [46.60377723900007, 24.822226830000034]}, "properties": {"OBJECTID": 3144, "Species": null, "Spread": 4.417587316460244, "SpreadP": 11.3}}, {"type": "Feature", "id": 3145, "geometry": {"type": "Point", "coordinates": [46.60386981600004, 24.822267595000028]}, "properties": {"OBJECTID": 3145, "Species": null, "Spread": 3.687754497652985, "SpreadP": 11.3}}, {"type": "Feature", "id": 3146, "geometry": {"type": "Point", "coordinates": [46.60402655400003, 24.822339139000064]}, "properties": {"OBJECTID": 3146, "Species": null, "Spread": 5.338115697150757, "SpreadP": 11.3}}, {"type": "Feature", "id": 3147, "geometry": {"type": "Point", "coordinates": [46.60413563000003, 24.822376575000078]}, "properties": {"OBJECTID": 3147, "Species": null, "Spread": 4.170529782449925, "SpreadP": 11.3}}, {"type": "Feature", "id": 3148, "geometry": {"type": "Point", "coordinates": [46.604301631000055, 24.822455799000068]}, "properties": {"OBJECTID": 3148, "Species": "Ziziphus spina-christi", "Spread": 4.5, "SpreadP": 10}}, {"type": "Feature", "id": 3149, "geometry": {"type": "Point", "coordinates": [46.60437396800006, 24.822484804000055]}, "properties": {"OBJECTID": 3149, "Species": "Ziziphus spina-christi", "Spread": 3.5, "SpreadP": 10}}, {"type": "Feature", "id": 3150, "geometry": {"type": "Point", "coordinates": [46.60448577000005, 24.822520498000074]}, "properties": {"OBJECTID": 3150, "Species": null, "Spread": 3.1819042407515403, "SpreadP": 11.3}}, {"type": "Feature", "id": 3151, "geometry": {"type": "Point", "coordinates": [46.604611344000034, 24.822573740000053]}, "properties": {"OBJECTID": 3151, "Species": null, "Spread": 5.9258297094287204, "SpreadP": 11.3}}, {"type": "Feature", "id": 3152, "geometry": {"type": "Point", "coordinates": [46.60462412500004, 24.822602634000077]}, "properties": {"OBJECTID": 3152, "Species": null, "Spread": 3.5653478487334147, "SpreadP": 11.3}}, {"type": "Feature", "id": 3153, "geometry": {"type": "Point", "coordinates": [46.604703921000066, 24.82260618500004]}, "properties": {"OBJECTID": 3153, "Species": null, "Spread": 3.8450502202097403, "SpreadP": 11.3}}, {"type": "Feature", "id": 3154, "geometry": {"type": "Point", "coordinates": [46.60517780300006, 24.822601193000025]}, "properties": {"OBJECTID": 3154, "Species": null, "Spread": 4.417531054106018, "SpreadP": 11.3}}, {"type": "Feature", "id": 3155, "geometry": {"type": "Point", "coordinates": [46.605389538000054, 24.822691040000052]}, "properties": {"OBJECTID": 3155, "Species": null, "Spread": 4.298826048929841, "SpreadP": 11.3}}, {"type": "Feature", "id": 3156, "geometry": {"type": "Point", "coordinates": [46.60490878400003, 24.82272542100003]}, "properties": {"OBJECTID": 3156, "Species": null, "Spread": 3.1717793045120746, "SpreadP": 11.3}}, {"type": "Feature", "id": 3157, "geometry": {"type": "Point", "coordinates": [46.605484869000065, 24.822740354000075]}, "properties": {"OBJECTID": 3157, "Species": null, "Spread": 2.83417536126167, "SpreadP": 11.3}}, {"type": "Feature", "id": 3158, "geometry": {"type": "Point", "coordinates": [46.60502289800007, 24.822752602000037]}, "properties": {"OBJECTID": 3158, "Species": null, "Spread": 5.43735655680091, "SpreadP": 11.3}}, {"type": "Feature", "id": 3159, "geometry": {"type": "Point", "coordinates": [46.60557135000005, 24.82277861400007]}, "properties": {"OBJECTID": 3159, "Species": null, "Spread": 2.7218858544506084, "SpreadP": 11.3}}, {"type": "Feature", "id": 3160, "geometry": {"type": "Point", "coordinates": [46.60570000000007, 24.82281000000006]}, "properties": {"OBJECTID": 3160, "Species": "Ziziphus spina-christi", "Spread": 2, "SpreadP": 10}}, {"type": "Feature", "id": 3161, "geometry": {"type": "Point", "coordinates": [46.60578000000004, 24.822850000000074]}, "properties": {"OBJECTID": 3161, "Species": "Ziziphus spina-christi", "Spread": 2, "SpreadP": 10}}, {"type": "Feature", "id": 3162, "geometry": {"type": "Point", "coordinates": [46.605304294000064, 24.822873230000027]}, "properties": {"OBJECTID": 3162, "Species": null, "Spread": 5.672001873899111, "SpreadP": 11.3}}, {"type": "Feature", "id": 3163, "geometry": {"type": "Point", "coordinates": [46.605802925000035, 24.822869070000024]}, "properties": {"OBJECTID": 3163, "Species": null, "Spread": 3.9177737546233113, "SpreadP": 11.3}}, {"type": "Feature", "id": 3164, "geometry": {"type": "Point", "coordinates": [46.60588000000007, 24.82289000000003]}, "properties": {"OBJECTID": 3164, "Species": "Ziziphus spina-christi", "Spread": 2, "SpreadP": 10}}, {"type": "Feature", "id": 3165, "geometry": {"type": "Point", "coordinates": [46.60546235700008, 24.822941463000063]}, "properties": {"OBJECTID": 3165, "Species": "Ziziphus spina-christi", "Spread": 1.5, "SpreadP": 10}}, {"type": "Feature", "id": 3166, "geometry": {"type": "Point", "coordinates": [46.60602199200008, 24.822945607000065]}, "properties": {"OBJECTID": 3166, "Species": null, "Spread": 5.671663359427145, "SpreadP": 11.3}}, {"type": "Feature", "id": 3167, "geometry": {"type": "Point", "coordinates": [46.60554299200004, 24.822976822000044]}, "properties": {"OBJECTID": 3167, "Species": "Ziziphus spina-christi", "Spread": 2.5, "SpreadP": 10}}, {"type": "Feature", "id": 3168, "geometry": {"type": "Point", "coordinates": [46.605655812000066, 24.82303244800005]}, "properties": {"OBJECTID": 3168, "Species": "Ziziphus spina-christi", "Spread": 3, "SpreadP": 10}}, {"type": "Feature", "id": 3169, "geometry": {"type": "Point", "coordinates": [46.60582000000005, 24.823090000000036]}, "properties": {"OBJECTID": 3169, "Species": "Olea europaea", "Spread": 2.8, "SpreadP": 8}}, {"type": "Feature", "id": 3170, "geometry": {"type": "Point", "coordinates": [46.60592872700005, 24.823143517000062]}, "properties": {"OBJECTID": 3170, "Species": "Olea europaea", "Spread": 1.5, "SpreadP": 8}}, {"type": "Feature", "id": 3181, "geometry": {"type": "Point", "coordinates": [46.61018262400006, 24.824690866000026]}, "properties": {"OBJECTID": 3181, "Species": null, "Spread": 3.8085931147406638, "SpreadP": 11.3}}, {"type": "Feature", "id": 3183, "geometry": {"type": "Point", "coordinates": [46.61020000900004, 24.824947744000042]}, "properties": {"OBJECTID": 3183, "Species": null, "Spread": 4.823858826131752, "SpreadP": 11.3}}, {"type": "Feature", "id": 3184, "geometry": {"type": "Point", "coordinates": [46.610296678000054, 24.824988322000024]}, "properties": {"OBJECTID": 3184, "Species": null, "Spread": 3.5640283427036348, "SpreadP": 11.3}}, {"type": "Feature", "id": 3338, "geometry": {"type": "Point", "coordinates": [46.61826400000007, 24.828107000000045]}, "properties": {"OBJECTID": 3338, "Species": "Ziziphus spina-christi", "Spread": 2, "SpreadP": 10}}, {"type": "Feature", "id": 3339, "geometry": {"type": "Point", "coordinates": [46.59229099200007, 24.817411089000075]}, "properties": {"OBJECTID": 3339, "Species": null, "Spread": 3.5102386943623753, "SpreadP": 11.3}}, {"type": "Feature", "id": 3340, "geometry": {"type": "Point", "coordinates": [46.59236000000004, 24.81743000000006]}, "properties": {"OBJECTID": 3340, "Species": "Ziziphus spina-christi", "Spread": 3, "SpreadP": 10}}, {"type": "Feature", "id": 3341, "geometry": {"type": "Point", "coordinates": [46.59244000000007, 24.81746000000004]}, "properties": {"OBJECTID": 3341, "Species": "Ziziphus spina-christi", "Spread": 2.5, "SpreadP": 10}}, {"type": "Feature", "id": 3342, "geometry": {"type": "Point", "coordinates": [46.593270000000075, 24.81782000000004]}, "properties": {"OBJECTID": 3342, "Species": "Ziziphus spina-christi", "Spread": 3, "SpreadP": 10}}, {"type": "Feature", "id": 3343, "geometry": {"type": "Point", "coordinates": [46.593350000000044, 24.817840000000047]}, "properties": {"OBJECTID": 3343, "Species": "Ziziphus spina-christi", "Spread": 3, "SpreadP": 10}}, {"type": "Feature", "id": 3344, "geometry": {"type": "Point", "coordinates": [46.593382785000074, 24.81785128300004]}, "properties": {"OBJECTID": 3344, "Species": null, "Spread": 4.440098724742202, "SpreadP": 11.3}}, {"type": "Feature", "id": 3345, "geometry": {"type": "Point", "coordinates": [46.593540000000075, 24.817920000000072]}, "properties": {"OBJECTID": 3345, "Species": "Olea europaea", "Spread": 1.5, "SpreadP": 8}}, {"type": "Feature", "id": 3346, "geometry": {"type": "Point", "coordinates": [46.593620000000044, 24.817960000000028]}, "properties": {"OBJECTID": 3346, "Species": "Olea europaea", "Spread": 3, "SpreadP": 8}}, {"type": "Feature", "id": 3347, "geometry": {"type": "Point", "coordinates": [46.593710000000044, 24.81800000000004]}, "properties": {"OBJECTID": 3347, "Species": "Olea europaea", "Spread": 1.5, "SpreadP": 8}}, {"type": "Feature", "id": 3348, "geometry": {"type": "Point", "coordinates": [46.59393000000006, 24.81809000000004]}, "properties": {"OBJECTID": 3348, "Species": "Olea europaea", "Spread": 0.5, "SpreadP": 8}}, {"type": "Feature", "id": 3349, "geometry": {"type": "Point", "coordinates": [46.59424000000007, 24.818220000000053]}, "properties": {"OBJECTID": 3349, "Species": "Ziziphus spina-christi", "Spread": 4, "SpreadP": 10}}, {"type": "Feature", "id": 3350, "geometry": {"type": "Point", "coordinates": [46.594280000000026, 24.818230000000028]}, "properties": {"OBJECTID": 3350, "Species": "Ziziphus spina-christi", "Spread": 4, "SpreadP": 10}}, {"type": "Feature", "id": 3351, "geometry": {"type": "Point", "coordinates": [46.59435000000008, 24.81827000000004]}, "properties": {"OBJECTID": 3351, "Species": "Ziziphus spina-christi", "Spread": 2.5, "SpreadP": 10}}, {"type": "Feature", "id": 3352, "geometry": {"type": "Point", "coordinates": [46.59453608600006, 24.81833636600004]}, "properties": {"OBJECTID": 3352, "Species": null, "Spread": 4.481002156807266, "SpreadP": 11.3}}, {"type": "Feature", "id": 3353, "geometry": {"type": "Point", "coordinates": [46.594644954000046, 24.818375997000032]}, "properties": {"OBJECTID": 3353, "Species": null, "Spread": 5.626302654785183, "SpreadP": 11.3}}, {"type": "Feature", "id": 3354, "geometry": {"type": "Point", "coordinates": [46.59481204000008, 24.81845208900006]}, "properties": {"OBJECTID": 3354, "Species": null, "Spread": 4.451777337484557, "SpreadP": 11.3}}, {"type": "Feature", "id": 3355, "geometry": {"type": "Point", "coordinates": [46.59491450400003, 24.818496475000074]}, "properties": {"OBJECTID": 3355, "Species": null, "Spread": 5.067080169260844, "SpreadP": 11.3}}, {"type": "Feature", "id": 3356, "geometry": {"type": "Point", "coordinates": [46.59503909100005, 24.81855407200004]}, "properties": {"OBJECTID": 3356, "Species": null, "Spread": 5.112609975102142, "SpreadP": 11.3}}, {"type": "Feature", "id": 3357, "geometry": {"type": "Point", "coordinates": [46.59514702100006, 24.81859288800007]}, "properties": {"OBJECTID": 3357, "Species": null, "Spread": 4.778159606920976, "SpreadP": 11.3}}, {"type": "Feature", "id": 3358, "geometry": {"type": "Point", "coordinates": [46.59533000000005, 24.818670000000054]}, "properties": {"OBJECTID": 3358, "Species": "Ziziphus spina-christi", "Spread": 3.5, "SpreadP": 10}}, {"type": "Feature", "id": 3359, "geometry": {"type": "Point", "coordinates": [46.59542000000005, 24.818710000000067]}, "properties": {"OBJECTID": 3359, "Species": "Ziziphus spina-christi", "Spread": 2, "SpreadP": 10}}, {"type": "Feature", "id": 3360, "geometry": {"type": "Point", "coordinates": [46.59553000000005, 24.818760000000054]}, "properties": {"OBJECTID": 3360, "Species": "Ziziphus spina-christi", "Spread": 2.5, "SpreadP": 10}}, {"type": "Feature", "id": 3361, "geometry": {"type": "Point", "coordinates": [46.595827744000076, 24.818894302000047]}, "properties": {"OBJECTID": 3361, "Species": null, "Spread": 2.7785978993057796, "SpreadP": 11.3}}, {"type": "Feature", "id": 3362, "geometry": {"type": "Point", "coordinates": [46.59645133200007, 24.81914352800004]}, "properties": {"OBJECTID": 3362, "Species": null, "Spread": 4.345822752582668, "SpreadP": 11.3}}, {"type": "Feature", "id": 3363, "geometry": {"type": "Point", "coordinates": [46.59653250200006, 24.81917528300005]}, "properties": {"OBJECTID": 3363, "Species": null, "Spread": 4.458152548267703, "SpreadP": 11.3}}, {"type": "Feature", "id": 3364, "geometry": {"type": "Point", "coordinates": [46.596622069000034, 24.819216565000033]}, "properties": {"OBJECTID": 3364, "Species": null, "Spread": 3.772270110166005, "SpreadP": 11.3}}, {"type": "Feature", "id": 3365, "geometry": {"type": "Point", "coordinates": [46.596702538000045, 24.819254037000064]}, "properties": {"OBJECTID": 3365, "Species": null, "Spread": 5.741791923800689, "SpreadP": 11.3}}, {"type": "Feature", "id": 3366, "geometry": {"type": "Point", "coordinates": [46.58230719000005, 24.812704310000072]}, "properties": {"OBJECTID": 3366, "Species": "Ziziphus spina-christi", "Spread": 2.5, "SpreadP": 10}}, {"type": "Feature", "id": 3367, "geometry": {"type": "Point", "coordinates": [46.58264210200008, 24.812725715000056]}, "properties": {"OBJECTID": 3367, "Species": null, "Spread": 3.007717899728996, "SpreadP": 11.3}}, {"type": "Feature", "id": 3368, "geometry": {"type": "Point", "coordinates": [46.58238790000007, 24.812770770000043]}, "properties": {"OBJECTID": 3368, "Species": "Ziziphus spina-christi", "Spread": 3, "SpreadP": 10}}, {"type": "Feature", "id": 3369, "geometry": {"type": "Point", "coordinates": [46.58246538000003, 24.81283362000005]}, "properties": {"OBJECTID": 3369, "Species": "Ziziphus spina-christi", "Spread": 3.5, "SpreadP": 10}}, {"type": "Feature", "id": 3370, "geometry": {"type": "Point", "coordinates": [46.58254568000007, 24.812899300000026]}, "properties": {"OBJECTID": 3370, "Species": "Ziziphus jujuba", "Spread": 4, "SpreadP": 8}}, {"type": "Feature", "id": 3371, "geometry": {"type": "Point", "coordinates": [46.58257587300005, 24.812906396000074]}, "properties": {"OBJECTID": 3371, "Species": null, "Spread": 5.7180396074528606, "SpreadP": 11.3}}, {"type": "Feature", "id": 3372, "geometry": {"type": "Point", "coordinates": [46.58262466000008, 24.812961520000044]}, "properties": {"OBJECTID": 3372, "Species": "Ziziphus jujuba", "Spread": 3, "SpreadP": 8}}, {"type": "Feature", "id": 3373, "geometry": {"type": "Point", "coordinates": [46.58265883200005, 24.812972569000067]}, "properties": {"OBJECTID": 3373, "Species": null, "Spread": 4.221701817948711, "SpreadP": 11.3}}, {"type": "Feature", "id": 3374, "geometry": {"type": "Point", "coordinates": [46.59741603600003, 24.81954885400006]}, "properties": {"OBJECTID": 3374, "Species": null, "Spread": 5.407115879506781, "SpreadP": 11.3}}, {"type": "Feature", "id": 3375, "geometry": {"type": "Point", "coordinates": [46.59751044600006, 24.819586292000054]}, "properties": {"OBJECTID": 3375, "Species": null, "Spread": 5.14888734787596, "SpreadP": 11.3}}, {"type": "Feature", "id": 3376, "geometry": {"type": "Point", "coordinates": [46.59766076900007, 24.819653679000055]}, "properties": {"OBJECTID": 3376, "Species": null, "Spread": 5.088237203301734, "SpreadP": 11.3}}, {"type": "Feature", "id": 3377, "geometry": {"type": "Point", "coordinates": [46.59770608000008, 24.81967598600005]}, "properties": {"OBJECTID": 3377, "Species": "Ziziphus spina-christi", "Spread": 3, "SpreadP": 10}}, {"type": "Feature", "id": 3378, "geometry": {"type": "Point", "coordinates": [46.59783492300005, 24.819725224000024]}, "properties": {"OBJECTID": 3378, "Species": null, "Spread": 5.275321624963896, "SpreadP": 11.3}}, {"type": "Feature", "id": 3379, "geometry": {"type": "Point", "coordinates": [46.598051084000076, 24.81983402700007]}, "properties": {"OBJECTID": 3379, "Species": null, "Spread": 3.7153072840438623, "SpreadP": 11.3}}, {"type": "Feature", "id": 3380, "geometry": {"type": "Point", "coordinates": [46.59809587600006, 24.819853296000076]}, "properties": {"OBJECTID": 3380, "Species": null, "Spread": 3.487951238611132, "SpreadP": 11.3}}, {"type": "Feature", "id": 3381, "geometry": {"type": "Point", "coordinates": [46.59814840000007, 24.81985583900007]}, "properties": {"OBJECTID": 3381, "Species": null, "Spread": 4.27749991300572, "SpreadP": 11.3}}, {"type": "Feature", "id": 3382, "geometry": {"type": "Point", "coordinates": [46.59860670000006, 24.820039696000038]}, "properties": {"OBJECTID": 3382, "Species": null, "Spread": 4.5108477452391655, "SpreadP": 11.3}}, {"type": "Feature", "id": 3383, "geometry": {"type": "Point", "coordinates": [46.59868002800005, 24.820082957000068]}, "properties": {"OBJECTID": 3383, "Species": null, "Spread": 4.9564992126114165, "SpreadP": 11.3}}, {"type": "Feature", "id": 3384, "geometry": {"type": "Point", "coordinates": [46.59876068900007, 24.820113738000032]}, "properties": {"OBJECTID": 3384, "Species": null, "Spread": 5.764810635083928, "SpreadP": 11.3}}, {"type": "Feature", "id": 3385, "geometry": {"type": "Point", "coordinates": [46.59893392600003, 24.82018944400005]}, "properties": {"OBJECTID": 3385, "Species": null, "Spread": 4.762926742234206, "SpreadP": 11.3}}, {"type": "Feature", "id": 3386, "geometry": {"type": "Point", "coordinates": [46.599032918000034, 24.820226881000053]}, "properties": {"OBJECTID": 3386, "Species": null, "Spread": 5.631944571551305, "SpreadP": 11.3}}, {"type": "Feature", "id": 3731, "geometry": {"type": "Point", "coordinates": [46.61837500000007, 24.828145000000063]}, "properties": {"OBJECTID": 3731, "Species": "Ziziphus spina-christi", "Spread": 6, "SpreadP": 10}}, {"type": "Feature", "id": 3732, "geometry": {"type": "Point", "coordinates": [46.618479000000036, 24.828205000000025]}, "properties": {"OBJECTID": 3732, "Species": "Ziziphus spina-christi", "Spread": 5, "SpreadP": 10}}, {"type": "Feature", "id": 3733, "geometry": {"type": "Point", "coordinates": [46.618539000000055, 24.82823700000006]}, "properties": {"OBJECTID": 3733, "Species": "Ziziphus spina-christi", "Spread": 6, "SpreadP": 10}}, {"type": "Feature", "id": 3734, "geometry": {"type": "Point", "coordinates": [46.61856000000006, 24.828260000000057]}, "properties": {"OBJECTID": 3734, "Species": "Ziziphus spina-christi", "Spread": 3.5, "SpreadP": 10}}, {"type": "Feature", "id": 3735, "geometry": {"type": "Point", "coordinates": [46.618629000000055, 24.828262000000052]}, "properties": {"OBJECTID": 3735, "Species": "Ziziphus spina-christi", "Spread": 6, "SpreadP": 10}}, {"type": "Feature", "id": 3736, "geometry": {"type": "Point", "coordinates": [46.618705000000034, 24.82828600000005]}, "properties": {"OBJECTID": 3736, "Species": "Ziziphus spina-christi", "Spread": 6, "SpreadP": 10}}, {"type": "Feature", "id": 3737, "geometry": {"type": "Point", "coordinates": [46.61872141400005, 24.828310826000063]}, "properties": {"OBJECTID": 3737, "Species": null, "Spread": 5.416220002904745, "SpreadP": 11.3}}, {"type": "Feature", "id": 3738, "geometry": {"type": "Point", "coordinates": [46.61880400000007, 24.828337000000033]}, "properties": {"OBJECTID": 3738, "Species": "Albizia lebbeck", "Spread": 6, "SpreadP": 18}}, {"type": "Feature", "id": 3739, "geometry": {"type": "Point", "coordinates": [46.61890600000004, 24.828369000000066]}, "properties": {"OBJECTID": 3739, "Species": "Ziziphus spina-christi", "Spread": 6, "SpreadP": 10}}, {"type": "Feature", "id": 3741, "geometry": {"type": "Point", "coordinates": [46.61827354500008, 24.828334636000022]}, "properties": {"OBJECTID": 3741, "Species": null, "Spread": 3.7082323401951682, "SpreadP": 11.3}}, {"type": "Feature", "id": 3742, "geometry": {"type": "Point", "coordinates": [46.61810400000007, 24.828522000000078]}, "properties": {"OBJECTID": 3742, "Species": "Ziziphus spina-christi", "Spread": 4, "SpreadP": 10}}, {"type": "Feature", "id": 3743, "geometry": {"type": "Point", "coordinates": [46.61809000000005, 24.828530000000057]}, "properties": {"OBJECTID": 3743, "Species": "Ziziphus jujuba", "Spread": 2, "SpreadP": 8}}, {"type": "Feature", "id": 3744, "geometry": {"type": "Point", "coordinates": [46.61817200000007, 24.82854800000007]}, "properties": {"OBJECTID": 3744, "Species": "Ziziphus spina-christi", "Spread": 4, "SpreadP": 10}}, {"type": "Feature", "id": 3749, "geometry": {"type": "Point", "coordinates": [46.618940000000066, 24.82842000000005]}, "properties": {"OBJECTID": 3749, "Species": "Ziziphus spina-christi", "Spread": 3, "SpreadP": 10}}, {"type": "Feature", "id": 3750, "geometry": {"type": "Point", "coordinates": [46.61899600000004, 24.82842400000004]}, "properties": {"OBJECTID": 3750, "Species": "Ziziphus spina-christi", "Spread": 2, "SpreadP": 10}}, {"type": "Feature", "id": 3751, "geometry": {"type": "Point", "coordinates": [46.619071000000076, 24.828448000000037]}, "properties": {"OBJECTID": 3751, "Species": "Ziziphus spina-christi", "Spread": 2, "SpreadP": 10}}, {"type": "Feature", "id": 3752, "geometry": {"type": "Point", "coordinates": [46.619080000000054, 24.82848000000007]}, "properties": {"OBJECTID": 3752, "Species": "Ziziphus spina-christi", "Spread": 2.5, "SpreadP": 10}}, {"type": "Feature", "id": 3753, "geometry": {"type": "Point", "coordinates": [46.61916000000008, 24.828486000000055]}, "properties": {"OBJECTID": 3753, "Species": "Ziziphus spina-christi", "Spread": 5, "SpreadP": 10}}, {"type": "Feature", "id": 3754, "geometry": {"type": "Point", "coordinates": [46.61924800000003, 24.82851800000003]}, "properties": {"OBJECTID": 3754, "Species": "Ziziphus spina-christi", "Spread": 6, "SpreadP": 10}}, {"type": "Feature", "id": 3755, "geometry": {"type": "Point", "coordinates": [46.619327000000055, 24.828546000000074]}, "properties": {"OBJECTID": 3755, "Species": "Ziziphus spina-christi", "Spread": 6, "SpreadP": 10}}, {"type": "Feature", "id": 3756, "geometry": {"type": "Point", "coordinates": [46.61842000000007, 24.828629000000035]}, "properties": {"OBJECTID": 3756, "Species": "Ziziphus spina-christi", "Spread": 4, "SpreadP": 10}}, {"type": "Feature", "id": 3757, "geometry": {"type": "Point", "coordinates": [46.61842000000007, 24.828640000000064]}, "properties": {"OBJECTID": 3757, "Species": "Olea europaea", "Spread": 2.5, "SpreadP": 8}}, {"type": "Feature", "id": 3758, "geometry": {"type": "Point", "coordinates": [46.61851500000006, 24.828659000000073]}, "properties": {"OBJECTID": 3758, "Species": "Ziziphus spina-christi", "Spread": 4, "SpreadP": 10}}, {"type": "Feature", "id": 3759, "geometry": {"type": "Point", "coordinates": [46.61851000000007, 24.82866000000007]}, "properties": {"OBJECTID": 3759, "Species": "Pithecellobium dulce", "Spread": 0.5, "SpreadP": 12}}, {"type": "Feature", "id": 3760, "geometry": {"type": "Point", "coordinates": [46.61902689900006, 24.828659596000023]}, "properties": {"OBJECTID": 3760, "Species": null, "Spread": 3.6771663283238913, "SpreadP": 11.3}}, {"type": "Feature", "id": 3761, "geometry": {"type": "Point", "coordinates": [46.61853920400006, 24.828687778000074]}, "properties": {"OBJECTID": 3761, "Species": null, "Spread": 3.4087977927999917, "SpreadP": 11.3}}, {"type": "Feature", "id": 3762, "geometry": {"type": "Point", "coordinates": [46.61859700000008, 24.828692000000046]}, "properties": {"OBJECTID": 3762, "Species": "Ziziphus spina-christi", "Spread": 4, "SpreadP": 10}}, {"type": "Feature", "id": 3763, "geometry": {"type": "Point", "coordinates": [46.61865800000004, 24.828725000000077]}, "properties": {"OBJECTID": 3763, "Species": "Ziziphus spina-christi", "Spread": 6, "SpreadP": 10}}, {"type": "Feature", "id": 3764, "geometry": {"type": "Point", "coordinates": [46.61868799400003, 24.828750409000065]}, "properties": {"OBJECTID": 3764, "Species": "Ziziphus jujuba", "Spread": 2, "SpreadP": 8}}, {"type": "Feature", "id": 3765, "geometry": {"type": "Point", "coordinates": [46.61875500000008, 24.828760000000045]}, "properties": {"OBJECTID": 3765, "Species": "Ziziphus spina-christi", "Spread": 6, "SpreadP": 10}}, {"type": "Feature", "id": 3766, "geometry": {"type": "Point", "coordinates": [46.61875773200006, 24.828779620000034]}, "properties": {"OBJECTID": 3766, "Species": "Ziziphus jujuba", "Spread": 1, "SpreadP": 8}}, {"type": "Feature", "id": 3767, "geometry": {"type": "Point", "coordinates": [46.618213000000026, 24.82855900000004]}, "properties": {"OBJECTID": 3767, "Species": "Pithecellobium dulce", "Spread": 3, "SpreadP": 12}}, {"type": "Feature", "id": 3768, "geometry": {"type": "Point", "coordinates": [46.61824400000006, 24.82856400000003]}, "properties": {"OBJECTID": 3768, "Species": "Pithecellobium dulce", "Spread": 5, "SpreadP": 12}}, {"type": "Feature", "id": 3769, "geometry": {"type": "Point", "coordinates": [46.61820000000006, 24.82857000000007]}, "properties": {"OBJECTID": 3769, "Species": "Olea europaea", "Spread": 3.5, "SpreadP": 8}}, {"type": "Feature", "id": 3770, "geometry": {"type": "Point", "coordinates": [46.61826300000007, 24.828573000000063]}, "properties": {"OBJECTID": 3770, "Species": "Ziziphus spina-christi", "Spread": 5, "SpreadP": 10}}, {"type": "Feature", "id": 3771, "geometry": {"type": "Point", "coordinates": [46.61829600000004, 24.82858600000003]}, "properties": {"OBJECTID": 3771, "Species": "Pithecellobium dulce", "Spread": 3, "SpreadP": 12}}, {"type": "Feature", "id": 3772, "geometry": {"type": "Point", "coordinates": [46.61828000000003, 24.82860000000005]}, "properties": {"OBJECTID": 3772, "Species": "Olea europaea", "Spread": 2, "SpreadP": 8}}, {"type": "Feature", "id": 3773, "geometry": {"type": "Point", "coordinates": [46.61835300000007, 24.828603000000044]}, "properties": {"OBJECTID": 3773, "Species": "Ziziphus spina-christi", "Spread": 4, "SpreadP": 10}}, {"type": "Feature", "id": 3774, "geometry": {"type": "Point", "coordinates": [46.61835000000008, 24.828630000000032]}, "properties": {"OBJECTID": 3774, "Species": "Olea europaea", "Spread": 2.5, "SpreadP": 8}}, {"type": "Feature", "id": 3775, "geometry": {"type": "Point", "coordinates": [46.61930299000005, 24.82901325000006]}, "properties": {"OBJECTID": 3775, "Species": "Ficus altissima", "Spread": 2.5, "SpreadP": 16}}, {"type": "Feature", "id": 3776, "geometry": {"type": "Point", "coordinates": [46.61938800000007, 24.82904700000006]}, "properties": {"OBJECTID": 3776, "Species": "Pithecellobium dulce", "Spread": 1, "SpreadP": 12}}, {"type": "Feature", "id": 3805, "geometry": {"type": "Point", "coordinates": [46.60647504700006, 24.82338129200008]}, "properties": {"OBJECTID": 3805, "Species": null, "Spread": 3.7153329076926034, "SpreadP": 11.3}}, {"type": "Feature", "id": 3806, "geometry": {"type": "Point", "coordinates": [46.60700757700005, 24.82338131700004]}, "properties": {"OBJECTID": 3806, "Species": null, "Spread": 3.122217202170368, "SpreadP": 11.3}}, {"type": "Feature", "id": 3807, "geometry": {"type": "Point", "coordinates": [46.606511298000044, 24.823398471000075]}, "properties": {"OBJECTID": 3807, "Species": null, "Spread": 3.7257877215632846, "SpreadP": 11.3}}, {"type": "Feature", "id": 3808, "geometry": {"type": "Point", "coordinates": [46.60654339200005, 24.823407080000038]}, "properties": {"OBJECTID": 3808, "Species": null, "Spread": 3.3042441032115755, "SpreadP": 11.3}}, {"type": "Feature", "id": 3809, "geometry": {"type": "Point", "coordinates": [46.60710270900006, 24.823420018000036]}, "properties": {"OBJECTID": 3809, "Species": null, "Spread": 2.513336367281317, "SpreadP": 11.3}}, {"type": "Feature", "id": 3810, "geometry": {"type": "Point", "coordinates": [46.60665418100007, 24.823445286000037]}, "properties": {"OBJECTID": 3810, "Species": "Ziziphus spina-christi", "Spread": 2, "SpreadP": 10}}, {"type": "Feature", "id": 3811, "geometry": {"type": "Point", "coordinates": [46.607169584000076, 24.823442982000074]}, "properties": {"OBJECTID": 3811, "Species": "Ziziphus spina-christi", "Spread": 2, "SpreadP": 10}}, {"type": "Feature", "id": 3812, "geometry": {"type": "Point", "coordinates": [46.607011003000025, 24.823594498000034]}, "properties": {"OBJECTID": 3812, "Species": null, "Spread": 5.088067790507429, "SpreadP": 11.3}}, {"type": "Feature", "id": 3813, "geometry": {"type": "Point", "coordinates": [46.607104496000034, 24.823627774000045]}, "properties": {"OBJECTID": 3813, "Species": null, "Spread": 4.974045419258615, "SpreadP": 11.3}}, {"type": "Feature", "id": 3814, "geometry": {"type": "Point", "coordinates": [46.60794666500004, 24.823998430000074]}, "properties": {"OBJECTID": 3814, "Species": null, "Spread": 3.3394590682298237, "SpreadP": 11.3}}, {"type": "Feature", "id": 3815, "geometry": {"type": "Point", "coordinates": [46.60798301900007, 24.824014705000025]}, "properties": {"OBJECTID": 3815, "Species": null, "Spread": 3.5323855318266637, "SpreadP": 11.3}}, {"type": "Feature", "id": 3816, "geometry": {"type": "Point", "coordinates": [46.608078841000065, 24.824032913000053]}, "properties": {"OBJECTID": 3816, "Species": null, "Spread": 3.3688195611957026, "SpreadP": 11.3}}, {"type": "Feature", "id": 3817, "geometry": {"type": "Point", "coordinates": [46.60818608400007, 24.824087819000056]}, "properties": {"OBJECTID": 3817, "Species": null, "Spread": 5.839621835800168, "SpreadP": 11.3}}, {"type": "Feature", "id": 3818, "geometry": {"type": "Point", "coordinates": [46.60856000000007, 24.82424000000003]}, "properties": {"OBJECTID": 3818, "Species": "Ziziphus spina-christi", "Spread": 1.5, "SpreadP": 10}}, {"type": "Feature", "id": 3819, "geometry": {"type": "Point", "coordinates": [46.60851382800007, 24.824241149000045]}, "properties": {"OBJECTID": 3819, "Species": null, "Spread": 3.6942572144911083, "SpreadP": 11.3}}, {"type": "Feature", "id": 3820, "geometry": {"type": "Point", "coordinates": [46.60860400000007, 24.824278208000067]}, "properties": {"OBJECTID": 3820, "Species": null, "Spread": 3.374306539883684, "SpreadP": 11.3}}, {"type": "Feature", "id": 3821, "geometry": {"type": "Point", "coordinates": [46.60865000000007, 24.824280000000044]}, "properties": {"OBJECTID": 3821, "Species": "Ziziphus spina-christi", "Spread": 2.5, "SpreadP": 10}}, {"type": "Feature", "id": 3822, "geometry": {"type": "Point", "coordinates": [46.609166138000035, 24.824295819000042]}, "properties": {"OBJECTID": 3822, "Species": null, "Spread": 3.1222172037322413, "SpreadP": 11.3}}, {"type": "Feature", "id": 3823, "geometry": {"type": "Point", "coordinates": [46.60882000000004, 24.824350000000038]}, "properties": {"OBJECTID": 3823, "Species": "Olea europaea", "Spread": 2, "SpreadP": 8}}, {"type": "Feature", "id": 3824, "geometry": {"type": "Point", "coordinates": [46.60892000000007, 24.824400000000026]}, "properties": {"OBJECTID": 3824, "Species": "Olea europaea", "Spread": 2, "SpreadP": 8}}, {"type": "Feature", "id": 3825, "geometry": {"type": "Point", "coordinates": [46.60910000000007, 24.824470000000076]}, "properties": {"OBJECTID": 3825, "Species": "Olea europaea", "Spread": 2.7, "SpreadP": 8}}, {"type": "Feature", "id": 3826, "geometry": {"type": "Point", "coordinates": [46.60917000000006, 24.824500000000057]}, "properties": {"OBJECTID": 3826, "Species": "Olea europaea", "Spread": 2.5, "SpreadP": 8}}, {"type": "Feature", "id": 3827, "geometry": {"type": "Point", "coordinates": [46.609463549000054, 24.82463636500006]}, "properties": {"OBJECTID": 3827, "Species": null, "Spread": 3.184049288539207, "SpreadP": 11.3}}, {"type": "Feature", "id": 3828, "geometry": {"type": "Point", "coordinates": [46.60955000000007, 24.824670000000026]}, "properties": {"OBJECTID": 3828, "Species": "Olea europaea", "Spread": 2.8, "SpreadP": 8}}, {"type": "Feature", "id": 3829, "geometry": {"type": "Point", "coordinates": [46.60979000000003, 24.824760000000026]}, "properties": {"OBJECTID": 3829, "Species": "Ziziphus spina-christi", "Spread": 3, "SpreadP": 10}}, {"type": "Feature", "id": 3830, "geometry": {"type": "Point", "coordinates": [46.60988000000003, 24.82481000000007]}, "properties": {"OBJECTID": 3830, "Species": "Ziziphus spina-christi", "Spread": 2.5, "SpreadP": 10}}, {"type": "Feature", "id": 3831, "geometry": {"type": "Point", "coordinates": [46.60996000000006, 24.824830000000077]}, "properties": {"OBJECTID": 3831, "Species": "Ziziphus spina-christi", "Spread": 2.5, "SpreadP": 10}}, {"type": "Feature", "id": 3832, "geometry": {"type": "Point", "coordinates": [46.60998055200008, 24.82485378900003]}, "properties": {"OBJECTID": 3832, "Species": null, "Spread": 3.5762677781463466, "SpreadP": 11.3}}, {"type": "Feature", "id": 3833, "geometry": {"type": "Point", "coordinates": [46.623614141000076, 24.83057639200007]}, "properties": {"OBJECTID": 3833, "Species": null, "Spread": 4.20084516268596, "SpreadP": 11.3}}, {"type": "Feature", "id": 3834, "geometry": {"type": "Point", "coordinates": [46.62305200000003, 24.83058600000004]}, "properties": {"OBJECTID": 3834, "Species": "Terminalia mantaly", "Spread": 1, "SpreadP": 8}}, {"type": "Feature", "id": 3835, "geometry": {"type": "Point", "coordinates": [46.62364689200007, 24.830584162000036]}, "properties": {"OBJECTID": 3835, "Species": null, "Spread": 4.2280353828533315, "SpreadP": 11.3}}, {"type": "Feature", "id": 3836, "geometry": {"type": "Point", "coordinates": [46.623087000000055, 24.83061900000007]}, "properties": {"OBJECTID": 3836, "Species": "Terminalia mantaly", "Spread": 1, "SpreadP": 8}}, {"type": "Feature", "id": 3837, "geometry": {"type": "Point", "coordinates": [46.62313421700003, 24.830639855000072]}, "properties": {"OBJECTID": 3837, "Species": null, "Spread": 3.746660643750903, "SpreadP": 11.3}}, {"type": "Feature", "id": 3838, "geometry": {"type": "Point", "coordinates": [46.62317248000005, 24.830642470000043]}, "properties": {"OBJECTID": 3838, "Species": "Phoenix dactylifera", "Spread": 2.5, "SpreadP": 10}}, {"type": "Feature", "id": 3839, "geometry": {"type": "Point", "coordinates": [46.62318200000004, 24.83064500000006]}, "properties": {"OBJECTID": 3839, "Species": "Terminalia mantaly", "Spread": 1, "SpreadP": 8}}, {"type": "Feature", "id": 3840, "geometry": {"type": "Point", "coordinates": [46.62320600000004, 24.830656000000033]}, "properties": {"OBJECTID": 3840, "Species": "Pithecellobium dulce", "Spread": 1, "SpreadP": 12}}, {"type": "Feature", "id": 3841, "geometry": {"type": "Point", "coordinates": [46.62374672000004, 24.830656400000066]}, "properties": {"OBJECTID": 3841, "Species": "Conocarpus erectus", "Spread": 3, "SpreadP": 12}}, {"type": "Feature", "id": 3842, "geometry": {"type": "Point", "coordinates": [46.62324528000005, 24.830670740000073]}, "properties": {"OBJECTID": 3842, "Species": "Phoenix dactylifera", "Spread": 2.5, "SpreadP": 10}}, {"type": "Feature", "id": 3843, "geometry": {"type": "Point", "coordinates": [46.62433340200005, 24.83065119200006]}, "properties": {"OBJECTID": 3843, "Species": null, "Spread": 5.077706252982961, "SpreadP": 11.3}}, {"type": "Feature", "id": 3844, "geometry": {"type": "Point", "coordinates": [46.624363781000056, 24.830657891000044]}, "properties": {"OBJECTID": 3844, "Species": null, "Spread": 5.7706142426203675, "SpreadP": 11.3}}, {"type": "Feature", "id": 3845, "geometry": {"type": "Point", "coordinates": [46.62439902800003, 24.830676211000025]}, "properties": {"OBJECTID": 3845, "Species": null, "Spread": 4.56680016333232, "SpreadP": 11.3}}, {"type": "Feature", "id": 3846, "geometry": {"type": "Point", "coordinates": [46.62448560300004, 24.830714546000024]}, "properties": {"OBJECTID": 3846, "Species": null, "Spread": 3.7236512543558162, "SpreadP": 11.3}}, {"type": "Feature", "id": 3847, "geometry": {"type": "Point", "coordinates": [46.62454344400004, 24.830735396000023]}, "properties": {"OBJECTID": 3847, "Species": null, "Spread": 5.051200315756798, "SpreadP": 11.3}}, {"type": "Feature", "id": 3848, "geometry": {"type": "Point", "coordinates": [46.62457729700003, 24.830747062000057]}, "properties": {"OBJECTID": 3848, "Species": null, "Spread": 4.520211455216128, "SpreadP": 11.3}}, {"type": "Feature", "id": 3849, "geometry": {"type": "Point", "coordinates": [46.624639880000075, 24.83075697000004]}, "properties": {"OBJECTID": 3849, "Species": "Phoenix dactylifera", "Spread": 5, "SpreadP": 10}}, {"type": "Feature", "id": 3850, "geometry": {"type": "Point", "coordinates": [46.62407533600003, 24.830777241000078]}, "properties": {"OBJECTID": 3850, "Species": null, "Spread": 4.739192500954869, "SpreadP": 11.3}}, {"type": "Feature", "id": 3851, "geometry": {"type": "Point", "coordinates": [46.62325700000008, 24.830681000000027]}, "properties": {"OBJECTID": 3851, "Species": "Pithecellobium dulce", "Spread": 1, "SpreadP": 12}}, {"type": "Feature", "id": 3852, "geometry": {"type": "Point", "coordinates": [46.62382633000004, 24.830690980000043]}, "properties": {"OBJECTID": 3852, "Species": "Conocarpus erectus", "Spread": 3, "SpreadP": 12}}, {"type": "Feature", "id": 3853, "geometry": {"type": "Point", "coordinates": [46.62332200000003, 24.830705000000023]}, "properties": {"OBJECTID": 3853, "Species": "Pithecellobium dulce", "Spread": 1, "SpreadP": 12}}, {"type": "Feature", "id": 3854, "geometry": {"type": "Point", "coordinates": [46.623380000000054, 24.830720000000042]}, "properties": {"OBJECTID": 3854, "Species": "Phoenix dactylifera", "Spread": 2.5, "SpreadP": 10}}, {"type": "Feature", "id": 3855, "geometry": {"type": "Point", "coordinates": [46.623838609000074, 24.830718868000076]}, "properties": {"OBJECTID": 3855, "Species": null, "Spread": 5.077706252456384, "SpreadP": 11.3}}, {"type": "Feature", "id": 3856, "geometry": {"type": "Point", "coordinates": [46.623902960000066, 24.830722260000073]}, "properties": {"OBJECTID": 3856, "Species": "Conocarpus erectus", "Spread": 4, "SpreadP": 12}}, {"type": "Feature", "id": 3857, "geometry": {"type": "Point", "coordinates": [46.62338100000005, 24.830742000000043]}, "properties": {"OBJECTID": 3857, "Species": "Ziziphus spina-christi", "Spread": 1, "SpreadP": 10}}, {"type": "Feature", "id": 3858, "geometry": {"type": "Point", "coordinates": [46.62391764200004, 24.830747805000044]}, "properties": {"OBJECTID": 3858, "Species": null, "Spread": 4.566800163764466, "SpreadP": 11.3}}, {"type": "Feature", "id": 3859, "geometry": {"type": "Point", "coordinates": [46.62351840000008, 24.83078572000005]}, "properties": {"OBJECTID": 3859, "Species": "Phoenix dactylifera", "Spread": 2.5, "SpreadP": 10}}, {"type": "Feature", "id": 3860, "geometry": {"type": "Point", "coordinates": [46.623504000000025, 24.83079900000007]}, "properties": {"OBJECTID": 3860, "Species": "Ziziphus spina-christi", "Spread": 2, "SpreadP": 10}}, {"type": "Feature", "id": 3861, "geometry": {"type": "Point", "coordinates": [46.62353915300008, 24.83080595800004]}, "properties": {"OBJECTID": 3861, "Species": "Phoenix dactylifera", "Spread": 5.365439433660385, "SpreadP": 10}}, {"type": "Feature", "id": 3862, "geometry": {"type": "Point", "coordinates": [46.62361600000003, 24.830823000000066]}, "properties": {"OBJECTID": 3862, "Species": "Pithecellobium dulce", "Spread": 1, "SpreadP": 12}}, {"type": "Feature", "id": 3863, "geometry": {"type": "Point", "coordinates": [46.62366900000006, 24.830858000000035]}, "properties": {"OBJECTID": 3863, "Species": "Terminalia mantaly", "Spread": 1, "SpreadP": 8}}, {"type": "Feature", "id": 3864, "geometry": {"type": "Point", "coordinates": [46.62371548900006, 24.830867915000056]}, "properties": {"OBJECTID": 3864, "Species": "Phoenix dactylifera", "Spread": 3.912238817769359, "SpreadP": 10}}, {"type": "Feature", "id": 3865, "geometry": {"type": "Point", "coordinates": [46.62184784100003, 24.829872350000073]}, "properties": {"OBJECTID": 3865, "Species": null, "Spread": 7.276077257586966, "SpreadP": 11.3}}, {"type": "Feature", "id": 3866, "geometry": {"type": "Point", "coordinates": [46.621903760000066, 24.829882963000045]}, "properties": {"OBJECTID": 3866, "Species": null, "Spread": 4.415481912381848, "SpreadP": 11.3}}, {"type": "Feature", "id": 3867, "geometry": {"type": "Point", "coordinates": [46.621971288000054, 24.829883944000073]}, "properties": {"OBJECTID": 3867, "Species": null, "Spread": 4.574085941795217, "SpreadP": 11.3}}, {"type": "Feature", "id": 3868, "geometry": {"type": "Point", "coordinates": [46.62208429000003, 24.829919940000025]}, "properties": {"OBJECTID": 3868, "Species": "Conocarpus erectus", "Spread": 4, "SpreadP": 12}}, {"type": "Feature", "id": 3869, "geometry": {"type": "Point", "coordinates": [46.62216319400005, 24.829964467000025]}, "properties": {"OBJECTID": 3869, "Species": null, "Spread": 4.68124386583144, "SpreadP": 11.3}}, {"type": "Feature", "id": 3870, "geometry": {"type": "Point", "coordinates": [46.62415824000004, 24.83079440000006]}, "properties": {"OBJECTID": 3870, "Species": "Conocarpus erectus", "Spread": 4, "SpreadP": 12}}, {"type": "Feature", "id": 3871, "geometry": {"type": "Point", "coordinates": [46.62469832600004, 24.830798467000022]}, "properties": {"OBJECTID": 3871, "Species": "Phoenix dactylifera", "Spread": 4.941605126725089, "SpreadP": 10}}, {"type": "Feature", "id": 3872, "geometry": {"type": "Point", "coordinates": [46.62420960700007, 24.830831310000065]}, "properties": {"OBJECTID": 3872, "Species": null, "Spread": 4.228035386512207, "SpreadP": 11.3}}, {"type": "Feature", "id": 3873, "geometry": {"type": "Point", "coordinates": [46.62428751400006, 24.830854790000046]}, "properties": {"OBJECTID": 3873, "Species": null, "Spread": 4.075659628788594, "SpreadP": 11.3}}, {"type": "Feature", "id": 3874, "geometry": {"type": "Point", "coordinates": [46.62428321700003, 24.83089958100004]}, "properties": {"OBJECTID": 3874, "Species": null, "Spread": 4.905530284855251, "SpreadP": 11.3}}, {"type": "Feature", "id": 3875, "geometry": {"type": "Point", "coordinates": [46.62438019800004, 24.830939158000035]}, "properties": {"OBJECTID": 3875, "Species": null, "Spread": 4.062165004270762, "SpreadP": 11.3}}, {"type": "Feature", "id": 3876, "geometry": {"type": "Point", "coordinates": [46.623946000000046, 24.83096000000006]}, "properties": {"OBJECTID": 3876, "Species": "Ziziphus spina-christi", "Spread": 3, "SpreadP": 10}}, {"type": "Feature", "id": 3877, "geometry": {"type": "Point", "coordinates": [46.62443395200006, 24.830964306000055]}, "properties": {"OBJECTID": 3877, "Species": null, "Spread": 4.905530287463748, "SpreadP": 11.3}}, {"type": "Feature", "id": 3878, "geometry": {"type": "Point", "coordinates": [46.624570394000045, 24.830979126000045]}, "properties": {"OBJECTID": 3878, "Species": null, "Spread": 5.9250061347207215, "SpreadP": 11.3}}, {"type": "Feature", "id": 3879, "geometry": {"type": "Point", "coordinates": [46.62449737600008, 24.830982211000048]}, "properties": {"OBJECTID": 3879, "Species": null, "Spread": 5.626924949402984, "SpreadP": 11.3}}, {"type": "Feature", "id": 3880, "geometry": {"type": "Point", "coordinates": [46.62379000000004, 24.830910000000074]}, "properties": {"OBJECTID": 3880, "Species": "Phoenix dactylifera", "Spread": 2.5, "SpreadP": 10}}, {"type": "Feature", "id": 3881, "geometry": {"type": "Point", "coordinates": [46.623800000000074, 24.830922000000044]}, "properties": {"OBJECTID": 3881, "Species": "Terminalia mantaly", "Spread": 1, "SpreadP": 8}}, {"type": "Feature", "id": 3882, "geometry": {"type": "Point", "coordinates": [46.62387400000006, 24.830945000000042]}, "properties": {"OBJECTID": 3882, "Species": "Terminalia mantaly", "Spread": 1, "SpreadP": 8}}, {"type": "Feature", "id": 3883, "geometry": {"type": "Point", "coordinates": [46.62598826000004, 24.831565800000078]}, "properties": {"OBJECTID": 3883, "Species": "Conocarpus erectus", "Spread": 4, "SpreadP": 12}}, {"type": "Feature", "id": 3884, "geometry": {"type": "Point", "coordinates": [46.62608042000005, 24.83160694000003]}, "properties": {"OBJECTID": 3884, "Species": "Conocarpus erectus", "Spread": 4, "SpreadP": 12}}, {"type": "Feature", "id": 3885, "geometry": {"type": "Point", "coordinates": [46.62600129000003, 24.83160914000007]}, "properties": {"OBJECTID": 3885, "Species": "Conocarpus erectus", "Spread": 4.5, "SpreadP": 12}}, {"type": "Feature", "id": 3886, "geometry": {"type": "Point", "coordinates": [46.62606200000005, 24.831632150000075]}, "properties": {"OBJECTID": 3886, "Species": "Phoenix dactylifera", "Spread": 3.5, "SpreadP": 10}}, {"type": "Feature", "id": 3887, "geometry": {"type": "Point", "coordinates": [46.62671814200007, 24.83163541500005]}, "properties": {"OBJECTID": 3887, "Species": "Phoenix dactylifera", "Spread": 5.901844509190622, "SpreadP": 10}}, {"type": "Feature", "id": 3888, "geometry": {"type": "Point", "coordinates": [46.626102168000045, 24.83165682400005]}, "properties": {"OBJECTID": 3888, "Species": "Phoenix dactylifera", "Spread": 3.604990434538184, "SpreadP": 10}}, {"type": "Feature", "id": 3889, "geometry": {"type": "Point", "coordinates": [46.62619753000007, 24.831687420000037]}, "properties": {"OBJECTID": 3889, "Species": "Phoenix dactylifera", "Spread": 3, "SpreadP": 10}}, {"type": "Feature", "id": 3890, "geometry": {"type": "Point", "coordinates": [46.62629162500008, 24.83170074700007]}, "properties": {"OBJECTID": 3890, "Species": null, "Spread": 6.569364986453213, "SpreadP": 11.3}}, {"type": "Feature", "id": 3891, "geometry": {"type": "Point", "coordinates": [46.626226177000035, 24.831711376000044]}, "properties": {"OBJECTID": 3891, "Species": "Phoenix dactylifera", "Spread": 4.1780514786583325, "SpreadP": 10}}, {"type": "Feature", "id": 3892, "geometry": {"type": "Point", "coordinates": [46.627890000000036, 24.832130000000063]}, "properties": {"OBJECTID": 3892, "Species": "Phoenix dactylifera", "Spread": 4, "SpreadP": 10}}, {"type": "Feature", "id": 3893, "geometry": {"type": "Point", "coordinates": [46.627920000000074, 24.832140000000038]}, "properties": {"OBJECTID": 3893, "Species": "Ficus altissima", "Spread": 1, "SpreadP": 16}}, {"type": "Feature", "id": 3894, "geometry": {"type": "Point", "coordinates": [46.62794000000008, 24.832140000000038]}, "properties": {"OBJECTID": 3894, "Species": "Pithecellobium dulce", "Spread": 1.5, "SpreadP": 12}}, {"type": "Feature", "id": 3895, "geometry": {"type": "Point", "coordinates": [46.62798221400004, 24.832176968000056]}, "properties": {"OBJECTID": 3895, "Species": null, "Spread": 3.9096343490250254, "SpreadP": 11.3}}, {"type": "Feature", "id": 3896, "geometry": {"type": "Point", "coordinates": [46.62803000000008, 24.83218000000005]}, "properties": {"OBJECTID": 3896, "Species": "Ficus altissima", "Spread": 1.5, "SpreadP": 16}}, {"type": "Feature", "id": 3897, "geometry": {"type": "Point", "coordinates": [46.628040000000055, 24.832200000000057]}, "properties": {"OBJECTID": 3897, "Species": "Phoenix dactylifera", "Spread": 4.5, "SpreadP": 10}}, {"type": "Feature", "id": 3898, "geometry": {"type": "Point", "coordinates": [46.628086719000066, 24.832226010000056]}, "properties": {"OBJECTID": 3898, "Species": "Phoenix dactylifera", "Spread": 2.867504312097836, "SpreadP": 10}}, {"type": "Feature", "id": 3899, "geometry": {"type": "Point", "coordinates": [46.626866085000074, 24.831701544000055]}, "properties": {"OBJECTID": 3899, "Species": "Phoenix dactylifera", "Spread": 6.1272131688118225, "SpreadP": 10}}, {"type": "Feature", "id": 3900, "geometry": {"type": "Point", "coordinates": [46.626900000000035, 24.831710000000044]}, "properties": {"OBJECTID": 3900, "Species": "Phoenix dactylifera", "Spread": 5, "SpreadP": 10}}, {"type": "Feature", "id": 3901, "geometry": {"type": "Point", "coordinates": [46.626344912000036, 24.831722984000066]}, "properties": {"OBJECTID": 3901, "Species": "Phoenix dactylifera", "Spread": 4.314040151110543, "SpreadP": 10}}, {"type": "Feature", "id": 3902, "geometry": {"type": "Point", "coordinates": [46.62627905700003, 24.831731584000067]}, "properties": {"OBJECTID": 3902, "Species": "Phoenix dactylifera", "Spread": 3.3028951571751217, "SpreadP": 10}}, {"type": "Feature", "id": 3903, "geometry": {"type": "Point", "coordinates": [46.626385191000054, 24.831740463000074]}, "properties": {"OBJECTID": 3903, "Species": "Phoenix dactylifera", "Spread": 4.67113541637646, "SpreadP": 10}}, {"type": "Feature", "id": 3904, "geometry": {"type": "Point", "coordinates": [46.626294861000076, 24.83175125500003]}, "properties": {"OBJECTID": 3904, "Species": null, "Spread": 5.077706250350076, "SpreadP": 11.3}}, {"type": "Feature", "id": 3905, "geometry": {"type": "Point", "coordinates": [46.62642388200004, 24.83175652500006]}, "properties": {"OBJECTID": 3905, "Species": "Phoenix dactylifera", "Spread": 4.729241571628359, "SpreadP": 10}}, {"type": "Feature", "id": 3906, "geometry": {"type": "Point", "coordinates": [46.62636312400008, 24.831773906000024]}, "properties": {"OBJECTID": 3906, "Species": null, "Spread": 6.226646977841108, "SpreadP": 11.3}}, {"type": "Feature", "id": 3907, "geometry": {"type": "Point", "coordinates": [46.62646733200006, 24.83177611900004]}, "properties": {"OBJECTID": 3907, "Species": "Phoenix dactylifera", "Spread": 4.227734231120993, "SpreadP": 10}}, {"type": "Feature", "id": 3908, "geometry": {"type": "Point", "coordinates": [46.62651545400007, 24.83179279600006]}, "properties": {"OBJECTID": 3908, "Species": "Phoenix dactylifera", "Spread": 4.2728189561409575, "SpreadP": 10}}, {"type": "Feature", "id": 3909, "geometry": {"type": "Point", "coordinates": [46.62647974500004, 24.831816960000026]}, "properties": {"OBJECTID": 3909, "Species": null, "Spread": 7.108788751967388, "SpreadP": 11.3}}, {"type": "Feature", "id": 3910, "geometry": {"type": "Point", "coordinates": [46.62661180400005, 24.83183450200005]}, "properties": {"OBJECTID": 3910, "Species": null, "Spread": 6.776992285706836, "SpreadP": 11.3}}, {"type": "Feature", "id": 3911, "geometry": {"type": "Point", "coordinates": [46.62665670700005, 24.831860223000035]}, "properties": {"OBJECTID": 3911, "Species": null, "Spread": 5.6474935714186065, "SpreadP": 11.3}}, {"type": "Feature", "id": 3912, "geometry": {"type": "Point", "coordinates": [46.626701737000076, 24.831870928000058]}, "properties": {"OBJECTID": 3912, "Species": null, "Spread": 4.7774613733401115, "SpreadP": 11.3}}, {"type": "Feature", "id": 3913, "geometry": {"type": "Point", "coordinates": [46.626608358000055, 24.83187772100007]}, "properties": {"OBJECTID": 3913, "Species": "Phoenix dactylifera", "Spread": 4.839812796430539, "SpreadP": 10}}, {"type": "Feature", "id": 3914, "geometry": {"type": "Point", "coordinates": [46.62673933200006, 24.83189276400003]}, "properties": {"OBJECTID": 3914, "Species": null, "Spread": 5.980298666587404, "SpreadP": 11.3}}, {"type": "Feature", "id": 3915, "geometry": {"type": "Point", "coordinates": [46.62666197800007, 24.83189433900003]}, "properties": {"OBJECTID": 3915, "Species": "Phoenix dactylifera", "Spread": 3.2292153646638346, "SpreadP": 10}}, {"type": "Feature", "id": 3916, "geometry": {"type": "Point", "coordinates": [46.626796488000025, 24.831906227000047]}, "properties": {"OBJECTID": 3916, "Species": null, "Spread": 3.2748060115098396, "SpreadP": 11.3}}, {"type": "Feature", "id": 3917, "geometry": {"type": "Point", "coordinates": [46.62669045200005, 24.83190979400007]}, "properties": {"OBJECTID": 3917, "Species": "Phoenix dactylifera", "Spread": 5.166941723496298, "SpreadP": 10}}, {"type": "Feature", "id": 3918, "geometry": {"type": "Point", "coordinates": [46.62673543300008, 24.83192650600006]}, "properties": {"OBJECTID": 3918, "Species": "Phoenix dactylifera", "Spread": 5.157569250005958, "SpreadP": 10}}, {"type": "Feature", "id": 3919, "geometry": {"type": "Point", "coordinates": [46.62681526000006, 24.83193926200005]}, "properties": {"OBJECTID": 3919, "Species": null, "Spread": 6.770275002046499, "SpreadP": 11.3}}, {"type": "Feature", "id": 3920, "geometry": {"type": "Point", "coordinates": [46.62677097400007, 24.83194188500005]}, "properties": {"OBJECTID": 3920, "Species": "Phoenix dactylifera", "Spread": 5.069801444787432, "SpreadP": 10}}, {"type": "Feature", "id": 3921, "geometry": {"type": "Point", "coordinates": [46.62737247800004, 24.831922991000056]}, "properties": {"OBJECTID": 3921, "Species": "Phoenix dactylifera", "Spread": 6.458627870114008, "SpreadP": 10}}, {"type": "Feature", "id": 3922, "geometry": {"type": "Point", "coordinates": [46.627407445000074, 24.831942296000022]}, "properties": {"OBJECTID": 3922, "Species": "Phoenix dactylifera", "Spread": 5.754733751246798, "SpreadP": 10}}, {"type": "Feature", "id": 3923, "geometry": {"type": "Point", "coordinates": [46.62743719400004, 24.831947370000023]}, "properties": {"OBJECTID": 3923, "Species": "Phoenix dactylifera", "Spread": 5.289679785686459, "SpreadP": 10}}, {"type": "Feature", "id": 3924, "geometry": {"type": "Point", "coordinates": [46.62694177800006, 24.831971560000056]}, "properties": {"OBJECTID": 3924, "Species": "Phoenix dactylifera", "Spread": 3.9449723643262566, "SpreadP": 10}}, {"type": "Feature", "id": 3925, "geometry": {"type": "Point", "coordinates": [46.62748980500004, 24.831971502000044]}, "properties": {"OBJECTID": 3925, "Species": null, "Spread": 4.788304616794863, "SpreadP": 11.3}}, {"type": "Feature", "id": 3926, "geometry": {"type": "Point", "coordinates": [46.62699865900004, 24.831997457000057]}, "properties": {"OBJECTID": 3926, "Species": "Phoenix dactylifera", "Spread": 3.858660808639831, "SpreadP": 10}}, {"type": "Feature", "id": 3927, "geometry": {"type": "Point", "coordinates": [46.626908110000045, 24.83200028600004]}, "properties": {"OBJECTID": 3927, "Species": null, "Spread": 5.090427394448669, "SpreadP": 11.3}}, {"type": "Feature", "id": 3928, "geometry": {"type": "Point", "coordinates": [46.627038930000026, 24.83201421900003]}, "properties": {"OBJECTID": 3928, "Species": "Phoenix dactylifera", "Spread": 3.8751241516377912, "SpreadP": 10}}, {"type": "Feature", "id": 3929, "geometry": {"type": "Point", "coordinates": [46.62760109000004, 24.832015169000044]}, "properties": {"OBJECTID": 3929, "Species": null, "Spread": 4.21672743333795, "SpreadP": 11.3}}, {"type": "Feature", "id": 3930, "geometry": {"type": "Point", "coordinates": [46.62764000000004, 24.832020000000057]}, "properties": {"OBJECTID": 3930, "Species": "Ficus altissima", "Spread": 3, "SpreadP": 16}}, {"type": "Feature", "id": 3931, "geometry": {"type": "Point", "coordinates": [46.623898000000054, 24.83095000000003]}, "properties": {"OBJECTID": 3931, "Species": "Ziziphus spina-christi", "Spread": 2, "SpreadP": 10}}, {"type": "Feature", "id": 3932, "geometry": {"type": "Point", "coordinates": [46.62401100000005, 24.830990000000043]}, "properties": {"OBJECTID": 3932, "Species": "Albizia lebbeck", "Spread": 3, "SpreadP": 18}}, {"type": "Feature", "id": 3933, "geometry": {"type": "Point", "coordinates": [46.624615980000044, 24.83099143000004]}, "properties": {"OBJECTID": 3933, "Species": "Conocarpus erectus", "Spread": 3.5, "SpreadP": 12}}, {"type": "Feature", "id": 3934, "geometry": {"type": "Point", "coordinates": [46.624096000000065, 24.831026000000065]}, "properties": {"OBJECTID": 3934, "Species": "Pithecellobium dulce", "Spread": 2, "SpreadP": 12}}, {"type": "Feature", "id": 3935, "geometry": {"type": "Point", "coordinates": [46.62471610000006, 24.831024460000037]}, "properties": {"OBJECTID": 3935, "Species": "Conocarpus erectus", "Spread": 4, "SpreadP": 12}}, {"type": "Feature", "id": 3936, "geometry": {"type": "Point", "coordinates": [46.624152020000054, 24.831059440000047]}, "properties": {"OBJECTID": 3936, "Species": "Phoenix dactylifera", "Spread": 2, "SpreadP": 10}}, {"type": "Feature", "id": 3937, "geometry": {"type": "Point", "coordinates": [46.62418900000006, 24.831072000000063]}, "properties": {"OBJECTID": 3937, "Species": "Ziziphus spina-christi", "Spread": 2, "SpreadP": 10}}, {"type": "Feature", "id": 3938, "geometry": {"type": "Point", "coordinates": [46.62437900000003, 24.83114000000006]}, "properties": {"OBJECTID": 3938, "Species": "Ziziphus spina-christi", "Spread": 2, "SpreadP": 10}}, {"type": "Feature", "id": 3939, "geometry": {"type": "Point", "coordinates": [46.62432952900008, 24.831140576000053]}, "properties": {"OBJECTID": 3939, "Species": null, "Spread": 3.896653577229812, "SpreadP": 11.3}}, {"type": "Feature", "id": 3940, "geometry": {"type": "Point", "coordinates": [46.62443100000007, 24.83116700000005]}, "properties": {"OBJECTID": 3940, "Species": "Ziziphus spina-christi", "Spread": 2, "SpreadP": 10}}, {"type": "Feature", "id": 3941, "geometry": {"type": "Point", "coordinates": [46.62445000000008, 24.831180000000074]}, "properties": {"OBJECTID": 3941, "Species": "Phoenix dactylifera", "Spread": 2, "SpreadP": 10}}, {"type": "Feature", "id": 3942, "geometry": {"type": "Point", "coordinates": [46.62486684000004, 24.830860530000052]}, "properties": {"OBJECTID": 3942, "Species": "Phoenix dactylifera", "Spread": 4, "SpreadP": 10}}, {"type": "Feature", "id": 3943, "geometry": {"type": "Point", "coordinates": [46.62492406300004, 24.830885597000076]}, "properties": {"OBJECTID": 3943, "Species": "Phoenix dactylifera", "Spread": 5.325901855799631, "SpreadP": 10}}, {"type": "Feature", "id": 3944, "geometry": {"type": "Point", "coordinates": [46.62488255000005, 24.831142380000074]}, "properties": {"OBJECTID": 3944, "Species": "Conocarpus erectus", "Spread": 5, "SpreadP": 12}}, {"type": "Feature", "id": 3945, "geometry": {"type": "Point", "coordinates": [46.62502942000003, 24.831163520000075]}, "properties": {"OBJECTID": 3945, "Species": "Conocarpus erectus", "Spread": 5, "SpreadP": 12}}, {"type": "Feature", "id": 3946, "geometry": {"type": "Point", "coordinates": [46.62497170000006, 24.831177530000048]}, "properties": {"OBJECTID": 3946, "Species": "Conocarpus erectus", "Spread": 4, "SpreadP": 12}}, {"type": "Feature", "id": 3947, "geometry": {"type": "Point", "coordinates": [46.62521204700005, 24.831245913000032]}, "properties": {"OBJECTID": 3947, "Species": null, "Spread": 3.9394413948150753, "SpreadP": 11.3}}, {"type": "Feature", "id": 3948, "geometry": {"type": "Point", "coordinates": [46.62525210000007, 24.831264780000026]}, "properties": {"OBJECTID": 3948, "Species": "Conocarpus erectus", "Spread": 4, "SpreadP": 12}}, {"type": "Feature", "id": 3949, "geometry": {"type": "Point", "coordinates": [46.625340470000026, 24.83129660000003]}, "properties": {"OBJECTID": 3949, "Species": "Conocarpus erectus", "Spread": 5, "SpreadP": 12}}, {"type": "Feature", "id": 3950, "geometry": {"type": "Point", "coordinates": [46.625396970000054, 24.83135752000004]}, "properties": {"OBJECTID": 3950, "Species": "Conocarpus erectus", "Spread": 4, "SpreadP": 12}}, {"type": "Feature", "id": 3951, "geometry": {"type": "Point", "coordinates": [46.62452900000005, 24.831207000000063]}, "properties": {"OBJECTID": 3951, "Species": "Ziziphus spina-christi", "Spread": 2, "SpreadP": 10}}, {"type": "Feature", "id": 3952, "geometry": {"type": "Point", "coordinates": [46.624600000000044, 24.831240000000037]}, "properties": {"OBJECTID": 3952, "Species": "Phoenix dactylifera", "Spread": 2.5, "SpreadP": 10}}, {"type": "Feature", "id": 3953, "geometry": {"type": "Point", "coordinates": [46.62709025000004, 24.83203516100008]}, "properties": {"OBJECTID": 3953, "Species": "Phoenix dactylifera", "Spread": 2.533204947386851, "SpreadP": 10}}, {"type": "Feature", "id": 3954, "geometry": {"type": "Point", "coordinates": [46.62767255000006, 24.832034140000076]}, "properties": {"OBJECTID": 3954, "Species": "Ficus altissima", "Spread": 3, "SpreadP": 16}}, {"type": "Feature", "id": 3955, "geometry": {"type": "Point", "coordinates": [46.62700079100006, 24.83204446600007]}, "properties": {"OBJECTID": 3955, "Species": null, "Spread": 5.21091490646131, "SpreadP": 11.3}}, {"type": "Feature", "id": 3956, "geometry": {"type": "Point", "coordinates": [46.627125790000036, 24.83205054000007]}, "properties": {"OBJECTID": 3956, "Species": "Phoenix dactylifera", "Spread": 3.204278965499782, "SpreadP": 10}}, {"type": "Feature", "id": 3957, "geometry": {"type": "Point", "coordinates": [46.62715519200003, 24.832058807000067]}, "properties": {"OBJECTID": 3957, "Species": null, "Spread": 4.905530289631005, "SpreadP": 11.3}}, {"type": "Feature", "id": 3958, "geometry": {"type": "Point", "coordinates": [46.627702200000044, 24.832062135000058]}, "properties": {"OBJECTID": 3958, "Species": "Phoenix dactylifera", "Spread": 4.645491757327392, "SpreadP": 10}}, {"type": "Feature", "id": 3959, "geometry": {"type": "Point", "coordinates": [46.62778000000003, 24.832070000000044]}, "properties": {"OBJECTID": 3959, "Species": "Phoenix dactylifera", "Spread": 4, "SpreadP": 10}}, {"type": "Feature", "id": 3960, "geometry": {"type": "Point", "coordinates": [46.62711237800005, 24.83208379100006]}, "properties": {"OBJECTID": 3960, "Species": null, "Spread": 5.626924948577075, "SpreadP": 11.3}}, {"type": "Feature", "id": 3961, "geometry": {"type": "Point", "coordinates": [46.62725108300003, 24.832099584000048]}, "properties": {"OBJECTID": 3961, "Species": null, "Spread": 4.828732493515253, "SpreadP": 11.3}}, {"type": "Feature", "id": 3962, "geometry": {"type": "Point", "coordinates": [46.62715868200007, 24.832103575000076]}, "properties": {"OBJECTID": 3962, "Species": "Phoenix dactylifera", "Spread": 3.2050735790186304, "SpreadP": 10}}, {"type": "Feature", "id": 3963, "geometry": {"type": "Point", "coordinates": [46.627206682000065, 24.832120968000027]}, "properties": {"OBJECTID": 3963, "Species": "Phoenix dactylifera", "Spread": 2.360174359706574, "SpreadP": 10}}, {"type": "Feature", "id": 3964, "geometry": {"type": "Point", "coordinates": [46.62724746400005, 24.832136650000052]}, "properties": {"OBJECTID": 3964, "Species": "Phoenix dactylifera", "Spread": 2.3365896447224914, "SpreadP": 10}}, {"type": "Feature", "id": 3965, "geometry": {"type": "Point", "coordinates": [46.627329831000054, 24.83213849300006]}, "properties": {"OBJECTID": 3965, "Species": null, "Spread": 3.938861226099912, "SpreadP": 11.3}}, {"type": "Feature", "id": 3966, "geometry": {"type": "Point", "coordinates": [46.62729157800004, 24.83215707200003]}, "properties": {"OBJECTID": 3966, "Species": "Phoenix dactylifera", "Spread": 2.6070198867281964, "SpreadP": 10}}, {"type": "Feature", "id": 3967, "geometry": {"type": "Point", "coordinates": [46.62739312700006, 24.83216552300007]}, "properties": {"OBJECTID": 3967, "Species": "Phoenix dactylifera", "Spread": 2.2192094446076083, "SpreadP": 10}}, {"type": "Feature", "id": 3968, "geometry": {"type": "Point", "coordinates": [46.62733373000003, 24.83217751600006]}, "properties": {"OBJECTID": 3968, "Species": "Phoenix dactylifera", "Spread": 2.611167892353304, "SpreadP": 10}}, {"type": "Feature", "id": 3969, "geometry": {"type": "Point", "coordinates": [46.62734974000006, 24.832182642000078]}, "properties": {"OBJECTID": 3969, "Species": null, "Spread": 5.416220000800788, "SpreadP": 11.3}}, {"type": "Feature", "id": 3970, "geometry": {"type": "Point", "coordinates": [46.627480638000065, 24.83220159800004]}, "properties": {"OBJECTID": 3970, "Species": "Phoenix dactylifera", "Spread": 2.541985580118611, "SpreadP": 10}}, {"type": "Feature", "id": 3971, "geometry": {"type": "Point", "coordinates": [46.62692038000006, 24.83222825000007]}, "properties": {"OBJECTID": 3971, "Species": "Phoenix dactylifera", "Spread": 2, "SpreadP": 10}}, {"type": "Feature", "id": 3972, "geometry": {"type": "Point", "coordinates": [46.62746284600007, 24.832230614000025]}, "properties": {"OBJECTID": 3972, "Species": null, "Spread": 4.027539173720301, "SpreadP": 11.3}}, {"type": "Feature", "id": 3973, "geometry": {"type": "Point", "coordinates": [46.62764000000004, 24.83227000000005]}, "properties": {"OBJECTID": 3973, "Species": "Phoenix dactylifera", "Spread": 3, "SpreadP": 10}}, {"type": "Feature", "id": 3974, "geometry": {"type": "Point", "coordinates": [46.62706219000006, 24.832290270000044]}, "properties": {"OBJECTID": 3974, "Species": "Phoenix dactylifera", "Spread": 1.8, "SpreadP": 10}}, {"type": "Feature", "id": 3975, "geometry": {"type": "Point", "coordinates": [46.62763000000007, 24.832300000000032]}, "properties": {"OBJECTID": 3975, "Species": "Conocarpus erectus", "Spread": 3.5, "SpreadP": 12}}, {"type": "Feature", "id": 3976, "geometry": {"type": "Point", "coordinates": [46.62775000000005, 24.832300000000032]}, "properties": {"OBJECTID": 3976, "Species": "Conocarpus erectus", "Spread": 4, "SpreadP": 12}}, {"type": "Feature", "id": 3977, "geometry": {"type": "Point", "coordinates": [46.62713233000005, 24.832308510000075]}, "properties": {"OBJECTID": 3977, "Species": "Phoenix dactylifera", "Spread": 2, "SpreadP": 10}}, {"type": "Feature", "id": 3978, "geometry": {"type": "Point", "coordinates": [46.62778000000003, 24.83232000000004]}, "properties": {"OBJECTID": 3978, "Species": "Conocarpus erectus", "Spread": 4, "SpreadP": 12}}, {"type": "Feature", "id": 3979, "geometry": {"type": "Point", "coordinates": [46.62719547000006, 24.832332310000027]}, "properties": {"OBJECTID": 3979, "Species": "Phoenix dactylifera", "Spread": 1.5, "SpreadP": 10}}, {"type": "Feature", "id": 3980, "geometry": {"type": "Point", "coordinates": [46.62725440400004, 24.832358914000054]}, "properties": {"OBJECTID": 3980, "Species": "Phoenix dactylifera", "Spread": 4.025325632330841, "SpreadP": 10}}, {"type": "Feature", "id": 3981, "geometry": {"type": "Point", "coordinates": [46.62722883400005, 24.83236734700006]}, "properties": {"OBJECTID": 3981, "Species": null, "Spread": 5.234441054568705, "SpreadP": 11.3}}, {"type": "Feature", "id": 3982, "geometry": {"type": "Point", "coordinates": [46.62729002000003, 24.832384680000075]}, "properties": {"OBJECTID": 3982, "Species": "Phoenix dactylifera", "Spread": 1.5, "SpreadP": 10}}, {"type": "Feature", "id": 3983, "geometry": {"type": "Point", "coordinates": [46.62825955000005, 24.832574838000028]}, "properties": {"OBJECTID": 3983, "Species": null, "Spread": 5.195694085816236, "SpreadP": 11.3}}, {"type": "Feature", "id": 3984, "geometry": {"type": "Point", "coordinates": [46.62835665500006, 24.83257674200007]}, "properties": {"OBJECTID": 3984, "Species": "Phoenix dactylifera", "Spread": 3.16670722586319, "SpreadP": 10}}, {"type": "Feature", "id": 3985, "geometry": {"type": "Point", "coordinates": [46.62840197700007, 24.83258938700004]}, "properties": {"OBJECTID": 3985, "Species": "Phoenix dactylifera", "Spread": 4.540096363483659, "SpreadP": 10}}, {"type": "Feature", "id": 3986, "geometry": {"type": "Point", "coordinates": [46.62831834900004, 24.832598709000024]}, "properties": {"OBJECTID": 3986, "Species": null, "Spread": 4.4006787510359775, "SpreadP": 11.3}}, {"type": "Feature", "id": 3987, "geometry": {"type": "Point", "coordinates": [46.62782000000004, 24.832610000000045]}, "properties": {"OBJECTID": 3987, "Species": "Phoenix dactylifera", "Spread": 2, "SpreadP": 10}}, {"type": "Feature", "id": 3988, "geometry": {"type": "Point", "coordinates": [46.62836303100005, 24.832611670000063]}, "properties": {"OBJECTID": 3988, "Species": null, "Spread": 4.743894602832799, "SpreadP": 11.3}}, {"type": "Feature", "id": 3989, "geometry": {"type": "Point", "coordinates": [46.628494086000046, 24.832626606000076]}, "properties": {"OBJECTID": 3989, "Species": "Phoenix dactylifera", "Spread": 3.6104606989965413, "SpreadP": 10}}, {"type": "Feature", "id": 3990, "geometry": {"type": "Point", "coordinates": [46.62790440400005, 24.832634142000074]}, "properties": {"OBJECTID": 3990, "Species": "Phoenix dactylifera", "Spread": 2.9161561891102736, "SpreadP": 10}}, {"type": "Feature", "id": 3991, "geometry": {"type": "Point", "coordinates": [46.62843914500007, 24.832643440000027]}, "properties": {"OBJECTID": 3991, "Species": null, "Spread": 4.566800165939132, "SpreadP": 11.3}}, {"type": "Feature", "id": 3992, "geometry": {"type": "Point", "coordinates": [46.62795475000007, 24.832653126000025]}, "properties": {"OBJECTID": 3992, "Species": "Phoenix dactylifera", "Spread": 4.123913262791492, "SpreadP": 10}}, {"type": "Feature", "id": 3993, "geometry": {"type": "Point", "coordinates": [46.62741134000004, 24.832425510000064]}, "properties": {"OBJECTID": 3993, "Species": "Phoenix dactylifera", "Spread": 1.5, "SpreadP": 10}}, {"type": "Feature", "id": 3994, "geometry": {"type": "Point", "coordinates": [46.62745460000008, 24.832455260000074]}, "properties": {"OBJECTID": 3994, "Species": "Phoenix dactylifera", "Spread": 1, "SpreadP": 10}}, {"type": "Feature", "id": 3995, "geometry": {"type": "Point", "coordinates": [46.62748000000005, 24.832460000000026]}, "properties": {"OBJECTID": 3995, "Species": "Ficus altissima", "Spread": 1.5, "SpreadP": 16}}, {"type": "Feature", "id": 3996, "geometry": {"type": "Point", "coordinates": [46.62752016300004, 24.832480125000075]}, "properties": {"OBJECTID": 3996, "Species": "Phoenix dactylifera", "Spread": 2.7980618221505607, "SpreadP": 10}}, {"type": "Feature", "id": 3997, "geometry": {"type": "Point", "coordinates": [46.62756648200008, 24.83251369900006]}, "properties": {"OBJECTID": 3997, "Species": null, "Spread": 4.709100004654761, "SpreadP": 11.3}}, {"type": "Feature", "id": 3998, "geometry": {"type": "Point", "coordinates": [46.626848436000046, 24.83198105200006]}, "properties": {"OBJECTID": 3998, "Species": null, "Spread": 5.288177171639102, "SpreadP": 11.3}}, {"type": "Feature", "id": 3999, "geometry": {"type": "Point", "coordinates": [46.62647855000006, 24.83205822000008]}, "properties": {"OBJECTID": 3999, "Species": "Phoenix dactylifera", "Spread": 2, "SpreadP": 10}}, {"type": "Feature", "id": 4000, "geometry": {"type": "Point", "coordinates": [46.626562310000054, 24.83209007000005]}, "properties": {"OBJECTID": 4000, "Species": "Phoenix dactylifera", "Spread": 2, "SpreadP": 10}}, {"type": "Feature", "id": 4001, "geometry": {"type": "Point", "coordinates": [46.62662855600007, 24.83211797900003]}, "properties": {"OBJECTID": 4001, "Species": null, "Spread": 2.8065242072674987, "SpreadP": 11.3}}, {"type": "Feature", "id": 4002, "geometry": {"type": "Point", "coordinates": [46.62664112200008, 24.832128056000045]}, "properties": {"OBJECTID": 4002, "Species": "Phoenix dactylifera", "Spread": 4.566800166371277, "SpreadP": 10}}, {"type": "Feature", "id": 4003, "geometry": {"type": "Point", "coordinates": [46.62672789800007, 24.832159558000058]}, "properties": {"OBJECTID": 4003, "Species": "Phoenix dactylifera", "Spread": 4.6491412660215135, "SpreadP": 10}}, {"type": "Feature", "id": 4004, "geometry": {"type": "Point", "coordinates": [46.62677867000008, 24.832173880000028]}, "properties": {"OBJECTID": 4004, "Species": "Phoenix dactylifera", "Spread": 2, "SpreadP": 10}}, {"type": "Feature", "id": 4005, "geometry": {"type": "Point", "coordinates": [46.62684000000007, 24.832200000000057]}, "properties": {"OBJECTID": 4005, "Species": "Ficus altissima", "Spread": 2, "SpreadP": 16}}]}