{"type": "FeatureCollection", "features": [{"type": "Feature", "id": 1, "geometry": {"type": "MultiPolygon", "coordinates": [[[[46.64528246400005, 24.764959374000057], [46.64527827200004, 24.76495714200007], [46.64527386100008, 24.76495529600004], [46.64526927400004, 24.764953854000055], [46.64526455400005, 24.764952830000027], [46.64525974700007, 24.76495223300003], [46.645254898000076, 24.76495206800007], [46.645250055000076, 24.764952339000047], [46.64524526500003, 24.76495304200006], [46.64524057400007, 24.764954170000067], [46.64523602600008, 24.764955712000074], [46.64523166500004, 24.764957654000057], [46.64522753300008, 24.764959978000036], [46.64522367200004, 24.76496265800006], [46.645220117000065, 24.764965673000063], [46.645216901000026, 24.764968991000046], [46.64521405900007, 24.764972580000062], [46.64521161500005, 24.764976407000063], [46.64520959300006, 24.76498043500004], [46.64520801400005, 24.764984623000032], [46.64520689200003, 24.76498893300004], [46.64520623800007, 24.764993323000056], [46.64520605800004, 24.764997750000077], [46.64520635500003, 24.76500217100005], [46.64520712400008, 24.765006546000052], [46.64520835900004, 24.76501082900006], [46.64520969500006, 24.765014113000063], [46.64520896800008, 24.765014360000066], [46.64520460800003, 24.76501630100006], [46.64520047700006, 24.76501862400005], [46.64519661500003, 24.76502130600005], [46.645193060000054, 24.765024320000066], [46.64518984500006, 24.76502763800005], [46.64518700200006, 24.765031228000055], [46.64518455800004, 24.765035055000055], [46.64518253700004, 24.765039082000044], [46.645180957000036, 24.765043270000035], [46.64517983500008, 24.765047580000044], [46.64517918100006, 24.76505197000006], [46.64517900200008, 24.765056397000023], [46.64517929700003, 24.76506081800005], [46.64518006700007, 24.765065192000066], [46.645181302000026, 24.765069477000054], [46.64518299200006, 24.765073629000028], [46.64518511800003, 24.76507761000005], [46.64518766300006, 24.76508138300005], [46.645190600000035, 24.765084909000052], [46.64519390100003, 24.765088155000058], [46.64519753500008, 24.765091091000045], [46.64520146600006, 24.765093686000057], [46.645205658000066, 24.765095918000043], [46.64521006700005, 24.76509776300003], [46.645214655000075, 24.76509920600006], [46.64521937500007, 24.765100231000076], [46.64522418300004, 24.765100828000072], [46.64522903200003, 24.765100992000043], [46.64523387300005, 24.765100722000057], [46.64523866400003, 24.765100019000045], [46.64524335600004, 24.765098891000036], [46.64524790400003, 24.76509734800004], [46.64525226400008, 24.765095406000057], [46.645256396000036, 24.765093083000068], [46.645260257000075, 24.765090401000066], [46.64526381300004, 24.76508738700005], [46.645267027000045, 24.765084069000068], [46.64526987100004, 24.76508048000005], [46.64527231500006, 24.76507665200006], [46.64527433600006, 24.765072626000062], [46.64527591600006, 24.765068437000025], [46.645277038000074, 24.765064127000073], [46.645277692000036, 24.76505973700006], [46.645277872000065, 24.765055311000026], [46.64527757500008, 24.765050889000065], [46.64527680600003, 24.76504651500005], [46.64527557100007, 24.765042231000052], [46.645274234000055, 24.76503894700005], [46.64527496000005, 24.765038701000037], [46.64527932100003, 24.765036759000054], [46.64528345300005, 24.765034435000075], [46.64528731400003, 24.765031755000052], [46.645290869000064, 24.765028740000048], [46.645294085000046, 24.765025422000065], [46.64529692700006, 24.76502183300005], [46.64529937100008, 24.765018006000048], [46.64530139300007, 24.76501397800007], [46.64530297200008, 24.765009789000032], [46.64530409400004, 24.76500548000007], [46.64530474800006, 24.765001090000055], [46.64530492800003, 24.764996663000034], [46.645304632000034, 24.764992242000062], [46.64530386200005, 24.76498786700006], [46.645302627000035, 24.76498358400005], [46.64530093800005, 24.76497943100003], [46.64529881000004, 24.764975449000076], [46.64529626600006, 24.764971677000062], [46.64529333000007, 24.764968151000062], [46.64529002800003, 24.764964905000056], [46.64528639500003, 24.76496196900007], [46.64528246400005, 24.764959374000057]]], [[[46.64503720700003, 24.76544519500004], [46.64503301500008, 24.765442963000055], [46.64502860500005, 24.765441117000023], [46.64502401800007, 24.76543967500004], [46.64501929700003, 24.76543865000008], [46.64501449000005, 24.765438053000025], [46.64500964200005, 24.765437889000054], [46.64500479900005, 24.76543815900004], [46.64500000900006, 24.765438862000053], [46.64499531700005, 24.76543999000006], [46.64499076800007, 24.765441532000068], [46.64498640900007, 24.76544347500004], [46.644982277000054, 24.76544579800003], [46.644978415000026, 24.765448479000042], [46.64497486000005, 24.765451494000047], [46.644971645000055, 24.76545481100004], [46.64496880200005, 24.765458400000057], [46.644966357000044, 24.765462228000047], [46.64496433700003, 24.765466255000035], [46.64496275700003, 24.765470444000073], [46.64496163500007, 24.765474753000035], [46.644960981000054, 24.76547914300005], [46.64496080200007, 24.76548357000007], [46.64496109700008, 24.765487992000033], [46.64496186700006, 24.765492366000046], [46.64496310200008, 24.765496649000056], [46.64496479200005, 24.765500802000076], [46.64496691800008, 24.76550478400003], [46.64496946300005, 24.765508556000043], [46.64497240000003, 24.765512082000043], [46.64497570100008, 24.76551532800005], [46.64497933500007, 24.765518264000036], [46.644983266000054, 24.76552085900005], [46.64498745800006, 24.765523091000034], [46.644991867000044, 24.765524937000066], [46.64499645500007, 24.76552637900005], [46.64500117500006, 24.76552740300008], [46.64500598300003, 24.765528001000064], [46.645010832000025, 24.765528165000035], [46.645015673000046, 24.76552789400006], [46.64502046400003, 24.765527192000036], [46.64502515600003, 24.765526064000028], [46.64502970400008, 24.76552452100003], [46.64503406400007, 24.76552257900005], [46.64503819600003, 24.76552025600006], [46.64504205700007, 24.765517575000047], [46.645045613000036, 24.765514560000042], [46.64504882800003, 24.76551124300005], [46.64505167100003, 24.765507653000043], [46.64505411500005, 24.765503826000042], [46.64505613600005, 24.765499799000054], [46.64505771600005, 24.765495610000073], [46.64505883800007, 24.765491301000054], [46.64505949200003, 24.76548691100004], [46.64505967200006, 24.765482484000074], [46.64505937600006, 24.765478062000057], [46.64505860600008, 24.765473688000043], [46.645057371000064, 24.765469404000044], [46.64505568100003, 24.76546525200007], [46.64505355400007, 24.76546127000006], [46.64505101000003, 24.765457497000057], [46.645048073000055, 24.765453971000056], [46.64504477200006, 24.76545072600004], [46.64504113800007, 24.765447790000053], [46.64503720700003, 24.76544519500004]]], [[[46.64493072600004, 24.765628269000047], [46.644926534000035, 24.76562603700006], [46.64492212300007, 24.76562419100003], [46.64491753600004, 24.765622749000045], [46.644912816000044, 24.765621724000027], [46.64490800900006, 24.76562112700003], [46.64490316000007, 24.76562096300006], [46.64489831700007, 24.765621233000047], [46.64489352700008, 24.76562193600006], [46.644888836000064, 24.765623064000067], [46.644884287000025, 24.765624606000074], [46.644879926000044, 24.765626549000046], [46.644875795000075, 24.765628872000036], [46.64487193300005, 24.76563155300005], [46.64486837800007, 24.765634568000053], [46.64486516300008, 24.765637885000046], [46.64486232100006, 24.765641474000063], [46.644859876000055, 24.765645302000053], [46.644857855000055, 24.76564932900004], [46.64485627500005, 24.76565351800008], [46.64485515300004, 24.76565782700004], [46.644854499000076, 24.765662217000056], [46.644854319000046, 24.765666644000078], [46.64485461600003, 24.76567106600004], [46.644855386000074, 24.765675440000052], [46.64485662100003, 24.765679723000062], [46.644858310000075, 24.765683876000026], [46.644860437000034, 24.765687858000035], [46.64486298200006, 24.76569163000005], [46.64486591700006, 24.76569515600005], [46.64486921900004, 24.765698402000055], [46.64487285300004, 24.765701338000042], [46.644876784000076, 24.765703933000054], [46.644880975000035, 24.76570616500004], [46.644885386000055, 24.765708011000072], [46.64488997400008, 24.765709453000056], [46.644894693000026, 24.765710477000027], [46.644899501000054, 24.76571107500007], [46.64490434900006, 24.76571123900004], [46.64490919200006, 24.765710968000064], [46.64491398300004, 24.765710265000052], [46.64491867400005, 24.765709138000034], [46.644923222000045, 24.765707595000038], [46.644927583000026, 24.765705653000055], [46.64493171500004, 24.765703330000065], [46.64493557600008, 24.765700649000053], [46.64493913100006, 24.76569763400005], [46.64494234700004, 24.765694317000055], [46.644945189000055, 24.76569072700005], [46.64494763300007, 24.76568690000005], [46.64494965500006, 24.76568287300006], [46.644951234000075, 24.765678684000022], [46.64495235600003, 24.76567437500006], [46.64495301000005, 24.765669985000045], [46.64495319000008, 24.765665558000023], [46.64495289400003, 24.765661136000062], [46.64495212400004, 24.76565676200005], [46.64495088900003, 24.76565247800005], [46.64494920000004, 24.765648326000075], [46.644947072000036, 24.765644344000066], [46.64494452800005, 24.765640571000063], [46.644941592000066, 24.765637045000062], [46.64493829000003, 24.765633800000046], [46.64493465700008, 24.76563086400006], [46.64493072600004, 24.765628269000047]]], [[[46.64460341800003, 24.76630307100004], [46.64459922700007, 24.766300839000053], [46.64459481700004, 24.766298993000078], [46.64459022900007, 24.766297551000036], [46.64458550900008, 24.766296526000076], [46.64458070100005, 24.766295929000023], [46.64457585400004, 24.766295765000052], [46.64457101100004, 24.76629603500004], [46.64456622000006, 24.76629673800005], [46.644561528000054, 24.76629786600006], [46.64455698000006, 24.766299408000066], [46.64455262000007, 24.76630135000005], [46.644548488000055, 24.766303674000028], [46.64454462700007, 24.76630635400005], [46.64454107100005, 24.766309369000055], [46.644537856000056, 24.76631268700004], [46.64453501300005, 24.766316276000055], [46.644532569000035, 24.766320103000055], [46.644530548000034, 24.766324131000033], [46.64452896800003, 24.76632832000007], [46.644527846000074, 24.766332629000033], [46.644527192000055, 24.766337019000048], [46.64452701300007, 24.76634144600007], [46.64452730800008, 24.76634586800003], [46.644528078000064, 24.766350242000044], [46.64452931300008, 24.766354525000054], [46.644531003000054, 24.766358678000074], [46.64453312900008, 24.766362660000027], [46.64453567400005, 24.76636643200004], [46.64453861100003, 24.76636995800004], [46.64454191200008, 24.766373204000047], [46.644545546000074, 24.766376140000034], [46.644549477000055, 24.766378735000046], [46.64455366900006, 24.766380967000032], [46.644558078000045, 24.766382813000064], [46.64456266600007, 24.766384255000048], [46.64456738600006, 24.766385279000076], [46.644572194000034, 24.76638587700006], [46.64457704300003, 24.766386041000032], [46.644581885000036, 24.766385770000056], [46.64458667500003, 24.766385068000034], [46.64459136700003, 24.766383940000026], [46.64459591600007, 24.76638239700003], [46.64460027600006, 24.766380455000046], [46.64460440700003, 24.766378132000057], [46.64460826900006, 24.766375451000044], [46.64461182500003, 24.76637243600004], [46.64461503900003, 24.766369119000046], [46.644617882000034, 24.76636552900004], [46.64462032700004, 24.76636170200004], [46.64462234700005, 24.76635767500005], [46.644623928000044, 24.76635348600007], [46.64462505000006, 24.766349177000052], [46.64462570400008, 24.766344787000037], [46.64462588400005, 24.766340360000072], [46.644625587000064, 24.766335938000054], [46.64462481800007, 24.76633156400004], [46.644623583000055, 24.76632728100003], [46.64462189200003, 24.766323128000067], [46.64461976600006, 24.766319146000058], [46.64461722200008, 24.766315374000044], [46.644614285000046, 24.766311847000054], [46.64461098400005, 24.766308602000038], [46.64460735000006, 24.76630566600005], [46.64460341800003, 24.76630307100004]]], [[[46.64414884800004, 24.76720997800004], [46.64414465700003, 24.767207746000054], [46.64414024700005, 24.767205901000068], [46.64413565900003, 24.767204458000037], [46.644130939000036, 24.767203433000077], [46.644126131000064, 24.767202836000024], [46.64412128300006, 24.767202672000053], [46.64411644100005, 24.76720294300003], [46.64411165000007, 24.767203645000052], [46.644106958000066, 24.76720477300006], [46.64410241000007, 24.767206316000056], [46.644098049000036, 24.76720825800004], [46.64409391800007, 24.76721058100003], [46.64409005600004, 24.76721326200004], [46.64408650000007, 24.767216277000045], [46.64408328600007, 24.76721959500003], [46.644080443000064, 24.767223184000045], [46.64407799800006, 24.767227011000045], [46.64407597700006, 24.767231038000034], [46.644074397000054, 24.76723522700007], [46.64407327500004, 24.767239537000023], [46.64407262100008, 24.767243927000038], [46.64407244200004, 24.76724835300007], [46.644072737000045, 24.76725277500003], [46.64407350700003, 24.767257149000045], [46.64407474200004, 24.767261433000044], [46.64407643200008, 24.767265586000065], [46.64407855800005, 24.767269567000028], [46.644081103000076, 24.76727333900004], [46.64408404000005, 24.767276865000042], [46.644087341000045, 24.767280112000037], [46.64409097500004, 24.767283047000035], [46.64409490600008, 24.767285643000037], [46.64409909800003, 24.767287875000022], [46.64410350800006, 24.767289720000065], [46.644108095000036, 24.76729116300004], [46.644112816000074, 24.767292187000066], [46.644117624000046, 24.767292785000052], [46.64412247200005, 24.767292948000033], [46.64412731400006, 24.767292678000047], [46.64413210500004, 24.767291976000024], [46.644136797000044, 24.767290848000073], [46.64414134500004, 24.767289305000077], [46.64414570500003, 24.767287363000037], [46.64414983700004, 24.767285040000047], [46.64415369900007, 24.767282358000045], [46.64415725400005, 24.76727934400003], [46.64416046900004, 24.767276026000047], [46.644163312000046, 24.76727243700003], [46.64416575700005, 24.76726860900004], [46.644167777000064, 24.767264583000042], [46.644169358000056, 24.76726039400006], [46.64417048000007, 24.767256084000053], [46.64417113400003, 24.767251694000038], [46.64417131400006, 24.767247267000073], [46.644171017000076, 24.767242846000045], [46.64417024800008, 24.76723847200003], [46.64416901300007, 24.76723418800003], [46.644167322000044, 24.76723003500007], [46.644165196000074, 24.767226054000048], [46.644162652000034, 24.767222282000034], [46.64415971500006, 24.767218756000034], [46.644156414000065, 24.76721550900004], [46.64415278000007, 24.76721257400004], [46.64414884800004, 24.76720997800004]]], [[[46.644016486000055, 24.767461998000044], [46.64401207600008, 24.76746015200007], [46.644007489000046, 24.767458710000028], [46.644002768000064, 24.767457685000068], [46.643997960000036, 24.76745708800007], [46.64399311300008, 24.767456924000044], [46.64398827000008, 24.76745719400003], [46.64398347900004, 24.767457897000043], [46.64397878700004, 24.76745902500005], [46.643974239000045, 24.767460567000057], [46.64396987900005, 24.76746250900004], [46.64396574700004, 24.767464833000076], [46.64396188500007, 24.767467513000042], [46.64395833000003, 24.767470528000047], [46.64395511500004, 24.76747384600003], [46.643952272000035, 24.767477435000046], [46.64394982700003, 24.767481262000047], [46.643947807000075, 24.767485290000025], [46.643946226000025, 24.767489479000062], [46.64394510400007, 24.767493788000024], [46.64394445000005, 24.76749817800004], [46.643944271000066, 24.76750260500006], [46.64394456700006, 24.767507026000033], [46.64394533600006, 24.767511401000036], [46.64394657100007, 24.767515684000045], [46.64394826200004, 24.767519837000066], [46.643950388000064, 24.767523819000075], [46.64395293200005, 24.767527591000032], [46.64395586900008, 24.767531117000033], [46.64395917000007, 24.76753436300004], [46.64396280400007, 24.767537299000026], [46.64396673600004, 24.767539894000038], [46.643970927000055, 24.767542126000023], [46.64397533700003, 24.767543972000055], [46.64397992500005, 24.76754541400004], [46.643984645000046, 24.767546438000068], [46.643989453000074, 24.767547036000053], [46.64399430200007, 24.767547200000024], [46.64399914300003, 24.767546929000048], [46.64400393400007, 24.767546227000025], [46.64400862600007, 24.767545099000074], [46.644013175000055, 24.767543556000078], [46.644017535000046, 24.767541614000038], [46.64402166600007, 24.76753929100005], [46.64402552800004, 24.767536610000036], [46.64402908400007, 24.76753359500003], [46.64403229800007, 24.767530278000038], [46.644035142000064, 24.76752668900008], [46.64403758600008, 24.76752286100003], [46.64403960700008, 24.767518834000043], [46.64404118700003, 24.767514645000063], [46.64404230900004, 24.767510336000043], [46.64404296300006, 24.76750594600003], [46.64404314300003, 24.767501519000064], [46.64404284700004, 24.767497097000046], [46.64404207700005, 24.767492723000032], [46.64404084200004, 24.767488440000022], [46.64403915200006, 24.76748428700006], [46.644037026000035, 24.76748030500005], [46.64403448100006, 24.767476533000035], [46.64403154400003, 24.767473007000035], [46.64402824300004, 24.76746976100003], [46.64402460900004, 24.767466825000042], [46.64402067800006, 24.76746423000003], [46.644016486000055, 24.767461998000044]]], [[[46.643909638000025, 24.767654728000025], [46.64390522700006, 24.76765288200005], [46.64390063900004, 24.767651440000066], [46.643895920000034, 24.767650416000038], [46.64389111200006, 24.767649818000052], [46.64388626300007, 24.767649654000024], [46.64388142000007, 24.767649925000057], [46.64387663000008, 24.767650627000023], [46.643871939000064, 24.76765175500003], [46.643867390000025, 24.767653298000027], [46.643863029000045, 24.767655240000067], [46.643858898000076, 24.767657563000057], [46.64385503600005, 24.76766024400007], [46.64385148100007, 24.767663259000074], [46.64384826500003, 24.767666576000067], [46.64384542300007, 24.767670165000027], [46.643842979000055, 24.767673993000074], [46.643840957000066, 24.767678020000062], [46.64383937800005, 24.767682209000043], [46.64383825600004, 24.767686518000062], [46.643837602000076, 24.767690908000077], [46.64383742200005, 24.76769533500004], [46.64383771800004, 24.76769975700006], [46.64383848800003, 24.767704131000073], [46.64383972300004, 24.767708414000026], [46.64384141200003, 24.767712567000046], [46.643843539000045, 24.767716549000056], [46.643846084000074, 24.76772032100007], [46.64384902000006, 24.76772384700007], [46.64385232200004, 24.767727093000076], [46.64385595500005, 24.767730029000063], [46.64385988600003, 24.767732624000075], [46.643864078000036, 24.76773485600006], [46.643868489000056, 24.767736702000036], [46.643873076000034, 24.767738144000077], [46.64387779600003, 24.767739169000038], [46.643882604000055, 24.767739766000034], [46.64388745200006, 24.76773993000006], [46.64389229500006, 24.767739660000075], [46.64389708600004, 24.767738957000063], [46.64390177700005, 24.767737829000055], [46.643906325000046, 24.767736287000048], [46.64391068600003, 24.767734345000065], [46.64391481800004, 24.76773202100003], [46.64391868000007, 24.767729341000063], [46.64392223400006, 24.76772632600006], [46.64392545000004, 24.767723008000075], [46.643928292000055, 24.76771941900006], [46.64393073700006, 24.76771559200006], [46.64393275800006, 24.767711564000024], [46.643934338000065, 24.767707375000043], [46.64393546000008, 24.767703066000024], [46.64393611400004, 24.767698676000066], [46.64393629400007, 24.767694249000044], [46.64393599700003, 24.767689828000073], [46.64393522800003, 24.76768545300007], [46.643933993000076, 24.76768117000006], [46.64393230300004, 24.76767701700004], [46.643930176000026, 24.76767303500003], [46.64392763200004, 24.767669263000073], [46.643924696000056, 24.767665737000073], [46.643921394000074, 24.767662491000067], [46.64391776100007, 24.767659555000023], [46.64391382900004, 24.767656960000068], [46.643909638000025, 24.767654728000025]]], [[[46.643870512000035, 24.767746114000033], [46.643866321000075, 24.767743882000048], [46.643861910000055, 24.767742036000072], [46.64385732200003, 24.76774059400003], [46.64385260300003, 24.76773957000006], [46.643847795000056, 24.767738972000075], [46.64384294600006, 24.767738808000047], [46.643838103000064, 24.767739079000023], [46.64383331300007, 24.767739782000035], [46.64382862100007, 24.767740909000054], [46.643824073000076, 24.76774245200005], [46.64381971200004, 24.767744394000033], [46.64381558100007, 24.767746717000023], [46.64381171900004, 24.767749398000035], [46.64380816400006, 24.76775241300004], [46.64380494800008, 24.767755730000033], [46.64380210600007, 24.76775932000004], [46.64379966200005, 24.76776314700004], [46.64379764000006, 24.767767174000028], [46.643796061000046, 24.767771363000065], [46.64379493900003, 24.767775672000027], [46.64379428400008, 24.767780062000043], [46.64379410400005, 24.767784489000064], [46.64379440100004, 24.767788911000025], [46.64379517000003, 24.76779328500004], [46.64379529900003, 24.76779373100004], [46.64379300300004, 24.767795678000027], [46.64378978800005, 24.767798996000067], [46.643786945000045, 24.767802586000073], [46.64378450000004, 24.767806413000073], [46.64378248000003, 24.767810439000073], [46.643780899000035, 24.767814628000053], [46.64377977700008, 24.76781893800006], [46.64377912300006, 24.767823328000077], [46.643778944000076, 24.767827754000052], [46.64377924000007, 24.76783217600007], [46.64378000900007, 24.767836550000027], [46.64378124400008, 24.767840834000026], [46.64378293500005, 24.767844987000046], [46.643785061000074, 24.767848968000067], [46.64378760500006, 24.76785274100007], [46.64379054200003, 24.76785626700007], [46.643793843000026, 24.767859513000076], [46.64379747700008, 24.767862449000063], [46.64380140900005, 24.767865045000065], [46.643805600000064, 24.76786727700005], [46.64381001000004, 24.767869121000047], [46.64381459800006, 24.767870565000067], [46.643819318000055, 24.767871589000038], [46.64382412600003, 24.767872186000034], [46.643828975000076, 24.76787235000006], [46.64383381700003, 24.767872080000075], [46.64383860700008, 24.767871377000063], [46.64384330000007, 24.767870249000055], [46.643847848000064, 24.76786870600006], [46.643852208000055, 24.767866765000065], [46.64385633900008, 24.767864442000075], [46.64386020100005, 24.767861760000073], [46.64386375700008, 24.76785874600006], [46.64386697200007, 24.767855428000075], [46.64386981500007, 24.76785183800007], [46.643872259000034, 24.76784801100007], [46.643874280000034, 24.76784398500007], [46.64387586000004, 24.767839796000032], [46.64387698200005, 24.767835486000024], [46.64387763700006, 24.767831096000066], [46.64387781700003, 24.767826669000044], [46.643877520000046, 24.767822248000073], [46.64387675100005, 24.76781787400006], [46.64387662100006, 24.76781742600008], [46.64387891700005, 24.767815480000024], [46.643882133000034, 24.76781216200004], [46.64388497500005, 24.767808573000025], [46.643887420000055, 24.767804746000024], [46.643889441000056, 24.767800718000046], [46.64389102100006, 24.767796530000055], [46.64389214300007, 24.767792221000036], [46.643892797000035, 24.767787831000078], [46.643892977000064, 24.767783404000056], [46.64389268000008, 24.76777898200004], [46.643891911000026, 24.767774608000025], [46.64389067600007, 24.767770324000026], [46.643888986000036, 24.767766171000062], [46.64388685900008, 24.76776219000004], [46.64388431500004, 24.76775841700004], [46.64388137900005, 24.76775489100004], [46.64387807700007, 24.767751645000033], [46.64387444300007, 24.767748709000045], [46.643870512000035, 24.767746114000033]]], [[[46.64373767300003, 24.767980798000053], [46.64373348100003, 24.767978566000068], [46.64372907100005, 24.767976721000025], [46.64372448300003, 24.76797527800005], [46.643719763000036, 24.767974254000023], [46.643714955000064, 24.767973656000038], [46.64371010800005, 24.767973493000056], [46.64370526500005, 24.767973763000043], [46.64370047400007, 24.767974466000055], [46.643695782000066, 24.767975593000074], [46.64369123300003, 24.76797713700006], [46.643686873000036, 24.767979078000053], [46.64368274200007, 24.767981401000043], [46.64367888000004, 24.767984083000044], [46.64367532400007, 24.76798709700006], [46.64367211000007, 24.767990415000043], [46.643669266000074, 24.767994005000048], [46.64366682200006, 24.76799783200005], [46.64366480100006, 24.768001858000048], [46.643663221000054, 24.76800604700003], [46.64366209900004, 24.768010357000037], [46.64366144500008, 24.768014747000052], [46.64366126500005, 24.768019174000074], [46.643661561000044, 24.768023595000045], [46.64366233100003, 24.76802796900006], [46.64366356600004, 24.768032253000058], [46.64366525600008, 24.76803640600008], [46.64366738200005, 24.768040387000042], [46.643668028000036, 24.76804134300005], [46.64366710100006, 24.768042515000047], [46.643664656000055, 24.768046342000048], [46.643662634000066, 24.768050368000047], [46.64366105500005, 24.768054557000028], [46.64365993300004, 24.768058867000036], [46.643659279000076, 24.76806325700005], [46.64365909900005, 24.768067683000027], [46.64365939500004, 24.768072105000044], [46.64366016500003, 24.768076479000058], [46.64366082600003, 24.768078772000024], [46.64365799500007, 24.768080031000068], [46.643653863000054, 24.768082355000047], [46.643650001000026, 24.76808503600006], [46.64364644600005, 24.768088050000074], [46.643643231000055, 24.768091369000047], [46.64364038800005, 24.768094958000063], [46.643637944000034, 24.768098785000063], [46.643635922000044, 24.768102812000052], [46.64363434300003, 24.768107000000043], [46.64363322100007, 24.76811131100004], [46.643632567000054, 24.768115700000067], [46.643632387000025, 24.76812012700003], [46.64363268300008, 24.76812454800006], [46.643633453000064, 24.768128923000063], [46.64363468800008, 24.768133207000062], [46.643636377000064, 24.768137360000026], [46.64363850400008, 24.768141341000046], [46.64364040400005, 24.76814415800004], [46.64363956600005, 24.768144205000056], [46.643634776000056, 24.768144907000078], [46.64363008400005, 24.76814603500003], [46.64362553500007, 24.768147578000026], [46.64362117500008, 24.768149520000065], [46.64361704400005, 24.768151843000055], [46.64361318200008, 24.768154524000067], [46.64360962600006, 24.76815753900007], [46.643606411000064, 24.768160856000065], [46.64360356800006, 24.768164445000025], [46.64360112400004, 24.76816827300007], [46.64359910300004, 24.76817230000006], [46.64359752200005, 24.76817648900004], [46.643596400000035, 24.76818079800006], [46.643595746000074, 24.768185188000075], [46.643595567000034, 24.76818961500004], [46.64359586300003, 24.768194037000058], [46.643596632000026, 24.76819841100007], [46.64359786700004, 24.768202694000024], [46.64359955800006, 24.768206847000044], [46.64360168400003, 24.768210829000054], [46.64360422800007, 24.768214601000068], [46.64360716500005, 24.76821812700007], [46.64361046600004, 24.768221373000074], [46.643614101000026, 24.76822430900006], [46.64361803200006, 24.768226904000073], [46.64362222300008, 24.76822913600006], [46.64362663300005, 24.768230982000034], [46.64363122100008, 24.768232424000075], [46.64363594100007, 24.768233449000036], [46.64364074900004, 24.768234046000032], [46.643645598000035, 24.76823421000006], [46.643650440000044, 24.768233940000073], [46.643655231000025, 24.76823323700006], [46.64365992300003, 24.768232109000053], [46.64366447100008, 24.768230567000046], [46.64366883100007, 24.768228625000063], [46.64367296300003, 24.768226301000027], [46.64367682500006, 24.76822362100006], [46.643680380000035, 24.768220606000057], [46.64368359500003, 24.768217288000073], [46.64368643800003, 24.768213699000057], [46.64368888300004, 24.768209872000057], [46.64369090300005, 24.76820584400008], [46.64369248400004, 24.76820165600003], [46.643693606000056, 24.76819734600008], [46.643694260000075, 24.768192957000053], [46.64369444000005, 24.768188529000042], [46.64369414400005, 24.76818410800007], [46.643693374000065, 24.768179733000068], [46.64369213900005, 24.768175450000058], [46.643690449000076, 24.768171297000038], [46.64368832200006, 24.768167315000028], [46.64368642200003, 24.768164498000033], [46.643687260000036, 24.768164452000065], [46.64369205100007, 24.768163750000042], [46.64369674200003, 24.768162622000034], [46.64370129000008, 24.768161079000038], [46.64370565200005, 24.768159137000055], [46.64370978300008, 24.768156814000065], [46.64371364500005, 24.768154132000063], [46.643717200000026, 24.76815111800005], [46.643720415000075, 24.768147800000065], [46.64372325800008, 24.76814421100005], [46.64372570200004, 24.76814038300006], [46.64372772400003, 24.76813635700006], [46.64372930300004, 24.768132168000022], [46.64373042500006, 24.76812785800007], [46.64373107900008, 24.768123468000056], [46.64373125900005, 24.768119042000023], [46.64373096300005, 24.768114620000063], [46.64373019300007, 24.76811024600005], [46.643729532000066, 24.768107954000072], [46.64373236400007, 24.76810669400004], [46.64373649500004, 24.76810437000006], [46.64374035700007, 24.768101689000048], [46.64374391200005, 24.768098675000033], [46.64374712700004, 24.76809535700005], [46.643749970000044, 24.768091767000044], [46.64375241400006, 24.768087940000044], [46.64375443600005, 24.768083913000055], [46.643756015000065, 24.768079725000064], [46.64375713700008, 24.768075415000055], [46.64375779100004, 24.76807102500004], [46.64375797100007, 24.768066598000075], [46.643757675000074, 24.768062177000047], [46.64375690500003, 24.768057803000033], [46.643755670000075, 24.768053518000045], [46.64375398100003, 24.76804936600007], [46.64375185400007, 24.76804538500005], [46.64375120900007, 24.768044428000053], [46.643752136000046, 24.768043257000045], [46.64375458100005, 24.768039430000044], [46.64375660200005, 24.768035403000056], [46.643758182000056, 24.768031215000065], [46.64375930400007, 24.768026905000056], [46.64375995800003, 24.76802251500004], [46.64376013800006, 24.768018089000066], [46.643759842000065, 24.768013667000048], [46.64375907200008, 24.768009293000034], [46.64375783700007, 24.768005008000046], [46.64375614700003, 24.768000855000025], [46.64375402100006, 24.767996874000062], [46.643751476000034, 24.767993102000048], [46.64374853900006, 24.767989576000048], [46.643745238000065, 24.767986329000053], [46.64374160400007, 24.767983394000055], [46.64373767300003, 24.767980798000053]]], [[[46.63948953700003, 24.776095575000056], [46.63948480100004, 24.776093054000057], [46.63947981700005, 24.776090967000073], [46.63947463200003, 24.776089338000077], [46.63946929800005, 24.776088180000045], [46.63946386500004, 24.77608750400003], [46.63945838600006, 24.776087319000055], [46.63945291300007, 24.77608762400007], [46.639447500000074, 24.776088419000075], [46.63944219800004, 24.776089693000074], [46.639437058000055, 24.77609143600006], [46.639432130000046, 24.776093630000048], [46.63942746200007, 24.776096255000027], [46.639423097000076, 24.776099285000043], [46.63941907900005, 24.776102691000062], [46.639415445000054, 24.776106440000035], [46.63941223200004, 24.776110497000047], [46.63940947100008, 24.776114820000032], [46.63940718600003, 24.77611937200004], [46.639405400000044, 24.776124104000075], [46.63940413200004, 24.776128975000063], [46.639403393000066, 24.77613393400003], [46.63940339200008, 24.776133961000028], [46.63940126000006, 24.77613665100006], [46.63939849800005, 24.776140975000033], [46.639396214000044, 24.77614552700004], [46.63939442900005, 24.776150259000076], [46.639393161000044, 24.776155130000063], [46.639392421000025, 24.77616008900003], [46.63939221700008, 24.776165092000042], [46.63939255200006, 24.77617008900006], [46.63939342200007, 24.776175031000037], [46.63939481800003, 24.776179872000057], [46.639396727000076, 24.77618456500005], [46.63939913000007, 24.77618906400005], [46.63940200500008, 24.776193327000044], [46.63940532400005, 24.776197311000033], [46.639409054000055, 24.776200980000056], [46.63941316100005, 24.77620429700005], [46.63941760300003, 24.776207230000068], [46.63942234000007, 24.776209752000057], [46.63942732400005, 24.77621183800005], [46.63943250800003, 24.776213468000037], [46.63943784200006, 24.77621462600007], [46.639443275000076, 24.776215301000036], [46.63944875400006, 24.77621548600007], [46.639454227000044, 24.776215181000055], [46.63945964100003, 24.776214388000028], [46.639464943000064, 24.77621311200005], [46.63947008300005, 24.776211369000066], [46.63947501100006, 24.776209176000066], [46.63947968000008, 24.77620655000004], [46.63948404400003, 24.776203520000024], [46.639488062000055, 24.77620011500005], [46.63949169500006, 24.776196365000033], [46.639494908000074, 24.776192309000066], [46.63949767100007, 24.776187985000035], [46.639499955000076, 24.776183435000064], [46.63950174000007, 24.77617870100005], [46.63950300800008, 24.77617383100005], [46.63950374800004, 24.77616887100004], [46.63950374900003, 24.77616884500003], [46.63950588000006, 24.776166154000066], [46.639508643000056, 24.776161830000035], [46.63951092800005, 24.776157279000074], [46.639512713000045, 24.77615254600005], [46.63951398100005, 24.77614767600005], [46.63951472000008, 24.776142716000038], [46.639514923000036, 24.776137713000026], [46.639514588000054, 24.776132717000053], [46.639513719000036, 24.776127775000077], [46.639512324000066, 24.776122933000067], [46.639510415000075, 24.776118241000063], [46.63950801100003, 24.776113741000074], [46.639505135000036, 24.77610947900007], [46.63950181800004, 24.776105494000035], [46.63949808700005, 24.77610182600006], [46.639493980000054, 24.776098509000064], [46.63948953700003, 24.776095575000056]]], [[[46.639205815000025, 24.776597373000072], [46.63920083100004, 24.776595287000077], [46.639195646000076, 24.776593657000035], [46.63919031200004, 24.77659249900006], [46.63918487900003, 24.776591825000025], [46.639179400000046, 24.77659163800007], [46.63917392700006, 24.776591945000064], [46.63916851400006, 24.776592738000033], [46.63916321200003, 24.776594012000032], [46.63915807200004, 24.776595755000073], [46.63915314400003, 24.776597950000053], [46.63914847600006, 24.776600574000042], [46.639144111000064, 24.77660360400006], [46.63914009300004, 24.776607011000067], [46.63913645900004, 24.77661076000004], [46.63913324600003, 24.776614816000063], [46.63913048400008, 24.776619141000026], [46.63912819900003, 24.776623691000054], [46.63912641400003, 24.776628424000023], [46.639125146000026, 24.776633294000078], [46.639124406000064, 24.776638255000023], [46.63912420300005, 24.776643256000057], [46.639124485000025, 24.776647455000045], [46.63912194400007, 24.776648884000053], [46.63911757900007, 24.77665191400007], [46.639113561000045, 24.77665532000003], [46.63910992800004, 24.77665906900006], [46.639106715000025, 24.776663126000074], [46.639103953000074, 24.776667450000048], [46.63910166800008, 24.776672000000076], [46.6391009053142, 24.776674022292585], [46.639107989168224, 24.77667697099279], [46.63911693457646, 24.77668069410083], [46.639125879985194, 24.776684417208298], [46.6391348254063, 24.776688141217974], [46.63914377081605, 24.776691864324327], [46.639152716238165, 24.776695588332874], [46.639161661648934, 24.77669931143809], [46.63917060707207, 24.776703035445507], [46.63917955347265, 24.776706758538772], [46.63918849889681, 24.77671048254506], [46.63919744430961, 24.776714205648027], [46.63920205925091, 24.776716126860816], [46.63920312500005, 24.77671445900006], [46.639205409000056, 24.776709908000043], [46.63920719400005, 24.776705176000064], [46.639208463000045, 24.776700305000077], [46.639209202000075, 24.776695345000064], [46.63920940600008, 24.77669034200005], [46.639209125000036, 24.776686144000053], [46.63921166600005, 24.776684716000034], [46.63921603000006, 24.776681686000074], [46.63922004800003, 24.776678279000066], [46.63922368200008, 24.776674530000037], [46.639226894000046, 24.77667047400007], [46.639229657000044, 24.77666614900005], [46.63923194200004, 24.77666159900008], [46.63923372700003, 24.776656866000053], [46.63923499500004, 24.776651996000055], [46.63923573400007, 24.776647035000053], [46.63923593700008, 24.77664203300003], [46.63923560300003, 24.776637037000057], [46.63923473400007, 24.776632094000036], [46.639233338000054, 24.776627253000072], [46.63923142900006, 24.776622561000067], [46.63922902500008, 24.776618062000068], [46.63922615000007, 24.776613799000074], [46.63922283200003, 24.77660981400004], [46.63921910100004, 24.776606146000063], [46.63921499500003, 24.776602828000023], [46.639210551000076, 24.77659989500006], [46.639205815000025, 24.776597373000072]]], [[[46.63857735200003, 24.777865787000053], [46.638572615000044, 24.777863265000065], [46.63856763100006, 24.77786118000006], [46.63856244700003, 24.777859550000073], [46.63855711300005, 24.77785839200004], [46.638551680000035, 24.777857716000028], [46.638546200000064, 24.777857531000052], [46.638540728000066, 24.777857836000067], [46.63853531400008, 24.777858631000072], [46.63853001200005, 24.77785990500007], [46.63852487100007, 24.777861648000055], [46.63851994300006, 24.777863841000055], [46.63851527500003, 24.777866467000024], [46.638510911000026, 24.77786949700004], [46.638506892000066, 24.77787290200007], [46.63850325900006, 24.77787665200003], [46.63850004600005, 24.777880708000055], [46.63849728300005, 24.77788503200003], [46.638494999000045, 24.777889582000057], [46.63849344500005, 24.777893703000075], [46.63849000600004, 24.77789563600004], [46.638485642000035, 24.777898666000056], [46.638481623000075, 24.777902072000074], [46.63847799100006, 24.777905821000047], [46.638474777000056, 24.77790987800006], [46.63847201500005, 24.777914202000034], [46.63846973100004, 24.77791875300005], [46.63846794500006, 24.77792348500003], [46.63846667700005, 24.777928356000075], [46.638465937000035, 24.77793331600003], [46.63846593400007, 24.77793341200004], [46.63846535600004, 24.777934007000056], [46.63846214300003, 24.777938064000068], [46.638459381000075, 24.777942388000042], [46.63845709600008, 24.77794693800007], [46.63845531100003, 24.77795167100004], [46.63845404300008, 24.777956542000027], [46.63845330400005, 24.77796150200004], [46.63845310000005, 24.777966504000062], [46.63845343500003, 24.777971500000035], [46.63845430400005, 24.777976443000057], [46.638455700000065, 24.777981284000077], [46.638457609000056, 24.77798597700007], [46.63846001300004, 24.77799047600007], [46.63846288700006, 24.777994738000075], [46.63846620600003, 24.777998723000053], [46.638469937000025, 24.778002392000076], [46.63847404300003, 24.77800570900007], [46.638478486000054, 24.778008643000078], [46.63848322300004, 24.778011164000077], [46.63848820700008, 24.778013250000072], [46.638493391000054, 24.778014880000057], [46.638498725000034, 24.778016038000032], [46.638504159000036, 24.778016713000056], [46.63850963800007, 24.77801689900008], [46.63851511000007, 24.778016593000075], [46.63852052400006, 24.77801580000005], [46.63852582700008, 24.77801452500006], [46.638530966000076, 24.778012782000076], [46.63853589400003, 24.77801058800003], [46.63854056300005, 24.77800796300005], [46.638544928000044, 24.778004933000034], [46.63854894600007, 24.77800152700007], [46.63855257900008, 24.777997778000042], [46.638555792000034, 24.77799372100003], [46.63855855400004, 24.777989397000056], [46.638560839000036, 24.777984847000027], [46.63856262400003, 24.77798011400006], [46.638563893000025, 24.77797524400006], [46.638564632000055, 24.77797028300006], [46.63856463600007, 24.77797018700005], [46.63856521300005, 24.777969592000034], [46.63856842600006, 24.777965536000067], [46.63857118900006, 24.777961211000047], [46.638573473000065, 24.777956661000076], [46.63857502700006, 24.777952540000058], [46.63857846600007, 24.777950607000037], [46.638582830000075, 24.777947577000077], [46.638586849000035, 24.777944172000048], [46.63859048100005, 24.77794042200003], [46.638593694000065, 24.777936366000063], [46.63859645700006, 24.77793204200003], [46.63859874100007, 24.77792749200006], [46.63860052600006, 24.777922758000045], [46.638601795000056, 24.777917888000047], [46.63860253400003, 24.777912928000035], [46.63860273800003, 24.77790792600007], [46.63860240300005, 24.77790292900005], [46.63860153300004, 24.777897986000028], [46.63860013800007, 24.777893146000054], [46.63859822900008, 24.77788845300006], [46.63859582600003, 24.77788395400006], [46.63859295000003, 24.777879691000066], [46.63858963100006, 24.777875707000078], [46.638585901000056, 24.777872037000066], [46.63858179400006, 24.77786872100006], [46.63857735200003, 24.777865787000053]]], [[[46.63834158000003, 24.77833973500003], [46.63833822700008, 24.778337950000036], [46.63833469800005, 24.778336472000035], [46.63833102800004, 24.778335319000064], [46.63832725100008, 24.77833449900004], [46.63832340500005, 24.778334021000035], [46.63831952600003, 24.778333890000056], [46.638315652000074, 24.778334106000045], [46.63831181900008, 24.77833466800007], [46.63830806500005, 24.778335570000024], [46.63830442600005, 24.77833680300006], [46.638300937000054, 24.778338358000042], [46.63829763200005, 24.77834021600006], [46.63829454200004, 24.778342361000057], [46.63829169700006, 24.778344772000025], [46.63828912500003, 24.77834742600004], [46.63828685000004, 24.778350298000078], [46.63828489500003, 24.77835336000004], [46.63828327700003, 24.778356581000025], [46.63828201300004, 24.778359932000058], [46.63828111500004, 24.77836338000003], [46.63828059200006, 24.778366891000076], [46.63828052300005, 24.77836859100006], [46.63827763200004, 24.77837021600004], [46.63827454200003, 24.778372361000038], [46.63827169700005, 24.778374772000063], [46.63826912400003, 24.778377426000077], [46.638266850000036, 24.77838029800006], [46.63826489400003, 24.778383360000078], [46.63826327700008, 24.778386581000063], [46.63826201300003, 24.77838993200004], [46.638261115000034, 24.778393380000068], [46.63826059100006, 24.778396891000057], [46.63826044800004, 24.77840043300006], [46.638260684000045, 24.778403970000056], [46.63826130000007, 24.778407469000058], [46.63826228800008, 24.77841089700007], [46.63826364000005, 24.77841421900007], [46.63826534100008, 24.778417404000038], [46.638267377000034, 24.778420422000067], [46.63826972600003, 24.778423243000077], [46.63827236700007, 24.778425840000068], [46.63827527500007, 24.778428189000067], [46.63827842000006, 24.778430265000054], [46.638281773000074, 24.77843205000005], [46.63828530200004, 24.77843352800005], [46.638288972000055, 24.77843468100008], [46.63829274900007, 24.778435501000047], [46.63829659500004, 24.77843597900005], [46.63830047400006, 24.778436111000076], [46.63830434800008, 24.77843589400004], [46.63830818100007, 24.778435332000072], [46.63831193500005, 24.77843443000006], [46.638315574000046, 24.778433196000037], [46.63831906300004, 24.778431642000044], [46.638322369000036, 24.778429784000025], [46.638325458000054, 24.77842763900003], [46.63832830300004, 24.77842522800006], [46.638330875000065, 24.778422573000057], [46.63833315000005, 24.778419702000065], [46.638335106000056, 24.778416640000046], [46.638336723000066, 24.77841341900006], [46.63833798700006, 24.778410068000028], [46.63833888500005, 24.778406620000055], [46.638339408000036, 24.778403108000077], [46.638339477000045, 24.778401409000026], [46.63834236800005, 24.778399784000044], [46.63834545800006, 24.778397639000048], [46.63834830300004, 24.77839522800008], [46.63835087500007, 24.778392573000076], [46.63835315000006, 24.778389702000027], [46.63835510500007, 24.778386640000065], [46.63835672400006, 24.77838341900008], [46.63835798700006, 24.778380068000047], [46.63835888500006, 24.778376620000074], [46.63835940900003, 24.77837310800004], [46.638359552000054, 24.778369568000073], [46.63835931600005, 24.77836603000003], [46.638358700000026, 24.778362531000028], [46.63835771200007, 24.77835910300007], [46.638356361000035, 24.778355781000073], [46.638354658000026, 24.778352596000047], [46.63835262300006, 24.778349578000075], [46.63835027400006, 24.778346757000065], [46.63834763300008, 24.778344160000074], [46.63834472500008, 24.778341811000075], [46.63834158000003, 24.77833973500003]]], [[[46.63828158000007, 24.778439734000074], [46.63827822600007, 24.77843794900008], [46.63827469800003, 24.778436473000056], [46.63827102800008, 24.77843531900004], [46.63826725100006, 24.77843449900007], [46.63826340500003, 24.778434021000066], [46.63825952600007, 24.77843388900004], [46.638255651000065, 24.778434106000077], [46.63825181900006, 24.778434668000045], [46.63824806500003, 24.778435570000056], [46.63824442600003, 24.778436804000023], [46.638240937000035, 24.778438357000027], [46.63823763200003, 24.778440215000046], [46.63823454200008, 24.77844236100003], [46.63823169700004, 24.778444772000057], [46.638229125000066, 24.77844742600007], [46.63822685000008, 24.778450298000052], [46.638224895000064, 24.778453359000025], [46.638223276000076, 24.778456581000057], [46.638222013000075, 24.778459932000032], [46.63822111500008, 24.778463380000062], [46.63822059100005, 24.77846689100005], [46.63822044800003, 24.778470433000052], [46.63822068400003, 24.77847397000005], [46.638221300000055, 24.77847747000004], [46.638222288000065, 24.778480897000065], [46.638223639000046, 24.778484218000074], [46.638225342000055, 24.778487404000032], [46.63822737700008, 24.77849042200006], [46.63822972600008, 24.77849324300007], [46.63823236700006, 24.778495840000062], [46.638235275000056, 24.77849818900006], [46.63823842000005, 24.778500265000048], [46.63824177300006, 24.778502051000032], [46.63824530200003, 24.778503527000055], [46.63824897200004, 24.77850468200006], [46.63825274900006, 24.77850550200003], [46.63825659500003, 24.778505980000034], [46.63826047500004, 24.778506110000023], [46.638264348000064, 24.778505895000023], [46.63826818100006, 24.778505333000055], [46.638271935000034, 24.778504430000055], [46.63827557400003, 24.77850319600003], [46.63827906300003, 24.778501643000027], [46.638282368000034, 24.778499784000076], [46.63828545800004, 24.77849764000007], [46.63828830300008, 24.778495228000054], [46.63829087500005, 24.77849257400004], [46.63829315000004, 24.77848970200006], [46.638295105000054, 24.77848664100003], [46.63829672300005, 24.778483419000054], [46.638297987000044, 24.778480069000068], [46.63829888500004, 24.77847662100004], [46.63829940900007, 24.77847310900006], [46.63829955300008, 24.77846956700006], [46.63829931600003, 24.77846602900007], [46.638298700000064, 24.77846253100006], [46.63829771200005, 24.778459104000035], [46.63829636100007, 24.778455781000048], [46.63829465800006, 24.778452596000022], [46.63829262300004, 24.77844957800005], [46.63829027400004, 24.77844675700004], [46.63828763300006, 24.77844416000005], [46.63828472500006, 24.77844181200004], [46.63828158000007, 24.778439734000074]]], [[[46.638178227000026, 24.778627949000054], [46.63817469800006, 24.77862647200004], [46.638171028000045, 24.77862531900007], [46.63816725100003, 24.778624499000045], [46.63816340500006, 24.77862402100004], [46.63815952600004, 24.778623889000073], [46.63815565200008, 24.778624106000052], [46.63815181900003, 24.778624668000077], [46.63814806500005, 24.77862557000003], [46.63814442600005, 24.778626804000055], [46.63814093700006, 24.77862835700006], [46.63813763200005, 24.778630216000067], [46.638134542000046, 24.778632361000064], [46.63813169700006, 24.778634772000032], [46.638129125000034, 24.778637427000035], [46.63812685000005, 24.778640297000038], [46.63812489500003, 24.778643359000057], [46.638123277000034, 24.778646581000032], [46.63812201300004, 24.778649932000064], [46.63812111500005, 24.778653380000037], [46.638120591000074, 24.778656892000072], [46.63812044700006, 24.778660433000027], [46.63812068400006, 24.778663970000025], [46.63812095900005, 24.778665533000037], [46.63811912500006, 24.778667426000027], [46.638116850000074, 24.778670298000065], [46.63811489500006, 24.778673360000028], [46.63811327700006, 24.77867658100007], [46.63811201300007, 24.778679932000045], [46.63811111500007, 24.778683380000075], [46.63811059100004, 24.778686891000063], [46.63811044700003, 24.778690433000065], [46.638110684000026, 24.778693970000063], [46.63811130000005, 24.778697469000065], [46.63811228800006, 24.77870089700008], [46.63811356700006, 24.778704041000026], [46.63811340500007, 24.778704021000067], [46.63810952600005, 24.77870388900004], [46.638105651000046, 24.778704106000077], [46.63810181800005, 24.778704668000046], [46.638098065000065, 24.778705570000056], [46.638094426000066, 24.778706804000024], [46.63809093700007, 24.778708357000028], [46.638087631000076, 24.778710215000046], [46.63808454100007, 24.778712361000032], [46.638081697000075, 24.778714772000058], [46.63807912500005, 24.77871742600007], [46.63807685000006, 24.778720298000053], [46.638074894000056, 24.778723359000026], [46.638073277000046, 24.778726581000058], [46.638072013000055, 24.778729932000033], [46.63807111500006, 24.778733380000062], [46.638070592000076, 24.77873689200004], [46.638070447000075, 24.778740433000053], [46.63807068500006, 24.77874397000005], [46.638071300000036, 24.778747469000052], [46.638072288000046, 24.778750897000066], [46.63807364000007, 24.778754219000064], [46.63807534100005, 24.778757404000032], [46.63807737600007, 24.77876042200006], [46.63807972700005, 24.77876324300007], [46.638081302000046, 24.77876479200006], [46.63807806500006, 24.778765570000076], [46.63807442600006, 24.778766804000043], [46.638070937000066, 24.778768357000047], [46.63806763100007, 24.778770216000055], [46.63806454100006, 24.778772360000062], [46.63806169700007, 24.778774772000077], [46.63805912500004, 24.778777426000033], [46.638056849000066, 24.778780298000072], [46.63805489400005, 24.778783359000045], [46.63805327700004, 24.778786581000077], [46.63805201300005, 24.778789932000052], [46.63805111500005, 24.778793380000025], [46.63805059200007, 24.77879689100007], [46.63805044700007, 24.77880043300007], [46.63805068500005, 24.77880397000007], [46.63805130000003, 24.77880746900007], [46.63805228900003, 24.77881089600004], [46.63805364000007, 24.778814219000026], [46.63805534100004, 24.77881740500004], [46.63805737600006, 24.778820422000024], [46.63805972600005, 24.778823242000044], [46.63806236700003, 24.778825840000025], [46.63806527400004, 24.778828188000034], [46.63806842000008, 24.778830265000067], [46.638071773000036, 24.77883205100005], [46.63807530200006, 24.778833528000064], [46.63807897200007, 24.778834681000035], [46.638082749000034, 24.77883550100006], [46.63808659400007, 24.778835979000064], [46.63809047400008, 24.778836111000032], [46.63809434900003, 24.778835894000053], [46.63809818100003, 24.77883533200003], [46.638101936000055, 24.778834430000074], [46.638105575000054, 24.77883319600005], [46.63810906300006, 24.778831643000046], [46.638112368000066, 24.778829784000038], [46.63811545800007, 24.778827639000042], [46.638118303000056, 24.778825228000073], [46.63812087600007, 24.77882257300007], [46.63812315000007, 24.778819703000067], [46.638125106000075, 24.77881664100005], [46.63812672300003, 24.778813419000073], [46.638127987000075, 24.77881006800004], [46.63812888600006, 24.77880662000007], [46.638129409000044, 24.778803108000034], [46.638129552000066, 24.77879956700008], [46.63812931600006, 24.778796030000024], [46.63812870100003, 24.77879253100008], [46.63812771200003, 24.778789103000065], [46.63812636000006, 24.778785781000067], [46.63812465900003, 24.778782596000042], [46.63812262300007, 24.77877957800007], [46.63812027400007, 24.77877675700006], [46.63811869800003, 24.77877520800007], [46.63812193500007, 24.778774430000055], [46.63812557400007, 24.77877319600003], [46.638129063000065, 24.778771643000027], [46.63813236900006, 24.778769784000076], [46.63813545900007, 24.77876764000007], [46.63813830300006, 24.778765228000054], [46.63814087500003, 24.77876257400004], [46.638143150000076, 24.77875970200006], [46.63814510600008, 24.77875664100003], [46.638146723000034, 24.778753419000054], [46.638147987000025, 24.77875006900007], [46.63814888500008, 24.77874662000005], [46.63814940800006, 24.77874310900006], [46.63814955300006, 24.77873956700006], [46.63814931500008, 24.77873603000006], [46.638148700000045, 24.77873253100006], [46.638147712000034, 24.778729104000035], [46.63814643300003, 24.77872595900004], [46.63814659500008, 24.778725979000058], [46.63815047400004, 24.778726111000026], [46.63815434900005, 24.778725894000047], [46.63815818100005, 24.77872533200008], [46.63816193500003, 24.778724430000068], [46.63816557400003, 24.778723196000044], [46.63816906300008, 24.77872164200005], [46.63817236800003, 24.77871978400003], [46.638175458000035, 24.778717639000035], [46.638178303000075, 24.778715228000067], [46.638180875000046, 24.778712573000064], [46.63818315000003, 24.77870970200007], [46.63818510500005, 24.778706640000053], [46.638186724000036, 24.778703419000067], [46.63818798700004, 24.778700068000035], [46.638188885000034, 24.778696620000062], [46.63818940900006, 24.778693108000027], [46.63818955200003, 24.77868956800006], [46.63818931600008, 24.778686030000074], [46.63818904100003, 24.778684467000062], [46.63819087600007, 24.778682574000072], [46.63819315000006, 24.778679702000034], [46.63819510600007, 24.77867664100006], [46.63819672400007, 24.77867341900003], [46.63819798700007, 24.778670068000054], [46.638198885000065, 24.778666620000024], [46.63819940900004, 24.778663109000036], [46.63819955200006, 24.778659567000034], [46.638199316000055, 24.778656030000036], [46.63819870000003, 24.778652531000034], [46.63819771200008, 24.778649104000067], [46.63819636100004, 24.778645781000023], [46.63819465900008, 24.778642595000065], [46.638192623000066, 24.778639578000025], [46.63819027400007, 24.778636757000072], [46.63818763300003, 24.778634160000024], [46.63818472500003, 24.77863181200007], [46.63818158000004, 24.778629735000038], [46.638178227000026, 24.778627949000054]]], [[[46.63768321200007, 24.779591027000038], [46.637678476000076, 24.77958850500005], [46.63767349200003, 24.779586419000054], [46.63766830800006, 24.77958478900007], [46.63766297300003, 24.779583632000026], [46.63765754000008, 24.77958295600007], [46.63765206100004, 24.779582770000047], [46.63764658900004, 24.77958307600005], [46.637641175000056, 24.779583870000067], [46.63763587200003, 24.779585144000066], [46.63763073200005, 24.77958688700005], [46.63762580400004, 24.77958908100004], [46.637621135000074, 24.779591706000076], [46.63761677000008, 24.779594736000035], [46.63761275200005, 24.779598142000054], [46.63760911800006, 24.779601891000027], [46.63760590500004, 24.77960594700005], [46.637603143000035, 24.779610271000024], [46.63760085800004, 24.779614822000042], [46.63759907300005, 24.779619555000068], [46.63759780500004, 24.779624425000065], [46.63759706600007, 24.779629385000078], [46.637596863000056, 24.779634388000034], [46.63759703100004, 24.77963691000008], [46.637595076000025, 24.779639377000024], [46.637592314000074, 24.779643701000055], [46.63759002900008, 24.779648252000072], [46.63758824300004, 24.77965298400005], [46.63758697500003, 24.77965785500004], [46.63758682300005, 24.779658871000038], [46.637585038000054, 24.77965987600004], [46.63758067300006, 24.779662906000056], [46.63757665500003, 24.779666311000028], [46.63757302100004, 24.779670061000047], [46.63756980800008, 24.77967411700007], [46.63756704600007, 24.779678441000044], [46.63756476100008, 24.779682992000062], [46.63756297600003, 24.77968772500003], [46.63756176000004, 24.779692392000072], [46.63756004900006, 24.77969384200003], [46.63755641700004, 24.779697592000048], [46.63755320300004, 24.779701647000024], [46.63755044100003, 24.779705972000045], [46.63754815600004, 24.779710522000073], [46.63754637100004, 24.779715255000042], [46.637545103000036, 24.77972012500004], [46.637544363000075, 24.77972508600004], [46.63754416000006, 24.779730088000065], [46.63754420300006, 24.779730736000033], [46.63754055600003, 24.77973382700003], [46.63753692300003, 24.77973757500007], [46.63753370900008, 24.779741632000025], [46.63753094800006, 24.779745957000046], [46.63752866300007, 24.779750507000074], [46.63752687700003, 24.779755239000053], [46.63752560900008, 24.77976011000004], [46.63752513700007, 24.77976327300007], [46.637523671000054, 24.779764097000054], [46.63751930700005, 24.77976712700007], [46.63751528800003, 24.779770533000033], [46.637511655000026, 24.779774282000062], [46.63750844200007, 24.779778339000075], [46.63750567900007, 24.77978266300005], [46.63750339500007, 24.779787213000077], [46.637501609000026, 24.779791946000046], [46.63750034100008, 24.779796816000044], [46.63749960100006, 24.779801777000046], [46.637499398000045, 24.77980677900007], [46.63749973200004, 24.77981177500004], [46.637500602000046, 24.779816718000063], [46.63750199800006, 24.779821559000027], [46.63750390700005, 24.779826252000078], [46.63750631000005, 24.779830751000077], [46.637509185000056, 24.779835013000024], [46.63751250400003, 24.77983899800006], [46.63751623400003, 24.779842667000025], [46.63752034100003, 24.779845984000076], [46.63752478400005, 24.779848918000027], [46.637529520000044, 24.779851439000026], [46.637534505000076, 24.779853526000068], [46.63753968900005, 24.779855155000064], [46.63754502300003, 24.77985631300004], [46.63755045600004, 24.779856988000063], [46.63755593600007, 24.77985717400003], [46.63756140900006, 24.779856868000024], [46.63756682300004, 24.779856075000055], [46.63757212500008, 24.779854801000056], [46.63757726500006, 24.77985305800007], [46.63758219300007, 24.779850863000036], [46.637586862000035, 24.779848239000046], [46.63759122600004, 24.77984520900003], [46.63759524500006, 24.779841802000078], [46.63759887800006, 24.779838054000038], [46.637602091000076, 24.779833997000026], [46.637604854000074, 24.77982967300005], [46.63760713800008, 24.779825122000034], [46.63760892300007, 24.779820390000054], [46.63761019200007, 24.779815519000067], [46.63761066300003, 24.779812356000036], [46.637612130000036, 24.779811532000053], [46.637615803000074, 24.779808982000077], [46.63762097000006, 24.779808225000068], [46.637626272000034, 24.77980695100007], [46.637631412000076, 24.779805208000028], [46.63763634000003, 24.77980301300005], [46.63764100900005, 24.77980038900006], [46.637645373000055, 24.779797359000042], [46.63764939200007, 24.779793952000034], [46.63765302500008, 24.77979020400005], [46.637656238000034, 24.77978614700004], [46.63765900100003, 24.779781823000064], [46.637661285000036, 24.779777272000047], [46.63766307000003, 24.779772540000067], [46.637664338000036, 24.779767669000023], [46.637665078000055, 24.779762709000067], [46.63766528200006, 24.779757707000044], [46.637664947000076, 24.77975271100007], [46.63766407700007, 24.77974776800005], [46.63766268200004, 24.77974292600004], [46.63766077300005, 24.779738234000035], [46.63765906900005, 24.779735045000052], [46.63766024500006, 24.779733832000034], [46.63766345800008, 24.779729776000067], [46.63766622000003, 24.779725452000037], [46.63766850500008, 24.779720901000076], [46.637670290000074, 24.77971616800005], [46.63767155900007, 24.779711298000052], [46.63767171100005, 24.779710281000064], [46.63767349600005, 24.77970927700005], [46.63767786100004, 24.779706247000036], [46.63768187900007, 24.779702841000073], [46.637685513000065, 24.779699092000044], [46.63768872600008, 24.77969503500003], [46.63769148800003, 24.779690711000057], [46.63769377300008, 24.77968616100003], [46.637695558000075, 24.77968142800006], [46.63769682700007, 24.779676557000073], [46.63769756600004, 24.77967159700006], [46.637697770000045, 24.779666595000037], [46.63769760000008, 24.77966407400004], [46.63769955600003, 24.779661606000047], [46.63770231800004, 24.779657282000073], [46.63770460300003, 24.779652732000045], [46.637706388000026, 24.77964799800003], [46.63770765600003, 24.779643128000032], [46.63770839500006, 24.779638168000076], [46.637708599000064, 24.779633165000064], [46.637708264000025, 24.779628169000034], [46.637707395000064, 24.77962322600007], [46.63770599900005, 24.77961838600004], [46.63770409000006, 24.779613692000055], [46.63770168600007, 24.779609193000056], [46.63769881200005, 24.77960493100005], [46.63769549300008, 24.779600946000073], [46.63769176200003, 24.77959727700005], [46.637687656000026, 24.779593961000046], [46.63768321200007, 24.779591027000038]]], [[[46.63742403100008, 24.780139663000057], [46.63741929500003, 24.780137142000058], [46.637414310000054, 24.780135056000063], [46.63740912600008, 24.780133426000077], [46.63740379200004, 24.780132268000045], [46.63739835800004, 24.78013159300008], [46.63739287900006, 24.780131408000045], [46.63738740600007, 24.78013171300006], [46.63738199200003, 24.78013250600003], [46.63737669000005, 24.780133781000075], [46.63737155000007, 24.78013552300007], [46.63736662200006, 24.78013771800005], [46.63736195300004, 24.78014034200004], [46.63735758900003, 24.780143372000055], [46.63735357000007, 24.780146779000063], [46.63734993700007, 24.780150527000046], [46.637346724000054, 24.78015458400006], [46.637343961000056, 24.78015890900008], [46.63734167700005, 24.78016345900005], [46.63733989100007, 24.78016819100003], [46.63733862300006, 24.780173062000074], [46.63733788300004, 24.78017802200003], [46.63733768000003, 24.780183025000042], [46.63733801400008, 24.780188021000072], [46.63733888400003, 24.780192963000047], [46.637340280000046, 24.780197805000057], [46.63734218900004, 24.78020249700006], [46.637344592000034, 24.78020699600006], [46.63734746700004, 24.780211259000055], [46.63735078600007, 24.780215244000033], [46.63735451600007, 24.780218912000066], [46.63735862300007, 24.78022223000005], [46.637363066000034, 24.78022516300007], [46.63736780200003, 24.780227685000057], [46.63737278700006, 24.78022977100005], [46.637377971000035, 24.780231401000037], [46.63738330500007, 24.78023255900007], [46.63738873900007, 24.780233234000036], [46.637394218000054, 24.78023341900007], [46.63739969100004, 24.780233114000055], [46.63740510500003, 24.78023232000004], [46.63741040700006, 24.78023104600004], [46.637415547000046, 24.780229303000056], [46.637420475000056, 24.780227109000066], [46.637425144000076, 24.78022448400003], [46.637429508000025, 24.78022145400007], [46.63743352700004, 24.78021804800005], [46.63743716000005, 24.78021429900008], [46.63744037400005, 24.780210243000056], [46.63744313600006, 24.780205918000036], [46.63744542000006, 24.780201368000064], [46.63744720600005, 24.78019663500004], [46.63744847400005, 24.78019176500004], [46.63744921400007, 24.78018680400004], [46.63744941700003, 24.780181803000062], [46.637449083000035, 24.780176806000043], [46.63744821300003, 24.780171863000078], [46.63744681700007, 24.780167022000057], [46.63744490800008, 24.780162330000053], [46.63744250500008, 24.780157831000054], [46.637439630000074, 24.78015356800006], [46.637436311000044, 24.780149583000025], [46.63743258100004, 24.78014591400006], [46.637428474000046, 24.780142597000065], [46.63742403100008, 24.780139663000057]]], [[[46.637321514000064, 24.78029173400006], [46.63731677700008, 24.78028921200007], [46.63731179300004, 24.780287127000065], [46.63730660900006, 24.780285497000023], [46.63730127400004, 24.780284339000048], [46.637295841000025, 24.780283663000034], [46.637290363000034, 24.780283478000058], [46.637284890000046, 24.780283783000073], [46.63727947600006, 24.78028457700003], [46.63727417300004, 24.78028585100003], [46.63726903300005, 24.78028759400007], [46.63726410500004, 24.78028978800006], [46.63725943600008, 24.78029241300004], [46.63725507100003, 24.780295443000057], [46.63725105300006, 24.780298849000076], [46.63724741900006, 24.78030259800005], [46.63724420600005, 24.78030665400007], [46.63724144400004, 24.780310979000035], [46.637239159000046, 24.780315529000063], [46.63723737400005, 24.780320262000032], [46.637236105000056, 24.78032513200003], [46.63723536700007, 24.780330092000042], [46.63723516300007, 24.780335095000055], [46.63723549800005, 24.780340092000074], [46.63723636700007, 24.78034503400005], [46.63723776200004, 24.78034987500007], [46.63723967100003, 24.780354568000064], [46.63724091900008, 24.78035690300004], [46.637236545000064, 24.780358386000046], [46.637231617000054, 24.780360580000035], [46.637226948000034, 24.78036320500007], [46.63722258400003, 24.78036623500003], [46.63721856500007, 24.78036964100005], [46.63721493200006, 24.780373390000022], [46.63721171900005, 24.780377446000045], [46.63720895600005, 24.780381771000066], [46.63720667200005, 24.780386321000037], [46.63720488600006, 24.780391054000063], [46.63720361800006, 24.78039592400006], [46.63720287800004, 24.780400884000073], [46.637202675000026, 24.78040588700003], [46.637203009000075, 24.780410884000048], [46.63720308200004, 24.780411296000068], [46.63720196000003, 24.780412247000072], [46.63719832600003, 24.780415996000045], [46.637195113000075, 24.780420052000068], [46.63719235100007, 24.78042437600004], [46.63719006600007, 24.78042892700006], [46.63718828100008, 24.78043366000003], [46.63718825300003, 24.780433771000048], [46.63718435200008, 24.78043596300006], [46.63717998800007, 24.780438993000075], [46.637175969000054, 24.780442399000037], [46.63717233600005, 24.780446148000067], [46.637169123000035, 24.780450204000033], [46.63716636000004, 24.780454529000053], [46.63716407600003, 24.780459079000025], [46.63716229100004, 24.78046381200005], [46.63716102300003, 24.78046868200005], [46.63716028300007, 24.78047364200006], [46.63716007900007, 24.780478645000073], [46.63716011400004, 24.780479167000067], [46.63715717500003, 24.78048220000005], [46.63715396100008, 24.780486256000074], [46.63715120000006, 24.78049058000005], [46.63714891400008, 24.780495130000077], [46.63714712900003, 24.780499864000035], [46.63714586100008, 24.780504733000043], [46.63714512200005, 24.780509694000045], [46.637144919000036, 24.78051469600007], [46.63714525300003, 24.78051969300003], [46.63714612200005, 24.780524636000052], [46.63714751800006, 24.780529476000027], [46.637149427000054, 24.780534169000077], [46.63715088400005, 24.780536896000058], [46.63715069400007, 24.78054157100007], [46.63715102800006, 24.780546567000044], [46.63715189800007, 24.780551510000066], [46.63715329400003, 24.78055635100003], [46.63715520300008, 24.780561043000034], [46.63715760600007, 24.780565542000033], [46.63716048100008, 24.780569805000027], [46.63716380000005, 24.780573790000062], [46.637167530000056, 24.78057745800004], [46.63717163700005, 24.78058077600008], [46.637176080000074, 24.78058371000003], [46.63718081600007, 24.78058623100003], [46.637185801000044, 24.780588317000024], [46.637190985000075, 24.780589947000067], [46.637196319000054, 24.780591105000042], [46.637201753000056, 24.780591780000066], [46.63720723200004, 24.78059196600003], [46.63721270500008, 24.780591660000027], [46.63721811900007, 24.780590867000058], [46.637223421000044, 24.78058959200007], [46.637228562000075, 24.780587850000074], [46.63723348900004, 24.78058565500004], [46.63723815900005, 24.78058303100005], [46.637242523000054, 24.780580001000033], [46.63724654200007, 24.780576594000024], [46.63725017400003, 24.78057284500005], [46.63725338800003, 24.78056878900003], [46.63725615100003, 24.780564464000065], [46.637258435000035, 24.780559914000037], [46.63726022000003, 24.780555181000068], [46.637261488000036, 24.78055031100007], [46.637262228000054, 24.780545350000068], [46.63726243200006, 24.780540349000034], [46.637262097000075, 24.780535352000072], [46.63726122700007, 24.78053040900005], [46.63725983100005, 24.78052556800003], [46.63725792200006, 24.780520876000026], [46.63725646600005, 24.780518149000045], [46.637256656000034, 24.78051347400003], [46.63725662100006, 24.780512952000038], [46.637259560000075, 24.780509919000053], [46.63726277300003, 24.780505864000077], [46.63726553600003, 24.780501539000056], [46.637267820000034, 24.780496989000028], [46.63726960500003, 24.78049225500007], [46.63726963500005, 24.78049214500004], [46.63727353400003, 24.78048995200004], [46.637277899000026, 24.780486922000023], [46.63728191700005, 24.78048351700005], [46.63728555100005, 24.78047976700003], [46.63728876400006, 24.780475712000055], [46.63729152600007, 24.780471387000034], [46.63729381100006, 24.780466837000063], [46.63729559600006, 24.780462103000048], [46.63729686500005, 24.78045723400004], [46.637297604000025, 24.780452273000037], [46.63729780800003, 24.78044727100007], [46.63729747200006, 24.780442274000052], [46.63729740100007, 24.780441861000043], [46.63729852300003, 24.780440911000028], [46.63730215500004, 24.780437161000066], [46.637305369000046, 24.780433106000032], [46.637308131000054, 24.78042878100007], [46.63731041600005, 24.78042423100004], [46.63731220100004, 24.780419497000025], [46.63731346900005, 24.780414628000074], [46.63731420900007, 24.78040966700007], [46.63731441200008, 24.78040466500005], [46.63731407800003, 24.78039966800003], [46.63731320800008, 24.780394725000065], [46.637311812000064, 24.780389885000034], [46.63730990300007, 24.78038519200004], [46.63730865600007, 24.780382857000063], [46.63731303000003, 24.78038137300007], [46.63731795800004, 24.780379180000068], [46.63732262700006, 24.780376554000043], [46.637326992000055, 24.780373524000026], [46.637331010000025, 24.780370119000054], [46.63733464400008, 24.780366369000035], [46.637337857000034, 24.780362314000058], [46.63734061900004, 24.780357989000038], [46.637342904000036, 24.780353439000066], [46.63734468900003, 24.78034870500005], [46.637345957000036, 24.780343836000043], [46.637346696000066, 24.78033887500004], [46.63734690100006, 24.780333873000075], [46.63734656500003, 24.780328876000056], [46.63734569600007, 24.780323933000034], [46.63734430100004, 24.78031909300006], [46.63734239200005, 24.780314400000066], [46.637339988000065, 24.780309901000066], [46.63733711300006, 24.780305638000073], [46.63733379400003, 24.780301654000027], [46.637330063000036, 24.78029798400007], [46.63732595700003, 24.780294668000067], [46.637321514000064, 24.78029173400006]]], [[[46.637060484000074, 24.781681112000058], [46.63705550000003, 24.781679026000063], [46.63705031600006, 24.781677396000077], [46.63704498100003, 24.781676238000045], [46.637039548000075, 24.78167556300008], [46.63703406900004, 24.781675377000056], [46.63702859600005, 24.78167568300006], [46.637023182000064, 24.78167647600003], [46.63701787900004, 24.78167775000003], [46.637012739000056, 24.78167949300007], [46.637007812000036, 24.78168168800005], [46.637003142000026, 24.78168431200004], [46.63699877700003, 24.781687342000055], [46.63699475900006, 24.781690748000074], [46.636991125000065, 24.781694497000046], [46.63698791200005, 24.78169855400006], [46.636985150000044, 24.781702878000033], [46.63698286500005, 24.78170742900005], [46.636981080000055, 24.78171216100003], [46.63697981100006, 24.781717032000074], [46.63697907200003, 24.78172199200003], [46.63697886800003, 24.781726995000042], [46.636979204000056, 24.781731990000026], [46.63697942600004, 24.781733256000052], [46.63697787400008, 24.78173412900003], [46.63697350900003, 24.781737159000045], [46.63696949100006, 24.781740564000074], [46.636965857000064, 24.781744314000036], [46.63696264300006, 24.78174836900007], [46.63695988200004, 24.781752694000033], [46.63695759600006, 24.78175724400006], [46.636955811000064, 24.781761978000077], [46.63695454300006, 24.78176684700003], [46.63695380400003, 24.78177180800003], [46.63695360400004, 24.781776705000027], [46.636952163000046, 24.781777926000075], [46.63694853100003, 24.781781675000047], [46.63694531700003, 24.78178573100007], [46.63694255400003, 24.781790055000045], [46.636940270000025, 24.781794606000062], [46.63693848500003, 24.78179933900003], [46.63693721700008, 24.78180420900003], [46.63693647700006, 24.78180916900004], [46.63693627300006, 24.781814172000054], [46.63693634300006, 24.781815214000062], [46.63693600000005, 24.781815406000078], [46.63693163600004, 24.781818436000037], [46.63692761600004, 24.781821843000046], [46.63692398400008, 24.781825592000075], [46.636920770000074, 24.78182964800004], [46.63691800700008, 24.78183397300006], [46.63691572300007, 24.781838523000033], [46.63691393800008, 24.78184325500007], [46.63691267000007, 24.781848126000057], [46.63691193000005, 24.78185308600007], [46.63691172600005, 24.781858089000025], [46.63691206100003, 24.781863085000055], [46.63691212700007, 24.78186345900008], [46.63691173400008, 24.781863792000024], [46.63690810000003, 24.781867542000043], [46.63690488700007, 24.781871598000066], [46.63690212500006, 24.78187592200004], [46.63690036000003, 24.781879438000033], [46.63689864400004, 24.78187953400004], [46.636893230000055, 24.781880327000067], [46.63688792700003, 24.781881601000066], [46.63688278700005, 24.78188334400005], [46.63687785900004, 24.78188553900003], [46.636873190000074, 24.781888163000076], [46.63686882600007, 24.781891193000035], [46.63686480700005, 24.781894600000044], [46.636861174000046, 24.781898348000027], [46.63685796000004, 24.78190240500004], [46.636855197000045, 24.78190672900007], [46.63685291300004, 24.78191128000003], [46.636851128000046, 24.781916012000067], [46.63684986000004, 24.781920883000055], [46.63684912000008, 24.781925843000067], [46.636848916000076, 24.781930845000034], [46.63684925100006, 24.781935841000063], [46.636850121000066, 24.781940784000028], [46.636851517000025, 24.781945626000038], [46.63685342500003, 24.781950318000042], [46.63685582800008, 24.78195481700004], [46.636858704000076, 24.781959080000036], [46.63686202300005, 24.78196306500007], [46.63686575300005, 24.781966733000047], [46.63686986000005, 24.78197005100003], [46.63687430300007, 24.78197298400005], [46.636879039000064, 24.781975506000038], [46.63688402300005, 24.781977592000032], [46.63688920800007, 24.781979222000075], [46.63689454200005, 24.78198038000005], [46.63689997600005, 24.781981055000074], [46.63690545500003, 24.78198124100004], [46.63691092800008, 24.781980935000036], [46.636913304000075, 24.78198058600003], [46.636917304000065, 24.781982717000062], [46.63692228800005, 24.781984802000068], [46.636927472000025, 24.781986432000053], [46.63693280700005, 24.78198759000003], [46.63693824000006, 24.78198826600004], [46.63694372000003, 24.781988451000075], [46.63694919200003, 24.78198814600006], [46.636954606000074, 24.781987352000044], [46.63695990900004, 24.781986077000056], [46.636965048000036, 24.78198433500006], [46.636969976000046, 24.78198214100007], [46.636974645000066, 24.781979516000035], [46.63697901100005, 24.781976486000076], [46.63698302900008, 24.781973080000057], [46.63698666200003, 24.781969330000038], [46.63698987600003, 24.78196527500006], [46.63699263800004, 24.78196095000004], [46.63699492300003, 24.78195640000007], [46.63699670800003, 24.781951666000055], [46.63699797600003, 24.781946797000046], [46.63699871500006, 24.781941836000044], [46.63699892000005, 24.781936834000078], [46.636998584000025, 24.78193183700006], [46.63699791700003, 24.78192804200006], [46.63699853900005, 24.781927257000063], [46.637001301000055, 24.781922933000033], [46.63700358600005, 24.78191838300006], [46.63700537100004, 24.781913649000046], [46.63700664000004, 24.781908780000037], [46.63700737800008, 24.781903819000036], [46.63700758300007, 24.78189881700007], [46.63700724700004, 24.78189382000005], [46.63700718200005, 24.781893445000037], [46.63700757500004, 24.781893112000034], [46.63701120800005, 24.78188936300006], [46.63701442100006, 24.78188530700004], [46.63701718400006, 24.781880982000075], [46.63701946800006, 24.781876432000047], [46.63702125400005, 24.781871700000067], [46.63702252200005, 24.781866829000023], [46.63702326200007, 24.781861868000078], [46.63702346500003, 24.781856867000045], [46.63702339500003, 24.781855824000047], [46.63702373900003, 24.78185563100004], [46.637028103000034, 24.781852602000072], [46.63703212200005, 24.781849196000053], [46.637035755000056, 24.781845446000034], [46.63703896800007, 24.781841391000057], [46.63704173100007, 24.781837066000037], [46.63704401500007, 24.781832516000065], [46.637045801000056, 24.78182778200005], [46.63704706900006, 24.781822913000042], [46.63704780900008, 24.78181795200004], [46.63704800800008, 24.781813055000043], [46.63704944800003, 24.781811834000052], [46.63705308200008, 24.781808085000023], [46.637056295000036, 24.781804029000057], [46.637059057000045, 24.781799705000026], [46.63706134300003, 24.781795154000065], [46.63706312800008, 24.78179042100004], [46.63706439600003, 24.78178555100004], [46.63706513500006, 24.78178059100003], [46.63706533900006, 24.781775588000073], [46.63706500400008, 24.781770592000044], [46.63706478200004, 24.781769326000074], [46.63706633400005, 24.78176845400003], [46.63707069900005, 24.78176542400007], [46.637074717000075, 24.78176201800005], [46.63707835100007, 24.78175826900008], [46.63708156400003, 24.781754213000056], [46.637084326000036, 24.781749888000036], [46.63708661100003, 24.781745338000064], [46.63708839600008, 24.78174060500004], [46.637089665000076, 24.78173573500004], [46.63709040400005, 24.78173077400004], [46.63709060800005, 24.781725773000062], [46.63709027200008, 24.781720776000043], [46.63708940300006, 24.781715833000078], [46.637088008000035, 24.781710992000058], [46.637086099000044, 24.781706300000053], [46.63708369500006, 24.781701801000054], [46.63708082000005, 24.78169753800006], [46.63707750100008, 24.781693553000025], [46.63707377000003, 24.78168988400006], [46.63706966400008, 24.781686567000065], [46.63706522100006, 24.781683633000057], [46.637060484000074, 24.781681112000058]]], [[[46.63650158100006, 24.781849735000037], [46.63649822800005, 24.781847949000053], [46.636494699000025, 24.78184647300003], [46.63649102900007, 24.78184531900007], [46.63648725200005, 24.781844499000044], [46.636483406000025, 24.78184402100004], [46.63647952600007, 24.781843889000072], [46.63647565100007, 24.78184410600005], [46.636471819000064, 24.781844668000076], [46.63646806500003, 24.78184557000003], [46.63646442600003, 24.781846804000054], [46.63646093700004, 24.781848357000058], [46.63645763100004, 24.781850215000077], [46.636454541000035, 24.781852361000063], [46.63645169700004, 24.78185477200003], [46.63644912400008, 24.781857426000045], [46.63644684900004, 24.781860297000037], [46.63644489300003, 24.781863359000056], [46.63644327600008, 24.78186658100003], [46.63644201300008, 24.781869932000063], [46.636441114000036, 24.781873380000036], [46.63644059100005, 24.781876890000035], [46.63644044600005, 24.781880432000037], [46.636440684000036, 24.781883970000024], [46.63644129900007, 24.781887469000026], [46.63644228700008, 24.78189089700004], [46.63644363900005, 24.781894218000048], [46.63644534000008, 24.781897404000063], [46.636447375000046, 24.781900422000035], [46.636449725000034, 24.781903243000045], [46.63645236600007, 24.781905839000046], [46.63645527300008, 24.781908189000035], [46.636458419000064, 24.78191026500008], [46.636461772000075, 24.781912051000063], [46.636465301000044, 24.78191352700003], [46.636468972000046, 24.781914681000046], [46.636472748000074, 24.78191550200006], [46.636476594000044, 24.781915980000065], [46.63648047400005, 24.781916111000044], [46.63648434800007, 24.781915895000054], [46.63648818100006, 24.78191533300003], [46.63649193600003, 24.78191443000003], [46.636495575000026, 24.781913196000062], [46.63649906300003, 24.781911643000058], [46.63650236900003, 24.78190978500004], [46.636505459000034, 24.781907640000043], [46.63650830300003, 24.781905228000028], [46.636510876000045, 24.78190257400007], [46.63651315100003, 24.781899702000032], [46.63651510600005, 24.78189664100006], [46.636516724000046, 24.781893419000028], [46.63651798800004, 24.781890069000042], [46.63651888600003, 24.78188662100007], [46.63651941000006, 24.781883109000034], [46.63651955300003, 24.781879567000033], [46.63651931700008, 24.781876030000035], [46.636518702000046, 24.781872531000033], [46.636517713000046, 24.781869104000066], [46.636516361000076, 24.781865782000068], [46.636514660000046, 24.781862596000053], [46.63651262500008, 24.781859578000024], [46.636510275000035, 24.78185675700007], [46.636507633000065, 24.781854160000023], [46.636504726000055, 24.78185181200007], [46.63650158100006, 24.781849735000037]]], [[[46.636421581000036, 24.78194973500007], [46.636418228000025, 24.781947949000028], [46.636414699000056, 24.781946473000062], [46.636411029000044, 24.781945319000044], [46.636407252000026, 24.781944499000076], [46.63640340500007, 24.781944021000072], [46.63639952700004, 24.781943889000047], [46.63639565200003, 24.781944106000026], [46.63639181900004, 24.78194466800005], [46.63638806500006, 24.78194557000006], [46.63638442600006, 24.78194680400003], [46.63638093700007, 24.781948357000033], [46.63637763200006, 24.78195021600004], [46.636374541000066, 24.781952361000037], [46.636371696000026, 24.781954772000063], [46.636369124000055, 24.781957426000076], [46.63636684900007, 24.78196029700007], [46.63636489400005, 24.78196335900003], [46.636363275000065, 24.781966581000063], [46.63636201200006, 24.781969932000038], [46.63636111400007, 24.781973380000068], [46.63636059000004, 24.781976891000056], [46.63636044700007, 24.78198043200007], [46.63636068300008, 24.781983970000056], [46.63636129900004, 24.781987469000057], [46.636362287000054, 24.781990896000025], [46.636363638000034, 24.78199421900007], [46.636365340000054, 24.781997404000037], [46.63636737600007, 24.782000421000077], [46.636369725000066, 24.782003243000077], [46.636372366000046, 24.782005840000068], [46.636375274000045, 24.782008188000077], [46.63637841900004, 24.782010265000054], [46.63638177200005, 24.78201205000005], [46.636385301000075, 24.78201352700006], [46.63638897100003, 24.782014681000078], [46.63639274800005, 24.782015501000046], [46.636396594000075, 24.78201597900005], [46.63640047400003, 24.78201611000003], [46.63640434800004, 24.78201589500003], [46.636408181000036, 24.78201533300006], [46.63641193500007, 24.78201443000006], [46.63641557400007, 24.782013196000037], [46.63641906400005, 24.782011643000033], [46.63642236800007, 24.78200978500007], [46.636425458000076, 24.782007640000074], [46.63642830400005, 24.78200522900005], [46.63643087600008, 24.782002574000046], [46.63643315000007, 24.781999702000064], [46.63643510600008, 24.781996641000035], [46.63643672400008, 24.78199342000005], [46.63643798800007, 24.781990069000074], [46.636438886000064, 24.781986621000044], [46.63643941000004, 24.781983109000066], [46.63643955400005, 24.781979567000064], [46.636439317000054, 24.781976031000056], [46.63643870100003, 24.781972531000065], [46.63643771300008, 24.78196910400004], [46.63643636200004, 24.781965782000043], [46.63643465900003, 24.781962596000028], [46.636432624000065, 24.781959578000055], [46.636430275000066, 24.781956758000035], [46.63642763400003, 24.781954160000055], [46.63642472600003, 24.781951812000045], [46.636421581000036, 24.78194973500007]]], [[[46.63640711600004, 24.782928466000044], [46.63640213200006, 24.78292638000005], [46.636396948000026, 24.782924750000063], [46.63639161300006, 24.78292359200003], [46.636386179000056, 24.782922917000064], [46.636380701000064, 24.782922731000042], [46.63637522800008, 24.782923037000046], [46.636369813000044, 24.782923831000062], [46.63636451000008, 24.78292510500006], [46.636359371000026, 24.782926848000045], [46.63635444300007, 24.782929041000045], [46.63634977400005, 24.78293166700007], [46.63634540800007, 24.78293469700003], [46.63634139000004, 24.78293810200006], [46.636337756000046, 24.78294185200008], [46.63633454300003, 24.782945907000055], [46.63633178100008, 24.782950232000076], [46.63632949600003, 24.782954782000047], [46.636327710000046, 24.782959516000062], [46.63632644200004, 24.78296438500007], [46.636326358000076, 24.782964955000068], [46.636324785000056, 24.78296628700008], [46.63632115200005, 24.78297003700004], [46.63631793900004, 24.782974092000075], [46.63631517600004, 24.782978417000038], [46.636312891000046, 24.782982967000066], [46.63631110600005, 24.782987700000035], [46.636309838000045, 24.782992570000033], [46.63630909800003, 24.782997531000035], [46.63630889400008, 24.783002533000058], [46.63630922900006, 24.783007530000077], [46.63631009900007, 24.783012472000053], [46.63631039100005, 24.783013486000073], [46.636309624000035, 24.783014136000077], [46.63630599000004, 24.78301788500005], [46.636302777000026, 24.78302194200006], [46.636300015000074, 24.783026266000036], [46.63629773000008, 24.783030816000064], [46.63629594400004, 24.783035549000033], [46.636294676000034, 24.78304041900003], [46.63629393700006, 24.783045380000033], [46.63629373400005, 24.783050382000056], [46.63629406800004, 24.78305537800003], [46.63629493700006, 24.78306032100005], [46.636296333000075, 24.78306516200007], [46.636298242000066, 24.783069855000065], [46.63630064600005, 24.783074354000064], [46.63630352000007, 24.78307861600007], [46.63630683900004, 24.783082602000036], [46.636310570000035, 24.78308627000007], [46.63631467700003, 24.783089587000063], [46.63631912000005, 24.78309252100007], [46.636323857000036, 24.78309504300006], [46.63632884100008, 24.783097129000055], [46.63633402500005, 24.78309875900004], [46.63633936000008, 24.783099917000072], [46.636344793000035, 24.78310059100005], [46.63635027300006, 24.783100777000072], [46.63635574500006, 24.783100472000058], [46.636361159000046, 24.783099678000042], [46.63636646200007, 24.783098404000043], [46.636371602000054, 24.78309666100006], [46.636376530000064, 24.78309446700007], [46.63638119900003, 24.783091842000033], [46.63638556400008, 24.783088812000074], [46.63638958200005, 24.783085406000055], [46.636393216000045, 24.783081657000025], [46.63639643000005, 24.78307760100006], [46.636399192000056, 24.78307327600004], [46.63640147700005, 24.783068726000067], [46.636403262000044, 24.78306399300004], [46.63640453000005, 24.783059123000044], [46.63640526900008, 24.78305416200004], [46.63640547400007, 24.783049161000065], [46.63640513800004, 24.783044164000046], [46.63640426900008, 24.783039221000024], [46.63640397700004, 24.78303820700006], [46.63640474400006, 24.783037558000046], [46.636408377000066, 24.783033808000027], [46.63641159000008, 24.78302975200006], [46.63641435300008, 24.78302542800003], [46.63641663700008, 24.78302087700007], [46.636418423000066, 24.783016144000044], [46.63641969100007, 24.783011274000046], [46.63641977700007, 24.783010705000038], [46.636421348000056, 24.783009373000027], [46.63642498200005, 24.783005623000065], [46.636428196000054, 24.783001567000042], [46.63643095800006, 24.782997243000068], [46.636433243000056, 24.78299269300004], [46.63643502800005, 24.782987959000025], [46.636436296000056, 24.782983089000027], [46.63643703500003, 24.78297812900007], [46.63643724000008, 24.782973127000048], [46.63643690400005, 24.78296813000003], [46.63643603500003, 24.782963187000064], [46.63643464000006, 24.782958347000033], [46.63643273100007, 24.78295365300005], [46.63643032700003, 24.78294915400005], [46.63642745200008, 24.782944892000046], [46.63642413300005, 24.782940907000068], [46.636420402000056, 24.782937238000045], [46.63641629600005, 24.78293392200004], [46.63641185200004, 24.782930988000032], [46.63640711600004, 24.782928466000044]]], [[[46.63634822700004, 24.782097949000047], [46.63634469900006, 24.782096473000024], [46.63634102900005, 24.782095318000074], [46.63633725200003, 24.78209449900004], [46.63633340500007, 24.782094021000034], [46.63632952700004, 24.782093889000066], [46.63632565200004, 24.782094106000045], [46.636321819000045, 24.78209466800007], [46.63631806500007, 24.782095569000035], [46.63631442600007, 24.782096804000048], [46.636310937000076, 24.782098357000052], [46.63630763200007, 24.78210021500007], [46.63630454200006, 24.782102361000057], [46.63630242800008, 24.782104152000045], [46.636298700000054, 24.782104360000062], [46.63629328600007, 24.782105154000078], [46.636287984000035, 24.782106428000077], [46.63628284300006, 24.78210817100006], [46.63627791500005, 24.78211036400006], [46.63627324600003, 24.78211299000003], [46.63626888200008, 24.782116020000046], [46.636264863000065, 24.782119425000076], [46.63626123000006, 24.782123175000038], [46.636258017000046, 24.78212723000007], [46.63625525400005, 24.782131555000035], [46.636252969000054, 24.782136105000063], [46.63625118400006, 24.78214083900008], [46.636249916000054, 24.78214570800003], [46.636249176000035, 24.782150669000032], [46.63624897200003, 24.782155671000055], [46.63624930700007, 24.782160668000074], [46.63625017700008, 24.78216561100004], [46.63625157300004, 24.78217045100007], [46.63625348100004, 24.782175144000064], [46.636255884000036, 24.782179643000063], [46.63625876000003, 24.782183906000057], [46.63626207900006, 24.782187890000046], [46.636265809000065, 24.782191560000058], [46.63626991600006, 24.782194876000062], [46.636270979000074, 24.782195578000028], [46.63626957400004, 24.782198375000064], [46.636267789000044, 24.782203108000033], [46.63626652100004, 24.78220797800003], [46.636265782000066, 24.782212939000033], [46.636265578000064, 24.782217941000056], [46.63626584200006, 24.78222187500006], [46.63626489400008, 24.782223359000056], [46.63626327600008, 24.78222658100003], [46.63626201200003, 24.782229932000064], [46.636261114000035, 24.782233379000047], [46.63626059000006, 24.782236890000036], [46.63626044700004, 24.782240432000037], [46.636260683000046, 24.782243970000025], [46.63626129900007, 24.782247469000026], [46.63626228700008, 24.78225089600005], [46.63626363800006, 24.78225421800005], [46.63626534000008, 24.782257404000063], [46.636267376000035, 24.782260422000036], [46.636269725000034, 24.782263243000045], [46.63627236600007, 24.782265840000036], [46.63627527400007, 24.782268188000046], [46.636278419000064, 24.782270265000022], [46.636281773000064, 24.782272051000064], [46.63628530100004, 24.78227352700003], [46.636288971000056, 24.782274682000036], [46.63629274800007, 24.782275501000072], [46.63629659500003, 24.782275979000076], [46.63630047400005, 24.782276111000044], [46.63630434800007, 24.782275894000065], [46.63630818100006, 24.78227533200004], [46.63631193500004, 24.78227443000003], [46.63631557400004, 24.782273196000062], [46.63631906300003, 24.78227164300006], [46.63632236800004, 24.78226978500004], [46.63632466000007, 24.78226819400004], [46.636327589000075, 24.78226803000007], [46.63633300300006, 24.782267237000042], [46.63633830600003, 24.782265963000043], [46.63634344600007, 24.78226422000006], [46.63634837400008, 24.782262025000023], [46.63635304300004, 24.782259401000033], [46.63635740800004, 24.782256371000074], [46.636361426000065, 24.782252965000055], [46.63636506000006, 24.782249216000025], [46.63636827400006, 24.78224515900007], [46.63637103500008, 24.78224083500004], [46.636373321000065, 24.782236285000067], [46.63637510600006, 24.78223155200004], [46.636376374000065, 24.782226682000044], [46.63637711300004, 24.78222172100004], [46.63637731800003, 24.782216720000065], [46.63637698200006, 24.782211723000046], [46.63637611300004, 24.782206780000024], [46.636375720000046, 24.782205418000046], [46.63637672400006, 24.78220341900004], [46.63637798800005, 24.782200068000066], [46.636378887000035, 24.782196621000026], [46.636379410000075, 24.782193109000048], [46.63637955400003, 24.782189568000035], [46.636379317000035, 24.782186030000048], [46.63637870200006, 24.782182531000046], [46.63637771300006, 24.78217910400008], [46.63637636100003, 24.782175782000024], [46.63637466000006, 24.782172596000066], [46.636372625000035, 24.782169578000037], [46.63637027500005, 24.782166757000027], [46.63636763300008, 24.782164160000036], [46.63636472700006, 24.782161812000027], [46.636361581000074, 24.78215973500005], [46.63636051900005, 24.782159169000067], [46.636360712000055, 24.782154450000064], [46.63636060500005, 24.78215285400006], [46.636360876000026, 24.782152574000065], [46.63636315100007, 24.782149703000073], [46.63636510600003, 24.782146641000054], [46.63636672400003, 24.78214341900008], [46.636367988000075, 24.782140068000047], [46.63636888600007, 24.782136621000063], [46.63636941000004, 24.78213310900003], [46.636369554000055, 24.782129568000073], [46.63636931700006, 24.78212603000003], [46.63636870100004, 24.782122531000027], [46.63636771300003, 24.78211910400006], [46.63636636200005, 24.782115782000062], [46.63636466000003, 24.782112596000047], [46.63636262400007, 24.782109578000075], [46.63636027500007, 24.782106757000065], [46.636357634000035, 24.782104160000074], [46.636354726000036, 24.782101812000064], [46.63635158100004, 24.78209973500003], [46.63634822700004, 24.782097949000047]]], [[[46.63630716900008, 24.783159089000037], [46.636302432000036, 24.78315656700005], [46.63629744800005, 24.783154481000054], [46.636292264000076, 24.783152851000068], [46.63628692900005, 24.783151693000036], [46.63628149600004, 24.78315101800007], [46.63627601700006, 24.783150833000036], [46.63627054400007, 24.78315113800005], [46.63626513000003, 24.783151931000077], [46.63625982700006, 24.783153205000076], [46.636254687000076, 24.78315494800006], [46.636249759000066, 24.78315714300004], [46.636245090000045, 24.78315976700003], [46.63624072500005, 24.783162797000045], [46.63623670700008, 24.783166203000064], [46.63623307300003, 24.783169952000037], [46.636229859000025, 24.78317400900005], [46.636227097000074, 24.783178333000023], [46.63622481200008, 24.78318288400004], [46.63622302700003, 24.783187616000077], [46.63622175900008, 24.783192487000065], [46.63622102000005, 24.783197447000077], [46.63622081600005, 24.783202449000044], [46.63622115100003, 24.783207445000073], [46.63622167900007, 24.783210453000038], [46.63621762200006, 24.783213268000054], [46.636213604000034, 24.783216674000073], [46.63620997000004, 24.783220423000046], [46.636206757000025, 24.783224480000058], [46.63620399500007, 24.783228804000032], [46.63620171000008, 24.78323335400006], [46.63619992400004, 24.78323808700003], [46.63619865600003, 24.783242957000027], [46.63619791700006, 24.78324791800003], [46.63619771400005, 24.783252920000052], [46.63619804800004, 24.783257916000025], [46.63619891700006, 24.783262859000047], [46.63619909800008, 24.783263487000056], [46.636195556000075, 24.783266489000027], [46.63619192200008, 24.783270239000046], [46.63618870800008, 24.78327429500007], [46.63618594600007, 24.783278619000043], [46.636183661000075, 24.78328316900007], [46.63618187600008, 24.78328790300003], [46.636180608000075, 24.78329277200004], [46.636179869000046, 24.78329773300004], [46.63617966500004, 24.783302735000063], [46.63618000000008, 24.783307732000026], [46.63618086900004, 24.783312675000047], [46.63618226400007, 24.78331751500008], [46.63618417300006, 24.783322208000072], [46.636186577000046, 24.78332670700007], [46.63618945200005, 24.783330970000065], [46.636192771000026, 24.783334955000043], [46.636196502000075, 24.783338624000066], [46.63620060800008, 24.78334194000007], [46.63620505100005, 24.78334487400008], [46.63620978800003, 24.783347396000067], [46.63621477200007, 24.783349482000062], [46.63621995600005, 24.783351112000048], [46.63622529100007, 24.783352270000023], [46.636230725000075, 24.783352945000047], [46.636236204000056, 24.78335313100007], [46.636241676000054, 24.783352825000065], [46.63624709100003, 24.78335203100005], [46.63625239400005, 24.78335075700005], [46.63625753300005, 24.783349014000066], [46.63626246100006, 24.783346821000066], [46.63626713100007, 24.78334419500004], [46.63627149600006, 24.783341165000024], [46.63627551400003, 24.78333776000005], [46.63627914800003, 24.783334010000033], [46.63628236100004, 24.783329955000056], [46.63628512300005, 24.783325630000036], [46.636287408000044, 24.783321080000064], [46.63628919400003, 24.78331634600005], [46.636290462000034, 24.78331147700004], [46.63629120100006, 24.78330651600004], [46.636291405000065, 24.783301514000073], [46.63629107000003, 24.783296517000053], [46.636290201000065, 24.78329157400003], [46.63629002000005, 24.78329094700007], [46.63629356200005, 24.78328794400005], [46.636297196000044, 24.78328419500008], [46.63630041000005, 24.783280139000055], [46.636303172000055, 24.783275814000035], [46.63630545700005, 24.783271264000064], [46.63630724200004, 24.783266531000038], [46.63630851000005, 24.78326166100004], [46.63630924900008, 24.783256700000038], [46.63630945400007, 24.78325169900006], [46.63630911800004, 24.783246702000042], [46.636308590000056, 24.783243695000067], [46.63631264700007, 24.78324088000005], [46.63631666500004, 24.783237473000042], [46.63632029900003, 24.78323372500006], [46.63632351200005, 24.783229668000047], [46.636326274000055, 24.783225344000073], [46.63632855900005, 24.783220793000055], [46.63633034500003, 24.783216061000076], [46.63633161300004, 24.78321119000003], [46.63633235200007, 24.783206230000076], [46.63633255600007, 24.783201227000063], [46.63633222100003, 24.783196232000023], [46.63633135200007, 24.783191289000058], [46.636329956000054, 24.78318644700005], [46.63632804700006, 24.783181755000044], [46.63632564300008, 24.783177256000045], [46.63632276900006, 24.78317299300005], [46.63631945000003, 24.783169008000073], [46.63631571900004, 24.78316534000004], [46.63631161200004, 24.783162022000056], [46.63630716900008, 24.783159089000037]]], [[[46.63626158200003, 24.782299735000038], [46.63625822800003, 24.782297949000053], [46.63625469900006, 24.78229647300003], [46.63625102900005, 24.782295318000024], [46.63624725200003, 24.782294499000045], [46.63624340500007, 24.78229402100004], [46.63623952700004, 24.782293889000073], [46.63623565200004, 24.78229410600005], [46.636231819000045, 24.782294668000077], [46.63622806500007, 24.78229556900004], [46.63622442600007, 24.782296804000055], [46.636220937000076, 24.78229835700006], [46.63621763100008, 24.782300215000078], [46.63621454100007, 24.782302361000063], [46.63621169600003, 24.782304772000032], [46.63620912400006, 24.782307426000045], [46.636206849000075, 24.782310297000038], [46.63620489400006, 24.782313359000057], [46.63620327600006, 24.782316581000032], [46.63620201200007, 24.782319932000064], [46.63620111400007, 24.782323379000047], [46.636200590000044, 24.782326891000025], [46.63620044700008, 24.782330432000037], [46.63620068300003, 24.782333970000025], [46.63620129800006, 24.782337469000026], [46.63620228700006, 24.78234089600005], [46.63620363900003, 24.78234421800005], [46.63620534000006, 24.782347404000063], [46.636207375000026, 24.782350422000036], [46.63620972500007, 24.782353243000045], [46.63621236600005, 24.782355840000037], [46.63621527300006, 24.782358188000046], [46.636218419000045, 24.782360265000023], [46.636221772000056, 24.782362051000064], [46.63622530100008, 24.78236352700003], [46.63622897100004, 24.782364682000036], [46.636232748000054, 24.782365501000072], [46.63623659400008, 24.782365979000076], [46.63624047400003, 24.782366111000044], [46.63624434800005, 24.782365894000066], [46.63624818100004, 24.78236533200004], [46.636251935000075, 24.782364431000076], [46.636255574000074, 24.782363196000063], [46.63625906400006, 24.78236164300006], [46.636262369000065, 24.78235978500004], [46.636265458000025, 24.782357639000054], [46.636268304000055, 24.78235522800003], [46.636270876000026, 24.782352574000072], [46.63627315000008, 24.782349703000023], [46.636275107000074, 24.78234664100006], [46.63627672400003, 24.78234341900003], [46.636277988000074, 24.782340068000053], [46.63627888600007, 24.78233662100007], [46.63627941000004, 24.782333109000035], [46.636279554000055, 24.782329568000023], [46.63627931700006, 24.782326030000036], [46.63627870100004, 24.782322531000034], [46.63627771300003, 24.782319104000067], [46.636276362000046, 24.78231578200007], [46.636274660000026, 24.782312596000054], [46.63627262400007, 24.782309578000024], [46.63627027500007, 24.78230675700007], [46.636267634000035, 24.782304160000024], [46.636264726000036, 24.78230181200007], [46.63626158200003, 24.782299735000038]]], [[[46.63614158100006, 24.782499735000044], [46.63613822800005, 24.78249794900006], [46.63613469900008, 24.782496473000037], [46.63613102900007, 24.782495319000077], [46.63612725200005, 24.782494498000062], [46.63612340600008, 24.78249402000006], [46.63611952600007, 24.78249389000007], [46.63611565100007, 24.78249410500007], [46.636111819000064, 24.782494667000037], [46.63610806500003, 24.782495570000037], [46.63610442600003, 24.78249680400006], [46.63610093700004, 24.782498357000065], [46.63609763100004, 24.782500215000027], [46.636094541000034, 24.782502360000024], [46.63609169600005, 24.78250477200004], [46.63608912400008, 24.782507426000052], [46.63608684900004, 24.782510297000044], [46.63608489300003, 24.782513359000063], [46.63608327600008, 24.78251658100004], [46.63608201200003, 24.782519931000024], [46.636081114000035, 24.782523379000054], [46.63608059000006, 24.782526891000032], [46.63608044600005, 24.782530432000044], [46.636080683000046, 24.78253397000003], [46.63608072200003, 24.782534187000067], [46.63607865600005, 24.782535107000058], [46.63607398700003, 24.782537732000037], [46.636069623000026, 24.782540762000053], [46.63606560300008, 24.782544168000072], [46.63606197100006, 24.782547917000045], [46.63605875700006, 24.782551973000068], [46.63605599400006, 24.78255629800003], [46.636053710000056, 24.78256084800006], [46.63605192500006, 24.78256558100003], [46.636050656000066, 24.782570451000026], [46.63604991600005, 24.78257541200003], [46.636049713000034, 24.78258041400005], [46.63605004800007, 24.782585410000024], [46.636050917000034, 24.782590353000046], [46.63605231300005, 24.782595194000066], [46.636053084000025, 24.782597089000035], [46.63605201200005, 24.78259993100005], [46.636051114000054, 24.782603379000022], [46.636050590000025, 24.782606891000057], [46.63605044600007, 24.78261043300006], [46.636050683000065, 24.782613970000057], [46.63605129900003, 24.78261746900006], [46.636051802000054, 24.782619217000047], [46.63604854400006, 24.78261969500005], [46.63604324200003, 24.78262096900005], [46.636038101000054, 24.782622712000034], [46.636033173000044, 24.782624906000024], [46.63602850400008, 24.78262753100006], [46.636024140000075, 24.782630561000076], [46.63602012100006, 24.782633967000038], [46.63601648800005, 24.782637716000067], [46.63601327400005, 24.782641772000034], [46.63601051100005, 24.782646097000054], [46.63600822700005, 24.782650647000025], [46.63600644200005, 24.78265538000005], [46.63600517400005, 24.78266025000005], [46.63600443400003, 24.78266521100005], [46.636004230000026, 24.782670213000074], [46.636004495000066, 24.782674154000063], [46.636003275000064, 24.782676581000032], [46.63600201200006, 24.782679932000065], [46.63600111300008, 24.782683379000048], [46.63600059000004, 24.782686890000036], [46.636000446000025, 24.782690432000038], [46.63600068300008, 24.782693970000025], [46.63600129800005, 24.782697469000027], [46.63600228700005, 24.78270089600005], [46.636003638000034, 24.78270421800005], [46.636005340000054, 24.782707404000064], [46.63600737500008, 24.782710422000036], [46.636009725000065, 24.782713243000046], [46.636012366000045, 24.782715839000048], [46.636015273000055, 24.782718189000036], [46.63601841900004, 24.782720265000023], [46.63602177200005, 24.782722051000064], [46.636025301000075, 24.78272352700003], [46.63602897100003, 24.782724681000047], [46.63603274800005, 24.782725502000062], [46.636036594000075, 24.782725979000077], [46.636040474000026, 24.782726111000045], [46.63604434800004, 24.782725894000066], [46.636048181000035, 24.78272533300003], [46.63605193500007, 24.78272443000003], [46.63605557400007, 24.782723196000063], [46.63605906400005, 24.78272164300006], [46.636060919000045, 24.78272060000006], [46.63606624200003, 24.78272030200003], [46.63607165600007, 24.78271950900006], [46.63607695800005, 24.78271823500006], [46.63608209900008, 24.782716492000077], [46.63608702700003, 24.78271429700004], [46.63609169600005, 24.78271167300005], [46.63609606000006, 24.782708643000035], [46.63610007900007, 24.782705237000073], [46.63610371200008, 24.782701488000043], [46.636106926000025, 24.78269743100003], [46.63610968900008, 24.782693107000057], [46.63611197300003, 24.78268855700003], [46.63611375800008, 24.78268382400006], [46.63611502700007, 24.782678954000062], [46.636115766000046, 24.78267399300006], [46.63611597000005, 24.782668992000026], [46.63611563500007, 24.782663995000064], [46.63611476500006, 24.782659052000042], [46.63611386500003, 24.782655930000033], [46.63611593300004, 24.782656186000054], [46.63612141300007, 24.782656372000076], [46.636126886000056, 24.78265606700006], [46.63613230000004, 24.782655273000046], [46.636137602000076, 24.782653999000047], [46.63614274300005, 24.782652256000063], [46.63614767100006, 24.782650062000073], [46.63615234000008, 24.782647437000037], [46.63615670400003, 24.782644407000078], [46.636160723000046, 24.78264100100006], [46.63616435600005, 24.78263725200003], [46.636167570000055, 24.782633196000063], [46.63617033300005, 24.782628871000043], [46.63617261700006, 24.78262432100007], [46.63617440200005, 24.782619588000045], [46.63617567000006, 24.782614718000048], [46.636176410000076, 24.782609757000046], [46.63617653400007, 24.782606729000065], [46.636178303000065, 24.78260522900007], [46.636180876000026, 24.782602574000066], [46.63618315100007, 24.782599702000027], [46.636185107000074, 24.782596641000055], [46.63618672400003, 24.78259342000007], [46.636187988000074, 24.782590069000037], [46.63618888700006, 24.782586621000064], [46.63618941000004, 24.78258310900003], [46.636189554000055, 24.782579567000028], [46.63618931700006, 24.78257603000003], [46.63618870200003, 24.782572531000028], [46.63618771300003, 24.78256910400006], [46.63618636100006, 24.782565781000073], [46.636184660000026, 24.782562597000037], [46.63618262500006, 24.782559579000065], [46.63618027600006, 24.782556758000055], [46.636177634000035, 24.782554160000075], [46.636174727000025, 24.782551812000065], [46.63617158100004, 24.782549735000032], [46.63616822800003, 24.782547950000037], [46.63616469900006, 24.782546472000035], [46.63616102900005, 24.782545319000064], [46.63615725200003, 24.78254449900004], [46.63615624500005, 24.782544374000054], [46.636156724000045, 24.782543419000035], [46.636157988000036, 24.78254006800006], [46.63615888700008, 24.78253662000003], [46.63615941000006, 24.78253311000003], [46.63615955400007, 24.78252956800003], [46.63615931700008, 24.782526030000042], [46.636158702000046, 24.78252253100004], [46.636157713000046, 24.782519103000027], [46.636156361000076, 24.782515782000075], [46.636154660000045, 24.78251259600006], [46.63615262500008, 24.78250957800003], [46.63615027600008, 24.78250675700008], [46.636147634000054, 24.782504161000077], [46.636144727000044, 24.78250181100003], [46.63614158100006, 24.782499735000044]]], [[[46.63601158200004, 24.782729735000032], [46.63600822800004, 24.782727949000048], [46.63600469900007, 24.782726473000025], [46.636001029000056, 24.782725319000065], [46.63599725200004, 24.78272449900004], [46.63599340500008, 24.782724021000035], [46.63598952700005, 24.782723889000067], [46.635985652000045, 24.782724106000046], [46.63598181900005, 24.78272466800007], [46.635978065000074, 24.782725570000025], [46.63597442500003, 24.78272680400005], [46.63597093700008, 24.782728357000053], [46.63596763100003, 24.782730215000072], [46.63596454100008, 24.782732361000058], [46.63596169700003, 24.782734772000026], [46.63595912400007, 24.78273742500005], [46.63595684900008, 24.782740297000032], [46.635954893000076, 24.78274335900005], [46.635953276000066, 24.782746581000026], [46.635952012000075, 24.78274993200006], [46.63595111300003, 24.78275338000003], [46.63595059000005, 24.782756891000076], [46.63595044600004, 24.782760432000032], [46.63595068300003, 24.782763970000076], [46.635951298000066, 24.782767469000078], [46.635952287000066, 24.782770896000045], [46.635953639000036, 24.782774219000032], [46.635955340000066, 24.782777404000058], [46.635957362000056, 24.78278040200007], [46.635954541000046, 24.782782360000056], [46.63595169600006, 24.782784771000024], [46.635949124000035, 24.782787426000027], [46.63594684900005, 24.782790298000066], [46.63594489400003, 24.78279335900004], [46.635943275000045, 24.782796580000024], [46.635942012000044, 24.782799931000056], [46.63594111400005, 24.78280337900003], [46.635940590000075, 24.782806891000064], [46.63594044600006, 24.782810433000066], [46.63594068300006, 24.782813969000074], [46.635941298000034, 24.782817469000065], [46.635942287000034, 24.782820896000032], [46.63594363800007, 24.78282421800003], [46.635945340000035, 24.782827403000056], [46.63594737600005, 24.78283042100003], [46.635949725000046, 24.782833242000038], [46.635952366000026, 24.782835840000075], [46.635955274000025, 24.782838188000028], [46.635958419000076, 24.78284026500006], [46.63596177200003, 24.782842050000056], [46.635965301000056, 24.782843528000058], [46.63596897100007, 24.78284468100003], [46.63597274800003, 24.782845501000054], [46.635976595000045, 24.782845979000058], [46.635980473000075, 24.782846111000026], [46.63598434800008, 24.782845894000047], [46.63598818100007, 24.78284533200008], [46.63599193500005, 24.78284443000007], [46.63599557400005, 24.782843197000034], [46.63599906300004, 24.78284164300004], [46.63600236800005, 24.782839784000032], [46.636005459000046, 24.782837640000025], [46.63600830400003, 24.782835229000057], [46.63601087600006, 24.782832574000054], [46.63601315100004, 24.782829702000072], [46.63601510600006, 24.782826641000042], [46.63601672500005, 24.782823420000057], [46.63601798800005, 24.782820069000024], [46.636018886000045, 24.782816621000052], [46.636019410000074, 24.782813109000074], [46.63601955300004, 24.78280956800006], [46.636019317000034, 24.782806030000074], [46.63601870200006, 24.782802531000073], [46.63601771300006, 24.78279910400005], [46.63601636200008, 24.78279578100006], [46.63601466000006, 24.782792597000025], [46.63601263800007, 24.78278959800008], [46.63601545900008, 24.782787640000038], [46.63601830400006, 24.782785228000023], [46.63602087600003, 24.782782574000066], [46.636023151000074, 24.782779703000074], [46.63602510700008, 24.782776641000055], [46.63602672400003, 24.78277342000007], [46.63602798800008, 24.782770069000037], [46.63602888600008, 24.782766621000064], [46.63602941000005, 24.78276310900003], [46.63602955400006, 24.782759567000028], [46.636029317000066, 24.782756031000076], [46.63602870100004, 24.782752532000075], [46.63602771300003, 24.78274910400006], [46.63602636200005, 24.782745782000063], [46.63602466100008, 24.78274259600005], [46.63602262500007, 24.782739578000076], [46.63602027500008, 24.782736757000066], [46.63601763400004, 24.782734160000075], [46.63601472700003, 24.782731812000065], [46.63601158200004, 24.782729735000032]]], [[[46.63586822100007, 24.783087643000044], [46.63586348500007, 24.783085122000045], [46.63585850000004, 24.78308303600005], [46.635853316000066, 24.783081406000065], [46.63584798100004, 24.783080248000033], [46.63584254800003, 24.783079573000066], [46.635837070000036, 24.783079387000043], [46.63583159600006, 24.783079693000047], [46.63582618200007, 24.783080486000074], [46.63582087900005, 24.783081760000073], [46.635815739000066, 24.783083503000057], [46.635810811000056, 24.783085698000036], [46.635806142000035, 24.783088322000026], [46.63580177700004, 24.783091352000042], [46.63579775900007, 24.78309475800006], [46.635794125000075, 24.783098507000034], [46.63579091200006, 24.783102564000046], [46.63578815000005, 24.783106888000077], [46.63578586400007, 24.78311143800005], [46.635784079000075, 24.783116171000074], [46.63578281100007, 24.783121041000072], [46.63578207200004, 24.783126002000074], [46.63578186700005, 24.78313100400004], [46.635782203000076, 24.78313600000007], [46.63578307200004, 24.783140943000035], [46.635784467000065, 24.783145784000055], [46.635786376000055, 24.78315047700005], [46.63578878000004, 24.78315497600005], [46.63579165500005, 24.783159238000053], [46.63579497400008, 24.783163224000077], [46.63579870500007, 24.783166892000054], [46.635802811000076, 24.783170209000048], [46.63580725400004, 24.783173143000056], [46.635811991000026, 24.783175665000044], [46.63581697500007, 24.78317775100004], [46.63582215900004, 24.783179381000025], [46.63582749400007, 24.783180539000057], [46.63583292800007, 24.783181213000034], [46.63583840700005, 24.783181400000046], [46.63584387900005, 24.783181094000042], [46.635849293000035, 24.783180300000026], [46.63585459700005, 24.783179026000028], [46.63585973600004, 24.783177284000033], [46.63586466400005, 24.783175089000054], [46.63586933300007, 24.783172465000064], [46.63587369900006, 24.783169435000048], [46.63587771700003, 24.78316602800004], [46.63588135100008, 24.783162280000056], [46.63588456400004, 24.783158223000044], [46.635887326000045, 24.78315389900007], [46.63588961100004, 24.78314934800005], [46.63589139700008, 24.783144616000072], [46.63589266500003, 24.783139745000028], [46.63589340400006, 24.783134785000072], [46.63589360800006, 24.78312978300005], [46.63589327300008, 24.783124787000077], [46.63589240400006, 24.783119844000055], [46.635891008000044, 24.783115002000045], [46.63588909900005, 24.78311031000004], [46.63588669500007, 24.78310581100004], [46.63588382100005, 24.783101548000047], [46.63588050200008, 24.78309756300007], [46.63587677100003, 24.783093895000036], [46.63587266500008, 24.783090577000053], [46.63586822100007, 24.783087643000044]]], [[[46.635671581000054, 24.784349735000035], [46.63566822800004, 24.78434794900005], [46.63566470000006, 24.784346473000028], [46.63566102900006, 24.784345318000078], [46.635657252000044, 24.784344499000042], [46.635653406000074, 24.784344021000038], [46.635649526000066, 24.78434388900007], [46.63564565200005, 24.78434410600005], [46.63564181900006, 24.784344668000074], [46.63563806500008, 24.78434556900004], [46.63563442600008, 24.78434680400005], [46.63563093600004, 24.784348357000056], [46.635627631000034, 24.784350215000075], [46.63562454100003, 24.78435236100006], [46.635621696000044, 24.78435477200003], [46.63561912400007, 24.784357425000053], [46.63561684800004, 24.784360297000035], [46.63561489300008, 24.784363359000054], [46.635613275000026, 24.78436658100003], [46.63561201200008, 24.78436993200006], [46.63561111300004, 24.784373379000044], [46.635610590000056, 24.784376890000033], [46.635610445000054, 24.784380432000034], [46.63561068300004, 24.78438397000008], [46.63561129800007, 24.784387469000023], [46.63561228700007, 24.784390896000048], [46.63561363800005, 24.784394218000045], [46.635615339000026, 24.78439740400006], [46.63561737400005, 24.784400422000033], [46.635619725000026, 24.784403243000042], [46.63562041300003, 24.784403920000045], [46.63561952600003, 24.784403889000032], [46.63561565200007, 24.78440410500008], [46.635611819000076, 24.784404667000047], [46.63560806500004, 24.784405570000047], [46.63560442600004, 24.78440680400007], [46.63560093600006, 24.784408357000075], [46.63559763100005, 24.784410215000037], [46.635594540000056, 24.784412360000033], [46.63559169600006, 24.784414772000048], [46.635589124000035, 24.78441742600006], [46.63558684800006, 24.784420297000054], [46.63558489300004, 24.784423359000073], [46.635583275000045, 24.784426581000048], [46.63558201200004, 24.784429931000034], [46.63558111300006, 24.784433379000063], [46.635580590000075, 24.78443689100004], [46.63558044500007, 24.784440432000054], [46.63558068300006, 24.78444397000004], [46.635581298000034, 24.784447468000053], [46.635582287000034, 24.784450896000067], [46.63558363800007, 24.784454218000064], [46.635584927000025, 24.784456634000037], [46.63558442600004, 24.78445680300007], [46.63558093700004, 24.784458357000062], [46.63557763100005, 24.784460215000024], [46.63557454100004, 24.784462360000077], [46.635571696000056, 24.784464772000035], [46.63556912400003, 24.78446742600005], [46.63556684800005, 24.78447029700004], [46.63556489300004, 24.78447335800007], [46.63556327600003, 24.784476580000046], [46.63556201100005, 24.784479931000078], [46.63556111400004, 24.78448337900005], [46.63556059000007, 24.78448689100003], [46.635560446000056, 24.78449043200004], [46.63556068300005, 24.784493970000028], [46.63556129800003, 24.78449746900003], [46.63556228600004, 24.784500896000054], [46.635563638000065, 24.78450421900004], [46.63556533900004, 24.784507404000067], [46.63556737500005, 24.78451042100005], [46.63556972500004, 24.78451324200006], [46.635572366000076, 24.78451584000004], [46.63557527300003, 24.78451818800005], [46.63557841800008, 24.784520265000026], [46.63558177200008, 24.784522050000078], [46.63558530100005, 24.784523527000033], [46.63558897100006, 24.78452468100005], [46.63559274700003, 24.784525501000076], [46.63559659400005, 24.784525979000023], [46.63560047400006, 24.78452611000006], [46.63560434900006, 24.78452589500006], [46.635608182000055, 24.784525333000033], [46.63561193500004, 24.784524430000033], [46.63561557400004, 24.784523196000066], [46.635619064000025, 24.784521643000062], [46.63562236900003, 24.784519785000043], [46.63562545900004, 24.784517640000047], [46.63562830400008, 24.78451522900008], [46.63563087600005, 24.784512574000075], [46.635633152000025, 24.784509703000026], [46.63563510700004, 24.784506641000064], [46.63563672500004, 24.784503420000078], [46.63563798900003, 24.784500069000046], [46.63563888600004, 24.784496621000073], [46.63563941000007, 24.78449310900004], [46.63563955500007, 24.784489568000026], [46.63563931700003, 24.78448603100003], [46.63563870200005, 24.784482532000027], [46.63563771400004, 24.78447910400007], [46.63563636200007, 24.784475782000072], [46.63563507300006, 24.784473367000032], [46.63563557500004, 24.78447319600008], [46.63563906300004, 24.784471643000074], [46.63564236900004, 24.784469785000056], [46.635645459000045, 24.78446763900007], [46.63564830400003, 24.784465228000045], [46.635650877000046, 24.784462575000077], [46.63565315100004, 24.78445970300004], [46.63565510700005, 24.784456641000077], [46.63565672400006, 24.784453419000045], [46.63565798900004, 24.78445006800007], [46.635658887000034, 24.78444662000004], [46.63565941100006, 24.78444311000004], [46.63565955400003, 24.78443956800004], [46.63565931800008, 24.78443603000005], [46.63565870200006, 24.78443253100005], [46.63565771400005, 24.784429104000026], [46.63565636200008, 24.784425782000028], [46.635654661000046, 24.78442259600007], [46.635652625000034, 24.78441957900003], [46.635650276000035, 24.78441675700003], [46.635649588000035, 24.784416081000074], [46.635650473000055, 24.78441611100004], [46.63565434800006, 24.784415894000063], [46.63565818100005, 24.784415332000037], [46.63566193500003, 24.784414431000073], [46.635665575000075, 24.78441319600006], [46.63566906300008, 24.784411643000055], [46.635672369000076, 24.784409785000037], [46.635675459000026, 24.78440763900005], [46.635678304000066, 24.784405228000026], [46.63568087700003, 24.78440257400007], [46.63568315100008, 24.784399703000076], [46.63568510700003, 24.784396641000058], [46.63568672400004, 24.784393419000025], [46.635687989000076, 24.78439006800005], [46.63568888700007, 24.784386621000067], [46.635689411000044, 24.784383109000032], [46.635689554000066, 24.784379568000077], [46.63568931800006, 24.784376030000033], [46.63568870200004, 24.78437253100003], [46.63568771400003, 24.784369104000064], [46.63568636200006, 24.784365782000066], [46.63568466100003, 24.78436259600005], [46.63568262500007, 24.78435957800008], [46.63568027600007, 24.78435675700007], [46.635677635000036, 24.784354160000078], [46.63567472700004, 24.784351812000068], [46.635671581000054, 24.784349735000035]]], [[[46.63552340600006, 24.78452402100004], [46.63551952600005, 24.78452388900007], [46.63551565200004, 24.78452410600005], [46.635511819000044, 24.784524668000074], [46.63550806500007, 24.784525570000028], [46.63550442600007, 24.784526803000063], [46.635500937000074, 24.784528357000056], [46.63549763100008, 24.784530216000064], [46.63549454100007, 24.78453236000007], [46.63549169600003, 24.78453477100004], [46.63548912400006, 24.784537426000043], [46.635486849000074, 24.784540298000024], [46.63548489300007, 24.784543359000054], [46.63548327500007, 24.78454658000004], [46.63548201100008, 24.784549931000072], [46.635481113000026, 24.784553379000045], [46.63548059000004, 24.784556891000022], [46.635480521000034, 24.784558591000064], [46.63547763200006, 24.784560215000056], [46.635474541000065, 24.784562360000052], [46.63547169600008, 24.784564772000067], [46.63546912400005, 24.784567426000024], [46.63546684900007, 24.784570297000073], [46.63546489200007, 24.784573359000035], [46.63546327500006, 24.784576580000078], [46.63546201200006, 24.784579931000053], [46.635461113000076, 24.784583379000026], [46.63546059000004, 24.78458689100006], [46.635460445000035, 24.784590432000073], [46.63546068200003, 24.78459396900007], [46.63546129800005, 24.784597468000072], [46.63546228600006, 24.78460089600003], [46.63546363700004, 24.784604218000027], [46.63546533900006, 24.78460740400004], [46.635467375000076, 24.78461042200007], [46.635469724000075, 24.784613243000024], [46.63546997900005, 24.78461349300005], [46.63546820400006, 24.784617027000024], [46.63546677900007, 24.784620807000067], [46.63546454100003, 24.78462236000007], [46.63546169500006, 24.78462477100004], [46.63545912300003, 24.784627426000043], [46.635456849000036, 24.784630298000025], [46.63545489300003, 24.784633359000054], [46.63545327600008, 24.78463658000004], [46.63545201100004, 24.784639931000072], [46.635451113000045, 24.784643379000045], [46.63545058900007, 24.784646891000023], [46.63545044600005, 24.784650433000024], [46.635450682000055, 24.784653969000033], [46.63545129800008, 24.784657468000034], [46.63545228600003, 24.784660896000048], [46.63545363800006, 24.784664218000046], [46.63545368600006, 24.78466430800006], [46.635452514000065, 24.78466741400007], [46.63545139100006, 24.784671724000077], [46.63545073700004, 24.784676113000046], [46.63545055700007, 24.784680540000068], [46.635450853000066, 24.78468496200003], [46.63545162200006, 24.784689336000042], [46.635452857000075, 24.78469362000004], [46.63545454700005, 24.78469777300006], [46.63545667400007, 24.78470175500007], [46.63545921900004, 24.78470552700003], [46.635462156000074, 24.78470905300003], [46.635465457000066, 24.784712299000034], [46.63546909200005, 24.78471523500008], [46.63547302300003, 24.78471783200007], [46.63547721400005, 24.784720063000066], [46.63548162600006, 24.78472190900004], [46.635486214000025, 24.784723351000025], [46.635490935000064, 24.784724376000042], [46.635495742000046, 24.784724974000028], [46.63550059200003, 24.784725138000056], [46.63550543500003, 24.78472486800007], [46.635510227000054, 24.784724165000057], [46.63551491800007, 24.78472303800004], [46.63551946700005, 24.784721495000042], [46.63552382900008, 24.78471955400005], [46.63552796100004, 24.78471723100006], [46.635531824000054, 24.784714550000047], [46.63553538000008, 24.784711535000042], [46.63553859600006, 24.78470821800005], [46.635541440000054, 24.784704629000032], [46.63554388400007, 24.78470080200003], [46.63554590600006, 24.784696774000054], [46.635547486000064, 24.784692586000062], [46.63554860800008, 24.784688276000054], [46.63554926300003, 24.78468388700003], [46.63554944300006, 24.784679460000064], [46.63554943300005, 24.784679313000026], [46.635551674000055, 24.78467805400004], [46.63555604000004, 24.784675024000023], [46.63556005800007, 24.78467161800006], [46.63556369200006, 24.78466786900003], [46.635566905000076, 24.784663812000076], [46.63556966700003, 24.784659488000045], [46.63557195300007, 24.784654937000028], [46.63557373800006, 24.784650205000048], [46.63557500600007, 24.78464533400006], [46.63557574500004, 24.78464037400005], [46.63557595000003, 24.784635372000025], [46.63557561400006, 24.784630376000052], [46.63557482700003, 24.784625894000044], [46.63557810700007, 24.784623114000055], [46.63558174000008, 24.784619365000026], [46.63558495400008, 24.78461530900006], [46.63558771700008, 24.78461098500003], [46.635590001000025, 24.784606434000068], [46.63559178600008, 24.784601701000042], [46.63559305500007, 24.784596831000044], [46.635593795000034, 24.784591871000032], [46.63559399800005, 24.784586868000076], [46.635593664000055, 24.784581872000047], [46.63559279400005, 24.784576929000025], [46.63559139800003, 24.78457208800006], [46.63558948900004, 24.784567395000067], [46.635587086000044, 24.784562896000068], [46.63558421100004, 24.784558633000074], [46.635580892000064, 24.78455464900003], [46.63557716100007, 24.784550980000063], [46.635573054000076, 24.78454766300007], [46.63556861200004, 24.78454473000005], [46.63556387500006, 24.784542207000072], [46.63555889100007, 24.784540122000067], [46.63555370600005, 24.784538492000024], [46.63555128200005, 24.784537966000073], [46.63555027600006, 24.78453675800006], [46.63554763500008, 24.784534160000078], [46.63554472700008, 24.78453181200007], [46.63554158100004, 24.784529735000035], [46.63553822800003, 24.78452795000004], [46.63553470000005, 24.784526473000028], [46.63553102900005, 24.784525319000068], [46.63552725200003, 24.784524499000042], [46.63552340600006, 24.78452402100004]]], [[[46.635441582000055, 24.784819735000042], [46.635438228000055, 24.784817949000058], [46.635434700000076, 24.784816473000035], [46.635431029000074, 24.784815319000074], [46.635427253000046, 24.78481449900005], [46.63542340600003, 24.784814021000045], [46.63541952600008, 24.784813889000077], [46.63541565200006, 24.784814106000056], [46.63541181900007, 24.784814668000024], [46.635408065000036, 24.784815570000035], [46.635404426000036, 24.78481680400006], [46.63540093600005, 24.784818357000063], [46.635397631000046, 24.784820215000025], [46.63539454100004, 24.784822360000078], [46.635391696000056, 24.784824772000036], [46.63539113400003, 24.78482535200004], [46.63539102900006, 24.78482531900005], [46.63538725300003, 24.784824499000024], [46.635383406000074, 24.784824021000077], [46.635379527000055, 24.78482389000004], [46.63537565100006, 24.78482410500004], [46.635371819000056, 24.784824667000066], [46.63536806500008, 24.784825570000066], [46.63536442600008, 24.784826803000044], [46.63536093600004, 24.784828357000038], [46.63535763100003, 24.784830215000056], [46.63535454100003, 24.784832360000053], [46.63535169600004, 24.784834771000078], [46.63534912400007, 24.784837426000024], [46.63534684800004, 24.784840298000063], [46.63534489300008, 24.784843359000035], [46.635343275000025, 24.784846580000078], [46.635342011000034, 24.784849931000053], [46.63534111300004, 24.784853379000026], [46.635340590000055, 24.78485689100006], [46.635340445000054, 24.784860433000063], [46.63534068300004, 24.78486396900007], [46.63534129800007, 24.784867469000062], [46.635342286000025, 24.78487089600003], [46.63534363800005, 24.784874218000027], [46.635345339000025, 24.784877403000053], [46.63534737400005, 24.784880421000025], [46.635349725000026, 24.784883242000035], [46.63535236600006, 24.784885840000072], [46.635353277000036, 24.784886577000066], [46.63535327500006, 24.784886580000034], [46.635352011000066, 24.784889931000066], [46.63535111400006, 24.78489337900004], [46.63535059000003, 24.784896891000074], [46.63535055500006, 24.78489772900008], [46.63534655600006, 24.784898690000034], [46.635341416000074, 24.784900433000075], [46.635336488000064, 24.784902627000065], [46.635331818000054, 24.784905252000044], [46.63532745300006, 24.78490828200006], [46.63532343500003, 24.784911688000022], [46.63531980100004, 24.784915437000052], [46.635316587000034, 24.784919493000075], [46.635313825000026, 24.78492381800004], [46.63531154000003, 24.784928368000067], [46.63530975500004, 24.784933101000036], [46.63530848600004, 24.784937971000033], [46.63530774700007, 24.784942932000035], [46.63530754400006, 24.78494793400006], [46.63530787800005, 24.78495293000003], [46.63530874700007, 24.784957873000053], [46.63531014300003, 24.784962714000073], [46.635312052000074, 24.784967406000078], [46.63531445600006, 24.784971905000077], [46.63531733000008, 24.78497616800007], [46.63532064900005, 24.78498015300005], [46.63532438100003, 24.784983822000072], [46.63532848700004, 24.784987139000066], [46.63533293000006, 24.784990073000074], [46.635337667000044, 24.784992594000073], [46.63534265100003, 24.784994681000057], [46.63534783500006, 24.784996311000043], [46.63535317000003, 24.784997469000075], [46.63535860400003, 24.784998143000053], [46.63536408400006, 24.784998330000064], [46.63536955600006, 24.78499802400006], [46.63537497000004, 24.784997230000045], [46.63538027300007, 24.784995956000046], [46.63538541300005, 24.78499421300006], [46.63539034100006, 24.78499201900007], [46.63539501000008, 24.784989395000025], [46.635399376000066, 24.784986365000066], [46.635403394000036, 24.784982958000057], [46.63540702800003, 24.784979210000074], [46.635410241000045, 24.78497515300006], [46.63541300300005, 24.78497082900003], [46.635415289000036, 24.78496627800007], [46.63541707400003, 24.784961546000034], [46.63541834200004, 24.784956675000046], [46.635419081000066, 24.784951715000034], [46.63541928600006, 24.784946713000068], [46.63541895000003, 24.784941717000038], [46.63541808100007, 24.784936774000073], [46.63541668600004, 24.784931932000063], [46.63541505400008, 24.784927921000076], [46.63541545900006, 24.784927640000035], [46.63541830400004, 24.784925229000066], [46.63542087600007, 24.784922574000063], [46.635423152000044, 24.784919702000025], [46.63542510700006, 24.784916641000052], [46.63542672500006, 24.784913420000066], [46.63542798900005, 24.784910069000034], [46.635428887000046, 24.78490662100006], [46.63542941000003, 24.784903109000027], [46.63542955500003, 24.78489956800007], [46.635429317000046, 24.784896031000073], [46.63542870200007, 24.784892531000025], [46.63542771400006, 24.784889104000058], [46.63542636200003, 24.78488578200006], [46.635426272000075, 24.78488561200004], [46.635428181000066, 24.784885333000034], [46.63543193500004, 24.784884430000034], [46.63543557500003, 24.784883196000067], [46.635439063000035, 24.784881643000062], [46.63544236900003, 24.784879785000044], [46.63544545900004, 24.784877640000047], [46.63544830500007, 24.784875228000033], [46.63545087700004, 24.784872574000076], [46.635453151000036, 24.784869703000027], [46.63545510700004, 24.784866641000065], [46.63545672400005, 24.78486342000008], [46.63545798900003, 24.784860069000047], [46.63545888700003, 24.784856621000074], [46.635459411000056, 24.78485310900004], [46.63545955400008, 24.784849568000027], [46.63545931800007, 24.78484603100003], [46.63545870300004, 24.784842532000027], [46.63545771400004, 24.78483910400007], [46.63545636200007, 24.784835782000073], [46.63545466100004, 24.784832596000058], [46.63545262500003, 24.78482957800003], [46.63545027600003, 24.784826757000076], [46.63544763500005, 24.784824160000028], [46.63544472700005, 24.784821812000075], [46.635441582000055, 24.784819735000042]]], [[[46.634301582000035, 24.787019735000058], [46.63429822900008, 24.787017950000063], [46.634294700000055, 24.78701647200006], [46.63429103000004, 24.787015319000034], [46.634287253000025, 24.787014499000065], [46.634283406000065, 24.78701402100006], [46.63427952700005, 24.787013890000026], [46.63427565200004, 24.787014105000026], [46.63427181900005, 24.78701466700005], [46.63426806500007, 24.78701557000005], [46.63426442600007, 24.78701680300003], [46.63426093600003, 24.78701835700008], [46.634257630000036, 24.78702021500004], [46.634254541000075, 24.787022360000037], [46.634251696000035, 24.787024771000063], [46.634249123000075, 24.787027426000066], [46.63424684800003, 24.787030297000058], [46.63424489200003, 24.787033359000077], [46.634243275000074, 24.787036580000063], [46.634242011000026, 24.787039931000038], [46.63424111300003, 24.787043379000067], [46.63424058900006, 24.787046890000056], [46.634240444000056, 24.787050432000058], [46.63424068200004, 24.787053969000056], [46.634241297000074, 24.787057468000057], [46.634242286000074, 24.78706089600007], [46.634243637000054, 24.78706421800007], [46.63424533800003, 24.787067404000027], [46.63424737300005, 24.787070421000067], [46.63424972400003, 24.787073242000076], [46.634252365000066, 24.787075840000057], [46.634255273000065, 24.787078188000066], [46.63425841700007, 24.787080264000053], [46.63426177100007, 24.787082050000038], [46.63426530000004, 24.78708352700005], [46.63426897100004, 24.787084681000067], [46.63427274800006, 24.787085501000035], [46.63427659400003, 24.78708597900004], [46.63428047300005, 24.787086111000065], [46.63428434800005, 24.78708589400003], [46.634288181000045, 24.78708533200006], [46.63429193500008, 24.78708443000005], [46.63429557500007, 24.787083197000072], [46.63429906300007, 24.78708164300008], [46.63430236900007, 24.78707978500006], [46.634305459000075, 24.787077640000064], [46.63430830500005, 24.78707522900004], [46.634310877000075, 24.787072574000035], [46.63431315200006, 24.787069702000053], [46.63431510800007, 24.78706664200007], [46.634316725000076, 24.787063420000038], [46.634317990000056, 24.787060069000063], [46.63431888800005, 24.787056621000033], [46.634319412000025, 24.787053109000055], [46.63431955500005, 24.787049568000043], [46.63431931900004, 24.787046031000045], [46.634318703000076, 24.787042531000054], [46.634317715000066, 24.78703910400003], [46.63431636300004, 24.787035782000032], [46.634314661000076, 24.787032597000064], [46.63431262600005, 24.787029579000034], [46.634310277000054, 24.787026758000025], [46.634307636000074, 24.787024160000044], [46.634304728000075, 24.787021812000035], [46.634301582000035, 24.787019735000058]]], [[[46.63419822900005, 24.787177950000057], [46.63419470000008, 24.787176473000045], [46.63419102900008, 24.787175319000028], [46.63418725300005, 24.78717449900006], [46.63418340700008, 24.787174021000055], [46.63417952700007, 24.78717388900003], [46.63417565200007, 24.787174106000066], [46.63417181900007, 24.787174668000034], [46.63416806500004, 24.787175569000055], [46.63416442600004, 24.78717680400007], [46.63416093600006, 24.787178357000073], [46.63415763100005, 24.787180215000035], [46.634154540000054, 24.787182361000077], [46.63415169600006, 24.787184772000046], [46.63414912300004, 24.78718742500007], [46.63414684800006, 24.787190297000052], [46.63414489200005, 24.787193358000025], [46.63414327500004, 24.787196580000057], [46.63414201000006, 24.787199931000032], [46.634141112000066, 24.787203378000072], [46.634140589000026, 24.78720689000005], [46.63414044500007, 24.78721043200005], [46.634140682000066, 24.78721397000004], [46.63414129700004, 24.78721746900004], [46.63414228500005, 24.787220895000075], [46.63414363700008, 24.787224218000063], [46.63414533800005, 24.787227404000078], [46.634147374000065, 24.78723042100006], [46.634149723000064, 24.78723324200007], [46.634152365000034, 24.78723583900006], [46.634155272000044, 24.78723818800006], [46.63415841800003, 24.787240265000037], [46.63416177100004, 24.787242051000078], [46.63416530000006, 24.787243527000044], [46.634168971000065, 24.78724468100006], [46.63417274700004, 24.78724550100003], [46.63417659400005, 24.787245979000033], [46.63418047300007, 24.78724611100006], [46.634184348000076, 24.787245894000023], [46.63418818100007, 24.787245332000055], [46.63419193500005, 24.787244431000033], [46.634195574000046, 24.787243196000077], [46.63419906400003, 24.787241643000073], [46.634202369000036, 24.787239785000054], [46.63420546000003, 24.787237640000058], [46.634208304000026, 24.787235228000043], [46.634210877000044, 24.787232575000075], [46.63421315200003, 24.787229703000037], [46.634215108000035, 24.787226642000064], [46.634216725000044, 24.787223420000032], [46.63421799000008, 24.787220069000057], [46.63421888700003, 24.787216622000074], [46.63421941100006, 24.78721311000004], [46.63421955500007, 24.787209568000037], [46.63421931800008, 24.78720603000005], [46.634218703000045, 24.787202531000048], [46.634217715000034, 24.78719910500007], [46.634216363000064, 24.787195782000026], [46.63421466200003, 24.787192597000058], [46.63421262700007, 24.787189579000028], [46.63421027600003, 24.787186758000075], [46.63420763500005, 24.787184161000027], [46.63420472800004, 24.78718181200003], [46.63420158300005, 24.787179735000052], [46.63419822900005, 24.787177950000057]]], [[[46.63418158300004, 24.787269735000052], [46.63417822900004, 24.787267950000057], [46.634174700000074, 24.787266473000045], [46.63417102900007, 24.787265319000028], [46.634167253000044, 24.78726449900006], [46.63416340600003, 24.787264021000055], [46.634159527000065, 24.78726388900003], [46.63415565200006, 24.787264106000066], [46.63415181900007, 24.787264667000045], [46.63414806500003, 24.787265570000045], [46.634144425000045, 24.787266803000023], [46.63414093700004, 24.787268357000073], [46.634137631000044, 24.787270215000035], [46.63413454100004, 24.78727236000003], [46.634131695000065, 24.787274771000057], [46.63412912300004, 24.78727742600006], [46.63412684800005, 24.787280297000052], [46.634124892000045, 24.78728335900007], [46.634123275000036, 24.787286580000057], [46.634122010000056, 24.787289931000032], [46.63412111200006, 24.78729337900006], [46.63412058800003, 24.78729689100004], [46.634120445000065, 24.787300432000052], [46.63412068100007, 24.78730396900005], [46.634121297000036, 24.78730746800005], [46.634122285000046, 24.787310896000065], [46.63412363700007, 24.787314218000063], [46.63412406100008, 24.787315014000058], [46.634123274000046, 24.787316580000038], [46.634122011000045, 24.78731993100007], [46.63412111200006, 24.787323379000043], [46.63412058900008, 24.78732689000003], [46.634120444000075, 24.787330432000033], [46.63412068200006, 24.787333970000077], [46.634121297000036, 24.78733746900008], [46.634122286000036, 24.787340895000057], [46.63412363700007, 24.787344218000044], [46.63412406100008, 24.78734501300005], [46.634123275000036, 24.787346580000076], [46.634122010000056, 24.78734993100005], [46.63412111200006, 24.787353379000024], [46.63412058800003, 24.78735689100006], [46.634120445000065, 24.78736043200007], [46.63412068100007, 24.78736396900007], [46.634121297000036, 24.78736746800007], [46.63412148300006, 24.78736811400006], [46.634120936000045, 24.787368357000048], [46.63411763100004, 24.787370215000067], [46.63411454000004, 24.787372360000063], [46.63411169600005, 24.78737477100003], [46.63410912300003, 24.787377426000035], [46.634106848000044, 24.787380297000027], [46.63410489200004, 24.787383359000046], [46.63410327500003, 24.78738658000003], [46.63410201000005, 24.787389931000064], [46.63410111300004, 24.787393379000036], [46.63410058900007, 24.78739689100007], [46.63410044500006, 24.787400432000027], [46.63410068200005, 24.787403969000025], [46.63410129700003, 24.787407468000026], [46.63410228500004, 24.78741089600004], [46.63410363700007, 24.787414218000038], [46.63410533800004, 24.787417403000063], [46.63410737300006, 24.787420421000036], [46.63410972400004, 24.787423242000045], [46.63411236500008, 24.787425840000026], [46.63411527200003, 24.787428188000035], [46.63411841700008, 24.78743026500007], [46.634121771000025, 24.787432050000064], [46.63412530000005, 24.787433528000065], [46.63412560100005, 24.787433622000037], [46.63412082600007, 24.787432585000033], [46.63411539300006, 24.787431910000066], [46.63410991300003, 24.787431725000033], [46.634104440000044, 24.787432030000048], [46.634104179000076, 24.787432068000044], [46.63410404100006, 24.78743199400003], [46.634099056000025, 24.787429908000036], [46.63409387200005, 24.78742827800005], [46.634088537000025, 24.787427120000075], [46.63408310400007, 24.78742644500005], [46.63407762400004, 24.78742625900003], [46.634072152000044, 24.787426564000043], [46.63406673700007, 24.78742735800006], [46.634061434000046, 24.787428632000058], [46.63405629400006, 24.787430375000042], [46.63405136600005, 24.787432569000032], [46.63404669600004, 24.787435194000068], [46.634042331000046, 24.787438224000027], [46.634038313000076, 24.787441629000057], [46.63403467900008, 24.787445379000076], [46.63403146500008, 24.787449435000042], [46.63402870300007, 24.787453759000073], [46.634026418000076, 24.787458309000044], [46.634024632000035, 24.78746304300006], [46.63402336400003, 24.787467912000068], [46.63402262500006, 24.78747287300007], [46.634022421000054, 24.787477875000036], [46.634022756000036, 24.787482872000055], [46.634023624000065, 24.787487815000077], [46.63402502000008, 24.78749265500005], [46.63402692900007, 24.787497348000045], [46.63402933300006, 24.787501847000044], [46.634032207000075, 24.787506110000038], [46.63403552600005, 24.787510095000073], [46.63403925800003, 24.78751376400004], [46.634043364000036, 24.787517080000043], [46.63404780800005, 24.78752001400005], [46.63405254400004, 24.78752253700003], [46.634057529000074, 24.787524622000035], [46.63406271300005, 24.787526252000077], [46.634068048000074, 24.787527410000052], [46.634073482000076, 24.787528086000066], [46.63407896000007, 24.787528271000042], [46.634084434000044, 24.787527966000027], [46.63408469400008, 24.78752792800003], [46.63408483300003, 24.787528001000055], [46.634089817000074, 24.78753008800004], [46.63409500200004, 24.787531718000025], [46.634100336000074, 24.787532876000057], [46.634105770000076, 24.787533550000035], [46.634111250000046, 24.787533737000047], [46.634116723000034, 24.787533431000043], [46.63412213700008, 24.787532638000073], [46.63412743900005, 24.787531364000074], [46.63413258000003, 24.787529621000033], [46.63413750900003, 24.787527426000054], [46.63414217800005, 24.787524802000064], [46.63414654200005, 24.787521772000048], [46.63415056200006, 24.78751836600003], [46.634154195000065, 24.787514617000056], [46.63415740800008, 24.787510560000044], [46.634160171000076, 24.78750623600007], [46.63416245600007, 24.78750168600004], [46.634164241000065, 24.787496953000073], [46.63416551000006, 24.787492083000075], [46.63416625000008, 24.787487122000073], [46.634166453000034, 24.78748212100004], [46.63416611900004, 24.787477124000077], [46.634165249000034, 24.787472181000055], [46.634163853000075, 24.787467340000035], [46.63416194400003, 24.78746264800003], [46.63415954100003, 24.78745814800004], [46.63415666600008, 24.787453886000037], [46.63415334700005, 24.78744990000007], [46.63414961700005, 24.787446232000036], [46.634145509000064, 24.787442915000042], [46.63414106700003, 24.787439981000034], [46.63413633000005, 24.787437459000046], [46.63413134600006, 24.78743537300005], [46.63412953000005, 24.787434802000064], [46.63413274700008, 24.78743550100006], [46.63413659300005, 24.787435979000065], [46.63414047300006, 24.787436110000044], [46.63414434800006, 24.787435895000044], [46.63414818100006, 24.787435333000076], [46.634151935000034, 24.787434430000076], [46.63415557400003, 24.78743319700004], [46.63415906400007, 24.787431643000048], [46.63416236900008, 24.78742978500003], [46.63416546000008, 24.787427640000033], [46.63416830400007, 24.787425229000064], [46.63417087600004, 24.78742257400006], [46.63417315200007, 24.78741970300007], [46.63417510800008, 24.78741664100005], [46.63417672500003, 24.787413420000064], [46.63417799000007, 24.787410069000032], [46.634178887000076, 24.78740662100006], [46.63417941100005, 24.78740311000007], [46.63417955500006, 24.78739956800007], [46.634179318000065, 24.78739603100007], [46.63417870300003, 24.78739253200007], [46.634178517000066, 24.787391886000023], [46.63417906400008, 24.787391643000035], [46.634182370000076, 24.787389785000073], [46.634185460000026, 24.787387640000077], [46.63418830400008, 24.78738522900005], [46.63419087700004, 24.78738257400005], [46.63419315200008, 24.787379703000056], [46.63419510800003, 24.787376641000037], [46.63419672500004, 24.78737342000005], [46.63419798900003, 24.787370069000076], [46.634198887000025, 24.787366621000047], [46.634199411000054, 24.787363110000058], [46.634199556000056, 24.787359568000056], [46.63419931800007, 24.78735603100006], [46.63419870300004, 24.787352532000057], [46.63419771400004, 24.787349104000043], [46.63419636300006, 24.787345782000045], [46.63419593800006, 24.78734498700004], [46.63419672500004, 24.78734342000007], [46.634197990000075, 24.787340069000038], [46.63419888800007, 24.787336622000055], [46.634199412000044, 24.787333110000077], [46.634199555000066, 24.787329568000075], [46.63419931900006, 24.787326031000077], [46.63419870300004, 24.78732253100003], [46.63419771500003, 24.78731910500005], [46.63419636300006, 24.787315782000064], [46.63419593900005, 24.78731498700006], [46.63419672600003, 24.787313420000032], [46.63419798900003, 24.787310069000057], [46.63419888800007, 24.787306621000027], [46.634199411000054, 24.78730311000004], [46.634199556000056, 24.787299568000037], [46.63419931800007, 24.78729603100004], [46.63419870300004, 24.787292532000038], [46.63419771400004, 24.787289104000024], [46.63419636300006, 24.787285782000026], [46.63419466200003, 24.787282597000058], [46.63419262600007, 24.787279579000028], [46.63419027600003, 24.787276758000075], [46.634187635000046, 24.787274160000038], [46.63418472800004, 24.78727181200003], [46.63418158300004, 24.787269735000052]]], [[[46.63408314800006, 24.786610152000037], [46.63407816400007, 24.786608066000042], [46.63407297900005, 24.786606436000056], [46.63406764400003, 24.786605278000025], [46.63406221100007, 24.786604603000058], [46.634056731000044, 24.786604417000035], [46.634051258000056, 24.78660472200005], [46.63404584400007, 24.786605516000066], [46.63404054100005, 24.786606790000064], [46.63403540100006, 24.78660853200006], [46.63403047200006, 24.78661072700004], [46.63402580300004, 24.786613351000028], [46.63402143900004, 24.786616381000044], [46.63401741900003, 24.786619787000063], [46.634013786000025, 24.786623536000036], [46.63401057300007, 24.78662759300005], [46.63400781000007, 24.786631917000022], [46.63400552500008, 24.78663646700005], [46.634003740000026, 24.786641200000076], [46.63400247100003, 24.786646071000064], [46.63400173100007, 24.786651031000076], [46.63400164600006, 24.786653122000075], [46.63400153600003, 24.786653215000058], [46.63399790200003, 24.78665696400003], [46.633994689000076, 24.786661020000054], [46.63399192700007, 24.786665344000028], [46.63398964100003, 24.786669894000056], [46.63398785600003, 24.78667462800007], [46.63398658700004, 24.78667949800007], [46.633985848000066, 24.786684458000025], [46.63398564500005, 24.786689460000048], [46.633985979000045, 24.786694457000067], [46.633986452000045, 24.786697142000037], [46.63398392900007, 24.786698560000048], [46.63397956400007, 24.786701590000064], [46.633975546000045, 24.786704995000036], [46.63397191200005, 24.786708745000055], [46.63396869800005, 24.786712800000032], [46.63396593600004, 24.786717125000052], [46.633963651000045, 24.786721675000024], [46.63396186500006, 24.78672640800005], [46.633960597000055, 24.786731278000047], [46.633959858000026, 24.78673623800006], [46.63395965400008, 24.786741241000072], [46.63395998900006, 24.786746237000045], [46.63396085800008, 24.786751180000067], [46.63396225300005, 24.78675602100003], [46.63396416200004, 24.786760714000025], [46.63396514900006, 24.786762559000067], [46.63396320500004, 24.786763217000043], [46.63395827700003, 24.786765412000022], [46.63395360700008, 24.78676803600007], [46.633949243000075, 24.78677106600003], [46.63394522400006, 24.786774472000047], [46.63394159100005, 24.786778221000077], [46.63393837700005, 24.786782278000032], [46.63393561400005, 24.786786602000063], [46.63393333000005, 24.786791152000035], [46.63393154400006, 24.78679588500006], [46.63393027600006, 24.78680075500006], [46.63392953600004, 24.78680571600006], [46.63392933200004, 24.786810717000037], [46.633929667000075, 24.786815714000056], [46.63393053600004, 24.786820657000078], [46.63393171700005, 24.786824753000076], [46.63393169600005, 24.786824771000056], [46.633929124000076, 24.78682742500007], [46.633926848000044, 24.78683029700005], [46.63392489200004, 24.786833358000024], [46.63392327500003, 24.786836580000056], [46.63392201000005, 24.78683993100003], [46.63392111300004, 24.78684337900006], [46.63392058900007, 24.78684689000005], [46.63392044500006, 24.78685043200005], [46.63392068200005, 24.78685396900005], [46.63392129700003, 24.78685746900004], [46.63392228500004, 24.786860896000064], [46.633923637000066, 24.786864217000073], [46.63392533800004, 24.78686740300003], [46.63392737400005, 24.78687042100006], [46.63392972400004, 24.78687324200007], [46.63393236500008, 24.78687583900006], [46.63393527200003, 24.78687818800006], [46.63393841700008, 24.786880265000036], [46.63394177100008, 24.78688205000003], [46.63394530000005, 24.786883527000043], [46.63394897100005, 24.78688468100006], [46.63395274700008, 24.78688550100003], [46.63395659300005, 24.786885980000022], [46.63396047300006, 24.786886111000058], [46.63396434800006, 24.78688589500007], [46.63396818100006, 24.786885333000043], [46.633971935000034, 24.786884431000033], [46.63397557400003, 24.786883196000076], [46.63397906300003, 24.786881643000072], [46.63398236900008, 24.786879785000053], [46.63398545900003, 24.786877640000057], [46.63398830400007, 24.786875228000042], [46.63399087600004, 24.786872575000075], [46.63399315200007, 24.786869703000036], [46.63399510800008, 24.786866642000064], [46.63399672500003, 24.78686342000003], [46.63399799000007, 24.786860070000046], [46.633998087000066, 24.78685969600008], [46.634002062000036, 24.78685874100006], [46.63400720300007, 24.786856998000076], [46.63401213100008, 24.78685480400003], [46.63401680000004, 24.78685218000004], [46.634021165000036, 24.786849150000023], [46.63402518400005, 24.78684574300007], [46.63402881700006, 24.78684199500003], [46.63403203100006, 24.786837938000076], [46.63403479400006, 24.786833614000045], [46.63403707800006, 24.786829063000027], [46.63403886400005, 24.786824331000048], [46.63404013200005, 24.78681946000006], [46.63404087200007, 24.786814500000048], [46.634041076000074, 24.786809497000036], [46.634040741000035, 24.786804502000052], [46.63403987100003, 24.78679955900003], [46.63403847600006, 24.786794717000078], [46.63403656700007, 24.786790025000073], [46.634035581000035, 24.78678818000003], [46.634037524000064, 24.786787521000065], [46.634042452000074, 24.786785327000075], [46.63404712200003, 24.78678270200004], [46.63405148700008, 24.786779672000023], [46.63405550500005, 24.78677626700005], [46.634059139000044, 24.78677251700003], [46.63406235300005, 24.786768461000065], [46.63406272600008, 24.786767876000056], [46.63406462300003, 24.78676759800004], [46.63406992600005, 24.78676632400004], [46.63407506600004, 24.786764581000057], [46.634079995000036, 24.786762386000078], [46.634084664000056, 24.78675976200003], [46.63408902900005, 24.78675673200007], [46.63409304800007, 24.786753326000053], [46.63409668200006, 24.786749577000023], [46.63409989500008, 24.786745521000057], [46.63410265700003, 24.786741196000037], [46.63410494300007, 24.786736646000065], [46.63410672800006, 24.78673191400003], [46.63410799700006, 24.78672704300004], [46.63410873600003, 24.78672208300003], [46.63410880300006, 24.786720443000036], [46.63411254000005, 24.786717276000047], [46.63411617400004, 24.786713527000074], [46.634119387000055, 24.78670947100005], [46.63412214900006, 24.786705147000077], [46.63412443500005, 24.78670059600006], [46.63412622000004, 24.786695863000034], [46.634127489000036, 24.786690993000036], [46.634128228000066, 24.786686033000024], [46.63412843200007, 24.786681030000068], [46.63412809700003, 24.78667603400004], [46.63412722800007, 24.786671091000073], [46.63412583200005, 24.786666250000053], [46.63412392300006, 24.78666155700006], [46.634121519000075, 24.78665705800006], [46.63411864500006, 24.786652795000066], [46.63411532600003, 24.786648811000077], [46.634112223000045, 24.786645761000045], [46.634112067000046, 24.786644874000046], [46.63411067100003, 24.786640032000037], [46.63410876200004, 24.786635340000032], [46.63410635900004, 24.786630841000033], [46.634103484000036, 24.78662657800004], [46.63410016500006, 24.78662259300006], [46.63409643500006, 24.786618925000028], [46.634092327000076, 24.786615607000044], [46.63408788500004, 24.786612673000036], [46.63408314800006, 24.786610152000037]]], [[[46.63401470000008, 24.787536472000056], [46.63401102900008, 24.78753531900003], [46.63400725300005, 24.78753449900006], [46.63400340700008, 24.787534021000056], [46.63399952700007, 24.787533890000077], [46.63399565200007, 24.787534105000077], [46.63399181900007, 24.787534667000045], [46.63398806500004, 24.787535570000045], [46.63398442600004, 24.787536803000023], [46.63398093600006, 24.787538357000074], [46.63397763100005, 24.787540215000035], [46.633974540000054, 24.78754236000003], [46.63397169600006, 24.787544771000057], [46.63396912400003, 24.78754742600006], [46.63396684800006, 24.787550297000053], [46.63396489200005, 24.78755335900007], [46.63396327500004, 24.787556580000057], [46.63396201000006, 24.787559931000033], [46.633961113000055, 24.787563379000062], [46.633960589000026, 24.78756689000005], [46.63396044500007, 24.787570432000052], [46.633960682000065, 24.78757396900005], [46.63396129700004, 24.787577468000052], [46.63396228500005, 24.787580896000065], [46.63396363700008, 24.787584218000063], [46.63396533800005, 24.787587403000032], [46.633967374000065, 24.78759042100006], [46.63396972400005, 24.78759324200007], [46.633972365000034, 24.78759584000005], [46.63397527200004, 24.78759818800006], [46.63397841700004, 24.787600264000048], [46.633980508000036, 24.787601378000033], [46.633980681000025, 24.787603970000077], [46.63398107000006, 24.787606182000047], [46.63397660500004, 24.78760725500007], [46.63397658500003, 24.78760726200005], [46.63397470000007, 24.78760647300004], [46.633971029000065, 24.78760531900008], [46.63396725300004, 24.787604499000054], [46.63396340700007, 24.78760402100005], [46.63395952700006, 24.787603889000025], [46.633955652000054, 24.78760410600006], [46.63395181900006, 24.78760466800003], [46.63394806500003, 24.78760557000004], [46.63394442600003, 24.787606803000074], [46.633940936000045, 24.787608356000078], [46.63393763100004, 24.78761021500003], [46.63393454000004, 24.787612360000026], [46.63393169600005, 24.78761477100005], [46.633929124000076, 24.787617426000054], [46.633926848000044, 24.787620297000046], [46.63392489200004, 24.787623358000076], [46.63392327500003, 24.78762658000005], [46.63392201000005, 24.787629931000026], [46.63392111300004, 24.787633379000056], [46.63392058900007, 24.787636891000034], [46.63392044500006, 24.787640432000046], [46.63392068200005, 24.787643969000044], [46.63392129700003, 24.787647468000046], [46.63392228500004, 24.78765089600006], [46.633923637000066, 24.787654218000057], [46.63392533800004, 24.787657403000026], [46.63392737300006, 24.787660421000055], [46.63392972400004, 24.787663242000065], [46.63393236500008, 24.787665840000045], [46.63393527200003, 24.787668188000055], [46.63393841700008, 24.78767026500003], [46.63394016800004, 24.787671197000066], [46.63394019100008, 24.78767127800006], [46.63394210000007, 24.787675971000056], [46.633944504000056, 24.787680470000055], [46.63394737900006, 24.78768473200006], [46.633950698000035, 24.787688718000027], [46.63395118600005, 24.787689198000066], [46.633951136000064, 24.787690437000037], [46.633951471000046, 24.787695434000057], [46.633952341000054, 24.78770037700008], [46.63395373600008, 24.787705217000052], [46.63395564500007, 24.787709911000036], [46.63395804800007, 24.787714410000035], [46.633960924000064, 24.78771867200004], [46.63396424300004, 24.787722657000074], [46.63396797300004, 24.78772632600004], [46.633972080000035, 24.787729643000034], [46.63397652300006, 24.787732576000053], [46.63398126000004, 24.78773509900003], [46.63398624400003, 24.787737184000036], [46.63399142900005, 24.78773881400008], [46.63399676300003, 24.787739972000054], [46.63400219700003, 24.787740648000067], [46.634007677000056, 24.787740834000033], [46.634013150000044, 24.78774052800003], [46.63401856400003, 24.78773973400007], [46.63402386700005, 24.78773846000007], [46.63402900800003, 24.78773671700003], [46.63403393600004, 24.78773452400003], [46.63403860500006, 24.78773189900005], [46.63404297000005, 24.787728869000034], [46.63404698900007, 24.787725463000072], [46.634050622000075, 24.787721714000043], [46.63405383600008, 24.787717658000076], [46.634056599000075, 24.787713334000046], [46.63405888300008, 24.787708783000028], [46.634060669000064, 24.78770405000006], [46.63406193700007, 24.78769918000006], [46.63406267700003, 24.78769422000005], [46.634062881000034, 24.787689217000036], [46.63406254600005, 24.787684221000063], [46.634061676000044, 24.78767927800004], [46.634060386000044, 24.787674803000073], [46.634061935000034, 24.78767443000004], [46.63406557500008, 24.78767319700006], [46.63406906300003, 24.787671643000067], [46.63407236900008, 24.78766978500005], [46.63407545900003, 24.787667640000052], [46.63407830500006, 24.787665229000027], [46.63408087700003, 24.787662574000024], [46.63408315200007, 24.78765970300003], [46.63408510800008, 24.78765664100007], [46.63408672600008, 24.787653420000026], [46.63408799000007, 24.78765006900005], [46.634088888000065, 24.78764662100008], [46.63408941200004, 24.787643109000044], [46.63408955500006, 24.78763956800003], [46.634089319000054, 24.787636031000034], [46.63408870300003, 24.787632532000032], [46.63408771500008, 24.787629104000075], [46.63408636400004, 24.787625782000077], [46.63408466200008, 24.787622597000052], [46.634082626000065, 24.787619579000022], [46.634080277000066, 24.78761675800007], [46.63407870000003, 24.787615208000034], [46.63408193500004, 24.787614430000076], [46.63408557400004, 24.78761319700004], [46.63408906400008, 24.787611643000048], [46.63409236900003, 24.78760978500003], [46.634095460000026, 24.787607640000033], [46.63409830400008, 24.787605229000064], [46.63410087600005, 24.78760257400006], [46.63410315200008, 24.78759970300007], [46.63410510800003, 24.78759664100005], [46.63410672500004, 24.787593420000064], [46.634107990000075, 24.787590069000032], [46.634108887000025, 24.78758662100006], [46.634109411000054, 24.787583109000025], [46.634109555000066, 24.78757956800007], [46.63410931800007, 24.78757603100007], [46.63410870300004, 24.78757253200007], [46.63410771500003, 24.787569104000056], [46.63410636300006, 24.78756578200006], [46.63410466200003, 24.787562597000033], [46.63410262700006, 24.78755957900006], [46.63410027600003, 24.78755675800005], [46.634097635000046, 24.78755416000007], [46.634094728000036, 24.78755181200006], [46.63409158300004, 24.787549735000027], [46.63408822900004, 24.787547950000032], [46.634084700000074, 24.78754647200003], [46.63408102900007, 24.78754531900006], [46.634077253000044, 24.787544499000035], [46.63407340700007, 24.78754402100003], [46.634069527000065, 24.78754389000005], [46.63406565200006, 24.787544105000052], [46.63406181900007, 24.787544667000077], [46.63405806500003, 24.787545570000077], [46.634054426000034, 24.787546803000055], [46.63405093600005, 24.78754835700005], [46.634047631000044, 24.787550215000067], [46.63404454000005, 24.787552360000063], [46.634041696000054, 24.787554771000032], [46.634039123000036, 24.787557426000035], [46.63403773600004, 24.78755917700005], [46.634037715000034, 24.787559104000024], [46.634036363000064, 24.787555782000027], [46.63403466200003, 24.787552597000058], [46.63403262700007, 24.78754957900003], [46.63403027600003, 24.787546758000076], [46.63402763500005, 24.78754416000004], [46.63402472800004, 24.78754181200003], [46.63402158300005, 24.787539735000053], [46.63401822900005, 24.787537950000058], [46.63401470000008, 24.787536472000056]]], [[[46.633941582000034, 24.787819735000028], [46.63393823000007, 24.787817950000033], [46.633934700000054, 24.787816473000078], [46.63393103000004, 24.78781531900006], [46.63392725300008, 24.787814499000035], [46.633923406000065, 24.78781402100003], [46.633919527000046, 24.787813890000052], [46.63391565200004, 24.787814105000052], [46.63391181900005, 24.787814667000077], [46.63390806500007, 24.787815570000078], [46.633904425000026, 24.787816804000045], [46.63390093700008, 24.78781835700005], [46.633897631000025, 24.787820215000067], [46.633895116000076, 24.787821961000077], [46.63389286700004, 24.787821020000024], [46.63388768300007, 24.78781939000004], [46.63388234800004, 24.787818232000063], [46.63387691400004, 24.78781755600005], [46.63387143600005, 24.787817371000074], [46.63386596300006, 24.78781767600003], [46.63386054800003, 24.787818470000047], [46.63385524500006, 24.787819744000046], [46.63385010500008, 24.78782148700003], [46.63384517700007, 24.787823681000077], [46.63384050700006, 24.787826306000056], [46.633836142000064, 24.787829336000073], [46.63383212300005, 24.787832741000045], [46.63382848900005, 24.787836491000064], [46.63382527600004, 24.78784054600004], [46.63382251400003, 24.78784487100006], [46.63382022800005, 24.787849421000033], [46.63381844300005, 24.78785415400006], [46.63381717400006, 24.787859024000056], [46.63381643500003, 24.787863985000058], [46.63381623200007, 24.787868987000024], [46.633816566000064, 24.787873984000043], [46.633817435000026, 24.787878926000076], [46.63381883100004, 24.78788376700004], [46.63382074000003, 24.787888460000033], [46.633823144000075, 24.787892959000033], [46.633826018000036, 24.787897222000026], [46.633829337000066, 24.787901206000072], [46.63383306800006, 24.787904876000027], [46.63383717500005, 24.78790819200003], [46.633841618000076, 24.78791112600004], [46.63384635500006, 24.78791364800003], [46.633851340000035, 24.787915734000023], [46.633856524000066, 24.787917364000066], [46.633861859000035, 24.78791852200004], [46.63386729200005, 24.787919198000054], [46.633872772000075, 24.78791938300003], [46.63387824400007, 24.787919078000073], [46.63388365900005, 24.787918284000057], [46.63388896200007, 24.787917010000058], [46.633894102000056, 24.787915267000074], [46.633899030000066, 24.787913073000027], [46.633903700000076, 24.787910448000048], [46.63390806500007, 24.78790741800003], [46.63391208400003, 24.78790401300006], [46.633915718000026, 24.78790026300004], [46.63391893100004, 24.787896208000063], [46.63392169300005, 24.787891883000043], [46.63392397900003, 24.78788733300007], [46.63392453100005, 24.787885868000046], [46.633928181000044, 24.78788533200003], [46.63393193500008, 24.787884430000076], [46.63393557400008, 24.787883197000042], [46.63393906400006, 24.787881644000038], [46.63394236900007, 24.78787978500003], [46.633945459000074, 24.787877640000033], [46.63394830500005, 24.787875229000065], [46.633950877000075, 24.787872574000062], [46.63395315200006, 24.78786970300007], [46.633955108000066, 24.78786664200004], [46.633956726000065, 24.787863420000065], [46.633957989000066, 24.787860069000033], [46.63395888800005, 24.78785662100006], [46.633959411000035, 24.787853109000025], [46.633959556000036, 24.78784956800007], [46.63395931900004, 24.787846031000072], [46.633958703000076, 24.787842531000024], [46.633957715000065, 24.787839104000057], [46.63395636400003, 24.78783578200006], [46.633954662000065, 24.787832597000033], [46.63395262600005, 24.78782957900006], [46.633950277000054, 24.78782675800005], [46.63394763600007, 24.78782416000007], [46.633944728000074, 24.78782181200006], [46.633941582000034, 24.787819735000028]]], [[[46.63388158300006, 24.78797973500008], [46.63387822900006, 24.787977950000027], [46.633874700000035, 24.78797647300007], [46.633871029000034, 24.787975319000054], [46.63386725300006, 24.78797449900003], [46.633863407000035, 24.787974021000025], [46.63385952700003, 24.787973889000057], [46.63385565200008, 24.787974106000036], [46.63385181900003, 24.78797466800006], [46.63384806500005, 24.787975569000025], [46.63384442600005, 24.78797680400004], [46.63384093600007, 24.787978357000043], [46.63383763100006, 24.78798021500006], [46.633834540000066, 24.787982360000058], [46.63383169600007, 24.787984772000073], [46.633829123000055, 24.78798742500004], [46.63382684800007, 24.78799029700008], [46.633824892000064, 24.78799335800005], [46.633823275000054, 24.787996580000026], [46.633822010000074, 24.78799993100006], [46.63382111300007, 24.78800337800004], [46.63382058900004, 24.788006890000077], [46.63382044400004, 24.78801043200008], [46.63382068200008, 24.788013970000065], [46.633821297000054, 24.788017469000067], [46.633822285000065, 24.788020895000045], [46.633823637000035, 24.788024218000032], [46.633824927000035, 24.788026633000072], [46.63382442600005, 24.788026803000037], [46.63382093600006, 24.78802835700003], [46.633817631000056, 24.78803021500005], [46.63381454000006, 24.788032360000045], [46.633811696000066, 24.78803477100007], [46.63380912300005, 24.788037426000074], [46.63380684800006, 24.788040297000066], [46.63380489200006, 24.788043359000028], [46.63380327500005, 24.78804658000007], [46.63380201000007, 24.788049931000046], [46.63380111200007, 24.788053379000075], [46.63380082900005, 24.788055275000033], [46.63379725300007, 24.788054499000054], [46.63379340700004, 24.78805402100005], [46.63378952700003, 24.788053889000025], [46.63378744400006, 24.78805400600004], [46.63378472900007, 24.78805181200005], [46.63378158300003, 24.788049735000072], [46.633778230000075, 24.78804794900003], [46.63377470000006, 24.788046473000065], [46.63377103000005, 24.788045319000048], [46.63376725300003, 24.788044499000023], [46.63376340700006, 24.788044021000076], [46.63375952700005, 24.78804388900005], [46.63375565200005, 24.78804410600003], [46.633751819000054, 24.788044668000055], [46.63374806500008, 24.788045570000065], [46.63374442600008, 24.788046803000043], [46.63374093600004, 24.788048356000047], [46.63373763100003, 24.788050215000055], [46.633734540000034, 24.78805236000005], [46.63373169600004, 24.788054771000077], [46.63372912300008, 24.788057425000034], [46.63372684800004, 24.788060297000072], [46.63372489200003, 24.788063358000045], [46.63372327500008, 24.788066580000077], [46.63372201000004, 24.788069931000052], [46.633721112000046, 24.788073379000025], [46.633721028000025, 24.78807394100005], [46.63371952700004, 24.78807388900003], [46.633715652000035, 24.788074106000067], [46.63371181900004, 24.788074668000036], [46.633708065000064, 24.788075569000057], [46.633704426000065, 24.78807680400007], [46.633700936000025, 24.788078357000074], [46.633697631000075, 24.788080215000036], [46.63369454000008, 24.788082360000033], [46.63369169600003, 24.788084771000058], [46.63368912300007, 24.78808742500007], [46.633686848000025, 24.788090297000053], [46.633684892000076, 24.788093358000026], [46.63368327500007, 24.788096580000058], [46.63368201000003, 24.788099931000033], [46.63368111300008, 24.788103378000073], [46.63368058900005, 24.78810689000005], [46.63368044400005, 24.788110432000053], [46.63368068200003, 24.78811396900005], [46.63368129700007, 24.788117469000042], [46.63368228500008, 24.788120895000077], [46.63368363700005, 24.788124218000064], [46.63368533800008, 24.788127403000033], [46.63368737300004, 24.788130421000062], [46.63368972400008, 24.78813324200007], [46.63369044900003, 24.788133956000024], [46.633686484000066, 24.78813530000008], [46.633681556000056, 24.788137495000058], [46.633676886000046, 24.788140119000047], [46.63367252200004, 24.788143149000064], [46.633668502000035, 24.788146555000026], [46.63366486900003, 24.788150304000055], [46.63366165600007, 24.788154360000078], [46.63365889200003, 24.78815868500004], [46.63365831800007, 24.78815982900005], [46.63365763100006, 24.78816021500006], [46.633654540000066, 24.788162360000058], [46.63365169600007, 24.788164771000027], [46.633649123000055, 24.78816742600003], [46.63364684800007, 24.78817029700008], [46.63364489200006, 24.78817335800005], [46.633643275000054, 24.788176580000027], [46.633642010000074, 24.78817993100006], [46.63364111200008, 24.78818337900003], [46.63364058800005, 24.788186891000066], [46.63364044400004, 24.78819043200008], [46.63364068100003, 24.788193969000076], [46.633641296000064, 24.788197468000078], [46.633641483000076, 24.788198114000068], [46.63364093600006, 24.788198357000056], [46.633637631000056, 24.788200215000074], [46.63363454100005, 24.78820236000007], [46.633631695000076, 24.78820477100004], [46.63362912300005, 24.788207426000042], [46.63362684800006, 24.788210297000035], [46.63362489300005, 24.788213359000054], [46.63362327400006, 24.78821658000004], [46.63362201100006, 24.78821993100007], [46.63362111200007, 24.788223379000044], [46.63362058800004, 24.78822689100008], [46.63362044400003, 24.788230431000045], [46.633620681000025, 24.788233969000032], [46.63362129700005, 24.788237468000034], [46.63362228500006, 24.788240896000048], [46.63362363600004, 24.788244218000045], [46.63362533800006, 24.78824740300007], [46.63362726400004, 24.788250258000062], [46.63362714600004, 24.788253138000073], [46.633627481000076, 24.788258134000046], [46.63362835100003, 24.788263077000067], [46.633629746000054, 24.78826791800003], [46.633631655000045, 24.788272611000025], [46.633633548000034, 24.788276155000062], [46.633633478000036, 24.78827615800003], [46.63362772900007, 24.78827700100004], [46.63362209700006, 24.788278354000056], [46.633616638000035, 24.788280205000035], [46.63361140400008, 24.788282535000064], [46.633606446000044, 24.788285322000036], [46.63360537700004, 24.788286064000033], [46.63360510900003, 24.78828603100004], [46.63359929000006, 24.788285834000078], [46.63359347800008, 24.788286158000062], [46.633587729000055, 24.78828700100007], [46.633582097000044, 24.788288355000077], [46.63357663800008, 24.788290205000067], [46.633571404000065, 24.78829253500004], [46.63356644600003, 24.788295322000067], [46.63356181100005, 24.788298540000028], [46.63355754300005, 24.788302157000032], [46.63355368500004, 24.788306138000053], [46.633550272000036, 24.788310445000036], [46.63354733800003, 24.788315037000075], [46.63354491200005, 24.788319870000066], [46.63354301500004, 24.788324896000063], [46.63354166800008, 24.78833006800005], [46.63354129100003, 24.788332599000057], [46.63353644600005, 24.788335322000023], [46.63353181000008, 24.78833854000004], [46.63352754400006, 24.788342157000045], [46.63352368400007, 24.788346138000065], [46.633520272000055, 24.78835044500005], [46.63351733800005, 24.788355038000077], [46.63351491100008, 24.78835987000008], [46.63351301600005, 24.788364896000076], [46.63351166800004, 24.788370068000063], [46.63351088300004, 24.78837533600006], [46.63351066600006, 24.788380648000043], [46.63351102200005, 24.788385954000034], [46.633511945000066, 24.78839120300006], [46.63351342800007, 24.788396344000034], [46.633515454000076, 24.78840132700003], [46.63351800700008, 24.788406105000035], [46.63352106000008, 24.788410632000023], [46.63352458400004, 24.78841486300007], [46.633528547000026, 24.788418759000024], [46.633532907000074, 24.788422282000056], [46.63353762600008, 24.788425397000026], [46.63354265600003, 24.78842807600006], [46.633547950000036, 24.788430290000065], [46.633553455000026, 24.788432022000052], [46.633559121000076, 24.78843325200006], [46.63356489000006, 24.78843396900004], [46.63357071000007, 24.78843416600006], [46.633576522000055, 24.788433842000074], [46.63358083800006, 24.78843320900006], [46.633581022000044, 24.78843595400008], [46.63358194500006, 24.788441203000048], [46.633583427000076, 24.788446343000032], [46.63358545400007, 24.788451327000075], [46.63358800700007, 24.788456105000023], [46.63359106000007, 24.788460631000078], [46.633594584000036, 24.78846486300006], [46.63359854600003, 24.788468759000068], [46.63360290700007, 24.788472282000043], [46.63360762600007, 24.78847539700007], [46.633612656000025, 24.788478076000047], [46.63361795000003, 24.78848029100004], [46.633623456000066, 24.78848202200004], [46.63362912000008, 24.78848325100006], [46.63363489100004, 24.788483968000037], [46.633640710000066, 24.788484166000046], [46.63364652200005, 24.788483841000073], [46.633652271000074, 24.788482998000063], [46.63365790300003, 24.788481646000037], [46.63366336200005, 24.788479795000057], [46.633668596000064, 24.788477465000028], [46.63367355400004, 24.788474677000067], [46.63367818900008, 24.78847146000004], [46.63368245700008, 24.788467843000035], [46.633686315000034, 24.78846386200007], [46.633689728000036, 24.788459554000042], [46.633692662000044, 24.78845496200006], [46.63369508900007, 24.788450130000058], [46.63369698400004, 24.788445103000072], [46.63369833200005, 24.788439932000074], [46.63369911800004, 24.78843466400008], [46.63369933400003, 24.788429352000037], [46.63369897800004, 24.788424046000046], [46.633698055000025, 24.788418798000066], [46.633696987000064, 24.788415094000072], [46.63369833200005, 24.788409932000036], [46.63369911700005, 24.78840466500003], [46.63369933300004, 24.788399352000056], [46.63369897800004, 24.788394046000064], [46.633698055000025, 24.78838879700004], [46.633696573000066, 24.788383657000054], [46.63369454600007, 24.788378673000068], [46.63369199300007, 24.788373895000063], [46.63368894000007, 24.788369369000065], [46.63368541600005, 24.788365137000028], [46.63368524300006, 24.788364968000053], [46.63368631600008, 24.78836386200004], [46.633689728000036, 24.788359555000056], [46.633692662000044, 24.788354962000028], [46.63369508900007, 24.788350130000026], [46.63369698500003, 24.78834510300004], [46.63369833200005, 24.788339932000042], [46.63369911700005, 24.788334664000047], [46.63369933300004, 24.788329352000062], [46.63369897800004, 24.78832404600007], [46.633698055000025, 24.788318797000045], [46.633696573000066, 24.78831365600007], [46.63369454600007, 24.788308673000074], [46.63369199400006, 24.78830389500007], [46.633691329000044, 24.788302910000027], [46.63369457500005, 24.78830243500005], [46.633699877000026, 24.78830116100005], [46.63370501800006, 24.788299418000065], [46.63370994600007, 24.788297224000075], [46.63371461600008, 24.78829460000003], [46.633718980000026, 24.78829157000007], [46.63372299900004, 24.78828816400005], [46.63372663300004, 24.788284415000078], [46.63372878000007, 24.78828170500003], [46.633730204000074, 24.78828201400006], [46.633735638000076, 24.788282689000027], [46.633741118000046, 24.78828287500005], [46.633746590000044, 24.788282570000035], [46.63375200400003, 24.788281776000076], [46.63375730800004, 24.788280502000077], [46.63376244700004, 24.788278759000036], [46.63376737600004, 24.788276565000047], [46.63377204500006, 24.788273940000067], [46.63377641100004, 24.78827091000005], [46.63378042900007, 24.78826750500008], [46.633784063000064, 24.78826375500006], [46.63378727700007, 24.788259700000026], [46.633790039000075, 24.788255375000062], [46.63379232400007, 24.788250825000034], [46.63379411000005, 24.788246092000065], [46.63379537800006, 24.788241222000067], [46.63379611700003, 24.788236261000065], [46.63379632200008, 24.788231259000042], [46.63379598600005, 24.788226262000023], [46.633795117000034, 24.788221320000048], [46.633793722000064, 24.788216479000027], [46.63379181300007, 24.788211786000033], [46.63378940900003, 24.788207287000034], [46.633788508000066, 24.788205950000076], [46.63379252500005, 24.788206450000075], [46.633798005000074, 24.78820663600004], [46.63380347800006, 24.788206330000037], [46.63380889300004, 24.788205536000078], [46.63381419500007, 24.78820426200008], [46.633819336000045, 24.788202520000027], [46.633824264000054, 24.788200326000037], [46.633828934000064, 24.78819770100006], [46.63383329800007, 24.788194671000042], [46.63383731700003, 24.78819126600007], [46.63384095100008, 24.78818751600005], [46.63384416400004, 24.788183460000027], [46.633846927000036, 24.788179136000053], [46.63384921200003, 24.788174586000025], [46.63385099700008, 24.788169852000067], [46.633852266000076, 24.78816498200007], [46.63385300600004, 24.788160022000056], [46.63385320900005, 24.788155020000033], [46.63385287500006, 24.78815002300007], [46.633852223000076, 24.78814631800003], [46.63385451100004, 24.788142737000044], [46.63385679600003, 24.788138187000072], [46.63385858200007, 24.788133454000047], [46.63385985000008, 24.78812858300006], [46.63386058900005, 24.788123623000047], [46.63386079400004, 24.788118621000024], [46.63386045800007, 24.78811362500005], [46.63385959000004, 24.78810868200003], [46.63385819400003, 24.788103840000076], [46.63385735000003, 24.788101766000068], [46.633857989000035, 24.78810007000004], [46.63385888800008, 24.788096621000022], [46.63385941100006, 24.788093110000034], [46.63385948100006, 24.78809140900006], [46.63386237000003, 24.788089785000068], [46.63386546000004, 24.78808764000007], [46.63386830400003, 24.788085229000046], [46.63387087700005, 24.788082574000043], [46.633873152000035, 24.78807970300005], [46.63387510800004, 24.788076641000032], [46.63387672600004, 24.788073420000046], [46.63387799000003, 24.78807006900007], [46.63387888800003, 24.78806662100004], [46.633879411000066, 24.788063109000063], [46.63387955600007, 24.78805956900004], [46.63387931800003, 24.788056031000053], [46.63387870300005, 24.78805253200005], [46.63387771600003, 24.788049104000038], [46.63387636400006, 24.78804578200004], [46.63387507300007, 24.788043366000068], [46.63387557400006, 24.788043196000046], [46.63387906400004, 24.788041643000042], [46.63388236900005, 24.788039785000024], [46.633885460000045, 24.788037640000027], [46.63388830400004, 24.78803522900006], [46.633890877000056, 24.788032575000045], [46.63389315200004, 24.788029703000063], [46.63389510800005, 24.788026642000034], [46.633896726000046, 24.78802342000006], [46.63389799000004, 24.788020069000027], [46.63389888700004, 24.788016622000043], [46.63389941100007, 24.788013110000065], [46.633899556000074, 24.788009568000064], [46.63389931800003, 24.788006031000066], [46.63389870300006, 24.788002531000075], [46.633897715000046, 24.78799910500004], [46.633896363000076, 24.787995782000053], [46.633894662000046, 24.787992597000027], [46.63389262700008, 24.787989579000055], [46.633890276000045, 24.787986758000045], [46.633887635000065, 24.787984161000054], [46.633884728000055, 24.787981813000044], [46.63388158300006, 24.78797973500008]], [[46.63374496900008, 24.788137981000034], [46.63374367600005, 24.78814140700007], [46.633743422000066, 24.788142384000025], [46.63374341100007, 24.788142375000064], [46.63374081300003, 24.788140660000067], [46.63374236900006, 24.788139785000055], [46.63374496900008, 24.788137981000034]]], [[[46.63386046900007, 24.787086559000045], [46.63385573200003, 24.787084037000056], [46.63385074800004, 24.78708195100006], [46.63384556400007, 24.787080321000076], [46.63384022900004, 24.787079163000044], [46.63383479500004, 24.787078488000077], [46.63382931600006, 24.787078302000054], [46.63382384300007, 24.78707860800006], [46.63381842900003, 24.787079401000028], [46.633813125000074, 24.787080675000027], [46.63380798500003, 24.787082418000068], [46.63380305700008, 24.787084612000058], [46.63379838800006, 24.787087237000037], [46.633794022000075, 24.787090267000053], [46.63379000400005, 24.787093673000072], [46.63378637000005, 24.787097422000045], [46.63378315600005, 24.787101478000068], [46.63378039400004, 24.787105802000042], [46.63377810900005, 24.78711035300006], [46.63377632300006, 24.78711508500004], [46.63377505500006, 24.787119956000026], [46.63377431600003, 24.78712491600004], [46.633774112000026, 24.78712991900005], [46.633774447000064, 24.787134914000035], [46.63377490600004, 24.787137533000077], [46.633774843000026, 24.787137587000075], [46.63377120900003, 24.787141336000047], [46.63376799500003, 24.78714539300006], [46.63376523300008, 24.787149717000034], [46.633762948000026, 24.787154267000062], [46.63376116200004, 24.78715900000003], [46.633759894000036, 24.78716387000003], [46.633759155000064, 24.78716883100003], [46.63375895100006, 24.787173833000054], [46.63375928600004, 24.787178829000027], [46.63375974200005, 24.787181429000043], [46.63375940100008, 24.78718162000007], [46.63375503700007, 24.78718465000003], [46.633751018000055, 24.787188056000048], [46.63374738500005, 24.787191805000077], [46.633744171000046, 24.787195862000033], [46.63374140800005, 24.787200186000064], [46.633739124000044, 24.787204736000035], [46.63373733800006, 24.78720946900006], [46.633736070000054, 24.78721433900006], [46.633735330000036, 24.78721930000006], [46.633735251000076, 24.787221224000064], [46.633733412000026, 24.787222258000043], [46.63372904700003, 24.78722528800006], [46.63372502800007, 24.78722869300003], [46.63372139400008, 24.78723244300005], [46.63371818100006, 24.787236499000073], [46.633715419000055, 24.787240823000047], [46.63371313300007, 24.787245373000076], [46.63371134800008, 24.787250107000034], [46.633710079000025, 24.787254976000042], [46.63370934000005, 24.787259937000044], [46.63370913700004, 24.787264939000067], [46.63370947100003, 24.78726993600003], [46.63370966400004, 24.787271032000035], [46.633706258000075, 24.78727391900003], [46.63370262400008, 24.78727766800006], [46.63369941000008, 24.787281724000024], [46.63369664800007, 24.787286049000045], [46.63369436200003, 24.787290599000073], [46.63369257700003, 24.787295332000042], [46.63369130800004, 24.78730020200004], [46.633690569000066, 24.787305163000042], [46.63369036600005, 24.787310165000065], [46.633690658000035, 24.787314534000075], [46.63368676400006, 24.78731783300003], [46.633683130000065, 24.78732158300005], [46.63367991700005, 24.787325638000027], [46.63367715500004, 24.787329963000047], [46.63367486900006, 24.787334513000076], [46.63367486400006, 24.787334529000077], [46.63367382700005, 24.787334991000023], [46.63366915800003, 24.78733761500007], [46.63366479200005, 24.78734064500003], [46.63366077400008, 24.787344051000048], [46.633657140000025, 24.787347800000077], [46.63365392600008, 24.787351857000033], [46.63365116400007, 24.787356181000064], [46.63364887900008, 24.787360731000035], [46.633647093000036, 24.78736546400006], [46.63364601500007, 24.787369606000027], [46.63364241200003, 24.787372106000078], [46.63363839300007, 24.78737551200004], [46.633634760000064, 24.78737926100007], [46.63363154600006, 24.787383318000025], [46.63362878300006, 24.787387642000056], [46.63362649900006, 24.787392192000027], [46.633624713000074, 24.787396925000053], [46.63362344500007, 24.78740179500005], [46.63362279300003, 24.78740616600004], [46.633621067000036, 24.78740762900003], [46.63361743200005, 24.787411379000048], [46.63361421900004, 24.787415434000025], [46.63361145700003, 24.787419759000045], [46.633609171000046, 24.787424309000073], [46.63360738600005, 24.787429042000042], [46.633606117000056, 24.78743391200004], [46.63360537800003, 24.787438872000052], [46.63360517500007, 24.787443875000065], [46.63360550900006, 24.787448871000038], [46.63360637800008, 24.78745381400006], [46.63360777400004, 24.787458655000023], [46.63360959200003, 24.787463124000055], [46.63360810800003, 24.78746705800006], [46.63360684000003, 24.78747192800006], [46.633606100000065, 24.78747688800007], [46.63360589600006, 24.787481891000027], [46.633606231000044, 24.787486887000057], [46.63360710100005, 24.78749183000008], [46.63360849600008, 24.787496671000042], [46.63361040500007, 24.787501364000036], [46.633612808000066, 24.787505863000035], [46.63361568400006, 24.78751012600003], [46.633619003000035, 24.787514110000075], [46.63362273300004, 24.78751777900004], [46.633626840000034, 24.787521096000035], [46.63363128300006, 24.787524030000043], [46.63363602000004, 24.78752655200003], [46.633641004000026, 24.787528638000026], [46.633646189000046, 24.78753026800007], [46.633651523000026, 24.787531426000044], [46.63365695700003, 24.787532101000068], [46.633662436000066, 24.787532287000033], [46.63366791000004, 24.787531982000075], [46.63367332400003, 24.78753118800006], [46.63367862600006, 24.78752991300007], [46.633683767000036, 24.787528171000076], [46.633688696000036, 24.78752597700003], [46.633693365000056, 24.78752335200005], [46.63369772900006, 24.787520322000034], [46.63370174900007, 24.78751691700006], [46.63370538200007, 24.787513167000043], [46.63370859500003, 24.787509111000077], [46.63371135800003, 24.787504787000046], [46.63371364300008, 24.787500237000074], [46.63371542800007, 24.78749550300006], [46.63371669700007, 24.78749063400005], [46.63371743700003, 24.78748567300005], [46.63371764000004, 24.787480671000026], [46.63371730600005, 24.787475674000063], [46.63371643600004, 24.78747073100004], [46.63371504000003, 24.787465891000068], [46.63371322200004, 24.787461421000046], [46.63371470700008, 24.78745748800003], [46.63371597500003, 24.78745261800003], [46.63371662700007, 24.787448247000043], [46.63371835400005, 24.787446784000053], [46.63372198700006, 24.787443035000024], [46.63372520000007, 24.78743897800007], [46.63372796300007, 24.787434654000037], [46.63373024800006, 24.787430104000066], [46.63373203300006, 24.78742537100004], [46.63373311300006, 24.787421229000074], [46.633736715000055, 24.787418729000024], [46.63374073400007, 24.78741532300006], [46.633744368000066, 24.787411574000032], [46.63374758100008, 24.787407517000076], [46.63375034300003, 24.787403193000046], [46.63375262900007, 24.787398643000074], [46.633752635000064, 24.787398626000027], [46.63375367100008, 24.78739816500007], [46.63375834000004, 24.787395540000034], [46.63376270600003, 24.787392510000075], [46.633766724000054, 24.787389105000045], [46.63377035800005, 24.787385355000026], [46.63377357200005, 24.78738130000005], [46.63377633400006, 24.78737697500003], [46.633778619000054, 24.787372425000058], [46.63378040500004, 24.787367692000032], [46.633781673000044, 24.787362822000034], [46.63378241200007, 24.78735786200008], [46.633782617000065, 24.787352859000066], [46.63378232400004, 24.787348490000056], [46.63378621700008, 24.787345190000053], [46.633789851000074, 24.78734144200007], [46.63379306500008, 24.787337385000058], [46.63379582700003, 24.787333061000027], [46.63379811200008, 24.787328510000066], [46.63379989800006, 24.78732377800003], [46.63380116600007, 24.787318907000042], [46.63380190500004, 24.78731394700003], [46.63380211000003, 24.787308945000063], [46.63380177400006, 24.787303949000034], [46.633801582000046, 24.78730285200004], [46.633804988000065, 24.787299965000045], [46.63380862200006, 24.787296216000072], [46.63381183600006, 24.78729216000005], [46.63381459800007, 24.787287836000075], [46.633816883000065, 24.787283285000058], [46.63381866900005, 24.787278552000032], [46.633819937000055, 24.787273682000034], [46.63382067600003, 24.78726872200008], [46.633820755000045, 24.787266798000076], [46.63382259500003, 24.78726576400004], [46.63382695900003, 24.787262734000024], [46.63383097800005, 24.787259327000072], [46.633834611000054, 24.787255579000032], [46.63383782500006, 24.787251522000076], [46.633840588000055, 24.787247198000046], [46.63384287200006, 24.787242648000074], [46.633844658000044, 24.78723791500005], [46.63384592600005, 24.78723304400006], [46.63384666600007, 24.78722808400005], [46.63384687000007, 24.787223082000025], [46.63384653600008, 24.787218086000053], [46.63384607800003, 24.787215486000036], [46.633846419000065, 24.787215294000077], [46.63385078400006, 24.78721226500005], [46.63385480300008, 24.787208858000042], [46.63385843700007, 24.78720511000006], [46.63386165000003, 24.787201053000047], [46.63386441200004, 24.787196729000073], [46.63386669800008, 24.787192178000055], [46.63386848300007, 24.787187446000075], [46.63386975200007, 24.78718257500003], [46.63387049100004, 24.787177615000076], [46.63387069500004, 24.787172613000052], [46.63387036000006, 24.787167617000023], [46.633869900000036, 24.787164998000037], [46.63386996400004, 24.78716494400004], [46.63387359800004, 24.787161195000067], [46.63387681100005, 24.787157139000044], [46.63387957300006, 24.787152814000024], [46.63388185900004, 24.787148264000052], [46.633883644000036, 24.787143531000027], [46.63388491300003, 24.78713866100003], [46.63388565200006, 24.787133700000027], [46.63388585600006, 24.78712869900005], [46.63388552100008, 24.78712370200003], [46.63388465200006, 24.787118759000066], [46.63388325600005, 24.787113918000045], [46.633881347000056, 24.78710922600004], [46.63387894300007, 24.78710472700004], [46.63387606900005, 24.787100464000048], [46.63387275000008, 24.78709647900007], [46.63386901900003, 24.787092810000047], [46.633864912000035, 24.787089493000053], [46.63386046900007, 24.787086559000045]]], [[[46.63356734400003, 24.788461925000036], [46.63356205100007, 24.78845970900005], [46.63355654500003, 24.788457979000043], [46.63355087900004, 24.788456748000044], [46.63354511000006, 24.788456031000067], [46.633539291000034, 24.788455834000047], [46.63353347800006, 24.78845615800003], [46.63352772800005, 24.78845700100004], [46.63352209800007, 24.788458355000046], [46.63351663900005, 24.788460205000035], [46.633511405000036, 24.788462535000065], [46.63350644700006, 24.788465323000025], [46.63350181100003, 24.788468540000054], [46.63349754300003, 24.788472157000058], [46.63349368400003, 24.788476139000068], [46.633490272000074, 24.78848044600005], [46.633487338000066, 24.788485037000044], [46.63348491100004, 24.788489870000035], [46.63348301500008, 24.78849489600003], [46.63348166800006, 24.788500068000076], [46.63348088300006, 24.788505335000025], [46.63348066700007, 24.788510648000056], [46.63348102200007, 24.788515954000047], [46.63348194500003, 24.788521203000073], [46.633483427000044, 24.788526343000058], [46.63348545400004, 24.788531327000044], [46.63348800700004, 24.78853610500005], [46.63349106000004, 24.788540631000046], [46.633493513000076, 24.78854357700004], [46.633493015000056, 24.788544896000076], [46.63349166800003, 24.788550068000063], [46.633490882000046, 24.78855533500007], [46.63349066600006, 24.788560647000054], [46.63349069000003, 24.78856101200006], [46.63348780200005, 24.788562635000062], [46.63348343700005, 24.78856566500008], [46.633479418000036, 24.78856907000005], [46.63347578500003, 24.78857282000007], [46.63347257100003, 24.788576876000036], [46.63346980800003, 24.788581200000067], [46.633467524000025, 24.78858575000004], [46.63346573800004, 24.788590484000053], [46.633464470000035, 24.788595353000062], [46.633463730000074, 24.788600314000064], [46.63346352600007, 24.78860531600003], [46.63346386100005, 24.78861031300005], [46.63346473000007, 24.78861525600007], [46.63346612600003, 24.788620096000045], [46.63346803500008, 24.78862478900004], [46.633470438000074, 24.788629289000028], [46.63347331400007, 24.788633551000032], [46.63347663300004, 24.788637536000067], [46.63348036300005, 24.788641205000033], [46.63348447000004, 24.788644522000027], [46.633488913000065, 24.788647455000046], [46.63349365000005, 24.788649978000024], [46.633498634000034, 24.78865206300003], [46.633503819000055, 24.78865369300007], [46.633509153000034, 24.788654851000047], [46.633514587000036, 24.78865552700006], [46.63352006700006, 24.788655713000026], [46.63352554000005, 24.78865540700008], [46.633530955000026, 24.788654613000062], [46.63353625700006, 24.788653339000064], [46.633541398000034, 24.78865159700007], [46.633546326000044, 24.78864940300008], [46.633550996000054, 24.788646778000043], [46.63355536000006, 24.788643748000027], [46.633559380000065, 24.788640342000065], [46.63356301300007, 24.788636593000035], [46.63356622600003, 24.78863253700007], [46.633568989000025, 24.788628213000038], [46.633571274000076, 24.788623663000067], [46.63357305900007, 24.78861892900005], [46.633574328000066, 24.788614059000054], [46.63357506800003, 24.78860909900004], [46.63357507000006, 24.788609034000046], [46.633578595000074, 24.78860746500004], [46.63358355400004, 24.78860467800007], [46.63358818900008, 24.788601460000052], [46.63359245700008, 24.788597843000048], [46.63359631600008, 24.788593862000027], [46.633599729000025, 24.788589555000044], [46.633602662000044, 24.788584962000073], [46.63360508800008, 24.78858013000007], [46.63360698500003, 24.788575104000074], [46.63360833200005, 24.78856993200003], [46.63360911800004, 24.788564664000035], [46.63360933300004, 24.78855935200005], [46.63360897900003, 24.78855404600006], [46.63360805600007, 24.788548797000033], [46.633606573000066, 24.78854365600006], [46.633604545000026, 24.788538673000062], [46.63360199300007, 24.788533895000057], [46.63359894000007, 24.78852936800007], [46.633596487000034, 24.788526424000054], [46.633596985000054, 24.78852510400003], [46.633598332000076, 24.788519932000042], [46.63359911800006, 24.788514665000037], [46.63359933400005, 24.788509352000062], [46.633598979000055, 24.78850404600007], [46.63359805500005, 24.788498798000035], [46.633596573000034, 24.78849365700006], [46.63359454600004, 24.788488673000074], [46.63359199300004, 24.78848389500007], [46.63358894000004, 24.788479369000072], [46.63358541500003, 24.788475137000034], [46.63358145300003, 24.788471241000025], [46.63357709200005, 24.78846771800005], [46.63357237400004, 24.788464603000023], [46.63356734400003, 24.788461925000036]]], [[[46.63351068000003, 24.787749229000042], [46.633505943000046, 24.787746706000064], [46.63350095900006, 24.78774462100006], [46.63349577400004, 24.787742991000073], [46.63349043900007, 24.78774183300004], [46.63348500600006, 24.787741157000028], [46.63347952700008, 24.78774097200005], [46.63347405400003, 24.787741277000066], [46.63346863900006, 24.787742071000025], [46.633463336000034, 24.787743345000024], [46.63345819600005, 24.787745088000065], [46.63345326800004, 24.787747281000065], [46.63344859800003, 24.787749907000034], [46.633444233000034, 24.78775293600006], [46.633440215000064, 24.787756342000023], [46.63343658100007, 24.787760091000052], [46.633433367000066, 24.787764147000075], [46.63343060500006, 24.78776847100005], [46.633428319000075, 24.787773022000067], [46.63342653400008, 24.787777755000036], [46.63342526500003, 24.787782625000034], [46.633424526000056, 24.787787585000046], [46.63342432300004, 24.78779258800006], [46.633424657000035, 24.78779758400003], [46.63342552600005, 24.787802527000053], [46.63342692200007, 24.787807368000074], [46.63342883100006, 24.787812061000068], [46.633431235000046, 24.787816560000067], [46.63343410900006, 24.78782082300006], [46.63343721200005, 24.78782454800006], [46.63343494600008, 24.787828094000076], [46.633432662000075, 24.787832644000048], [46.633430876000034, 24.787837377000074], [46.63342960800003, 24.78784224700007], [46.63342886800007, 24.787847208000073], [46.63342881500006, 24.787848504000067], [46.63342576800005, 24.787852349000048], [46.63342446900003, 24.787854383000024], [46.63342087700005, 24.78785491000008], [46.633415574000026, 24.787856184000077], [46.63341043400004, 24.78785792700006], [46.63340550600003, 24.78786012000006], [46.63340083600008, 24.78786274500004], [46.633396471000026, 24.787865775000057], [46.633392452000066, 24.787869181000076], [46.63338881800007, 24.78787293000005], [46.63338560500006, 24.78787698600007], [46.63338284300005, 24.787881310000046], [46.633380557000066, 24.787885860000074], [46.63337877200007, 24.787890594000032], [46.63337750300008, 24.78789546400003], [46.63337676400005, 24.787900424000043], [46.633376561000034, 24.787905426000066], [46.633376895000026, 24.787910423000028], [46.633377764000045, 24.78791536600005], [46.63337916000006, 24.787920206000024], [46.63338058000005, 24.787923698000043], [46.63337854900004, 24.787926261000052], [46.633375786000045, 24.787930585000026], [46.63337350200004, 24.787935135000055], [46.633371716000056, 24.787939868000024], [46.63337044800005, 24.78794473800008], [46.63336970800003, 24.787949699000023], [46.63336950400003, 24.787954701000046], [46.63336983900007, 24.787959697000076], [46.633370709000076, 24.78796464000004], [46.633372104000046, 24.78796948100006], [46.63337401300004, 24.787974174000055], [46.63337641600003, 24.787978673000055], [46.63337929200003, 24.78798293500006], [46.63338261100006, 24.787986921000027], [46.63338634100006, 24.78799058900006], [46.63339044800006, 24.787993907000043], [46.63339489100008, 24.787996840000062], [46.63339962800006, 24.78799936200005], [46.63340461200005, 24.788001448000045], [46.63340979700007, 24.78800307800003], [46.63341513100005, 24.788004236000063], [46.63342056500005, 24.78800491100003], [46.63342604500008, 24.788005098000042], [46.633431518000066, 24.788004792000038], [46.63343693200005, 24.78800399800008], [46.633442235000075, 24.788002724000023], [46.63344737600005, 24.788000982000028], [46.63345230400006, 24.78799878700005], [46.63345697300008, 24.78799616300006], [46.633461338000075, 24.787993133000043], [46.633465357000034, 24.787989727000024], [46.63346899000004, 24.78798597800005], [46.63347220400004, 24.78798192100004], [46.63347496700004, 24.787977597000065], [46.633477251000045, 24.787973047000037], [46.63347903700003, 24.787968314000068], [46.633480305000035, 24.78796344400007], [46.63348104500005, 24.787958483000068], [46.633481249000056, 24.787953482000034], [46.633480914000074, 24.787948485000072], [46.633480045000056, 24.78794354200005], [46.63347864900004, 24.78793870100003], [46.63347723000004, 24.787935210000057], [46.63347926000006, 24.787932647000048], [46.63348055900008, 24.78793061300007], [46.63348415100006, 24.787930087000063], [46.63348945400003, 24.787928813000065], [46.63349459400007, 24.787927070000023], [46.63349952200008, 24.787924875000044], [46.63350419200003, 24.787922251000055], [46.63350855700003, 24.78791922100004], [46.633512576000044, 24.787915815000076], [46.63351621000004, 24.787912066000047], [46.63351942300005, 24.787908010000024], [46.63352218600005, 24.78790368500006], [46.633524471000044, 24.787899135000032], [46.63352625600004, 24.787894402000063], [46.633527525000034, 24.787889532000065], [46.63352826400006, 24.787884571000063], [46.63352831700007, 24.78788327600006], [46.63353136400008, 24.78787943100008], [46.633534127000075, 24.787875107000048], [46.63353641100008, 24.78787055600003], [46.633538197000064, 24.78786582300006], [46.63353946500007, 24.787860953000063], [46.63354020500003, 24.78785599300005], [46.633540260000075, 24.787854646000028], [46.63354134200006, 24.787853729000062], [46.63354497600005, 24.78784998100008], [46.63354818900007, 24.787845924000067], [46.633550951000075, 24.787841600000036], [46.63355323700006, 24.787837049000075], [46.63355502200005, 24.78783231700004], [46.63355629100005, 24.78782744600005], [46.63355703000008, 24.78782248600004], [46.63355723400008, 24.787817484000072], [46.63355689900004, 24.787812488000043], [46.63355603000008, 24.787807545000078], [46.63355463400006, 24.787802703000068], [46.63355272500007, 24.787798011000064], [46.63355032100003, 24.787793512000064], [46.63354744700007, 24.78778924900007], [46.63354412800004, 24.787785264000036], [46.63354039700005, 24.78778159600006], [46.63353629000005, 24.787778278000076], [46.633533370000066, 24.787776351000048], [46.63353155800007, 24.78777189500005], [46.63352915400003, 24.78776739600005], [46.63352628000007, 24.787763133000055], [46.63352296100004, 24.787759149000067], [46.63351923000005, 24.787755479000054], [46.63351512300005, 24.78775216300005], [46.63351068000003, 24.787749229000042]]], [[[46.63351237400008, 24.78866460300003], [46.633507344000066, 24.788661924000053], [46.63350205000006, 24.788659710000047], [46.63349654500007, 24.78865797800006], [46.63349088000007, 24.78865674800005], [46.63348511000004, 24.788656031000073], [46.633479290000025, 24.788655834000053], [46.63347347800004, 24.788656158000038], [46.633467729000074, 24.788657001000047], [46.63346209700006, 24.788658354000063], [46.63345663800004, 24.788660205000042], [46.63345140400003, 24.78866253500007], [46.63344644600005, 24.788665322000043], [46.63344181100007, 24.78866854000006], [46.63343754300007, 24.788672157000065], [46.63343368500006, 24.788676138000028], [46.633430272000055, 24.788680445000068], [46.63342733800005, 24.78868503800004], [46.63342491100008, 24.78868987000004], [46.63342301500006, 24.788694896000038], [46.63342166800004, 24.788700068000026], [46.63342088200005, 24.78870533500003], [46.63342066600006, 24.788710647000073], [46.63342102100006, 24.788715953000064], [46.633421945000066, 24.788721203000023], [46.633423427000025, 24.788726343000064], [46.633425454000076, 24.78873132600006], [46.63342800700008, 24.788736105000055], [46.63343106000008, 24.788740632000042], [46.63343458500003, 24.788744863000034], [46.633438547000026, 24.788748759000043], [46.63344290800006, 24.788752282000075], [46.63344762600008, 24.788755398000035], [46.63345265600003, 24.78875807600008], [46.63345794900005, 24.788760290000027], [46.633463455000026, 24.78876202200007], [46.633469121000076, 24.788763252000024], [46.63347489000006, 24.78876396900006], [46.633480709000025, 24.788764166000078], [46.633486522000055, 24.788763842000037], [46.63349227200007, 24.788762999000028], [46.633497902000045, 24.78876164600007], [46.633503361000066, 24.788759795000033], [46.63350859500008, 24.78875746500006], [46.63351355400005, 24.788754678000032], [46.633518190000075, 24.78875146000007], [46.633522457000026, 24.788747843000067], [46.63352631600003, 24.788743862000047], [46.63352972800004, 24.788739555000063], [46.63353266200005, 24.788734962000035], [46.63353508900008, 24.788730130000033], [46.633536985000035, 24.788725103000047], [46.63353833200006, 24.78871993200005], [46.633539117000055, 24.788714664000054], [46.633539334000034, 24.78870935200007], [46.63353897800005, 24.788704046000078], [46.63353805500003, 24.78869879800004], [46.63353657300007, 24.788693656000078], [46.63353454600008, 24.788688673000024], [46.63353199300008, 24.788683896000066], [46.633528940000076, 24.788679368000032], [46.633525416000055, 24.78867513700004], [46.63352145400006, 24.78867124100003], [46.63351709300008, 24.788667718000056], [46.63351237400008, 24.78866460300003]]], [[[46.63344237500007, 24.78875460300003], [46.63343734400007, 24.788751924000053], [46.63343205000007, 24.788749710000047], [46.63342654500008, 24.78874797800006], [46.633420880000074, 24.78874674800005], [46.633415109000055, 24.788746031000073], [46.63340929000003, 24.788745834000053], [46.63340347800005, 24.788746158000038], [46.63339772900008, 24.788747001000047], [46.63339209700007, 24.788748354000063], [46.63338663800005, 24.788750205000042], [46.63338140500008, 24.78875253500007], [46.63337644600006, 24.788755322000043], [46.633371811000075, 24.78875854000006], [46.63336754300008, 24.788762157000065], [46.633363684000074, 24.788766138000028], [46.63336027100007, 24.78877044500007], [46.63335733800005, 24.78877503800004], [46.63335491200007, 24.78877987000004], [46.63335301500007, 24.78878489600004], [46.633351668000046, 24.788790068000026], [46.63335088200006, 24.788795336000078], [46.63335066600007, 24.788800648000063], [46.63335102100007, 24.788805954000054], [46.633351944000026, 24.788811202000034], [46.63335342700003, 24.788816344000054], [46.633355454000025, 24.78882132700005], [46.63335800600004, 24.788826104000066], [46.63336068900003, 24.78883008200006], [46.633360666000044, 24.788830648000044], [46.63336102100004, 24.788835954000035], [46.63336194500005, 24.78884120200007], [46.63336342700006, 24.788846343000046], [46.63336545400006, 24.78885132700003], [46.63336800700006, 24.788856105000036], [46.63337106000006, 24.788860631000034], [46.63337458400008, 24.78886486300007], [46.63337854700006, 24.788868759000025], [46.633382907000055, 24.788872282000057], [46.63338762600006, 24.788875397000027], [46.63339265600007, 24.78887807500007], [46.63339794900003, 24.788880291000055], [46.633403455000064, 24.788882021000063], [46.63340912100006, 24.788883252000062], [46.63341489000004, 24.78888396900004], [46.63342070900006, 24.78888416600006], [46.633426522000036, 24.788883842000075], [46.63343227100006, 24.788882999000066], [46.633437902000026, 24.78888164500006], [46.63344336100005, 24.78887979500007], [46.63344859600005, 24.78887746500004], [46.63345355400003, 24.78887467800007], [46.633458190000056, 24.788871460000053], [46.633462457000064, 24.788867843000048], [46.63346631600007, 24.78886386100004], [46.63346972800008, 24.788859554000055], [46.63347266200003, 24.788854963000063], [46.63347508900006, 24.78885013000007], [46.633476984000026, 24.788845104000075], [46.63347833200004, 24.78883993200003], [46.633479118000025, 24.788834665000024], [46.63347933400007, 24.78882935200005], [46.63347897800003, 24.78882404600006], [46.63347805500007, 24.788818797000033], [46.63347657300005, 24.78881365700005], [46.63347454600006, 24.788808673000062], [46.63347199300006, 24.788803895000058], [46.633469311000056, 24.788799918000052], [46.63346933300005, 24.78879935300006], [46.63346897900004, 24.788794047000067], [46.63346805600003, 24.788788797000052], [46.63346657300008, 24.788783656000078], [46.63346454600003, 24.78877867400007], [46.63346199400007, 24.788773895000077], [46.633458940000025, 24.788769368000033], [46.63345541600006, 24.78876513700004], [46.63345145400007, 24.78876124100003], [46.63344709300003, 24.788757718000056], [46.63344237500007, 24.78875460300003]]], [[[46.633267344000046, 24.78899192500006], [46.63326205100003, 24.788989709000077], [46.63325654500005, 24.78898797900007], [46.63325088000005, 24.78898674800007], [46.633245110000075, 24.788986031000036], [46.63323929100005, 24.788985834000073], [46.63323347800008, 24.788986158000057], [46.633227729000055, 24.788987001000066], [46.63322209700004, 24.788988355000072], [46.63321663900007, 24.78899020500006], [46.633211405000054, 24.788992535000034], [46.63320644600003, 24.788995322000062], [46.63320181100005, 24.788998540000023], [46.63319754300005, 24.789002157000027], [46.63319368400005, 24.789006138000047], [46.633190271000046, 24.78901044500003], [46.63318733800003, 24.78901503700007], [46.63318491100006, 24.78901987000006], [46.63318301500004, 24.789024896000058], [46.63318166700003, 24.789030068000045], [46.63318088200003, 24.78903533500005], [46.63318066700003, 24.789040647000036], [46.63318102100004, 24.789045953000027], [46.63318194400006, 24.789051203000042], [46.63318342700006, 24.789056343000027], [46.633185454000056, 24.78906132700007], [46.63318800600007, 24.789066105000074], [46.63319105900007, 24.789070631000072], [46.63319117900005, 24.789070774000038], [46.633190866000064, 24.789071973000034], [46.633190127000034, 24.789076934000036], [46.63318992400008, 24.78908193600006], [46.63319025800007, 24.78908693300008], [46.63319112700003, 24.789091875000054], [46.63319252300005, 24.789096716000074], [46.63319443200004, 24.789101409000068], [46.633196835000035, 24.789105908000067], [46.63319971000004, 24.78911017100006], [46.63320302900007, 24.78911415500005], [46.633206760000064, 24.789117825000062], [46.63321086700006, 24.789121141000066], [46.633215310000026, 24.789124075000075], [46.63321756300007, 24.78912527500006], [46.63321800600005, 24.789126104000047], [46.63322105900005, 24.789130632000024], [46.63322458400006, 24.789134863000072], [46.633228546000055, 24.789138759000025], [46.633232907000036, 24.789142281000068], [46.63323762500005, 24.789145397000027], [46.63324265600005, 24.78914807500007], [46.633247950000055, 24.789150290000066], [46.633253455000045, 24.789152021000064], [46.63325912000005, 24.789153252000062], [46.63326489000008, 24.78915396900004], [46.63327071000003, 24.78915416600006], [46.633276522000074, 24.789153842000076], [46.63328227100004, 24.789152999000066], [46.63328790300005, 24.78915164600005], [46.633293362000074, 24.78914979500007], [46.63329859500004, 24.789147465000042], [46.633303554000065, 24.78914467800007], [46.63330818900005, 24.789141460000053], [46.633312457000045, 24.78913784300005], [46.63331631600005, 24.78913386200003], [46.63331972900005, 24.789129555000045], [46.63332266200007, 24.789124962000074], [46.63332508900004, 24.78912013000007], [46.63332698500005, 24.789115104000075], [46.633327878000046, 24.78911167600006], [46.63332818900005, 24.789111460000072], [46.63333245700005, 24.789107843000068], [46.633336316000054, 24.789103862000047], [46.633339729000056, 24.789099554000074], [46.633342663000064, 24.789094963000025], [46.633345089000045, 24.789090130000034], [46.63334698500006, 24.789085104000037], [46.633348332000025, 24.78907993200005], [46.63334911700008, 24.789074665000044], [46.63334933400006, 24.78906935200007], [46.63334897800007, 24.789064046000078], [46.633348055000056, 24.789058798000042], [46.63334657300004, 24.789053657000068], [46.633344546000046, 24.789048673000025], [46.633341994000034, 24.789043895000077], [46.633338941000034, 24.789039369000022], [46.63333541600008, 24.78903513700004], [46.63333145400003, 24.789031241000032], [46.63332709300005, 24.789027718000057], [46.633322375000034, 24.78902460300003], [46.633317344000034, 24.789021925000043], [46.63331205000003, 24.78901970900006], [46.63330654400005, 24.78901797900005], [46.633300880000036, 24.78901674900004], [46.63329510900007, 24.789016031000074], [46.63329309800008, 24.789015963000054], [46.63329199400005, 24.78901389500004], [46.633288941000046, 24.78900936900004], [46.633285416000035, 24.78900513700006], [46.63328145400004, 24.78900124100005], [46.63327709300006, 24.788997719000065], [46.63327237500005, 24.78899460300005], [46.633267344000046, 24.78899192500006]]], [[[46.63288383300005, 24.789000686000065], [46.63287839900005, 24.789000010000052], [46.63287291900008, 24.78899982400003], [46.632867446000034, 24.789000130000034], [46.63286203200005, 24.78900092400005], [46.632856729000025, 24.78900219800005], [46.63285158800005, 24.789003940000043], [46.63284666000004, 24.789006134000033], [46.63284199000003, 24.78900875900007], [46.632837626000025, 24.78901178900003], [46.632833607000066, 24.789015194000058], [46.63282997300007, 24.789018944000077], [46.63282676000006, 24.789023000000043], [46.63282399700006, 24.789027324000074], [46.632821712000066, 24.789031874000045], [46.63281992700007, 24.78903660800006], [46.632818658000076, 24.78904147700007], [46.63281811100006, 24.789045146000035], [46.632815728000026, 24.789047166000046], [46.63281209400003, 24.789050915000075], [46.63280888000003, 24.78905497100004], [46.632806118000076, 24.789059295000072], [46.632803832000036, 24.789063846000033], [46.63280204700004, 24.78906857800007], [46.632800778000046, 24.789073449000057], [46.632800039000074, 24.78907840900007], [46.63279983600006, 24.789083412000025], [46.63280017000005, 24.789088407000065], [46.63280103900007, 24.78909335000003], [46.63280243500003, 24.78909819200004], [46.63280253100004, 24.789098426000066], [46.632801124000025, 24.78910122700006], [46.63279933900003, 24.789105961000075], [46.632798070000035, 24.789110830000027], [46.63279733000007, 24.78911579100003], [46.63279712700006, 24.789120793000052], [46.63279746100005, 24.78912579000007], [46.63279833100006, 24.789130733000036], [46.63279972600003, 24.789135573000067], [46.63280163500008, 24.78914026600006], [46.63280191200005, 24.78914078500003], [46.632799189000025, 24.78914093800006], [46.63279377500004, 24.78914173100003], [46.63278847300006, 24.789143005000028], [46.63278333200003, 24.78914474800007], [46.63277840300003, 24.78914694200006], [46.63277373400007, 24.78914956600005], [46.63276936900007, 24.789152596000065], [46.63276535000006, 24.789156002000027], [46.63276171700005, 24.789159751000057], [46.63275850300005, 24.78916380800007], [46.63275574000005, 24.789168132000043], [46.632753455000056, 24.78917268200007], [46.63275167000006, 24.78917741500004], [46.63275040100007, 24.789182285000038], [46.63274966100005, 24.78918724600004], [46.632749458000035, 24.789192248000063], [46.63274979200003, 24.789197244000036], [46.632750662000035, 24.789202187000058], [46.63275116900007, 24.789203945000054], [46.632749527000044, 24.789203890000067], [46.63274565300003, 24.789204105000067], [46.632741820000035, 24.789204667000035], [46.63273806500007, 24.789205569000046], [46.63273442600007, 24.78920680400006], [46.63273093600003, 24.789208357000064], [46.63272763000003, 24.789210215000026], [46.63272454100007, 24.78921236000008], [46.63272169500004, 24.789214772000037], [46.63271912300007, 24.78921742500006], [46.63271684800003, 24.789220297000043], [46.632714891000035, 24.789223358000072], [46.632713274000025, 24.789226579000058], [46.632712010000034, 24.789229930000033], [46.63271111200004, 24.789233378000063], [46.632710588000066, 24.78923689000004], [46.632710444000054, 24.789240432000042], [46.63271068100005, 24.78924396900004], [46.632711296000025, 24.789247468000042], [46.632712285000025, 24.789250895000066], [46.63271363600006, 24.789254218000053], [46.632715337000036, 24.78925740300008], [46.63271737400004, 24.78926042100005], [46.63271972300004, 24.78926324200006], [46.632722364000074, 24.789265839000052], [46.63272527200007, 24.78926818700006], [46.63272841600008, 24.789270265000027], [46.63273177000008, 24.78927205100007], [46.632735299000046, 24.789273527000034], [46.63273897000005, 24.78927468100005], [46.632742747000066, 24.789275501000077], [46.632746594000025, 24.789275979000024], [46.63274690800006, 24.78927599000008], [46.632746858000075, 24.78927724600004], [46.63274719200007, 24.78928224300006], [46.63274806100003, 24.789287186000024], [46.632749456000056, 24.789292026000055], [46.63275136500005, 24.78929672000004], [46.63275376900003, 24.789301219000038], [46.63275664400004, 24.78930548200003], [46.63275996300007, 24.789309466000077], [46.63276369400006, 24.789313135000043], [46.63276780000007, 24.789316452000037], [46.63277224400008, 24.789319386000045], [46.63277698100006, 24.789321908000034], [46.63278196500005, 24.78932399400003], [46.63278715000007, 24.78932562400007], [46.63279248500004, 24.789326782000046], [46.63279791800005, 24.78932745700007], [46.63280339800008, 24.789327643000036], [46.632808871000066, 24.789327338000078], [46.63281428500005, 24.789326544000062], [46.632819588000075, 24.789325270000063], [46.63282472800006, 24.78932352700008], [46.63282965700006, 24.789321333000032], [46.63283432600008, 24.789318708000053], [46.632838692000064, 24.789315678000037], [46.632842710000034, 24.789312273000064], [46.63284634400003, 24.789308523000045], [46.63284955800003, 24.78930446800007], [46.63285232000004, 24.789300143000048], [46.63285460600008, 24.789295593000077], [46.632856391000075, 24.78929086000005], [46.63285766000007, 24.789285990000053], [46.63285839900004, 24.78928103000004], [46.63285856400006, 24.789277000000027], [46.632862215000046, 24.789273906000062], [46.63286584900004, 24.789270156000043], [46.632869063000044, 24.789266100000077], [46.63287182500005, 24.789261776000046], [46.632874111000035, 24.789257226000075], [46.63287589600003, 24.78925249200006], [46.632877165000025, 24.78924762300005], [46.632877904000054, 24.78924266200005], [46.63287810800006, 24.789237660000026], [46.632877773000075, 24.789232663000064], [46.63287690400006, 24.789227720000042], [46.63287550800004, 24.789222880000068], [46.63287360000004, 24.789218187000074], [46.63287119600005, 24.78921368700003], [46.632868321000046, 24.789209425000024], [46.632865002000074, 24.789205440000046], [46.63286127100008, 24.789201771000023], [46.63286026500003, 24.789200959000027], [46.63286100000005, 24.789196031000074], [46.63286120300006, 24.78919102900005], [46.63286086900007, 24.789186033000078], [46.63285999900006, 24.789181090000056], [46.632858603000045, 24.789176248000047], [46.632856695000044, 24.789171556000042], [46.632856418000074, 24.789171036000027], [46.63285914100004, 24.789170885000033], [46.632864555000026, 24.789170091000074], [46.63286985700006, 24.78916881600003], [46.632874998000034, 24.789167074000034], [46.632875658000046, 24.789166779000027], [46.63287798600004, 24.78916706900003], [46.63288346600007, 24.789167255000052], [46.632888938000065, 24.789166950000038], [46.63289435300004, 24.78916615600008], [46.63289965600006, 24.789164882000023], [46.63290479600005, 24.78916313900004], [46.63290972400006, 24.78916094500005], [46.63291439400007, 24.78915832000007], [46.63291876000005, 24.789155290000053], [46.63292277800008, 24.789151885000024], [46.632926412000074, 24.78914813500006], [46.63292962600008, 24.78914408000003], [46.63293238800003, 24.789139755000065], [46.63293467300008, 24.789135205000036], [46.632936459000064, 24.789130472000068], [46.63293772700007, 24.78912560200007], [46.63293846600004, 24.789120641000068], [46.63293867100003, 24.789115639000045], [46.63293833600005, 24.789110642000026], [46.63293811200003, 24.789109368000027], [46.63293828600007, 24.789109221000047], [46.632941919000075, 24.789105471000028], [46.63294513300008, 24.78910141600005], [46.632947896000076, 24.78909709100003], [46.63295018100007, 24.78909254100006], [46.632951966000064, 24.789087808000033], [46.63295323500006, 24.789082938000035], [46.63295397500008, 24.789077977000034], [46.632954178000034, 24.789072975000067], [46.63295384400004, 24.78906797800005], [46.632952974000034, 24.789063036000073], [46.632951578000075, 24.789058195000052], [46.63294966900003, 24.78905350200006], [46.63294726700008, 24.78904900300006], [46.63294439100008, 24.789044740000065], [46.63294107200005, 24.789040756000077], [46.63293734200005, 24.789037086000064], [46.63293323400006, 24.78903377000006], [46.63292879200003, 24.78903083600005], [46.632924055000046, 24.789028313000074], [46.63292353500003, 24.789028096000038], [46.63292254800007, 24.789026249000074], [46.63291967300006, 24.789021986000023], [46.63291635400003, 24.789018001000045], [46.63291262300004, 24.78901433200008], [46.63290851600004, 24.78901101500003], [46.63290407300008, 24.789008082000066], [46.632899337000026, 24.78900555900003], [46.63289435200005, 24.789003474000026], [46.63288916700003, 24.78900184400004], [46.63288383300005, 24.789000686000065]]], [[[46.63275856200005, 24.790181905000054], [46.63275101700003, 24.790177887000027], [46.632743076000054, 24.79017456400004], [46.632734818000074, 24.79017196700005], [46.632726320000074, 24.790170122000063], [46.63271766500003, 24.790169047000063], [46.63270893600003, 24.790168751000067], [46.632700217000036, 24.790169237000043], [46.63269159400005, 24.790170501000034], [46.63268314600003, 24.790172531000053], [46.63267495700006, 24.790175307000027], [46.63266710700003, 24.79017880200007], [46.63265966900008, 24.79018298400007], [46.63265271600005, 24.790187810000077], [46.632646314000056, 24.79019323500006], [46.63264381100004, 24.79019581800003], [46.63263710600006, 24.790198803000067], [46.63262966900004, 24.79020298300003], [46.63262271600007, 24.790207810000027], [46.632616314000074, 24.790213235000067], [46.632610526000065, 24.790219207000064], [46.63260540700003, 24.790225668000062], [46.63260100600007, 24.790232556000035], [46.63259736600003, 24.790239804000066], [46.632594521000044, 24.79024734400008], [46.632592500000044, 24.79025510100007], [46.63259132200005, 24.790263003000064], [46.63259099800007, 24.79027097100004], [46.63259153100006, 24.790278930000056], [46.63259291500003, 24.79028680400006], [46.632595139000045, 24.79029451400004], [46.63259818000006, 24.790301990000046], [46.63260200900004, 24.790309157000024], [46.632606589000034, 24.790315947000067], [46.632611875000066, 24.790322294000077], [46.63261342200008, 24.79032381500008], [46.63261301400007, 24.790324896000072], [46.63261166800004, 24.79033006800006], [46.63261088200005, 24.790335335000066], [46.63261066600006, 24.79034064700005], [46.63261102100006, 24.790345953000042], [46.632611944000075, 24.790351202000068], [46.632613426000034, 24.79035634300004], [46.632614053000054, 24.79035788500005], [46.63261209700005, 24.790358355000023], [46.63260663800003, 24.79036020500007], [46.63260140500006, 24.790362535000042], [46.632596446000036, 24.79036532200007], [46.632591811000054, 24.790368539000042], [46.63258754300006, 24.790372157000036], [46.63258368400005, 24.790376138000056], [46.63258027100005, 24.79038044500004], [46.63257733700004, 24.79038503700008], [46.63257491100006, 24.79038987000007], [46.63257301500005, 24.790394896000066], [46.632571667000036, 24.790400068000054], [46.63257088100005, 24.79040533500006], [46.63257066500006, 24.790410647000044], [46.63257102000006, 24.790415953000036], [46.63257194400006, 24.79042120300005], [46.63257342600008, 24.790426343000036], [46.63257545400006, 24.790431326000032], [46.632578006000074, 24.790436105000026], [46.632581059000074, 24.790440631000024], [46.63258458400003, 24.79044486300006], [46.63258854600008, 24.79044875900007], [46.63259290700006, 24.790452282000047], [46.63259762500007, 24.790455397000073], [46.632602656000074, 24.79045807500006], [46.63260794800004, 24.790460291000045], [46.63261345400008, 24.790462022000042], [46.63261912000007, 24.790463251000062], [46.632624890000045, 24.79046396800004], [46.63262692300003, 24.79046403700005], [46.63262897000004, 24.79046468100006], [46.63263274700006, 24.79046550100003], [46.632636594000076, 24.790465979000032], [46.63264047200005, 24.790466111000057], [46.63264434800004, 24.79046589400008], [46.632648181000036, 24.790465332000053], [46.63265193500007, 24.790464431000032], [46.63265557500006, 24.790463197000065], [46.63265906300006, 24.79046164400006], [46.63266236900006, 24.790459785000053], [46.632665460000055, 24.790457640000056], [46.63266830500004, 24.79045522900003], [46.632670878000056, 24.790452575000074], [46.63267315200005, 24.790449703000036], [46.63267510800006, 24.790446642000063], [46.632676727000046, 24.79044342000003], [46.63267678100004, 24.790443276000076], [46.632679729000074, 24.790439554000045], [46.632682663000026, 24.790434963000052], [46.63268508900006, 24.79043013000006], [46.63268698600007, 24.790425104000064], [46.63268833300003, 24.790419933000067], [46.63268911800003, 24.79041466500007], [46.632689130000074, 24.790414378000037], [46.63269087800006, 24.790412574000072], [46.63269315300005, 24.790409703000023], [46.632695108000064, 24.79040664200005], [46.63269672600006, 24.790403420000075], [46.632697990000054, 24.790400069000043], [46.63269888900004, 24.79039662100007], [46.63269941300007, 24.790393110000025], [46.632699556000034, 24.79038956900007], [46.63269938600007, 24.790387021000072], [46.632703554000045, 24.790384677000077], [46.63270818900003, 24.79038146000005], [46.632712457000025, 24.790377843000044], [46.63271631600003, 24.790373862000024], [46.63271972900003, 24.79036955400005], [46.63272266300004, 24.79036496300006], [46.632725090000065, 24.790360130000067], [46.63272698500003, 24.79035510400007], [46.632728333000045, 24.790349932000026], [46.63272911800004, 24.790344665000077], [46.63272933500008, 24.790339353000036], [46.632729220000044, 24.790337641000065], [46.63273033100006, 24.79033701700007], [46.63273728400003, 24.790332190000072], [46.632743686000026, 24.79032676500003], [46.632746189000045, 24.790324182000063], [46.63275289400008, 24.790321197000026], [46.63276033100004, 24.790317016000074], [46.63276728400007, 24.790312190000066], [46.632773686000064, 24.790306765000025], [46.632779474000074, 24.79030079300003], [46.63278459300005, 24.79029433200003], [46.632788994000066, 24.790287444000057], [46.632792634000054, 24.790280196000026], [46.63279547900004, 24.79027265600007], [46.63279750000004, 24.790264898000032], [46.63279867800003, 24.790256998000075], [46.63279900200007, 24.79024902900005], [46.63279846900008, 24.790241070000036], [46.63279708400006, 24.790233197000077], [46.632794861000036, 24.790225485000065], [46.63279182000008, 24.790218011000036], [46.63278799100004, 24.790210843000068], [46.63278341100005, 24.790204053000025], [46.63277812500007, 24.79019770600007], [46.63277218200005, 24.79019186100004], [46.63276563900007, 24.790186578000032], [46.63275856200005, 24.790181905000054]]], [[[46.63272073600007, 24.789396211000053], [46.63271599900003, 24.789393689000065], [46.63271101400005, 24.78939160300007], [46.63270582900003, 24.789389973000027], [46.63270049500005, 24.789388815000052], [46.63269506100005, 24.789388140000028], [46.63268958200007, 24.789387954000063], [46.632684108000035, 24.789388259000077], [46.63267869400005, 24.789389053000036], [46.632673391000026, 24.789390327000035], [46.63266825000005, 24.78939206900003], [46.63266332200004, 24.789394264000066], [46.63265865200003, 24.789396888000056], [46.632654288000026, 24.789399918000072], [46.63265026800008, 24.789403324000034], [46.63264663500007, 24.789407073000064], [46.63264342200006, 24.78941112900003], [46.63264065800007, 24.78941545400005], [46.63263837400007, 24.78942000400008], [46.632636588000025, 24.789424737000047], [46.63263532000008, 24.789429607000045], [46.63263458000006, 24.789434568000047], [46.632634376000055, 24.78943957000007], [46.63263468800005, 24.789444226000057], [46.632630694000056, 24.78944647000003], [46.63262633000005, 24.789449500000046], [46.632622310000045, 24.789452906000065], [46.63261867700004, 24.789456655000038], [46.632615464000025, 24.78946071200005], [46.63261270000004, 24.789465036000024], [46.632610416000034, 24.789469586000052], [46.63260863000005, 24.789474319000078], [46.632607362000044, 24.789479189000076], [46.632606622000026, 24.789484150000078], [46.63260641800008, 24.789489152000044], [46.63260675300006, 24.789494148000074], [46.63260762200008, 24.78949909100004], [46.63260901800004, 24.78950393200006], [46.63261092700003, 24.789508625000053], [46.63261333000003, 24.789513124000052], [46.63261620600008, 24.789517387000046], [46.63261826400003, 24.789519859000052], [46.63261763100007, 24.78952021500004], [46.632614541000066, 24.789522360000035], [46.63261169500004, 24.78952477100006], [46.632609123000066, 24.789527425000074], [46.63260684800008, 24.789530297000056], [46.632604892000074, 24.78953335800003], [46.632603274000076, 24.78953658000006], [46.63260201000003, 24.789539930000046], [46.63260111200003, 24.789543378000076], [46.63260087100008, 24.78954499100007], [46.63259602000005, 24.789546157000075], [46.63259087900008, 24.78954790000006], [46.63258595100007, 24.78955009400005], [46.63258128100006, 24.789552719000028], [46.63257691700005, 24.789555748000055], [46.632572897000045, 24.789559154000074], [46.63256926400004, 24.789562903000046], [46.632568614000036, 24.78956372400006], [46.63256426300006, 24.78956436200008], [46.63255895900005, 24.789565636000077], [46.632553819000066, 24.78956737900006], [46.632548891000056, 24.78956957200006], [46.632544221000046, 24.78957219700004], [46.63253985600005, 24.789575227000057], [46.632535837000034, 24.789578633000076], [46.63253220300004, 24.78958238200005], [46.632528990000026, 24.78958643800007], [46.63252622700003, 24.789590762000046], [46.632523942000034, 24.789595313000063], [46.63252215600005, 24.789600046000032], [46.632520888000045, 24.78960491600003], [46.63252014900007, 24.789609876000043], [46.63251994500007, 24.789614879000055], [46.63252028000005, 24.789619875000028], [46.63252114800008, 24.78962481800005], [46.63252254400004, 24.78962965900007], [46.63252445300003, 24.789634352000064], [46.63252685700007, 24.789638851000063], [46.632529731000034, 24.789643114000057], [46.63253305000006, 24.789647098000046], [46.632536782000045, 24.78965076700007], [46.63254088800005, 24.789654084000063], [46.63254533200006, 24.78965701800007], [46.63255006900005, 24.78965954000006], [46.63255505300003, 24.789661626000054], [46.632560237000064, 24.78966325600004], [46.63256557200003, 24.78966441400007], [46.632571006000035, 24.78966508900004], [46.63257648500007, 24.78966527500006], [46.63258195800006, 24.789664970000047], [46.632587373000035, 24.78966417600003], [46.63259267600006, 24.789662902000032], [46.63259781600004, 24.789661159000048], [46.63260274500004, 24.789658966000047], [46.63260741400006, 24.78965634000008], [46.63261178000005, 24.789653311000052], [46.632615798000074, 24.789649905000033], [46.63261943200007, 24.78964615600006], [46.632620082000074, 24.789645335000046], [46.632624433000046, 24.78964469700003], [46.63262973600007, 24.78964342300003], [46.632634877000044, 24.789641680000045], [46.63263980500005, 24.789639487000045], [46.63264447500006, 24.789636862000066], [46.63264883900007, 24.78963383200005], [46.632652859000075, 24.78963042600003], [46.63265649200008, 24.789626677000058], [46.63265970600003, 24.789622621000035], [46.63266246900008, 24.78961829700006], [46.63266475300003, 24.789613747000033], [46.63266653900007, 24.789609013000074], [46.632667807000075, 24.789604143000076], [46.63266854700004, 24.789599183000064], [46.63266875100004, 24.78959418100004], [46.63266841700005, 24.78958918400008], [46.63266754700004, 24.789584241000057], [46.63266615100008, 24.789579401000026], [46.63266544100003, 24.789577653000038], [46.632665459000066, 24.78957764000006], [46.63266830500004, 24.789575229000036], [46.632670877000066, 24.789572575000022], [46.63267315200005, 24.78956970300004], [46.63267510800006, 24.78956664100008], [46.63267672600006, 24.789563420000036], [46.63267799000005, 24.78956006900006], [46.63267888900003, 24.78955662100003], [46.63267941200007, 24.789553110000043], [46.63267955600003, 24.78954956900003], [46.63267932000008, 24.789546031000043], [46.63267870400006, 24.78954253200004], [46.632677716000046, 24.789539105000074], [46.63267712800007, 24.789537661000054], [46.63267914900007, 24.789537176000067], [46.63268429000004, 24.789535433000026], [46.63268921900004, 24.789533238000047], [46.63269388800006, 24.789530614000057], [46.63269825300006, 24.78952758400004], [46.632702272000074, 24.78952417800008], [46.63270590500008, 24.78952042900005], [46.632709119000026, 24.789516373000026], [46.63271188200008, 24.789512049000052], [46.632714167000074, 24.789507498000035], [46.63271595200007, 24.789502766000055], [46.632717221000064, 24.789497895000068], [46.632717961000026, 24.789492935000055], [46.63271816400004, 24.789487933000032], [46.63271785200004, 24.789483276000055], [46.63272184600004, 24.789481032000026], [46.63272621100003, 24.789478002000067], [46.63273023000005, 24.789474596000048], [46.632733863000055, 24.789470847000075], [46.63273707700006, 24.789466790000063], [46.632739840000056, 24.789462466000032], [46.63274212400006, 24.78945791600006], [46.632743910000045, 24.789453183000035], [46.63274517900004, 24.789448313000037], [46.63274591900006, 24.789443352000035], [46.63274612200007, 24.789438351000058], [46.63274578800008, 24.78943335400004], [46.63274491800007, 24.789428411000074], [46.632743522000055, 24.789423570000054], [46.632741613000064, 24.78941887800005], [46.63273921000007, 24.78941437900005], [46.63273633500006, 24.789410116000056], [46.63273301600003, 24.78940613000003], [46.63272928600003, 24.789402462000055], [46.632725178000044, 24.789399144000072], [46.63272073600007, 24.789396211000053]]], [[[46.63258823000007, 24.790537950000044], [46.63258470100004, 24.79053647300003], [46.63258103000004, 24.79053531900007], [46.63257725300008, 24.790534499000046], [46.63257340700005, 24.79053402100004], [46.632569527000044, 24.790533890000063], [46.63256565300003, 24.790534105000063], [46.632561819000045, 24.79053466700003], [46.63255806500007, 24.790535569000042], [46.63255442600007, 24.790536804000055], [46.632550937000076, 24.79053835700006], [46.63254763100008, 24.790540215000078], [46.63254454100007, 24.79054235900003], [46.63254169500004, 24.790544771000043], [46.63253912300007, 24.790547425000057], [46.63253684800003, 24.79055029700004], [46.63253489200008, 24.790553358000068], [46.632533273000035, 24.790556579000054], [46.632532010000034, 24.79055993000003], [46.63253111100005, 24.79056337800006], [46.632530588000066, 24.790566890000036], [46.632530443000064, 24.790570432000038], [46.63253068000006, 24.790573969000036], [46.63253129600008, 24.790577468000038], [46.632532284000035, 24.790580895000062], [46.63253363500007, 24.79058421800005], [46.632535338000025, 24.790587403000075], [46.63253737300005, 24.790590421000047], [46.63253972200005, 24.790593242000057], [46.63254236300003, 24.790595839000048], [46.632545271000026, 24.790598187000057], [46.632548417000066, 24.790600265000023], [46.63255177100007, 24.790602050000075], [46.632555299000046, 24.79060352700003], [46.63255897000005, 24.790604681000048], [46.632562747000065, 24.790605501000073], [46.632566593000035, 24.790605979000077], [46.632570472000054, 24.790606111000045], [46.63257434800005, 24.790605894000066], [46.63257818100004, 24.79060533200004], [46.632581935000076, 24.79060443000003], [46.632585575000064, 24.790603197000053], [46.63258906300007, 24.79060164400005], [46.632592369000065, 24.79059978600003], [46.63259546000006, 24.790597640000044], [46.632598305000045, 24.790595229000076], [46.63260087800006, 24.790592575000062], [46.63260315200006, 24.79058970400007], [46.632605108000064, 24.79058664200005], [46.63260672700005, 24.790583420000075], [46.632607990000054, 24.790580069000043], [46.63260888900004, 24.79057662100007], [46.63260941200008, 24.790573110000025], [46.632609556000034, 24.79056956900007], [46.63260932000003, 24.790566031000026], [46.63260870400006, 24.790562532000024], [46.63260771600005, 24.790559104000067], [46.63260636500007, 24.79055578200007], [46.63260466300005, 24.790552597000044], [46.63260262700004, 24.79054957900007], [46.63260027800004, 24.790546758000062], [46.63259763700006, 24.79054416100007], [46.63259472900006, 24.790541812000072], [46.63259158300008, 24.79053973500004], [46.63258823000007, 24.790537950000044]]], [[[46.632548230000054, 24.79061795000007], [46.63254470100003, 24.790616473000057], [46.63254103000003, 24.79061531900004], [46.632537253000066, 24.79061449900007], [46.63253340700004, 24.790614021000067], [46.63252952700003, 24.790613889000042], [46.63252565200003, 24.790614106000078], [46.63252181900003, 24.790614667000057], [46.632518065000056, 24.790615570000057], [46.63251442500007, 24.790616803000034], [46.63251436500008, 24.790616830000033], [46.63251378800004, 24.790616648000025], [46.63250906700006, 24.790615624000054], [46.63250425800004, 24.79061502600007], [46.63249940900005, 24.79061486100005], [46.63249456600005, 24.790615132000028], [46.63248977400008, 24.79061583400005], [46.63248508100003, 24.79061696200006], [46.632480532000045, 24.790618504000065], [46.632476171000064, 24.790620446000048], [46.63247203800006, 24.790622769000038], [46.63246817600003, 24.79062545000005], [46.632464619000075, 24.790628464000065], [46.632461403000036, 24.790631782000048], [46.63245855900004, 24.790635371000064], [46.632456114000036, 24.790639198000065], [46.632454092000046, 24.790643224000064], [46.63245251200004, 24.790647413000045], [46.63245138900004, 24.790651723000053], [46.63245073400003, 24.790656113000068], [46.63245055400006, 24.790660539000044], [46.632450850000055, 24.79066496100006], [46.63245162000004, 24.790669335000075], [46.632452855000054, 24.790673620000064], [46.63245454400004, 24.790677772000038], [46.63245667100006, 24.790681754000047], [46.63245921600003, 24.79068552600006], [46.63246215300006, 24.79068905200006], [46.632465454000055, 24.790692299000057], [46.63246908900004, 24.790695235000044], [46.63247302100007, 24.790697831000045], [46.63247721300007, 24.79070006200004], [46.632481624000036, 24.790701908000074], [46.63248621200006, 24.790703351000047], [46.63249093300004, 24.790704377000054], [46.63249574200006, 24.79070497400005], [46.63250059000006, 24.790705138000078], [46.63250543400005, 24.790704868000034], [46.63251022600008, 24.79070416600007], [46.63251491900007, 24.79070303800006], [46.632519468000055, 24.790701496000054], [46.632523829000036, 24.79069955400007], [46.63252796200004, 24.79069723200007], [46.63253182500006, 24.79069455000007], [46.632535381000025, 24.790691536000054], [46.632538597000064, 24.79068821800007], [46.63254144100006, 24.790684629000054], [46.63254150100005, 24.790684535000025], [46.63254193500006, 24.790684430000056], [46.63254557400006, 24.790683197000078], [46.632549064000045, 24.790681643000028], [46.63255237000004, 24.790679785000066], [46.63255546000005, 24.79067764000007], [46.63255830500003, 24.790675229000044], [46.63256087700006, 24.79067257500003], [46.632563153000035, 24.79066970300005], [46.63256510900004, 24.790666642000076], [46.63256672600005, 24.790663421000033], [46.63256799000004, 24.790660070000058], [46.63256888800004, 24.79065662200003], [46.632569412000066, 24.79065311000005], [46.63256955700007, 24.79064956800005], [46.63256931900003, 24.79064603100005], [46.63256870400005, 24.79064253200005], [46.63256771600004, 24.790639105000025], [46.63256636400007, 24.790635782000038], [46.63256466300004, 24.79063259700007], [46.63256262800007, 24.79062958000003], [46.63256027700004, 24.79062675800003], [46.63255763600006, 24.79062416100004], [46.63255472900005, 24.79062181200004], [46.632551584000055, 24.790619736000053], [46.632548230000054, 24.79061795000007]]], [[[46.63253134800004, 24.789708891000032], [46.63252636400006, 24.789706805000037], [46.632521180000026, 24.78970517500005], [46.63251584400007, 24.789704017000076], [46.632510411000055, 24.789703342000053], [46.632504932000074, 24.78970315600003], [46.63249945800004, 24.789703461000045], [46.632494044000055, 24.78970425500006], [46.63248874100003, 24.78970552900006], [46.63248360100005, 24.789707272000044], [46.63247867200005, 24.789709466000033], [46.63247400300003, 24.78971209100007], [46.63246963700004, 24.78971512100003], [46.63246561900007, 24.78971852600006], [46.63246198500008, 24.78972227500003], [46.632458771000074, 24.789726331000054], [46.632456009000066, 24.789730655000028], [46.632453723000026, 24.789735206000046], [46.63245193800003, 24.78973993900007], [46.632450669000036, 24.78974480900007], [46.632449930000064, 24.789749769000025], [46.63244972500007, 24.789754772000038], [46.63245006100004, 24.789759768000067], [46.63245079500007, 24.78976394400007], [46.63244936400008, 24.789765156000044], [46.632445731000075, 24.789768906000063], [46.63244251700007, 24.78977296100004], [46.632439754000075, 24.78977728600006], [46.63243746900008, 24.78978183600003], [46.63243568400003, 24.789786570000047], [46.632434415000034, 24.789791439000055], [46.63243367500007, 24.789796400000057], [46.63243347200006, 24.789801402000023], [46.63243364600004, 24.78980400300003], [46.63243120900006, 24.789805088000037], [46.63242654000004, 24.789807713000073], [46.632422174000055, 24.789810743000032], [46.63241815600003, 24.789814148000062], [46.63241452200003, 24.789817898000024], [46.63241130800003, 24.789821954000047], [46.63240854600008, 24.789826278000078], [46.63240626000004, 24.78983082800005], [46.632404475000044, 24.789835562000064], [46.63240320600005, 24.789840431000073], [46.63240246700008, 24.789845392000075], [46.63240226400006, 24.78985039400004], [46.63240231900005, 24.789851228000032], [46.632399418000034, 24.78985324100006], [46.632395399000075, 24.78985664700008], [46.63239176500008, 24.78986039600005], [46.632388551000076, 24.789864453000064], [46.63238578900007, 24.789868777000038], [46.632383504000074, 24.789873327000066], [46.63238171800003, 24.789878060000035], [46.63238045000003, 24.789882930000033], [46.632379711000056, 24.789887891000035], [46.63237950600006, 24.789892893000058], [46.632379841000045, 24.78989788900003], [46.632380710000064, 24.789902832000053], [46.63238210600008, 24.789907673000073], [46.63238401500007, 24.789912366000067], [46.632386419000056, 24.789916865000066], [46.632389293000074, 24.78992112800006], [46.63239261200005, 24.789925113000038], [46.63239634400003, 24.78992878100007], [46.632400450000034, 24.789932099000055], [46.63240489400005, 24.789935033000063], [46.63240963000004, 24.789937554000062], [46.63241461500007, 24.789939641000046], [46.63241512800005, 24.78993980200005], [46.63241425900003, 24.789943137000023], [46.63241352000006, 24.789948097000035], [46.632413316000054, 24.789953100000048], [46.632413651000036, 24.789958096000078], [46.632414520000054, 24.789963039000042], [46.63241591500008, 24.789967880000063], [46.63241782400007, 24.789972573000057], [46.63242022800006, 24.789977072000056], [46.632423103000065, 24.78998133500005], [46.63242642200004, 24.78998531900004], [46.63243015300003, 24.78998898900005], [46.632434259000036, 24.789992305000055], [46.63243870300005, 24.789995239000064], [46.63244344000003, 24.78999776200004], [46.632448424000074, 24.789999847000047], [46.63245360800005, 24.790001477000033], [46.632458944000064, 24.790002635000064], [46.632464378000066, 24.790003311000078], [46.632469857000046, 24.790003497000043], [46.632475330000034, 24.79000319100004], [46.63248074400008, 24.790002397000023], [46.63248604800003, 24.790001123000025], [46.632491188000074, 24.78999938100003], [46.63249611600003, 24.78999718700004], [46.63250078600004, 24.78999456200006], [46.63250515100003, 24.789991532000045], [46.63250917000005, 24.789988127000072], [46.632512804000044, 24.789984377000053], [46.63251601700006, 24.78998032100003], [46.632518780000055, 24.789975997000056], [46.63252106500005, 24.789971447000028], [46.63252285100003, 24.78996671300007], [46.63252411900004, 24.78996184400006], [46.63252485800007, 24.78995688300006], [46.63252506300006, 24.789951881000036], [46.63252472700003, 24.789946884000074], [46.63252385900006, 24.789941941000052], [46.63252246300004, 24.789937101000078], [46.63252055400005, 24.789932408000027], [46.63251815000007, 24.78992790800004], [46.63251527600005, 24.789923646000034], [46.63251195700008, 24.789919661000056], [46.63250822500004, 24.789915992000033], [46.63250411900003, 24.78991267500004], [46.632499675000076, 24.78990974100003], [46.632494938000036, 24.789907219000042], [46.63248995400005, 24.789905134000037], [46.63248944000003, 24.789904972000045], [46.63249031000004, 24.789901636000025], [46.632491049000066, 24.78989667600007], [46.63249125300007, 24.789891674000046], [46.632491197000036, 24.789890840000055], [46.63249409800005, 24.789888826000038], [46.63249811700007, 24.789885421000065], [46.63250175100006, 24.789881671000046], [46.63250496400008, 24.78987761600007], [46.632507727000075, 24.78987329100005], [46.63251001200007, 24.789868741000078], [46.63251179800005, 24.789864008000052], [46.63251306600006, 24.789859138000054], [46.63251380500003, 24.78985417800004], [46.63251401000008, 24.78984917500003], [46.632513835000054, 24.789846574000023], [46.63251627200003, 24.789845489000072], [46.63252094200004, 24.789842864000036], [46.63252530600005, 24.789839834000077], [46.63252932600005, 24.789836429000047], [46.63253295900006, 24.78983267900003], [46.63253617200007, 24.78982862400005], [46.63253893600006, 24.78982429900003], [46.632541220000064, 24.78981974900006], [46.63254300600005, 24.789815016000034], [46.632544274000054, 24.789810146000036], [46.63254501400007, 24.789805185000034], [46.632545218000075, 24.789800183000068], [46.63254488300004, 24.78979518600005], [46.63254414900007, 24.789791010000044], [46.632545579000066, 24.789789798000072], [46.63254921400005, 24.789786049000043], [46.632552427000064, 24.789781993000076], [46.63255518900007, 24.789777669000046], [46.632557475000056, 24.789773119000074], [46.63255926000005, 24.78976838500006], [46.632560529000045, 24.78976351600005], [46.632561268000075, 24.78975855500005], [46.63256147300007, 24.789753553000025], [46.63256113700004, 24.789748556000063], [46.63256026800008, 24.78974361300004], [46.63255887300005, 24.789738773000067], [46.63255696400006, 24.789734079000027], [46.632554560000074, 24.789729580000028], [46.63255168500007, 24.789725318000023], [46.63254836600004, 24.789721333000045], [46.632544635000045, 24.789717664000023], [46.63254052900004, 24.78971434700003], [46.63253608500003, 24.789711413000077], [46.63253134800004, 24.789708891000032]]], [[[46.63234763100007, 24.790010215000052], [46.63234454000008, 24.79001235900006], [46.632341696000026, 24.790014771000074], [46.632339122000076, 24.79001742500003], [46.63233684700003, 24.79002029700007], [46.632334892000074, 24.79002335800004], [46.632333274000075, 24.790026580000074], [46.63233201000003, 24.79002993000006], [46.63233111100004, 24.790033378000032], [46.63233058700007, 24.790036890000067], [46.63233044400005, 24.79004043200007], [46.63233068000005, 24.790043969000067], [46.632331296000075, 24.79004746800007], [46.63233228400003, 24.790050895000036], [46.632333636000055, 24.790054217000034], [46.63233533700003, 24.79005740300005], [46.63233737300004, 24.790060421000078], [46.63233972200004, 24.79006324200003], [46.632341299000075, 24.790064792000067], [46.632338065000056, 24.790065570000024], [46.63233442600006, 24.79006680300006], [46.63233093600007, 24.790068356000063], [46.63232763100007, 24.790070214000025], [46.63232454100006, 24.790072360000067], [46.63232169500003, 24.790074771000036], [46.63231912300006, 24.79007742500005], [46.63231684800007, 24.790080296000042], [46.63231489200007, 24.79008335800006], [46.63231327400007, 24.790086580000036], [46.63231201000008, 24.790089931000068], [46.632311112000025, 24.79009337900004], [46.63231058800005, 24.79009689000003], [46.63231049600006, 24.790099156000053], [46.632308230000035, 24.790097950000074], [46.632304701000066, 24.790096473000062], [46.632301030000065, 24.790095319000045], [46.632297254000036, 24.790094499000077], [46.63229340700008, 24.790094021000073], [46.63228952700007, 24.790093890000037], [46.632285652000064, 24.790094105000037], [46.63228181900007, 24.790094667000062], [46.632278066000026, 24.790095569000073], [46.63227442600004, 24.79009680400003], [46.632270936000054, 24.790098357000034], [46.63226763100005, 24.790100215000052], [46.63226454000005, 24.79010236000005], [46.63226169600006, 24.790104771000074], [46.63225912300004, 24.79010742500003], [46.632256847000065, 24.79011029700007], [46.63225489200005, 24.790113358000042], [46.63225327400005, 24.790116579000028], [46.63225200900007, 24.79011993000006], [46.63225111200006, 24.790123378000033], [46.63225058800003, 24.790126890000067], [46.63225044400008, 24.79013043200007], [46.63225068100007, 24.790133968000077], [46.63225129600005, 24.79013746800007], [46.63225228400006, 24.790140895000036], [46.63225363600003, 24.790144218000023], [46.63225533700006, 24.79014740300005], [46.63225737300007, 24.790150421000078], [46.63225972300006, 24.79015324100004], [46.632261491000065, 24.790154981000057], [46.63225912300004, 24.790157425000075], [46.632256848000054, 24.790160296000067], [46.63225489100006, 24.79016335800003], [46.63225327400005, 24.79016658000006], [46.63225201000006, 24.790169931000037], [46.63225111200006, 24.790173378000077], [46.63225102800004, 24.790173940000045], [46.632249527000056, 24.790173889000073], [46.63224565300004, 24.790174106000052], [46.63224182000005, 24.79017466700003], [46.63223806500008, 24.79017557000003], [46.632234426000025, 24.790176803000065], [46.63223093700003, 24.79017835600007], [46.632227631000035, 24.790180215000078], [46.63222454100003, 24.790182360000074], [46.632221695000055, 24.790184771000042], [46.63221912300003, 24.790187426000045], [46.63221684800004, 24.790190297000038], [46.632214892000036, 24.790193358000067], [46.63221327400004, 24.790196580000043], [46.632212010000046, 24.790199931000075], [46.63221111100006, 24.790203379000047], [46.63221058800008, 24.790206890000036], [46.632210443000076, 24.790210431000048], [46.63221068000007, 24.790213969000035], [46.63221129600004, 24.790217468000037], [46.63221148200006, 24.790218113000037], [46.632210937000025, 24.79021835700007], [46.63220763100003, 24.790220215000033], [46.63220454000003, 24.79022236000003], [46.63220169500005, 24.790224771000055], [46.63219912200003, 24.79022742500007], [46.632196848000035, 24.79023029700005], [46.63219489200003, 24.790233358000023], [46.63219327400003, 24.790236579000066], [46.63219201000004, 24.79023993000004], [46.632191111000054, 24.79024337800007], [46.63219058800007, 24.79024689000005], [46.63219044400006, 24.79025043200005], [46.632190680000065, 24.790253969000048], [46.63219129600003, 24.79025746800005], [46.63219228400004, 24.790260895000074], [46.63219363600007, 24.79026421800006], [46.63219533700004, 24.79026740300003], [46.632197373000054, 24.79027042000007], [46.63219972200005, 24.79027324200007], [46.63220236300003, 24.79027583900006], [46.63220527100003, 24.79027818800006], [46.63220841700007, 24.790280264000046], [46.632211770000026, 24.79028205000003], [46.63221529900005, 24.790283527000042], [46.632218969000064, 24.79028468100006], [46.632222746000025, 24.790285501000028], [46.63222659300004, 24.790285979000032], [46.63223047300005, 24.790286111000057], [46.632234347000065, 24.79028589400008], [46.63223818000006, 24.790285333000043], [46.63224193500008, 24.790284430000042], [46.63224557400008, 24.790283197000065], [46.632249064000064, 24.79028164300007], [46.63225199300007, 24.790279998000074], [46.63225111100007, 24.790283379000073], [46.63225058800003, 24.79028689000006], [46.63225044400008, 24.790290431000074], [46.63225068000003, 24.79029396900006], [46.63225129600005, 24.790297468000063], [46.63225228400006, 24.79030089500003], [46.63225363500004, 24.790304218000074], [46.63225533700006, 24.790307403000043], [46.63225737300007, 24.790310421000072], [46.63225972200007, 24.790313242000025], [46.63226236300005, 24.790315839000073], [46.63226527100005, 24.79031818800007], [46.632268417000034, 24.79032026400006], [46.632271770000045, 24.790322050000043], [46.63227529900007, 24.790323527000055], [46.632278969000026, 24.790324681000072], [46.632282746000044, 24.79032550100004], [46.63228659300006, 24.790325979000045], [46.63229047300007, 24.790326110000024], [46.63229434700003, 24.790325895000024], [46.63229818000008, 24.790325333000055], [46.632301935000044, 24.790324430000055], [46.63230557400004, 24.790323197000077], [46.63230906300004, 24.790321643000027], [46.63231236900003, 24.790319785000065], [46.63231545900004, 24.79031764000007], [46.63231830500007, 24.790315229000043], [46.63232087700004, 24.79031257500003], [46.632323152000026, 24.790309703000048], [46.63232510800003, 24.790306642000075], [46.63232672600003, 24.790303421000033], [46.63232799000008, 24.790300070000058], [46.632328888000075, 24.790296622000028], [46.63232941200005, 24.79029311000005], [46.63232955700005, 24.79028956800005], [46.63232932000005, 24.79028603100005], [46.63232870400003, 24.79028253200005], [46.63232771600008, 24.790279105000025], [46.63232636500004, 24.790275782000037], [46.63232466200003, 24.79027259700007], [46.632322627000065, 24.79026958000003], [46.632320278000066, 24.79026675800003], [46.63231778800008, 24.790264309000065], [46.63231897000003, 24.790264681000053], [46.632322747000046, 24.79026550100008], [46.63232659300007, 24.790265979000026], [46.632330472000035, 24.79026611100005], [46.63233434700004, 24.790265894000072], [46.63233818100008, 24.790265332000047], [46.632341935000056, 24.790264430000036], [46.632345574000055, 24.79026319700006], [46.63234906300005, 24.790261644000054], [46.632352369000046, 24.790259786000036], [46.63235545900005, 24.79025764000005], [46.632358305000025, 24.790255229000024], [46.63236087700005, 24.79025257400008], [46.63236315200004, 24.790249704000075], [46.632365108000045, 24.790246642000056], [46.63236672600004, 24.790243420000024], [46.632367990000034, 24.79024006900005], [46.63236888900008, 24.790236621000076], [46.63236941200006, 24.79023311000003], [46.63236955600007, 24.790229569000076], [46.632369320000066, 24.79022603100003], [46.632368704000044, 24.79022253200003], [46.63236771600003, 24.790219104000073], [46.63236636500005, 24.790215782000075], [46.63236466200004, 24.79021259700005], [46.63236262700008, 24.790209579000077], [46.63236027800008, 24.790206758000068], [46.632358701000044, 24.79020520800003], [46.63236193500006, 24.790204430000074], [46.63236557400006, 24.79020319700004], [46.632369064000045, 24.790201643000046], [46.63237237000004, 24.790199785000027], [46.63237546000005, 24.79019764000003], [46.63237830500003, 24.790195229000062], [46.63238087700006, 24.79019257500005], [46.632383153000035, 24.790189703000067], [46.63238510900004, 24.790186642000037], [46.63238672600005, 24.790183420000062], [46.63238799100003, 24.790180070000076], [46.63238888800004, 24.790176622000047], [46.632389412000066, 24.79017311000007], [46.63238955600008, 24.790169568000067], [46.632389319000026, 24.79016603100007], [46.63238870400005, 24.790162532000068], [46.63238771600004, 24.790159105000043], [46.63238636400007, 24.790155782000056], [46.63238466300004, 24.79015259700003], [46.63238262800007, 24.790149580000048], [46.63238027700004, 24.79014675800005], [46.63237763600006, 24.790144161000057], [46.63237472900005, 24.79014181200006], [46.632371584000055, 24.79013973600007], [46.632368230000054, 24.79013795000003], [46.63236470100003, 24.790136473000075], [46.63236103000003, 24.790135319000058], [46.63235956300008, 24.790135000000078], [46.63236193500006, 24.79013443100007], [46.63236239200006, 24.79013427600006], [46.632364583000026, 24.79013572200006], [46.632369320000066, 24.790138244000048], [46.63237430400005, 24.790140330000042], [46.632379488000026, 24.790141960000028], [46.63238482400004, 24.79014311800006], [46.632390257000054, 24.790143794000073], [46.632395736000035, 24.79014397900005], [46.63240121000007, 24.790143674000035], [46.632406624000055, 24.790142880000076], [46.63241192800007, 24.790141606000077], [46.63241706800005, 24.790139863000036], [46.63242199600006, 24.790137670000036], [46.63242666600007, 24.790135045000056], [46.63243103100007, 24.79013201500004], [46.632435050000026, 24.790128609000078], [46.63243868400008, 24.79012486000005], [46.632441897000035, 24.790120804000026], [46.63244466000003, 24.79011648000005], [46.63244694500003, 24.790111930000023], [46.63244873100007, 24.790107196000065], [46.63244999900007, 24.790102327000056], [46.632450738000045, 24.790097366000055], [46.63245094300004, 24.79009236400003], [46.63245060700007, 24.79008736700007], [46.63245041000005, 24.79008623900006], [46.63245195400003, 24.790084930000035], [46.63245558700004, 24.790081181000062], [46.63245880100004, 24.79007712500004], [46.63246156400004, 24.790072800000075], [46.63246384900003, 24.790068250000047], [46.63246563400003, 24.79006351700008], [46.63246690300008, 24.790058647000023], [46.63246764300004, 24.79005368600008], [46.63246784700004, 24.790048685000045], [46.63246751200006, 24.790043688000026], [46.632466642000054, 24.79003874500006], [46.63246524700003, 24.79003390400004], [46.632463338000036, 24.790029212000036], [46.63246093500004, 24.790024713000037], [46.632458059000044, 24.790020450000043], [46.63245474000007, 24.790016465000065], [46.63245101000007, 24.790012796000042], [46.63244690300007, 24.790009479000048], [46.63244246000005, 24.79000654500004], [46.632437723000066, 24.79000402300005], [46.63243273900008, 24.790001937000056], [46.63242755400006, 24.79000030700007], [46.632422219000034, 24.78999914900004], [46.63241678600008, 24.789998474000072], [46.63241130600005, 24.78999828800005], [46.632405832000074, 24.789998593000064], [46.63240041800003, 24.789999387000023], [46.632395115000065, 24.79000066100008], [46.632389974000034, 24.790002403000074], [46.63238504600008, 24.790004598000053], [46.632382783000025, 24.790005870000073], [46.63238103000003, 24.790005319000045], [46.63237725300007, 24.790004499000077], [46.632373407000046, 24.790004020000026], [46.63236952700004, 24.790003889000047], [46.63236565200003, 24.790004105000037], [46.63236181900004, 24.790004667000062], [46.63235806500006, 24.790005569000073], [46.63235442600006, 24.79000680400003], [46.63235093600008, 24.790008357000033], [46.63234763100007, 24.790010215000052]], [[46.63233529900003, 24.790133527000023], [46.632338970000035, 24.79013468100004], [46.63234043700004, 24.79013499900003], [46.632338066000045, 24.790135570000075], [46.63233442600006, 24.790136803000053], [46.63233093600007, 24.790138357000046], [46.63232800800006, 24.790140003000033], [46.632328888000075, 24.790136621000045], [46.63232941200005, 24.790133110000056], [46.63232950500003, 24.790130843000043], [46.632331770000064, 24.790132050000068], [46.63233529900003, 24.790133527000023]], [[46.63229340700008, 24.790254021000067], [46.63229316700006, 24.790254013000038], [46.63229557500006, 24.790253196000037], [46.63229857300007, 24.790251862000048], [46.63229972200003, 24.790253241000073], [46.63230221300006, 24.790255691000027], [46.632301030000065, 24.79025531900004], [46.63229725300005, 24.79025449900007], [46.63229340700008, 24.790254021000067]], [[46.632270937000044, 24.790258357000027], [46.63226800800004, 24.79026000300007], [46.632268888000056, 24.790256621000026], [46.632269171000075, 24.790254725000068], [46.63227274700006, 24.790255501000047], [46.632276594000075, 24.79025597900005], [46.63227683300005, 24.79025598800007], [46.63227442500005, 24.790256803000034], [46.632270937000044, 24.790258357000027]]], [[[46.63233901800004, 24.790976348000072], [46.63233403400005, 24.790974262000077], [46.63232884800004, 24.790972632000035], [46.63232351400006, 24.79097147400006], [46.63231808000006, 24.790970799000036], [46.632312600000034, 24.79097061300007], [46.63230712700005, 24.790970918000028], [46.63230171300006, 24.790971711000054], [46.63229641000004, 24.790972986000043], [46.63229127000005, 24.790974729000027], [46.632286340000064, 24.790976923000073], [46.63228167200003, 24.790979548000053], [46.63227730600005, 24.79098257800007], [46.63227328800008, 24.79098598300004], [46.63226965400003, 24.79098973300006], [46.63226644000008, 24.790993788000037], [46.63226367800007, 24.790998112000068], [46.63226139200003, 24.79100266300003], [46.63225960700004, 24.791007396000055], [46.63225833800004, 24.791012266000052], [46.63225759800008, 24.791017226000065], [46.63225739400008, 24.791022229000077], [46.63225772900006, 24.79102722500005], [46.63225859900007, 24.791032167000026], [46.63225999400004, 24.791037009000036], [46.63226190300003, 24.79104170100004], [46.63226430700007, 24.79104620100003], [46.63226718200008, 24.791050463000033], [46.63227050100005, 24.791054448000068], [46.63227423200004, 24.791058117000034], [46.63227833800005, 24.791061434000028], [46.63228278200006, 24.791064368000036], [46.632287518000055, 24.791066890000025], [46.63229250400008, 24.791068976000076], [46.63229768800005, 24.791070606000062], [46.63230302300008, 24.791071764000037], [46.63230845600003, 24.79107244000005], [46.63231393600006, 24.791072626000073], [46.63231940900005, 24.79107232000007], [46.63232482400008, 24.791071526000053], [46.632330126000056, 24.791070252000054], [46.63233526700003, 24.79106850900007], [46.63234019600003, 24.791066315000023], [46.63234486500005, 24.791063691000033], [46.632349231000035, 24.791060661000074], [46.63235324900006, 24.791057255000055], [46.63235688200007, 24.791053506000026], [46.63236009600007, 24.79104944900007], [46.63236285900007, 24.79104512600003], [46.63236514500005, 24.791040575000068], [46.632366930000046, 24.791035842000042], [46.63236819900004, 24.791030972000044], [46.63236893800007, 24.79102601200003], [46.63236914200007, 24.791021010000065], [46.632368807000034, 24.791016013000046], [46.63236793800007, 24.791011070000025], [46.63236654200006, 24.79100623000005], [46.632364634000055, 24.791001537000056], [46.63236223000007, 24.790997037000068], [46.63235935400007, 24.790992775000063], [46.63235603500004, 24.79098879000003], [46.63235230500004, 24.790985121000062], [46.632348199000035, 24.79098180400007], [46.63234375500008, 24.79097887000006], [46.63233901800004, 24.790976348000072]]], [[[46.63222155600005, 24.791183039000032], [46.63221657200006, 24.791180952000047], [46.63221138700004, 24.791179322000062], [46.63220605200007, 24.79117816400003], [46.63220061800007, 24.791177490000052], [46.63219513800004, 24.79117730400003], [46.632189666000045, 24.791177609000044], [46.63218425100007, 24.79117840200007], [46.632178948000046, 24.79117967600007], [46.63217380800006, 24.791181419000054], [46.63216887900006, 24.791183613000044], [46.63216421000004, 24.791186238000023], [46.63215984400006, 24.79118926800004], [46.63215582600003, 24.791192674000058], [46.632152192000035, 24.79119642200004], [46.63214897800003, 24.791200479000054], [46.63214621600008, 24.791204803000028], [46.63214393000004, 24.791209353000056], [46.632142144000056, 24.79121408700007], [46.63214087600005, 24.79121895700007], [46.63214013700008, 24.791223917000025], [46.63213993200003, 24.791228919000048], [46.63214026800006, 24.791233916000067], [46.63214113600003, 24.791238858000042], [46.632142532000046, 24.791243700000052], [46.63214444100004, 24.791248392000057], [46.63214684500008, 24.791252892000045], [46.63214972000003, 24.79125715400005], [46.63215303900006, 24.791261139000028], [46.63215677000005, 24.79126480700006], [46.63216087600006, 24.791268125000045], [46.63216532000007, 24.791271059000053], [46.63217005700005, 24.791273580000052], [46.63217504100004, 24.791275667000036], [46.63218022600006, 24.79127729700008], [46.63218556100003, 24.791278455000054], [46.63219099500003, 24.791279131000067], [46.63219647400007, 24.791279316000043], [46.632201947000055, 24.79127901100003], [46.63220736200003, 24.79127821700007], [46.632212665000054, 24.79127694300007], [46.63221780500004, 24.79127520000003], [46.63222273400004, 24.79127300600004], [46.63222740300006, 24.79127038200005], [46.63223176900004, 24.791267352000034], [46.63223578700007, 24.791263946000072], [46.632239421000065, 24.791260197000042], [46.63224263500007, 24.79125614000003], [46.63224539700008, 24.791251817000045], [46.63224768300006, 24.791247266000028], [46.632249469000044, 24.79124253300006], [46.63225073700005, 24.79123766300006], [46.63225147600008, 24.79123270300005], [46.63225168000008, 24.791227701000025], [46.63225134500004, 24.791222704000063], [46.63225047700007, 24.79121776100004], [46.632249081000055, 24.791212921000067], [46.63224717200006, 24.791208227000027], [46.63224476800008, 24.791203728000028], [46.63224189300007, 24.791199465000034], [46.63223857400004, 24.791195480000056], [46.63223484300005, 24.791191812000022], [46.63223073700004, 24.79118849500003], [46.63222629300003, 24.791185561000077], [46.63222155600005, 24.791183039000032]]], [[[46.63199817600008, 24.790595449000023], [46.63199461900007, 24.790598464000027], [46.63199140300003, 24.790601781000078], [46.631988559000035, 24.790605370000037], [46.63198611400003, 24.790609197000038], [46.63198409200004, 24.790613225000072], [46.631982512000036, 24.790617413000064], [46.63198138900003, 24.790621722000026], [46.63198073400008, 24.79062611200004], [46.63198055400005, 24.790630539000063], [46.63198085000005, 24.790634961000023], [46.63198162000003, 24.790639335000037], [46.63198285500005, 24.790643619000036], [46.631984544000034, 24.790647772000057], [46.63198667100005, 24.790651754000066], [46.63198921600008, 24.790655525000034], [46.631992153000056, 24.79065905300007], [46.63199545400005, 24.790662299000076], [46.63199908900003, 24.790665234000073], [46.63200302100006, 24.790667830000075], [46.632007213000065, 24.79067006300005], [46.63201162300004, 24.790671909000025], [46.63201287100003, 24.79067230100003], [46.63201203800003, 24.790672768000036], [46.63200898900004, 24.790674886000033], [46.632004565000045, 24.790675131000057], [46.631999775000054, 24.79067583400007], [46.63199508100007, 24.790676962000077], [46.63199053200003, 24.790678504000027], [46.63198617000006, 24.790680446000067], [46.631982039000036, 24.790682768000067], [46.631978176000075, 24.79068545000007], [46.63197461900006, 24.790688463000038], [46.63197140400007, 24.790691781000078], [46.631968560000075, 24.790695371000027], [46.63196611400008, 24.790699198000027], [46.63196409200003, 24.790703225000073], [46.63196251200003, 24.790707413000064], [46.631961389000026, 24.790711723000072], [46.631960735000064, 24.79071611200004], [46.631960666000055, 24.790717812000025], [46.63195841300006, 24.790719078000052], [46.63195404700008, 24.790722108000068], [46.63195002800006, 24.79072551300004], [46.63194639400007, 24.79072926200007], [46.631943181000054, 24.790733318000036], [46.631940418000056, 24.790737642000067], [46.63193813300006, 24.79074219300003], [46.63193634700008, 24.790746926000054], [46.63193507900007, 24.790751796000052], [46.631934339000054, 24.790756756000064], [46.63193413600004, 24.790761759000077], [46.631934355000055, 24.790765038000075], [46.63193425900005, 24.79076502600003], [46.631929409000065, 24.79076486200006], [46.63192456500008, 24.790765131000057], [46.63191977500003, 24.79076583400007], [46.631915082000035, 24.790766962000077], [46.63191053200006, 24.790768504000027], [46.631906170000036, 24.790770446000067], [46.63190203900007, 24.790772768000068], [46.63189817500006, 24.79077545000007], [46.631894619000036, 24.790778463000038], [46.631891404000044, 24.790781781000078], [46.63188856000005, 24.790785371000027], [46.631886114000054, 24.790789198000027], [46.631884092000064, 24.790793225000073], [46.63188251200006, 24.790797413000064], [46.63188138900006, 24.790801723000072], [46.63188073500004, 24.79080611200004], [46.63188055400008, 24.790810539000063], [46.63188085100006, 24.790814961000024], [46.63188162000006, 24.790819335000037], [46.63188285500007, 24.790823619000037], [46.63188454400006, 24.790827772000057], [46.631886671000075, 24.790831754000067], [46.63188921600005, 24.790835526000023], [46.63189215300008, 24.790839052000024], [46.63189545500006, 24.790842299000076], [46.63189908800007, 24.790845234000074], [46.63190302100003, 24.790847831000065], [46.631907212000044, 24.79085006300005], [46.631911624000054, 24.790851909000025], [46.63191621200008, 24.790853351000067], [46.63192093300006, 24.790854376000027], [46.63192574100003, 24.79085497400007], [46.63193059100007, 24.79085513900003], [46.63193543400007, 24.790854868000054], [46.63194022600004, 24.79085416600003], [46.631944418000046, 24.79085315900005], [46.63194529900005, 24.790853527000024], [46.631948969000064, 24.79085468100004], [46.63195274600008, 24.790855501000067], [46.63195659300004, 24.79085597900007], [46.63196047300005, 24.79085611100004], [46.631964347000064, 24.79085589500005], [46.63196818000006, 24.790855333000025], [46.63197193500008, 24.790854430000024], [46.63197557400008, 24.790853197000047], [46.63197906400006, 24.790851643000053], [46.63198237000006, 24.790849785000034], [46.63198268000008, 24.790849570000034], [46.63198545400007, 24.79085229900005], [46.63198908900006, 24.790855235000038], [46.63199302000004, 24.79085783100004], [46.631997213000034, 24.790860062000036], [46.632001624000054, 24.790861909000057], [46.63200621100003, 24.79086335100004], [46.63201093300006, 24.790864377000048], [46.63201574100003, 24.790864974000044], [46.63202059100007, 24.790865138000072], [46.63202543500006, 24.790864869000075], [46.63203022600004, 24.790864166000063], [46.632034919000034, 24.790863038000055], [46.63203946800007, 24.790861496000048], [46.63204383000004, 24.790859554000065], [46.63204796100007, 24.790857232000064], [46.63205182400003, 24.790854550000063], [46.63205538100004, 24.790851537000037], [46.632058597000025, 24.790848219000054], [46.632061441000076, 24.79084462900005], [46.632063886000026, 24.790840802000048], [46.63206590800007, 24.79083677500006], [46.632067488000075, 24.790832587000068], [46.63206861100008, 24.79082827700006], [46.63206926600003, 24.790823888000034], [46.63206944600006, 24.790819460000023], [46.632069407000074, 24.79081887800004], [46.632070646000045, 24.790817313000048], [46.63207340900004, 24.790812989000074], [46.63207569400004, 24.790808438000056], [46.63207748000008, 24.79080370500003], [46.632078748000026, 24.790798835000032], [46.632079488000045, 24.790793875000077], [46.63207969200005, 24.790788872000064], [46.63207951000004, 24.79078615700007], [46.63208182500006, 24.79078455000007], [46.63208538100008, 24.790781537000043], [46.632088596000074, 24.79077821900006], [46.63209144000007, 24.790774629000055], [46.632093886000064, 24.790770802000054], [46.63209590800005, 24.790766775000066], [46.632097488000056, 24.790762587000074], [46.63209861100006, 24.790758277000066], [46.63209926500008, 24.79075388800004], [46.63209944600004, 24.79074946000003], [46.632099149000055, 24.790745039000058], [46.63209838000006, 24.790740665000044], [46.632097470000076, 24.790737508000063], [46.632097961000056, 24.790737232000026], [46.63210182500006, 24.790734550000025], [46.63210538100003, 24.790731536000067], [46.63210859600008, 24.790728218000027], [46.632111440000074, 24.790724629000067], [46.63211388600007, 24.790720802000067], [46.63211590800006, 24.790716776000068], [46.63211748800006, 24.79071258700003], [46.63211861100007, 24.79070827700008], [46.63211926500003, 24.790703887000063], [46.63211944600005, 24.79069946000004], [46.63211914900006, 24.79069503900007], [46.632118380000065, 24.790690665000056], [46.63211714500005, 24.790686381000057], [46.632115456000065, 24.790682228000037], [46.63211332900005, 24.790678247000073], [46.632110784000076, 24.79067447400007], [46.63210784700004, 24.79067094800007], [46.63210454500006, 24.790667701000075], [46.632100912000055, 24.790664766000077], [46.63209697900004, 24.79066216900003], [46.63209278800008, 24.790659937000044], [46.63208837600007, 24.79065809100007], [46.63208713000006, 24.790657699000064], [46.63208796100008, 24.79065723100007], [46.63209182400004, 24.790654550000056], [46.632095381000056, 24.79065153600004], [46.63209859600005, 24.790648218000058], [46.63210144000004, 24.79064462900004], [46.63210388600004, 24.79064080300003], [46.63210590800003, 24.790636775000053], [46.63210748800003, 24.79063258700006], [46.632107560000065, 24.79063231300006], [46.63210906300003, 24.79063164300004], [46.632112369000026, 24.79062978500008], [46.63211545900003, 24.79062764100007], [46.63211830500006, 24.790625229000057], [46.632120877000034, 24.790622575000043], [46.63212315200008, 24.79061970300006], [46.632125108000025, 24.790616642000032], [46.63212672700007, 24.790613421000046], [46.63212799000007, 24.79061007000007], [46.63212888900006, 24.79060662200004], [46.632129117000034, 24.790605088000063], [46.63213059100008, 24.790605139000036], [46.63213543400008, 24.79060486800006], [46.63214022600005, 24.790604166000037], [46.63214491900004, 24.790603039000075], [46.63214946800008, 24.79060149600008], [46.63215382900006, 24.79059955500003], [46.632157962000065, 24.79059723200004], [46.632161824000036, 24.790594550000037], [46.63216538100005, 24.79059153600008], [46.63216859700003, 24.79058821800004], [46.632171441000025, 24.790584629000023], [46.63217388600003, 24.790580802000022], [46.63217590700003, 24.790576776000023], [46.632177488000025, 24.790572587000042], [46.63217861100003, 24.790568277000034], [46.63217926600004, 24.790563887000076], [46.63217936400008, 24.79056147500006], [46.63218236900008, 24.790559785000028], [46.63218545900003, 24.79055764000003], [46.63218830500006, 24.790555229000063], [46.63219087700003, 24.79055257500005], [46.63219315200007, 24.790549703000067], [46.632195108000076, 24.790546642000038], [46.632196727000064, 24.790543421000052], [46.632197990000066, 24.790540070000077], [46.63219888900005, 24.790536622000047], [46.632199412000034, 24.79053311000007], [46.632199557000035, 24.790529568000068], [46.63219932000004, 24.79052603100007], [46.632198704000075, 24.790522532000068], [46.632197716000064, 24.790519105000044], [46.63219636500003, 24.790515782000057], [46.632194662000074, 24.79051259700003], [46.63219262700005, 24.790509580000048], [46.63219027800005, 24.79050675800005], [46.632189021000045, 24.790505522000046], [46.63218926500008, 24.790503887000057], [46.63218944500005, 24.790499460000035], [46.632189149000055, 24.790495039000064], [46.63218838000006, 24.79049066500005], [46.632187145000046, 24.79048638100005], [46.63218545600006, 24.79048222800003], [46.63218332800005, 24.790478247000067], [46.63218078500006, 24.790474474000064], [46.63217784700004, 24.790470948000063], [46.632174545000055, 24.79046770100007], [46.63217116800007, 24.79046497300004], [46.632171441000025, 24.79046462900004], [46.63217388500004, 24.79046080300003], [46.63217590700003, 24.790456776000042], [46.632177487000035, 24.79045258700006], [46.63217861100003, 24.790448277000053], [46.63217926600004, 24.790443888000027], [46.63217944500008, 24.790439461000062], [46.63217915000007, 24.790435039000045], [46.632178381000074, 24.79043066500003], [46.63217714500007, 24.79042638100003], [46.63217545500004, 24.790422228000068], [46.63217366900005, 24.79041888300003], [46.63217545900005, 24.790417640000044], [46.632178305000025, 24.790415229000075], [46.63218087700005, 24.79041257500006], [46.63218315200004, 24.79040970400007], [46.632185108000044, 24.79040664200005], [46.63218672700003, 24.790403420000075], [46.632187990000034, 24.790400069000043], [46.632188889000076, 24.79039662200006], [46.63218941200006, 24.790393110000025], [46.63218948100007, 24.79039140900005], [46.63219237000004, 24.79038978500006], [46.63219546000005, 24.790387641000052], [46.63219830500003, 24.790385229000037], [46.63220087700006, 24.790382575000024], [46.632203153000034, 24.790379703000042], [46.63220510900004, 24.79037664200007], [46.63220672600005, 24.790373420000037], [46.63220799000004, 24.790370069000062], [46.63220888800004, 24.79036662200008], [46.632209412000066, 24.790363110000044], [46.63220955700007, 24.790359568000042], [46.632209319000026, 24.790356031000044], [46.63220870400005, 24.790352532000043], [46.63220771500005, 24.790349105000075], [46.63220636400007, 24.790345783000078], [46.63220466300004, 24.790342597000063], [46.63220262800007, 24.790339579000033], [46.63220027700004, 24.790336758000024], [46.63219763600006, 24.790334161000033], [46.63219472900005, 24.790331813000023], [46.632191584000054, 24.790329735000057], [46.632188230000054, 24.790327950000062], [46.63218470100003, 24.79032647300005], [46.63218103000003, 24.790325319000033], [46.632177253000066, 24.790324499000064], [46.63217340700004, 24.79032402100006], [46.63216952800008, 24.790323889000035], [46.632165652000026, 24.79032410600007], [46.63216181900003, 24.79032466800004], [46.632158065000056, 24.79032556900006], [46.63215442500007, 24.790326803000028], [46.63215093600007, 24.790328356000032], [46.632147631000066, 24.79033021400005], [46.63214454000007, 24.790332360000036], [46.632141696000076, 24.79033477100006], [46.63213912200007, 24.790337425000075], [46.63213684700003, 24.790340296000068], [46.63213489200007, 24.79034335800003], [46.63213327400007, 24.79034658000006], [46.63213201000008, 24.790349931000037], [46.632131111000035, 24.790353378000077], [46.63213058700006, 24.790356890000055], [46.63213051900004, 24.79035859100003], [46.63212763100006, 24.790360215000078], [46.63212454100005, 24.790362360000074], [46.63212169500008, 24.790364771000043], [46.63211912300005, 24.790367425000056], [46.63211684800007, 24.790370297000038], [46.63211489200006, 24.790373358000068], [46.63211327400006, 24.790376580000043], [46.63211201000007, 24.790379931000075], [46.63211111100003, 24.790383378000058], [46.632110588000046, 24.790386890000036], [46.632110443000045, 24.79039043100005], [46.63211068000004, 24.790393969000036], [46.63211129600006, 24.790397468000037], [46.632111500000065, 24.790398176000053], [46.63211053200007, 24.790398504000052], [46.63210617100003, 24.790400446000035], [46.63210203800003, 24.790402768000035], [46.632098176000056, 24.790405450000037], [46.63209461900004, 24.790408463000063], [46.63209140300006, 24.790411781000046], [46.63208855900007, 24.79041537100005], [46.63208611400006, 24.790419198000052], [46.63208409200007, 24.79042322500004], [46.63208251200007, 24.790427414000078], [46.632081389000064, 24.79043172300004], [46.632080735000045, 24.790436112000066], [46.63208055400003, 24.790440540000077], [46.63208085000008, 24.79044496100005], [46.632081620000065, 24.790449335000062], [46.63208285500008, 24.79045361900006], [46.63208370800004, 24.790455715000064], [46.63208327400008, 24.79045658000007], [46.63208201000003, 24.790459930000054], [46.63208111100005, 24.790463378000027], [46.632080587000075, 24.79046689000006], [46.63208044400005, 24.790470431000074], [46.63208068000006, 24.79047396900006], [46.63208104800003, 24.790476054000067], [46.63207906700006, 24.790475624000067], [46.632074259000035, 24.79047502700007], [46.63206941000004, 24.790474862000053], [46.632064566000054, 24.79047513200004], [46.63205977400003, 24.790475835000052], [46.63205508100003, 24.79047696200007], [46.63205053200005, 24.790478504000077], [46.63204617100007, 24.79048044600006], [46.632042038000066, 24.79048276800006], [46.63203817500005, 24.790485449000073], [46.63203461900008, 24.79048846300003], [46.63203140300004, 24.79049178100007], [46.63202855900005, 24.790495371000077], [46.63202611500003, 24.790499198000077], [46.63202409300004, 24.790503225000066], [46.63202251200005, 24.790507413000057], [46.632021389000045, 24.790511723000066], [46.63202073400004, 24.790516112000034], [46.632020555000054, 24.790520539000056], [46.63202069700003, 24.790522672000066], [46.63201856000006, 24.790525371000058], [46.632016114000066, 24.79052919800006], [46.63201409200008, 24.790533224000058], [46.632012512000074, 24.790537413000038], [46.63201139000006, 24.790541723000047], [46.63201073500005, 24.79054611300006], [46.63201055400003, 24.790550539000037], [46.632010851000075, 24.790554961000055], [46.63201162000007, 24.79055933500007], [46.63201285500003, 24.790563619000068], [46.632013707000056, 24.79056571600006], [46.63201327400003, 24.790566580000075], [46.63201201000004, 24.79056993100005], [46.632011111000054, 24.790573378000033], [46.63201058800007, 24.79057688900008], [46.63201044300007, 24.790580431000024], [46.632010680000064, 24.790583969000068], [46.63201129600003, 24.79058746800007], [46.63201150000003, 24.79058817600003], [46.63201053200004, 24.790588504000027], [46.63200617100006, 24.790590446000067], [46.63200203800005, 24.790592768000067], [46.63199817600008, 24.790595449000023]]], [[[46.632153489000075, 24.791401085000075], [46.63215139400006, 24.791399969000054], [46.63214918800003, 24.791399046000038], [46.63214689400007, 24.791398324000056], [46.63214453300003, 24.79139781200007], [46.632142129000044, 24.79139751300005], [46.63213970500004, 24.791397431000064], [46.63213728300008, 24.791397566000057], [46.63213488700006, 24.79139791700004], [46.63213254100003, 24.791398481000044], [46.63213026600005, 24.791399252000076], [46.63212808500003, 24.79140022300004], [46.632126019000054, 24.79140138400004], [46.63212408700008, 24.791402724000022], [46.63212230900007, 24.791404232000048], [46.632120702000066, 24.791405891000068], [46.63211927900005, 24.791407685000024], [46.63211805700007, 24.791409599000076], [46.632117046000076, 24.791411613000037], [46.632116256000074, 24.79141370700006], [46.63211569400005, 24.791415861000075], [46.63211536700004, 24.791418056000055], [46.632115277000025, 24.79142027000006], [46.63211542500005, 24.79142248000005], [46.63211580900003, 24.791424668000047], [46.632116428000074, 24.791426810000075], [46.63211727200007, 24.791428886000062], [46.632118336000076, 24.79143087700004], [46.63211960700005, 24.791432763000046], [46.63212107700008, 24.791434527000035], [46.63212272700008, 24.79143614900005], [46.63212454400008, 24.791437617000042], [46.63212651100008, 24.79143891500007], [46.63212860600004, 24.791440032000025], [46.63213081200007, 24.79144095500004], [46.632133106000026, 24.791441675000044], [46.63213546700007, 24.791442188000076], [46.632137871000054, 24.79144248700004], [46.632140295000056, 24.791442569000026], [46.63214271700008, 24.791442434000032], [46.632145113000036, 24.79144208300005], [46.632147459000066, 24.791441519000045], [46.63214973400005, 24.79144074800007], [46.632151915000065, 24.79143977700005], [46.632153981000044, 24.79143861500006], [46.63215591300008, 24.791437275000078], [46.63215769100003, 24.791435768000042], [46.63215929800003, 24.79143411000007], [46.63216072100005, 24.791432315000066], [46.63216194300003, 24.79143040200006], [46.63216295400008, 24.791428388000043], [46.63216374500007, 24.791426294000075], [46.63216430600005, 24.79142413900007], [46.63216463300006, 24.791421944000035], [46.63216472300007, 24.791419731000076], [46.63216457500005, 24.79141751900005], [46.63216419100007, 24.791415332000042], [46.63216357300007, 24.79141319100006], [46.632162728000026, 24.791411114000027], [46.63216166400008, 24.79140912300005], [46.63216039300005, 24.791407237000044], [46.63215892300008, 24.791405474000044], [46.632157273000075, 24.79140385000005], [46.63215545600008, 24.791402382000058], [46.632153489000075, 24.791401085000075]]], [[[46.632003490000045, 24.79153108400004], [46.63200139400004, 24.791529969000067], [46.631999188000066, 24.79152904600005], [46.63199689400005, 24.79152832400007], [46.63199453400006, 24.791527812000027], [46.631992129000025, 24.791527513000062], [46.63198970500008, 24.791527431000077], [46.63198728300006, 24.79152756600007], [46.631984887000044, 24.791527917000053], [46.63198254000008, 24.791528480000068], [46.631980267000074, 24.791529252000032], [46.63197808500007, 24.791530223000052], [46.631976019000035, 24.791531384000052], [46.63197408800005, 24.791532725000025], [46.63197230900005, 24.79153423200006], [46.63197070100006, 24.791535891000024], [46.63196928000008, 24.791537686000026], [46.63196805700005, 24.791539599000032], [46.63196704600006, 24.79154161200006], [46.631966256000055, 24.791543707000073], [46.63196569400003, 24.791545862000078], [46.63196536700008, 24.791548057000057], [46.63196527700006, 24.791550270000073], [46.63196542500003, 24.791552480000064], [46.631965810000054, 24.79155466700007], [46.631966427000066, 24.791556809000042], [46.631967272000054, 24.791558886000075], [46.63196833600006, 24.79156087700005], [46.63196960800008, 24.79156276300006], [46.63197107600007, 24.79156452600006], [46.63197272700006, 24.79156615000005], [46.63197454400006, 24.791567617000055], [46.63197651000007, 24.791568916000074], [46.631978606000075, 24.79157003100005], [46.63198081200005, 24.791570954000065], [46.631983105000074, 24.791571676000046], [46.63198546600006, 24.791572188000032], [46.631987870000046, 24.791572487000053], [46.631990296000026, 24.79157256900004], [46.63199271700006, 24.791572434000045], [46.63199511300007, 24.791572083000062], [46.631997460000036, 24.791571520000048], [46.63199973400003, 24.791570748000026], [46.632001915000046, 24.791569777000063], [46.632003981000025, 24.791568616000063], [46.63200591200007, 24.791567275000034], [46.63200769000008, 24.791565768000055], [46.63200929900006, 24.791564109000035], [46.63201072000004, 24.791562314000032], [46.632011943000066, 24.791560401000027], [46.63201295400006, 24.791558388000055], [46.63201374400006, 24.791556293000042], [46.63201430500004, 24.791554138000038], [46.63201463300004, 24.79155194300006], [46.632014723000054, 24.791549730000042], [46.63201457500003, 24.79154752000005], [46.63201419000006, 24.791545333000045], [46.63201357300005, 24.791543191000073], [46.63201272800006, 24.79154111400004], [46.63201166500005, 24.791539123000064], [46.63201039200004, 24.791537237000057], [46.63200892400005, 24.791535474000057], [46.632007273000056, 24.791533850000064], [46.63200545500007, 24.79153238300006], [46.632003490000045, 24.79153108400004]]], [[[46.63198278700003, 24.790879937000057], [46.63197837700005, 24.790878091000025], [46.63197378800004, 24.79087664800005], [46.63196906700006, 24.790875624000023], [46.63196425800004, 24.790875026000037], [46.631959410000036, 24.790874861000077], [46.63195456600005, 24.790875132000053], [46.63194977400008, 24.790875834000076], [46.631945081000026, 24.790876962000027], [46.631940532000044, 24.790878504000034], [46.63193617100006, 24.790880445000028], [46.63193203800006, 24.790882769000063], [46.63192817500004, 24.790885450000076], [46.631924619000074, 24.790888464000034], [46.631921403000035, 24.790891782000074], [46.63191855900004, 24.790895371000033], [46.63191611500008, 24.790899198000034], [46.631914092000045, 24.790903224000033], [46.63191290300006, 24.790906375000077], [46.631910911000034, 24.79090476600004], [46.631906979000064, 24.790902170000038], [46.63190278800005, 24.790899937000063], [46.63189837600004, 24.79089809100003], [46.63189378800007, 24.790896649000047], [46.63188906700003, 24.79089562400003], [46.63188425900006, 24.790895026000044], [46.63187941000007, 24.790894862000073], [46.63187456600008, 24.79089513200006], [46.63186977400005, 24.790895834000025], [46.63186508100006, 24.790896962000033], [46.631860533000065, 24.79089850400004], [46.63185617100004, 24.790900446000023], [46.631852038000034, 24.79090276900007], [46.63184817500007, 24.790905450000025], [46.63184461900005, 24.79090846400004], [46.63184140300007, 24.790911781000034], [46.63183855900007, 24.79091537100004], [46.631836115000056, 24.79091919700005], [46.63183409200008, 24.79092322500003], [46.631832512000074, 24.790927413000077], [46.63183138900007, 24.79093172300003], [46.63183073400006, 24.790936112000054], [46.63183055500008, 24.790940539000076], [46.63183085000003, 24.790944961000037], [46.63183161900008, 24.79094933500005], [46.63183285500003, 24.79095361900005], [46.63183454400007, 24.79095777200007], [46.63183667200008, 24.790961754000023], [46.63183921500007, 24.790965526000036], [46.63184215200005, 24.790969053000026], [46.63184545400003, 24.790972299000032], [46.63184908800008, 24.790975235000076], [46.63185302000005, 24.790977831000077], [46.63185721200006, 24.790980063000063], [46.63186162400007, 24.79098190900004], [46.631866211000045, 24.790983351000023], [46.63187093300007, 24.79098437600004], [46.631875741000044, 24.790984974000025], [46.63188059100003, 24.790985138000053], [46.63188543500007, 24.790984868000066], [46.63189022500006, 24.790984166000044], [46.63189491900005, 24.790983038000036], [46.63189946800003, 24.79098149600003], [46.631903830000056, 24.790979554000046], [46.63190796100008, 24.790977232000046], [46.63191182400004, 24.790974551000033], [46.631915381000056, 24.79097153600003], [46.63191859700004, 24.790968219000035], [46.63192144100003, 24.790964630000076], [46.63192388600004, 24.790960803000075], [46.63192590800003, 24.79095677500004], [46.63192709600003, 24.790953626000032], [46.63192908900004, 24.79095523500007], [46.631933020000076, 24.79095783100007], [46.63193721300007, 24.790960062000067], [46.631941623000046, 24.790961908000043], [46.63194621200006, 24.790963351000073], [46.63195093300004, 24.790964377000023], [46.63195574200006, 24.790964974000076], [46.63196059100005, 24.790965138000047], [46.63196543400005, 24.79096486900005], [46.63197022600008, 24.790964166000037], [46.63197491900007, 24.79096303800003], [46.631979468000054, 24.790961496000023], [46.631983829000035, 24.79095955400004], [46.63198796200004, 24.79095723200004], [46.63199182400007, 24.790954550000038], [46.63199538100008, 24.79095153700007], [46.63199859700006, 24.79094821900003], [46.63200144100006, 24.790944629000023], [46.632003886000064, 24.790940802000023], [46.63200590800005, 24.790936776000024], [46.632007488000056, 24.790932587000043], [46.63200861100006, 24.790928277000035], [46.63200926600007, 24.790923887000076], [46.63200944600004, 24.790919460000055], [46.632009150000044, 24.790915039000026], [46.63200838100005, 24.79091066500007], [46.632007145000046, 24.79090638100007], [46.63200545600006, 24.79090222800005], [46.63200332900004, 24.79089824700003], [46.63200078400007, 24.790894474000027], [46.63199784700004, 24.790890948000026], [46.631994546000044, 24.79088770100003], [46.63199091100006, 24.790884766000033], [46.63198697900003, 24.790882169000042], [46.63198278700003, 24.790879937000057]]], [[[46.63187485600008, 24.790997593000043], [46.63187011900004, 24.790995071000054], [46.631865135000055, 24.79099298500006], [46.631859950000035, 24.790991355000074], [46.631854615000066, 24.790990197000042], [46.631849181000064, 24.790989522000075], [46.631843702000026, 24.790989336000052], [46.63183822800005, 24.790989642000056], [46.63183281400006, 24.790990435000026], [46.63182751100004, 24.790991709000025], [46.631822370000066, 24.790993451000077], [46.631817442000056, 24.790995646000056], [46.631812772000046, 24.790998270000046], [46.63180840700005, 24.79100130000006], [46.631804388000035, 24.791004706000024], [46.63180075500003, 24.791008455000053], [46.631797541000026, 24.791012511000076], [46.63179477800003, 24.79101683600004], [46.631792493000034, 24.791021386000068], [46.63179070800004, 24.791026119000037], [46.631789439000045, 24.791030989000035], [46.631788699000026, 24.791035950000037], [46.63178849500008, 24.79104095200006], [46.63178883000006, 24.791045948000033], [46.63178970000007, 24.791050891000054], [46.63179109500004, 24.791055732000075], [46.63179300400003, 24.791060424000023], [46.63179408600007, 24.791062449000037], [46.63179390000005, 24.791063691000033], [46.631793697000035, 24.791068694000046], [46.63179403100003, 24.791073690000076], [46.631794901000035, 24.79107863300004], [46.63179629700005, 24.79108347400006], [46.63179820600004, 24.791088167000055], [46.63180060900004, 24.791092666000054], [46.631803484000045, 24.791096929000048], [46.631806803000075, 24.791100913000037], [46.63181053300008, 24.79110458200006], [46.63181464100006, 24.791107899000053], [46.63181908400003, 24.79111083300006], [46.63182382000008, 24.79111335500005], [46.631828805000055, 24.791115441000045], [46.631833990000075, 24.79111707100003], [46.631839324000055, 24.791118229000062], [46.63184475800006, 24.791118905000076], [46.63185023800003, 24.79111909100004], [46.63185571100007, 24.791118785000037], [46.63186112600005, 24.79111799100008], [46.63186642900007, 24.791116717000023], [46.631871570000044, 24.791114975000028], [46.631876498000054, 24.791112781000038], [46.631881168000064, 24.79111015600006], [46.63188553200007, 24.791107126000043], [46.631889552000075, 24.79110372100007], [46.63189318500008, 24.79109997100005], [46.63189639900003, 24.791095915000028], [46.63189916200008, 24.791091591000054], [46.63190144600003, 24.791087041000026], [46.63190323200007, 24.791082307000067], [46.631904501000065, 24.79107743800006], [46.63190524100003, 24.791072477000057], [46.63190544400004, 24.791067475000034], [46.63190511000005, 24.79106247800007], [46.63190424000004, 24.79105753500005], [46.63190284500007, 24.791052695000076], [46.63190093600008, 24.791048002000025], [46.63189985400004, 24.791045978000056], [46.63190003900007, 24.79104473500007], [46.631900243000075, 24.791039733000048], [46.63189990800004, 24.791034737000075], [46.631899039000075, 24.791029794000053], [46.63189764300006, 24.791024952000043], [46.63189573400007, 24.79102026000004], [46.63189333100007, 24.79101576100004], [46.631890456000065, 24.791011498000046], [46.631887137000035, 24.791007513000068], [46.63188340600004, 24.791003844000045], [46.63187929900005, 24.79100052700005], [46.63187485600008, 24.790997593000043]]], [[[46.63180698000008, 24.79120216900003], [46.63180278800007, 24.791199938000034], [46.63179837600006, 24.79119809200006], [46.63179378800004, 24.791196649000028], [46.63178906700006, 24.79119562300008], [46.63178425900003, 24.791195026000025], [46.631779409000046, 24.791194862000054], [46.63177456500006, 24.791195131000052], [46.631769775000066, 24.791195834000064], [46.631765081000026, 24.791196962000072], [46.631760532000044, 24.79119850400008], [46.631756170000074, 24.79120044600006], [46.63175203900005, 24.791202768000062], [46.63174817600003, 24.791205450000064], [46.631744619000074, 24.791208463000032], [46.631741403000035, 24.791211781000072], [46.63173855900004, 24.791215371000078], [46.631736114000034, 24.79121919800008], [46.631734092000045, 24.791223224000078], [46.63173251200004, 24.79122741300006], [46.63173138900004, 24.791231723000067], [46.63173073400003, 24.791236112000036], [46.63173055400006, 24.791240539000057], [46.631730850000054, 24.791244961000075], [46.63173162000004, 24.791249335000032], [46.63173285500005, 24.79125361900003], [46.63173454400004, 24.79125777200005], [46.631736671000056, 24.79126175300007], [46.63173921600003, 24.791265526000075], [46.63174215300006, 24.791269052000075], [46.631745454000054, 24.79127229900007], [46.63174908900004, 24.791275234000068], [46.631753021000065, 24.79127783100006], [46.631757212000025, 24.791280063000045], [46.631761624000035, 24.791281909000077], [46.63176621200006, 24.79128335100006], [46.63177093300004, 24.79128437600008], [46.63177574100007, 24.791284974000064], [46.63178059000006, 24.791285139000024], [46.63178543400005, 24.791284868000048], [46.63179022600008, 24.791284166000025], [46.631794918000026, 24.791283038000074], [46.631799467000064, 24.791281496000067], [46.631803829000035, 24.791279555000074], [46.63180796200004, 24.791277231000038], [46.63181182500006, 24.791274550000026], [46.63181538200007, 24.791271536000067], [46.63181859700006, 24.791268218000027], [46.631821441000056, 24.791264629000068], [46.63182388600006, 24.791260802000068], [46.63182590800005, 24.79125677600007], [46.631827488000056, 24.79125258700003], [46.63182861100006, 24.791248277000022], [46.63182926500008, 24.791243888000054], [46.63182944600004, 24.791239461000032], [46.631829149000055, 24.79123503900007], [46.63182838000006, 24.791230665000057], [46.631827145000045, 24.791226381000058], [46.63182545600006, 24.791222228000038], [46.63182332900004, 24.791218247000074], [46.63182078500006, 24.79121447400007], [46.631817848000026, 24.79121094800007], [46.631814546000044, 24.791207701000076], [46.63181091200005, 24.791204765000032], [46.63180698000008, 24.79120216900003]]], [[[46.63171699600008, 24.79133983400004], [46.63171225900004, 24.791337313000042], [46.631707274000064, 24.791335226000058], [46.63170208900004, 24.791333596000072], [46.631696755000064, 24.79133243800004], [46.63169132100006, 24.791331763000073], [46.631685841000035, 24.79133157700005], [46.63168036800005, 24.791331883000055], [46.63167495400006, 24.791332676000025], [46.63166965000005, 24.791333950000023], [46.631664510000064, 24.791335693000065], [46.631659581000065, 24.791337887000054], [46.631654911000055, 24.791340511000044], [46.63165054700005, 24.79134354100006], [46.63164652800003, 24.791346947000022], [46.63164289400004, 24.791350696000052], [46.631639680000035, 24.791354753000064], [46.63163691800003, 24.79135907700004], [46.63163463200004, 24.791363627000067], [46.63163284700005, 24.791368360000035], [46.631631578000054, 24.791373230000033], [46.631630838000035, 24.791378191000035], [46.63163063500008, 24.79138319200007], [46.63163096900007, 24.79138818900003], [46.63163183900008, 24.791393132000053], [46.63163323400005, 24.791397973000073], [46.63163514300004, 24.791402665000078], [46.631637547000025, 24.791407165000066], [46.63164042200003, 24.79141142700007], [46.63164374100006, 24.79141541300004], [46.631647472000054, 24.791419081000072], [46.63165157800006, 24.791422399000055], [46.631656021000026, 24.791425332000074], [46.631660758000066, 24.791427854000062], [46.63166574400003, 24.791429940000057], [46.63167092800006, 24.791431571000032], [46.63167626300003, 24.791432729000064], [46.631681696000044, 24.791433403000042], [46.63168717600007, 24.791433589000064], [46.63169264900006, 24.79143328400005], [46.631698064000034, 24.791432491000023], [46.63170336600007, 24.791431217000024], [46.63170850700004, 24.79142947400004], [46.63171343600004, 24.79142728000005], [46.63171810500006, 24.79142465600006], [46.63172247000006, 24.791421626000044], [46.63172649000006, 24.791418219000036], [46.63173012300007, 24.791414471000053], [46.63173333700007, 24.79141041400004], [46.63173610000007, 24.791406090000066], [46.63173838400007, 24.791401540000038], [46.63174017000006, 24.79139680700007], [46.63174143900005, 24.79139193700007], [46.63174217900007, 24.79138697600007], [46.63174238200003, 24.791381974000046], [46.631742048000035, 24.791376978000073], [46.63174117900007, 24.79137203500005], [46.63173978200007, 24.79136719400003], [46.631737874000066, 24.791362501000037], [46.63173547100007, 24.791358002000038], [46.631732595000074, 24.791353739000044], [46.631729276000044, 24.791349754000066], [46.63172554600004, 24.791346086000033], [46.631721438000056, 24.79134276800005], [46.63171699600008, 24.79133983400004]]], [[[46.63168698000004, 24.791482169000062], [46.631682787000045, 24.791479938000066], [46.63167837700007, 24.791478091000045], [46.63167378900005, 24.79147664900006], [46.631669067000075, 24.791475624000043], [46.63166425800006, 24.791475027000047], [46.631659409000065, 24.79147486200003], [46.631654566000066, 24.791475132000073], [46.63164977400004, 24.79147583500003], [46.631645081000045, 24.791476962000047], [46.63164053200006, 24.791478504000054], [46.631636171000025, 24.791480446000037], [46.63163203800008, 24.791482768000037], [46.63162817500006, 24.79148544900005], [46.631624619000036, 24.791488464000054], [46.631621403000054, 24.791491781000047], [46.63161855900006, 24.791495370000064], [46.63161611400005, 24.791499197000064], [46.63161409200006, 24.791503225000042], [46.63161251100007, 24.791507413000033], [46.63161138900006, 24.791511722000052], [46.63161073400005, 24.791516112000068], [46.631610554000076, 24.791520539000032], [46.63161085000007, 24.79152496100005], [46.63161161900007, 24.791529335000064], [46.631612854000025, 24.791533619000063], [46.63161454400006, 24.791537772000027], [46.631616671000074, 24.791541754000036], [46.63161921500006, 24.79154552500006], [46.631622152000034, 24.79154905300004], [46.63162545400007, 24.791552299000045], [46.63162908900006, 24.791555234000043], [46.63163302000004, 24.791557830000045], [46.63163721300003, 24.791560063000077], [46.631641623000064, 24.791561909000052], [46.63164621200008, 24.791563351000036], [46.63165093300006, 24.791564376000053], [46.63165574200008, 24.79156497400004], [46.63166059000008, 24.791565138000067], [46.63166543400007, 24.791564868000023], [46.63167022600004, 24.791564166000057], [46.631674919000034, 24.79156303800005], [46.63167946800007, 24.791561496000043], [46.63168382900005, 24.79155955400006], [46.63168796200006, 24.79155723100007], [46.631691825000075, 24.791554550000058], [46.63169538100004, 24.791551536000043], [46.63169859700008, 24.79154821900005], [46.631701441000075, 24.791544629000043], [46.631703886000025, 24.791540803000032], [46.63170590800007, 24.791536776000044], [46.631707488000075, 24.791532587000063], [46.63170861100008, 24.791528277000054], [46.63170926600003, 24.79152388800003], [46.63170944500007, 24.791519461000064], [46.63170915000006, 24.791515039000046], [46.63170838100007, 24.791510665000033], [46.631707145000064, 24.791506381000033], [46.63170545600008, 24.79150222800007], [46.63170332900006, 24.79149824600006], [46.63170078500008, 24.791494474000046], [46.631697848000044, 24.791490948000046], [46.63169454600006, 24.79148770200004], [46.63169091100008, 24.791484765000064], [46.63168698000004, 24.791482169000062]]], [[[46.62949754600004, 24.79662313500006], [46.629492809000055, 24.796620614000062], [46.62948782500007, 24.796618527000078], [46.62948263900006, 24.796616897000035], [46.62947730500008, 24.79661573900006], [46.62947187100008, 24.796615064000036], [46.62946639100005, 24.796614877000025], [46.629460917000074, 24.79661518300003], [46.62945550200004, 24.796615976000055], [46.629450199000075, 24.796617250000054], [46.629445058000044, 24.79661899300004], [46.629440129000045, 24.796621187000028], [46.629435459000035, 24.796623811000075], [46.62943109500003, 24.796626841000034], [46.62942707500008, 24.796630247000053], [46.62942344100003, 24.796633996000025], [46.629420227000026, 24.79663805200005], [46.62941746400003, 24.79664237700007], [46.629415179000034, 24.79664692700004], [46.62941339300005, 24.796651659000077], [46.629412125000044, 24.796656530000064], [46.629411385000026, 24.796661490000076], [46.62941118100008, 24.796666492000043], [46.62941151500007, 24.79667148900006], [46.62941238500008, 24.796676431000037], [46.62941378100004, 24.796681273000047], [46.62941568900004, 24.79668596500005], [46.629416666000054, 24.796687793000046], [46.62941551400007, 24.796689595000032], [46.62941322900008, 24.79669414500006], [46.62941144300004, 24.79669887800003], [46.62941017400004, 24.796703748000027], [46.62940943500007, 24.79670870900003], [46.62940923000008, 24.796713711000052], [46.62940927600005, 24.796714376000068], [46.62940590300008, 24.79671296500004], [46.629400718000056, 24.796711334000065], [46.62939538300003, 24.796710176000033], [46.62938994900003, 24.796709501000066], [46.62938446900006, 24.796709315000044], [46.62937899500008, 24.79670962000006], [46.62937358000005, 24.796710414000074], [46.62936827800007, 24.796711688000073], [46.62936313600005, 24.796713430000068], [46.62935820800004, 24.796715624000058], [46.62935353800003, 24.796718249000037], [46.62934917300004, 24.796721279000053], [46.62934515300003, 24.796724684000026], [46.629341520000025, 24.796728434000045], [46.62933830600008, 24.796732489000078], [46.629335542000035, 24.796736813000052], [46.62933325800003, 24.79674136400007], [46.62933147200005, 24.79674609700004], [46.62933020300005, 24.796750967000037], [46.62932946300003, 24.79675592700005], [46.62932925900003, 24.79676093000006], [46.62932931100005, 24.796761696000033], [46.629324817000054, 24.796762354000066], [46.62931951400003, 24.796763628000065], [46.62931437300006, 24.79676537000006], [46.62930944400006, 24.79676756500004], [46.62930477400005, 24.79677018900003], [46.62930041000004, 24.796773219000045], [46.629296390000036, 24.796776625000064], [46.62929275600004, 24.796780374000036], [46.62928954200004, 24.79678443000006], [46.62928677900004, 24.796788754000033], [46.629284494000046, 24.79679330500005], [46.62928270800006, 24.79679803700003], [46.62928144000006, 24.796802908000075], [46.62928069900005, 24.79680786800003], [46.629280496000035, 24.796812871000043], [46.62928083000003, 24.796817866000026], [46.629281700000035, 24.796822809000048], [46.62928309500006, 24.796827651000058], [46.62928500400005, 24.796832343000062], [46.62928740700005, 24.79683684200006], [46.629290283000046, 24.796841105000055], [46.629293602000075, 24.796845090000033], [46.62929733200008, 24.796848759000056], [46.62930144000006, 24.79685207600005], [46.62930588300003, 24.79685501000006], [46.62931062000007, 24.796857532000047], [46.629315605000045, 24.796859618000042], [46.629320790000065, 24.796861249000074], [46.62932360500008, 24.796861859000046], [46.629323742000054, 24.796863904000077], [46.62932461100007, 24.79686884700004], [46.62932600700003, 24.796873688000062], [46.62932608400007, 24.796873877000053], [46.62932578900006, 24.796874338000066], [46.62932350400007, 24.796878888000037], [46.62932171800003, 24.796883620000074], [46.62932045000008, 24.79688849100006], [46.62931970900007, 24.796893451000074], [46.62931950600006, 24.79689845400003], [46.62931984000005, 24.79690344900007], [46.62932071000006, 24.796908392000034], [46.62932210500003, 24.796913234000044], [46.629324014000076, 24.79691792600005], [46.62932641700007, 24.796922425000048], [46.62932929300007, 24.796926688000042], [46.62933261200004, 24.796930673000077], [46.629336343000034, 24.796934342000043], [46.62934045000003, 24.796937660000026], [46.62934489300005, 24.796940593000045], [46.629349630000036, 24.796943115000033], [46.62935461500007, 24.796945202000074], [46.62935980000003, 24.79694683200006], [46.62936513500006, 24.796947990000035], [46.62937056900006, 24.79694866500006], [46.62937604900003, 24.79694885200007], [46.629381522000074, 24.796948545000078], [46.62938693700005, 24.79694775200005], [46.62939224000007, 24.796946478000052], [46.62939738100005, 24.796944736000057], [46.629402310000046, 24.796942541000078], [46.629406980000056, 24.79693991700003], [46.62941134500005, 24.79693688800006], [46.62941536500006, 24.796933481000053], [46.62941899800006, 24.79692973300007], [46.629422212000065, 24.796925676000058], [46.62942497500006, 24.796921352000027], [46.62942726000006, 24.796916802000055], [46.62942904600004, 24.79691206900003], [46.629430315000036, 24.79690719900003], [46.629431055000055, 24.79690223800003], [46.62943125900006, 24.796897237000053], [46.629430924000076, 24.796892240000034], [46.62943005500006, 24.79688729700007], [46.62942865900004, 24.79688245600005], [46.62942858200006, 24.796882267000058], [46.629428877000066, 24.796881807000034], [46.62943116200006, 24.796877257000062], [46.629432947000055, 24.796872523000047], [46.62943377900007, 24.79686933100004], [46.62943769200007, 24.796868006000068], [46.62944262100007, 24.796865811000032], [46.629447291000076, 24.796863187000042], [46.62945165600007, 24.796860157000026], [46.62945567600008, 24.796856751000064], [46.629459309000026, 24.796853003000024], [46.62946252300003, 24.79684894600007], [46.62946528700007, 24.796844622000037], [46.62946757100008, 24.796840072000066], [46.62946935700006, 24.79683533900004], [46.62947062600006, 24.796830469000042], [46.629471366000075, 24.79682550800004], [46.62947157000008, 24.796820507000064], [46.62947123500004, 24.796815510000044], [46.62947036600008, 24.796810567000023], [46.62946897000006, 24.79680572600006], [46.62946706100007, 24.796801033000065], [46.629464658000074, 24.796796534000066], [46.62946178200008, 24.796792271000072], [46.62945846300005, 24.796788286000037], [46.629454733000046, 24.79678461800006], [46.62945062500006, 24.796781300000077], [46.62944618200004, 24.79677836600007], [46.629441445000055, 24.796775844000024], [46.629438737000044, 24.79677471100007], [46.62943879900007, 24.796774545000062], [46.629440068000065, 24.796769675000064], [46.62944080800003, 24.79676471500005], [46.62944101200003, 24.79675971200004], [46.62944096800004, 24.79675904800007], [46.62944434000008, 24.79676045900004], [46.62944952500004, 24.796762089000026], [46.62945486000007, 24.796763247000058], [46.62946029400007, 24.796763922000025], [46.62946577400004, 24.796764109000037], [46.629471247000026, 24.796763803000033], [46.62947666200006, 24.796763010000063], [46.629481965000025, 24.796761736000065], [46.629487106000056, 24.796759993000023], [46.629492035000055, 24.796757799000034], [46.629496704000076, 24.796755175000044], [46.62950107000006, 24.796752145000028], [46.62950508900008, 24.796748739000066], [46.62950872300007, 24.796744990000036], [46.629511937000075, 24.79674093400007], [46.62951470000007, 24.79673660900005], [46.629516985000066, 24.796732059000078], [46.62951877100005, 24.796727327000042], [46.629520040000045, 24.796722456000055], [46.629520779000075, 24.796717496000042], [46.62952098400007, 24.796712494000076], [46.62952064900003, 24.796707497000057], [46.62951978000007, 24.796702555000024], [46.62951838400005, 24.79669771300007], [46.62951647500006, 24.796693021000067], [46.629515499000036, 24.796691193000072], [46.62951665000003, 24.79668939100003], [46.62951893500008, 24.796684841000058], [46.62952072100006, 24.796680108000032], [46.62952199000006, 24.796675238000034], [46.629522730000076, 24.796670277000032], [46.62952293300003, 24.796665275000066], [46.62952259900004, 24.796660279000037], [46.62952172900003, 24.79665533600007], [46.62952033400006, 24.79665049500005], [46.62951842500007, 24.796645802000057], [46.629516022000075, 24.796641303000058], [46.62951314600008, 24.796637040000064], [46.62950982700005, 24.79663305500003], [46.629506097000046, 24.796629387000053], [46.62950198900006, 24.79662606900007], [46.62949754600004, 24.79662313500006]]], [[[46.62932264900007, 24.796933007000064], [46.62931791200003, 24.796930485000075], [46.62931292700006, 24.796928399000024], [46.62930774300003, 24.79692676800005], [46.62930240700007, 24.796925610000073], [46.629296973000066, 24.79692493500005], [46.62929149400003, 24.796924750000073], [46.62928602000005, 24.79692505500003], [46.629280605000076, 24.796925848000058], [46.62927530200005, 24.796927122000056], [46.62927016100008, 24.79692886400005], [46.62926523300007, 24.79693105900003], [46.62926056300006, 24.796933683000077], [46.629256197000075, 24.796936713000036], [46.62925217800006, 24.796940119000055], [46.62924854400006, 24.79694386700004], [46.62924533000006, 24.79694792400005], [46.629244017000076, 24.796949978000043], [46.62924324100004, 24.79694980900007], [46.62923780700004, 24.796949134000045], [46.62923232700007, 24.79694894900007], [46.62922685400008, 24.796949254000026], [46.62922143900005, 24.796950047000053], [46.629216136000025, 24.79695132100005], [46.62921099500005, 24.796953063000046], [46.62920606600005, 24.796955258000025], [46.62920139600004, 24.796957882000072], [46.62919703100005, 24.79696091200003], [46.62919301200003, 24.79696431800005], [46.629189378000035, 24.796968066000034], [46.62918616400003, 24.796972123000046], [46.629183401000034, 24.796976447000077], [46.62918111600004, 24.79698099700005], [46.629179330000056, 24.796985730000074], [46.62917806100006, 24.796990600000072], [46.62917732100004, 24.796995561000074], [46.62917711700004, 24.79700056200005], [46.62917745200008, 24.79700555900007], [46.62917832200003, 24.797010502000035], [46.629179717000056, 24.797015343000055], [46.62918162600005, 24.79702003600005], [46.629184029000044, 24.797024535000048], [46.62918690500004, 24.797028798000042], [46.62919022400007, 24.797032783000077], [46.62919395400007, 24.797036452000043], [46.62919806200006, 24.797039769000037], [46.62920250500008, 24.797042703000045], [46.629207242000064, 24.797045225000033], [46.62921222600005, 24.79704731100003], [46.62921741200006, 24.79704894100007], [46.62922274600004, 24.797050100000035], [46.629224100000044, 24.79705026700003], [46.62922253700003, 24.797051880000026], [46.62921932300003, 24.79705593500006], [46.62921656000003, 24.797060259000034], [46.62921427500004, 24.79706481000005], [46.629212489000054, 24.797069543000077], [46.62921122100005, 24.797074413000075], [46.62921048000004, 24.79707937300003], [46.62921027700003, 24.797084376000043], [46.629210611000076, 24.797089372000073], [46.62921148100003, 24.797094315000038], [46.629212876000054, 24.79709915600006], [46.629214785000045, 24.797103849000052], [46.62921718800004, 24.79710834800005], [46.62922006400004, 24.797112611000045], [46.62922338300007, 24.797116595000034], [46.62922711300007, 24.797120265000046], [46.629231221000055, 24.79712358200004], [46.62923566400008, 24.79712651500006], [46.62924040100006, 24.797129038000037], [46.62924538500005, 24.797131124000032], [46.62925057100006, 24.797132754000074], [46.629255905000036, 24.79713391200005], [46.62926134000003, 24.797134588000063], [46.629266820000055, 24.79713477300004], [46.62927229300004, 24.797134468000024], [46.629277708000075, 24.797133674000065], [46.62928301100004, 24.797132400000066], [46.62928815200007, 24.79713065800007], [46.62929308100007, 24.797128464000025], [46.62929775100008, 24.797125839000046], [46.629302116000076, 24.79712280900003], [46.629306135000036, 24.797119404000057], [46.62930976900003, 24.797115655000027], [46.629312983000034, 24.79711159900006], [46.62931574600003, 24.79710727500003], [46.629318031000025, 24.79710272500006], [46.62931981700007, 24.797097991000044], [46.62932108600006, 24.797093122000035], [46.62932182600008, 24.797088161000033], [46.629322030000026, 24.797083159000067], [46.629321695000044, 24.797078162000048], [46.629320825000036, 24.797073219000026], [46.629319430000066, 24.797068379000052], [46.629317521000075, 24.79706368500007], [46.62931668700003, 24.797062124000036], [46.629318184000056, 24.797062176000054], [46.62932365700004, 24.79706187000005], [46.629329072000075, 24.797061077000023], [46.62933437500004, 24.797059803000025], [46.62933951600007, 24.79705806000004], [46.62934444500007, 24.79705586600005], [46.629349115000025, 24.79705324100007], [46.62935348000008, 24.797050212000045], [46.62935749900004, 24.797046806000026], [46.62936113300003, 24.797043057000053], [46.629364347000035, 24.79703900000004], [46.62936711000003, 24.797034676000067], [46.629369395000026, 24.79703012600004], [46.62937118100007, 24.79702539300007], [46.62937245000006, 24.79702052300007], [46.62937319000008, 24.79701556200007], [46.62937339300004, 24.797010561000036], [46.629373059000045, 24.797005564000074], [46.62937218900004, 24.797000621000052], [46.62937079400007, 24.79699578000003], [46.629368885000076, 24.796991088000027], [46.62936648200008, 24.79698658800004], [46.62936360600003, 24.796982326000034], [46.629360287000054, 24.796978340000067], [46.62935655700005, 24.796974672000033], [46.629352449000066, 24.79697135400005], [46.62934800600004, 24.79696842000004], [46.629347335000034, 24.796968064000055], [46.62934683300006, 24.796965208000074], [46.62934543700004, 24.796960366000064], [46.62934352800005, 24.79695567400006], [46.629341124000064, 24.79695117500006], [46.629338250000046, 24.796946912000067], [46.62933493100007, 24.796942927000032], [46.629331199000035, 24.796939258000066], [46.62932709300003, 24.796935941000072], [46.62932264900007, 24.796933007000064]]], [[[46.62918936300008, 24.797211005000065], [46.62918462600004, 24.797208483000077], [46.629179641000064, 24.797206397000025], [46.62917445700003, 24.79720476700004], [46.629169121000075, 24.797203609000064], [46.62916368700007, 24.79720293300005], [46.629158208000035, 24.79720274700003], [46.62915273400006, 24.797203052000043], [46.629147319000026, 24.79720384600006], [46.62914201600006, 24.797205120000058], [46.62913687500003, 24.797206863000042], [46.629131947000076, 24.797209056000042], [46.62913124700003, 24.797209449000036], [46.629128810000054, 24.79720892100005], [46.62912337600005, 24.797208245000036], [46.629117896000025, 24.79720805900007], [46.62911242200005, 24.797208364000028], [46.62910700800006, 24.797209158000044], [46.62910170500004, 24.797210432000043], [46.629096563000076, 24.797212175000027], [46.629091635000066, 24.797214368000027], [46.629086965000056, 24.797216993000063], [46.62908260000006, 24.797220023000023], [46.629078580000055, 24.797223428000052], [46.62907494700005, 24.79722717800007], [46.629071733000046, 24.797231233000048], [46.62906896900006, 24.79723555700008], [46.629066685000055, 24.79724010800004], [46.62906489900007, 24.797244841000065], [46.629063630000076, 24.797249711000063], [46.62906289000006, 24.797254671000076], [46.629062686000054, 24.79725967400003], [46.629063020000046, 24.79726467000006], [46.62906340500007, 24.797266860000036], [46.629061026000045, 24.797268876000032], [46.62905739100006, 24.79727262600005], [46.62905417700006, 24.797276681000028], [46.62905141500005, 24.79728100500006], [46.629049129000066, 24.797285556000077], [46.62904734300008, 24.797290289000046], [46.629046075000076, 24.797295159000043], [46.62904533500006, 24.797300119000056], [46.629045287000054, 24.797301292000043], [46.62904405300003, 24.797301986000036], [46.629039688000034, 24.797305016000053], [46.629035669000075, 24.79730842200007], [46.62903203500008, 24.797312170000055], [46.62902882100008, 24.797316227000067], [46.62902605800008, 24.79732055100004], [46.62902377300003, 24.79732510100007], [46.629021987000044, 24.79732983400004], [46.62902071800005, 24.797334704000036], [46.62901997800003, 24.797339665000038], [46.62901977400003, 24.79734466700006], [46.629020109000066, 24.797349663000034], [46.629020842000045, 24.797353831000066], [46.62902022700007, 24.797354351000024], [46.629016593000074, 24.797358100000054], [46.62901337900007, 24.797362156000077], [46.62901061600007, 24.79736648100004], [46.62900833100008, 24.79737103100007], [46.62900654500004, 24.797375763000048], [46.62900527600004, 24.797380634000035], [46.62900453700007, 24.797385594000048], [46.62900433300007, 24.79739059700006], [46.62900466800005, 24.797395593000033], [46.62900553600008, 24.797400535000065], [46.62900693200004, 24.797405377000075], [46.62900884100003, 24.797410069000023], [46.62901124500007, 24.79741456800008], [46.62901412000008, 24.797418831000073], [46.62901743900005, 24.79742281700004], [46.629021170000044, 24.797426485000074], [46.62902527700004, 24.797429803000057], [46.62902972000006, 24.797432737000065], [46.629034458000035, 24.797435258000064], [46.62903944200008, 24.79743734500005], [46.62904462700004, 24.797438975000034], [46.62904996200007, 24.797440133000066], [46.62905539600007, 24.797440808000033], [46.62906087600004, 24.797440995000045], [46.62906634900003, 24.79744068900004], [46.62907176400006, 24.79743989600007], [46.62907706800007, 24.797438622000072], [46.62908220800006, 24.79743687900003], [46.629087137000056, 24.79743468500004], [46.629091807000066, 24.797432061000052], [46.62909617300005, 24.797429031000036], [46.62910019100008, 24.797425625000074], [46.62910382600006, 24.797421876000044], [46.62910626200005, 24.79741880100005], [46.629111358000046, 24.79741897400004], [46.629116830000044, 24.797418668000034], [46.629122245000076, 24.797417875000065], [46.62912754900003, 24.797416601000066], [46.62913268900007, 24.79741485900007], [46.62913761800007, 24.797412664000035], [46.629142288000025, 24.797410040000045], [46.62914665400007, 24.79740701000003], [46.62915067300003, 24.797403604000067], [46.62915430700008, 24.797399855000037], [46.62915752100008, 24.79739579900007], [46.62916028400008, 24.79739147500004], [46.62916256900007, 24.797386924000023], [46.62916435500006, 24.797382192000043], [46.62916562400005, 24.797377321000056], [46.62916636300008, 24.797372361000043], [46.62916656800007, 24.797367359000077], [46.629166232000046, 24.797362363000047], [46.62916596200006, 24.797360825000055], [46.62916616800004, 24.79736050300005], [46.62916845400008, 24.797355952000032], [46.629170240000064, 24.797351219000063], [46.62917150900006, 24.797346349000065], [46.62917224800003, 24.797341389000053], [46.629172452000034, 24.79733638700003], [46.62917238400007, 24.79733536200007], [46.62917551700008, 24.79733360000006], [46.62917988300006, 24.797330570000042], [46.62918390200008, 24.79732716500007], [46.629187536000074, 24.79732341600004], [46.62919075000008, 24.797319360000074], [46.629193513000075, 24.797315036000043], [46.62919579800007, 24.79731048600007], [46.62919758400005, 24.797305752000057], [46.62919885300005, 24.797300883000048], [46.62919959200008, 24.797295922000046], [46.62919979700007, 24.797290920000023], [46.62919964000008, 24.797288581000032], [46.62920249000007, 24.79728564100003], [46.62920570400007, 24.797281585000064], [46.62920846700007, 24.797277261000033], [46.62921075300005, 24.797272711000062], [46.62921253800005, 24.797267977000047], [46.62921380700004, 24.79726310800004], [46.62921454600007, 24.797258147000036], [46.62921475100006, 24.79725314500007], [46.62921441600008, 24.79724814800005], [46.62921354700006, 24.79724320500003], [46.62921215100005, 24.797238365000055], [46.629210242000056, 24.79723367200006], [46.62920783800007, 24.797229172000073], [46.62920496400005, 24.797224910000068], [46.62920164500008, 24.797220925000033], [46.62919791300004, 24.797217256000067], [46.629193807000036, 24.797213939000073], [46.62918936300008, 24.797211005000065]]], [[[46.629148231000045, 24.796487950000028], [46.629144703000065, 24.796486474000062], [46.629141032000064, 24.796485319000055], [46.629137255000046, 24.79648449900003], [46.62913340800003, 24.796484021000026], [46.62912952800008, 24.796483889000058], [46.629125653000074, 24.796484105000047], [46.62912182000008, 24.796484667000072], [46.62911806500006, 24.796485569000026], [46.62911442600006, 24.79648680300005], [46.629110936000075, 24.796488356000054], [46.62910763100007, 24.796490214000073], [46.62910454000007, 24.79649235900007], [46.62910169400004, 24.796494771000027], [46.62909912200007, 24.79649742400005], [46.62909684700003, 24.796500296000033], [46.62909489000003, 24.796503357000063], [46.629093272000034, 24.796506579000038], [46.62909200800004, 24.796509929000024], [46.62909111000005, 24.796513377000053], [46.629090586000075, 24.79651688900003], [46.62909044100007, 24.796520431000033], [46.62909067800007, 24.796523969000077], [46.629091294000034, 24.796527467000033], [46.629092282000045, 24.796530894000057], [46.629093633000025, 24.796534217000044], [46.629095335000045, 24.79653740300006], [46.62909737100006, 24.796540420000042], [46.629099720000056, 24.79654324200004], [46.629102362000026, 24.796545839000032], [46.629105270000025, 24.79654818700004], [46.629108415000076, 24.796550265000064], [46.62911176800003, 24.79655205000006], [46.629115298000045, 24.79655352700007], [46.62911896800006, 24.796554680000042], [46.629122746000064, 24.796555501000057], [46.62912659300008, 24.79655597900006], [46.62913047200004, 24.79655611100003], [46.62913434700005, 24.79655589400005], [46.62913818000004, 24.79655533300007], [46.629141935000064, 24.79655443000007], [46.62914557500005, 24.796553197000037], [46.629149064000046, 24.796551644000033], [46.62915237000004, 24.79654978600007], [46.62915546000005, 24.79654764000003], [46.62915830600008, 24.79654522900006], [46.62916087900004, 24.796542576000036], [46.629163154000025, 24.796539704000054], [46.62916511000003, 24.796536643000024], [46.62916672800003, 24.79653342100005], [46.62916799200008, 24.796530070000074], [46.62916889100006, 24.796526622000044], [46.629169414000046, 24.796523111000056], [46.62916955800006, 24.796519569000054], [46.62916932200005, 24.796516032000056], [46.62916870600003, 24.796512532000065], [46.629167718000076, 24.79650910500004], [46.62916636700004, 24.796505784000033], [46.629164665000076, 24.796502598000075], [46.629162629000064, 24.796499580000045], [46.629160280000065, 24.796496759000036], [46.62915763900003, 24.796494162000045], [46.62915473100003, 24.796491812000056], [46.629151585000045, 24.79648973600007], [46.629148231000045, 24.796487950000028]]], [[[46.62905952800003, 24.79655388900005], [46.62905565300008, 24.79655410600003], [46.62905182000003, 24.796554668000056], [46.62904806500006, 24.796555569000077], [46.629044426000064, 24.796556803000044], [46.62904093600008, 24.796558356000048], [46.62903763000003, 24.796560214000067], [46.62903454000008, 24.796562360000053], [46.62903169400005, 24.796564771000078], [46.62902912200008, 24.796567424000045], [46.629026846000045, 24.796570296000027], [46.62902489000004, 24.796573357000057], [46.62902327200004, 24.796576579000032], [46.62902200800005, 24.796579930000064], [46.62902111000005, 24.796583377000047], [46.62902058600008, 24.796586889000025], [46.62902044100008, 24.796590431000027], [46.629020678000074, 24.796593968000025], [46.62902129400004, 24.796597468000073], [46.62902203300007, 24.79660003200007], [46.62902158600008, 24.796599736000076], [46.62901823200008, 24.796597951000024], [46.62901470200006, 24.796596473000022], [46.62901103200005, 24.796595319000062], [46.629007254000044, 24.796594499000037], [46.62900340700003, 24.796594021000033], [46.628999528000065, 24.796593889000064], [46.62899565300006, 24.796594105000054], [46.62899182000007, 24.79659466700008], [46.628988065000044, 24.796595569000033], [46.628984425000056, 24.796596803000057], [46.62898093600006, 24.79659835700005], [46.628977630000065, 24.79660021500007], [46.62897454000006, 24.796602359000076], [46.62897169400003, 24.796604770000044], [46.62896912100007, 24.796607425000047], [46.628966846000026, 24.79661029600004], [46.62896489000008, 24.79661335800006], [46.62896327300007, 24.796616579000045], [46.62896200800003, 24.796619930000077], [46.628961109000045, 24.79662337800005], [46.62896058500007, 24.796626889000038], [46.62896044200005, 24.79663043000005], [46.628960678000055, 24.796633968000037], [46.62896129300003, 24.79663746700004], [46.62896228200003, 24.796640895000053], [46.62896330400008, 24.796643406000044], [46.628961694000054, 24.796644770000057], [46.628959122000026, 24.79664742500006], [46.62895684600005, 24.796650296000053], [46.628954890000045, 24.79665335800007], [46.62895327200005, 24.796656579000057], [46.628952008000056, 24.796659929000043], [46.62895111000006, 24.796663377000073], [46.62895088300007, 24.796664892000024], [46.62894806500003, 24.796665569000027], [46.62894442600003, 24.79666680300005], [46.62894093600005, 24.796668357000044], [46.62893763000005, 24.796670215000063], [46.628934540000046, 24.79667235900007], [46.62893169400007, 24.79667477000004], [46.628929122000045, 24.79667742500004], [46.62892684700006, 24.796680296000034], [46.628924890000064, 24.796683358000053], [46.628923272000065, 24.79668657900004], [46.628922008000075, 24.79668993000007], [46.62892111000008, 24.796693378000043], [46.62892058600005, 24.79669688900003], [46.62892044100005, 24.796700430000044], [46.62892067800004, 24.79670396800003], [46.628921294000065, 24.796707467000033], [46.628922282000076, 24.796710895000047], [46.628923633000056, 24.796714217000044], [46.628925335000076, 24.79671740200007], [46.62892737100003, 24.796720420000042], [46.62892972000003, 24.796723241000052], [46.628931297000065, 24.796724792000077], [46.628928065000025, 24.796725569000046], [46.628924426000026, 24.79672680300007], [46.62892093600004, 24.796728356000074], [46.628917631000036, 24.796730214000036], [46.62891454000004, 24.796732360000078], [46.62891169400007, 24.796734771000047], [46.62890912200004, 24.79673742400007], [46.62890684700005, 24.796740296000053], [46.62890489100005, 24.796743357000025], [46.62890327200006, 24.796746579000057], [46.62890200800007, 24.796749930000033], [46.62890111000007, 24.796753377000073], [46.62890058600004, 24.79675688900005], [46.62890044100004, 24.796760431000052], [46.628900678000036, 24.79676396800005], [46.62890095400007, 24.79676553400003], [46.628899121000075, 24.796767424000052], [46.62889684600003, 24.796770296000034], [46.628894890000026, 24.796773357000063], [46.62889327200003, 24.79677657900004], [46.62889200800004, 24.79677993000007], [46.62889110900005, 24.796783377000054], [46.62889058600007, 24.796786889000032], [46.628890442000056, 24.796790431000034], [46.62889067900005, 24.79679396800003], [46.62889129300004, 24.796797468000022], [46.62889228200004, 24.796800894000057], [46.628893634000065, 24.796804217000044], [46.62889533500004, 24.79680740200007], [46.62889737000006, 24.796810420000043], [46.62889972000005, 24.79681324200004], [46.628902362000076, 24.796815838000043], [46.62890526900003, 24.796818187000042], [46.62890841500007, 24.796820264000075], [46.62891176800008, 24.79682205000006], [46.62891529800004, 24.796823527000072], [46.62891896900004, 24.796824681000032], [46.62892274500007, 24.796825501000058], [46.62892659200003, 24.79682597900006], [46.628930472000036, 24.79682611100003], [46.62893434700004, 24.79682589400005], [46.62893818100008, 24.796825332000026], [46.62894080700005, 24.796824702000038], [46.62894129400007, 24.79682746700007], [46.628942282000025, 24.796830895000028], [46.62894363300006, 24.796834217000026], [46.628945335000026, 24.79683740200005], [46.62894737100004, 24.796840420000024], [46.62894972000004, 24.796843241000033], [46.628952361000074, 24.79684583900007], [46.62895526900007, 24.796848187000023], [46.62895841500006, 24.796850264000057], [46.62896176900006, 24.79685205000004], [46.628965297000036, 24.796853526000064], [46.62896896800004, 24.79685468100007], [46.628972745000056, 24.79685550100004], [46.62897659200007, 24.796855979000043], [46.628980471000034, 24.79685611000008], [46.62898434700003, 24.79685589500008], [46.62898818000008, 24.796855333000053], [46.628991935000045, 24.796854431000042], [46.628995574000044, 24.796853197000075], [46.62899906400003, 24.79685164400007], [46.62900237000008, 24.796849786000053], [46.62900546000003, 24.796847641000056], [46.62900830600006, 24.79684523000003], [46.629010169000026, 24.796843307000074], [46.62901227100008, 24.796842999000035], [46.629017902000044, 24.796841646000075], [46.629023361000066, 24.79683979600003], [46.62902859600007, 24.796837465000067], [46.629033554000046, 24.79683467800004], [46.62903819100006, 24.796831461000068], [46.62904245900006, 24.796827844000063], [46.629046318000064, 24.796823863000043], [46.62904973000008, 24.79681955600006], [46.62905266400003, 24.796814964000077], [46.629055092000044, 24.79681013100003], [46.62905698900005, 24.796805105000033], [46.62905833500008, 24.796799933000045], [46.62905912100007, 24.79679466600004], [46.62905933800005, 24.796789354000055], [46.62905898200006, 24.796784048000063], [46.629058059000045, 24.796778799000037], [46.629056578000075, 24.796773658000063], [46.629054550000035, 24.796768675000067], [46.62905222900008, 24.796764331000077], [46.62905557500005, 24.796763197000075], [46.629059064000046, 24.796761643000025], [46.62906237000004, 24.796759785000063], [46.62906546000005, 24.796757641000056], [46.62906830600008, 24.79675523000003], [46.62907087900004, 24.796752575000028], [46.629073154000025, 24.796749704000035], [46.62907511000003, 24.796746642000073], [46.62907672800003, 24.79674342100003], [46.62907799200008, 24.796740070000055], [46.62907889100006, 24.796736622000026], [46.629079414000046, 24.796733111000037], [46.62907955800006, 24.796729570000025], [46.62907932200005, 24.796726032000038], [46.62907904600007, 24.796724466000057], [46.62908087800008, 24.796722575000047], [46.62908315400006, 24.796719704000054], [46.62908511000006, 24.796716643000025], [46.62908672800006, 24.79671342100005], [46.62908799300004, 24.796710070000074], [46.62908889000005, 24.796706622000045], [46.62908941400008, 24.796703110000067], [46.629089484000076, 24.796701408000047], [46.629092369000034, 24.796699785000044], [46.62909546000003, 24.796697641000037], [46.62909830600006, 24.79669523000007], [46.62910087800003, 24.796692575000066], [46.629103153000074, 24.796689704000073], [46.62910510900008, 24.796686642000054], [46.62910672800007, 24.79668342100007], [46.62910799200006, 24.796680070000036], [46.629108890000055, 24.796676622000064], [46.62910941400003, 24.796673111000075], [46.62910955900003, 24.796669569000073], [46.62910932200003, 24.796666032000076], [46.62910870600007, 24.796662533000074], [46.62910771800006, 24.79665910500006], [46.629106696000065, 24.79665659400007], [46.629108305000045, 24.796655229000066], [46.62911087900005, 24.796652576000042], [46.62911315400004, 24.79664970400006], [46.62911511000004, 24.79664664300003], [46.62911672700005, 24.796643421000056], [46.62911799200003, 24.79664007100007], [46.629118891000076, 24.79663662300004], [46.62911941500005, 24.796633111000062], [46.62911955800007, 24.79662956900006], [46.629119322000065, 24.796626031000073], [46.62911870700003, 24.79662253300006], [46.62911852000008, 24.796621886000025], [46.629119064000065, 24.796621643000037], [46.62912237000006, 24.796619785000075], [46.62912546100006, 24.79661764100007], [46.62912830500005, 24.796615230000043], [46.62913087800007, 24.79661257500004], [46.629133154000044, 24.796609704000048], [46.62913511000005, 24.79660664200003], [46.62913672800005, 24.796603421000043], [46.62913799200004, 24.796600070000068], [46.629138890000036, 24.796596622000038], [46.629139414000065, 24.79659311100005], [46.62913955800008, 24.796589569000048], [46.629139321000025, 24.79658603200005], [46.62913870600005, 24.79658253300005], [46.62913771800004, 24.796579105000035], [46.62913636600007, 24.796575783000037], [46.62913466500004, 24.79657259800007], [46.62913263000007, 24.79656958000004], [46.62913027900004, 24.79656675900003], [46.62912763800006, 24.79656416100005], [46.62912473100005, 24.79656181300004], [46.629121585000064, 24.796559736000063], [46.62911823200005, 24.796557951000068], [46.62911470200004, 24.796556473000066], [46.629111031000036, 24.79655531900005], [46.629107255000065, 24.796554499000024], [46.62910340800005, 24.796554021000077], [46.62909952800004, 24.79655388900005], [46.629095653000036, 24.79655410500004], [46.62909181900005, 24.796554667000066], [46.629088066000065, 24.796555569000077], [46.62908442600008, 24.796556803000044], [46.62908093600004, 24.796558357000038], [46.629079991000026, 24.79655888700006], [46.62907823100005, 24.79655795000008], [46.62907470300007, 24.796556473000066], [46.62907103200007, 24.79655531900005], [46.62906725500005, 24.796554499000024], [46.629063408000036, 24.796554021000077], [46.62905952800003, 24.79655388900005]], [[46.62904067800008, 24.796633968000037], [46.62904129400005, 24.79663746800003], [46.62904228200006, 24.796640895000053], [46.62904330300006, 24.796643407000033], [46.62904169400008, 24.796644770000057], [46.62903912100006, 24.79664742500006], [46.629036846000076, 24.796650296000053], [46.62903489000007, 24.79665335800007], [46.62903327200007, 24.796656579000057], [46.62903200800008, 24.796659930000033], [46.62903110900004, 24.796663378000062], [46.629030586000056, 24.79666688900005], [46.62903051700005, 24.79666859200006], [46.629029530000025, 24.796669146000056], [46.629029322000065, 24.796666032000076], [46.62902870700003, 24.796662533000074], [46.62902771800003, 24.79665910500006], [46.62902669600004, 24.79665659400007], [46.629028306000066, 24.796655230000056], [46.62903087800004, 24.796652575000053], [46.62903315400007, 24.79664970400006], [46.629035110000075, 24.79664664200004], [46.629036728000074, 24.796643421000056], [46.629037992000065, 24.796640070000024], [46.62903889000006, 24.79663662200005], [46.62903941400003, 24.796633111000062], [46.629039559000034, 24.79662956900006], [46.62903932200004, 24.796626032000063], [46.629038706000074, 24.79662253300006], [46.629037967000045, 24.796619969000062], [46.629038414000036, 24.79662026400007], [46.629041494000035, 24.796621904000062], [46.62904111000006, 24.79662337800005], [46.62904058600003, 24.796626889000038], [46.62904044100003, 24.79663043100004], [46.62904067800008, 24.796633968000037]], [[46.629006135000054, 24.79670294700003], [46.62900906400006, 24.796701644000052], [46.629010470000026, 24.79670085300006], [46.62901067900003, 24.79670396800003], [46.629010953000034, 24.79670553400007], [46.62901001700004, 24.796706500000028], [46.629007639000065, 24.796704162000026], [46.629006135000054, 24.79670294700003]]], [[[46.628857348000054, 24.796991925000043], [46.62885205400005, 24.796989710000048], [46.62884654800007, 24.79698797900005], [46.62884088200008, 24.79698674900004], [46.62883511200005, 24.796986031000074], [46.628829292000034, 24.796985834000054], [46.62882348000005, 24.79698615800004], [46.62881773000004, 24.796987001000048], [46.628812098000026, 24.796988354000064], [46.62880663900006, 24.796990204000053], [46.62880140400006, 24.796992535000072], [46.628796445000035, 24.796995322000043], [46.62879180900006, 24.796998538000025], [46.628787542000055, 24.797002156000076], [46.62878368200006, 24.79700613700004], [46.62878026900006, 24.797010444000023], [46.62877733500005, 24.79701503600006], [46.628774908000025, 24.797019868000064], [46.62877301200007, 24.79702489500005], [46.628771664000055, 24.797030067000037], [46.62877087900006, 24.797035334000043], [46.62877066200008, 24.797040646000028], [46.628771017000076, 24.797045952000076], [46.628771941000025, 24.797051201000045], [46.62877222000003, 24.797052172000065], [46.62877140400008, 24.797052534000045], [46.62876644500005, 24.797055321000073], [46.628761809000025, 24.797058539000034], [46.62875754200007, 24.797062156000038], [46.62875368200008, 24.79706613700006], [46.62875026900008, 24.797070444000042], [46.62874733500007, 24.797075036000024], [46.628744908000044, 24.797079868000026], [46.62874301200003, 24.797084894000022], [46.628741664000074, 24.797090066000067], [46.62874087900008, 24.797095333000073], [46.62874066200004, 24.797100646000047], [46.62874101700004, 24.797105952000038], [46.628741940000054, 24.797111201000064], [46.62874342300006, 24.79711634100005], [46.62874545000005, 24.797121325000035], [46.628748003000055, 24.79712610300004], [46.628751056000056, 24.797130630000026], [46.62875458000008, 24.797134862000064], [46.62875854300006, 24.797138758000074], [46.62876290300005, 24.79714228100005], [46.628767622000055, 24.797145396000076], [46.628772652000066, 24.797148075000052], [46.62877794600007, 24.797150290000047], [46.62878345200005, 24.797152021000045], [46.62878911800004, 24.797153251000054], [46.62879488800007, 24.797153968000032], [46.62880070800003, 24.79715416600004], [46.62880652000007, 24.797153842000057], [46.628812270000026, 24.797152999000048], [46.62881790200004, 24.79715164600003], [46.62881999900003, 24.797150936000037], [46.62882345200006, 24.797152021000045], [46.628829118000056, 24.797153252000044], [46.628834889000075, 24.797153969000078], [46.62884070800004, 24.79715416600004], [46.62884652100007, 24.797153842000057], [46.62885227000004, 24.797153000000037], [46.62885790200005, 24.79715164600003], [46.62886336200006, 24.797149795000053], [46.62886859500003, 24.79714746600007], [46.62887355500004, 24.79714467900004], [46.62887819000008, 24.797141461000024], [46.62888245900007, 24.797137844000076], [46.62888631800007, 24.797133863000056], [46.62888973100007, 24.797129556000073], [46.62889266500008, 24.797124964000034], [46.62889509200005, 24.797120132000032], [46.628896988000065, 24.797115106000035], [46.62889833600008, 24.797109934000048], [46.628899122000064, 24.797104667000042], [46.62889933800005, 24.797099354000068], [46.628898983000056, 24.797094048000076], [46.62889806000004, 24.79708879900005], [46.628896577000035, 24.797083658000076], [46.62889455000004, 24.797078675000023], [46.62889199800003, 24.797073897000075], [46.62888894500003, 24.79706937000003], [46.628885420000074, 24.79706513800005], [46.62888351700008, 24.797063267000055], [46.628885092000075, 24.79706013200007], [46.62888698800003, 24.797055105000027], [46.628888336000045, 24.79704993400003], [46.62888912100004, 24.797044666000033], [46.62888933800008, 24.79703935400005], [46.62888898300008, 24.797034048000057], [46.628888060000065, 24.79702879900003], [46.62888657700006, 24.797023658000057], [46.628884550000066, 24.79701867500006], [46.628881997000065, 24.797013896000067], [46.628878944000064, 24.79700937000007], [46.62887542000004, 24.797005139000078], [46.62887145700006, 24.79700124200008], [46.62886709700007, 24.796997719000046], [46.628862378000065, 24.796994604000076], [46.628857348000054, 24.796991925000043]]], [[[46.62881237800008, 24.797194604000026], [46.62880734700008, 24.79719192500005], [46.62880205300007, 24.797189710000055], [46.628796548000025, 24.797187978000068], [46.62879088200003, 24.797186749000048], [46.62878511200006, 24.79718603200007], [46.62877929200005, 24.79718583400006], [46.628773479000074, 24.797186158000045], [46.62876773000005, 24.797187001000054], [46.62876209800004, 24.79718835400007], [46.62875663800003, 24.79719020400006], [46.62875140400007, 24.797192534000033], [46.62874644500005, 24.79719532200005], [46.62874355300005, 24.797197329000028], [46.628740882000045, 24.797196748000033], [46.62873511200007, 24.797196031000055], [46.62872929300005, 24.797195834000036], [46.628723480000076, 24.797196158000077], [46.62871772900007, 24.79719700100003], [46.62871209800005, 24.797198354000045], [46.62870663900003, 24.797200205000024], [46.628701404000026, 24.797202534000064], [46.62869644600005, 24.797205321000035], [46.62869180900003, 24.797208539000053], [46.62868754100003, 24.797212156000057], [46.62868368200003, 24.797216137000078], [46.628680270000075, 24.79722044400006], [46.62867733500008, 24.797225036000043], [46.62867490800005, 24.797229868000045], [46.628673011000046, 24.79723489400004], [46.62867166500007, 24.79724006600003], [46.628670879000026, 24.797245333000035], [46.62867066200005, 24.797250646000066], [46.628671017000045, 24.797255952000057], [46.62867194100005, 24.797261201000026], [46.62867342200008, 24.797266341000068], [46.62867545000006, 24.797271325000054], [46.62867800200007, 24.79727610300006], [46.62868105600006, 24.797280630000046], [46.62868458000003, 24.797284862000026], [46.62868854200008, 24.797288758000036], [46.62869290300006, 24.797292281000068], [46.62869762200006, 24.797295397000028], [46.62870265200007, 24.79729807500007], [46.62870794600008, 24.797300290000067], [46.628713453000046, 24.797302021000064], [46.62871911700006, 24.797303252000063], [46.62872488800008, 24.79730396800005], [46.628730708000035, 24.79730416600006], [46.628736521000064, 24.79730384100003], [46.62874227000003, 24.797303000000056], [46.62874790200004, 24.79730164600005], [46.628753362000054, 24.79729979600006], [46.62875859600007, 24.797297466000032], [46.628763555000035, 24.79729467900006], [46.62876644600004, 24.797292671000037], [46.62876911800004, 24.797293251000042], [46.628774888000066, 24.797293969000066], [46.62878070700003, 24.79729416600003], [46.62878652100005, 24.797293842000045], [46.628792270000076, 24.797292999000035], [46.62879790300008, 24.797291646000076], [46.62880336100005, 24.79728979600003], [46.628808596000056, 24.797287466000057], [46.62881355500008, 24.79728467900003], [46.62881819100005, 24.79728146100007], [46.62882245900005, 24.797277844000064], [46.62882631800005, 24.797273863000044], [46.62882973100005, 24.79726955600006], [46.62883266500006, 24.797264964000078], [46.62883509200003, 24.797260132000076], [46.628836988000046, 24.797255106000023], [46.62883833600006, 24.797249934000035], [46.628839122000045, 24.79724466600004], [46.628839337000045, 24.797239354000055], [46.62883898300004, 24.797234048000064], [46.62883806000008, 24.797228799000038], [46.62883657800006, 24.797223659000053], [46.62883455000008, 24.797218675000067], [46.62883199800007, 24.797213897000063], [46.628828945000066, 24.797209370000076], [46.628825420000055, 24.797205138000038], [46.62882145800006, 24.79720124200003], [46.628817096000034, 24.797197719000053], [46.62881237800008, 24.797194604000026]]], [[[46.62852112300004, 24.798582759000055], [46.62851638600006, 24.798580236000078], [46.628511401000026, 24.798578150000026], [46.62850621700005, 24.79857652000004], [46.628500881000036, 24.798575362000065], [46.628495447000034, 24.79857468600005], [46.62848996800005, 24.79857450000003], [46.62848449400008, 24.798574806000033], [46.628479079000044, 24.79857559900006], [46.62847377500003, 24.79857687300006], [46.62846863500005, 24.798578616000043], [46.62846370600005, 24.798580810000033], [46.62845903600004, 24.798583434000022], [46.62845467000005, 24.79858646400004], [46.628450652000026, 24.798589869000068], [46.62844701700004, 24.79859361900003], [46.62844380300004, 24.798597675000053], [46.62844104000004, 24.798601999000027], [46.62843875500005, 24.798606549000056], [46.62843696900006, 24.79861128300007], [46.62843570000007, 24.798616152000022], [46.62843496100004, 24.798621113000024], [46.628434757000036, 24.798626115000047], [46.62843509100003, 24.798631112000066], [46.62843596000005, 24.79863605500003], [46.62843735600006, 24.798640895000062], [46.628439265000054, 24.798645588000056], [46.62844127100004, 24.798649343000022], [46.62844094500008, 24.798649453000053], [46.62843601600008, 24.798651648000032], [46.62843134600007, 24.79865427200008], [46.628426981000075, 24.798657302000038], [46.62842296200006, 24.798660708000057], [46.628419327000074, 24.79866445600004], [46.62841611300007, 24.798668513000052], [46.62841335100006, 24.798672837000026], [46.62841106500008, 24.798677387000055], [46.62840927900004, 24.798682120000024], [46.628408010000044, 24.79868699000008], [46.62840727100007, 24.798691951000023], [46.62840706600008, 24.798696953000047], [46.62840733000007, 24.798700892000056], [46.628404025000066, 24.798702011000046], [46.628399097000056, 24.798704205000035], [46.628394427000046, 24.79870683000007], [46.62839006200005, 24.79870985900004], [46.628386042000045, 24.79871326500006], [46.62838240800005, 24.798717014000033], [46.62837919400005, 24.798721071000045], [46.62837643100005, 24.798725395000076], [46.628374146000056, 24.798729945000048], [46.62837236000007, 24.798734678000073], [46.628371092000066, 24.79873954800007], [46.62837035100006, 24.798744508000027], [46.628370147000055, 24.79874951100004], [46.62837048200004, 24.79875450700007], [46.628371351000055, 24.798759450000034], [46.62837274700007, 24.798764291000055], [46.62837465600006, 24.79876898300006], [46.62837705900006, 24.79877348200006], [46.628379935000055, 24.798777745000052], [46.62838325400003, 24.798781731000076], [46.62838698400003, 24.798785399000053], [46.62839109200007, 24.798788717000036], [46.62839553500004, 24.798791651000045], [46.62840027200008, 24.798794172000044], [46.628405257000054, 24.798796259000028], [46.628410442000074, 24.79879788900007], [46.62841577700004, 24.798799047000045], [46.628421211000045, 24.79879972200007], [46.62842669100007, 24.798799909000024], [46.62843216500005, 24.798799603000077], [46.62843758000008, 24.79879881000005], [46.62844288300005, 24.798797536000052], [46.62844802400008, 24.798795793000068], [46.62845295300008, 24.798793599000078], [46.62845762300003, 24.79879097500003], [46.628461988000026, 24.798787945000072], [46.62846600800003, 24.798784539000053], [46.62846964100004, 24.798780790000023], [46.62847285500004, 24.798776734000057], [46.62847561900003, 24.798772410000026], [46.62847790300003, 24.798767860000055], [46.62847968900007, 24.79876312700003], [46.62848095800007, 24.798758256000042], [46.62848169800003, 24.79875329600003], [46.62848190200003, 24.798748294000063], [46.62848163900003, 24.798744355000053], [46.628484943000046, 24.798743236000064], [46.628489872000046, 24.798741041000028], [46.628494542000055, 24.79873841700004], [46.62849890700005, 24.79873538800007], [46.62850292600007, 24.79873198100006], [46.62850656100005, 24.798728233000077], [46.628509775000055, 24.798724176000064], [46.62851253700006, 24.798719852000033], [46.628514823000046, 24.798715302000062], [46.62851660900003, 24.798710569000036], [46.628517878000025, 24.79870569900004], [46.628518617000054, 24.798700738000036], [46.628518822000046, 24.79869573700006], [46.628518486000075, 24.79869074000004], [46.628517618000046, 24.798685797000076], [46.62851622200003, 24.798680956000055], [46.62851431300004, 24.79867626400005], [46.62851230700005, 24.798672509000028], [46.62851263300007, 24.798672398000065], [46.62851756100008, 24.798670204000075], [46.628522231000034, 24.79866757900004], [46.628526597000075, 24.798664549000023], [46.628530616000035, 24.79866114400005], [46.628534251000076, 24.79865739400003], [46.62853746500008, 24.798653339000055], [46.62854022700003, 24.798649015000024], [46.62854251300007, 24.798644464000063], [46.628544299000055, 24.798639731000037], [46.62854556700006, 24.79863486100004], [46.62854630700008, 24.798629901000027], [46.62854651100008, 24.79862489900006], [46.62854617600004, 24.79861990200004], [46.62854530700008, 24.798614959000076], [46.628543912000055, 24.798610118000056], [46.628542003000064, 24.798605425000062], [46.62853959900008, 24.798600926000063], [46.62853672400007, 24.79859666300007], [46.62853340500004, 24.798592679000024], [46.62852967400005, 24.798589009000068], [46.628525567000054, 24.798585693000064], [46.62852112300004, 24.798582759000055]]], [[[46.62834698200004, 24.798922170000026], [46.62834279000003, 24.79891993800004], [46.62833837800008, 24.798918091000075], [46.628333790000056, 24.798916649000034], [46.628329069000074, 24.798915624000074], [46.628324260000056, 24.79891502600003], [46.628319410000074, 24.79891486100007], [46.62831456600003, 24.798915132000047], [46.62830977500005, 24.79891583400007], [46.628305082000054, 24.79891696100003], [46.628300532000026, 24.79891850300004], [46.628296170000056, 24.79892044500008], [46.62829203800004, 24.798922768000068], [46.62828817500008, 24.798925449000023], [46.628284618000066, 24.79892846300004], [46.62828140200003, 24.79893178100008], [46.628278557000044, 24.798935370000038], [46.62827611200004, 24.79893919600005], [46.62827408900006, 24.798943223000038], [46.62827377200006, 24.798944066000047], [46.62827340800004, 24.798944021000068], [46.62826952800003, 24.798943889000043], [46.62826565300003, 24.798944105000032], [46.628261819000045, 24.798944667000058], [46.62825806600006, 24.798945569000068], [46.62825442600007, 24.798946803000035], [46.62825093600003, 24.79894835700003], [46.62824763000003, 24.798950215000048], [46.628244539000036, 24.798952359000054], [46.62824169400005, 24.798954770000023], [46.628239121000036, 24.798957425000026], [46.62823684500006, 24.798960296000075], [46.628234889000055, 24.798963358000037], [46.628233272000045, 24.798966579000023], [46.628232007000065, 24.798969930000055], [46.62823110900007, 24.798973378000028], [46.62823058500004, 24.798976889000073], [46.62823044100003, 24.79898043000003], [46.62823067800008, 24.798983968000073], [46.628231293000056, 24.798987467000075], [46.62823228100007, 24.79899089500003], [46.628233633000036, 24.79899421700003], [46.62823533400007, 24.798997402000055], [46.62823736900003, 24.799000420000027], [46.62823972000007, 24.799003241000037], [46.62824236100005, 24.799005839000074], [46.62824386500006, 24.799007053000025], [46.628240936000054, 24.79900835600006], [46.62823763000006, 24.799010214000077], [46.62823453900006, 24.799012359000074], [46.62823169400008, 24.79901477100003], [46.62822912100006, 24.799017424000056], [46.628226846000075, 24.799020296000037], [46.62822489000007, 24.799023357000067], [46.62822327200007, 24.799026578000053], [46.62822200700003, 24.799029929000028], [46.62822110900004, 24.799033377000057], [46.628220585000065, 24.799036889000035], [46.62822044100005, 24.799040431000037], [46.62822067700006, 24.799043968000035], [46.62822129300008, 24.799047467000037], [46.628222281000035, 24.79905089400006], [46.62822363300006, 24.799054217000048], [46.628225334000035, 24.799057402000074], [46.62822737000005, 24.799060420000046], [46.628229719000046, 24.799063242000045], [46.62823236100007, 24.799065838000047], [46.628235268000026, 24.799068187000046], [46.628238414000066, 24.79907026500007], [46.628241768000066, 24.799072050000063], [46.628245297000035, 24.799073527000076], [46.62824896800004, 24.799074680000047], [46.628252745000054, 24.79907550100006], [46.62825659200007, 24.799075979000065], [46.62826047200008, 24.799076111000034], [46.62826434600004, 24.799075894000055], [46.62826818000008, 24.799075333000076], [46.62827193500004, 24.799074430000076], [46.62827557400004, 24.79907319700004], [46.628279064000026, 24.799071644000037], [46.62828237100007, 24.799069786000075], [46.628285461000075, 24.79906764100008], [46.62828830600006, 24.799065230000053], [46.628290879000076, 24.79906257600004], [46.62829315500005, 24.799059704000058], [46.62829511100006, 24.79905664300003], [46.62829557600003, 24.799055714000076], [46.62829818000006, 24.79905533300007], [46.62830193500008, 24.79905443100006], [46.62830557400008, 24.799053197000035], [46.628307678000056, 24.799052261000043], [46.62831045400003, 24.799052606000032], [46.62831593400006, 24.799052792000055], [46.628321407000044, 24.79905248700004], [46.628326822000076, 24.799051693000024], [46.62833212600003, 24.799050419000025], [46.628337266000074, 24.79904867700003], [46.62834219500007, 24.79904648300004], [46.628346865000026, 24.79904385800006], [46.62835123100007, 24.799040828000045], [46.62835525000003, 24.799037423000073], [46.62835888400008, 24.799033674000043], [46.628362098000025, 24.799029618000077], [46.62836486100008, 24.799025294000046], [46.62836714600007, 24.799020744000075], [46.62836893200006, 24.79901601000006], [46.62837020100005, 24.79901114100005], [46.62837094000008, 24.79900618000005], [46.628371145000074, 24.799001178000026], [46.628370810000035, 24.798996181000064], [46.628369941000074, 24.798991238000042], [46.62836854500006, 24.798986398000068], [46.62836663600007, 24.798981704000028], [46.628364987000054, 24.798978616000056], [46.62836591000007, 24.798976776000075], [46.62836749100006, 24.798972588000026], [46.62836861300008, 24.798968278000075], [46.62836926800003, 24.79896388900005], [46.62836944900005, 24.798959462000028], [46.62836915300005, 24.798955040000067], [46.628368383000065, 24.798950666000053], [46.62836714800005, 24.798946382000054], [46.628365459000065, 24.798942229000033], [46.62836333200005, 24.798938247000024], [46.628360788000066, 24.798934475000067], [46.62835785100003, 24.798930949000066], [46.62835454900005, 24.79892770200007], [46.628350914000066, 24.798924766000027], [46.62834698200004, 24.798922170000026]]], [[[46.62824158600006, 24.799119736000023], [46.62823823200006, 24.79911795000004], [46.62823470300003, 24.799116474000073], [46.62823103200003, 24.799115319000066], [46.62822725500007, 24.79911449900004], [46.62822340800005, 24.799114021000037], [46.628219528000045, 24.79911388900007], [46.62821565400003, 24.799114106000047], [46.62821182000005, 24.799114667000026], [46.62820806500008, 24.799115569000037], [46.62820442600008, 24.79911680300006], [46.62820093600004, 24.799118356000065], [46.628197629000056, 24.799120214000027], [46.62819454000004, 24.799122359000023], [46.628191694000066, 24.799124771000038], [46.62818912100005, 24.799127424000062], [46.62818684600006, 24.799130296000044], [46.62818488900007, 24.799133357000073], [46.62818327100007, 24.79913657900005], [46.62818200800007, 24.799139930000024], [46.62818110900008, 24.799143377000064], [46.62818082600006, 24.799145275000058], [46.628177255000026, 24.79914449900008], [46.628173408000066, 24.799144021000075], [46.62816952800006, 24.79914389000004], [46.62816565400004, 24.79914410500004], [46.62816182000006, 24.799144667000064], [46.62815806500004, 24.799145569000075], [46.62815442600004, 24.799146802000053], [46.628150936000054, 24.799148356000046], [46.62814762900007, 24.799150214000065], [46.62814454000005, 24.79915235900006], [46.62814169400008, 24.79915477000003], [46.62813912100006, 24.799157425000033], [46.62813684500003, 24.799160296000025], [46.62813488900008, 24.799163357000054], [46.62813327100008, 24.79916657900003], [46.62813200800008, 24.799169929000072], [46.62813110900004, 24.799173377000045], [46.628130585000065, 24.799176889000023], [46.628130440000064, 24.799180431000025], [46.62813067800005, 24.799183968000023], [46.628130842000076, 24.799184902000036], [46.628128065000055, 24.79918556900003], [46.628124426000056, 24.799186803000055], [46.62812093600007, 24.79918835600006], [46.62811763000008, 24.799190214000078], [46.62811453900008, 24.799192360000063], [46.62811169400004, 24.799194771000032], [46.62810912100008, 24.799197424000056], [46.62810684500005, 24.799200296000038], [46.62810488900004, 24.799203357000067], [46.62810327200003, 24.799206579000042], [46.62810200800004, 24.799209930000075], [46.628101109000056, 24.799213377000058], [46.62810058500003, 24.799216889000036], [46.62810044100007, 24.799220431000037], [46.62810067800007, 24.799223968000035], [46.62810129300004, 24.799227467000037], [46.628102281000054, 24.79923089400006], [46.628103632000034, 24.79923421600006], [46.628105334000054, 24.799237402000074], [46.62810736900008, 24.799240420000046], [46.628109720000054, 24.799243241000056], [46.628112361000035, 24.799245838000047], [46.628115268000045, 24.799248187000046], [46.62811841400003, 24.799250264000023], [46.62812050400004, 24.799251377000076], [46.62812067800007, 24.799253968000073], [46.62812129300005, 24.799257467000075], [46.62812228100006, 24.79926089500003], [46.62812363300003, 24.79926421700003], [46.62812533400006, 24.799267402000055], [46.628127369000026, 24.799270420000028], [46.62812972000006, 24.799273241000037], [46.62813236100004, 24.799275839000074], [46.62813526800005, 24.799278187000027], [46.628138414000034, 24.79928026400006], [46.628141768000035, 24.799282049000055], [46.62814529700006, 24.799283527000057], [46.62814896800006, 24.799284681000074], [46.62815274500008, 24.799285501000043], [46.62815659200004, 24.799285979000047], [46.62816047200005, 24.799286110000025], [46.62816434700005, 24.799285895000025], [46.628168181000035, 24.799285333000057], [46.62817193400008, 24.799284431000046], [46.62817557400007, 24.79928319800007], [46.62817906400005, 24.799281644000075], [46.62818237000005, 24.799279786000056], [46.628185461000044, 24.79927764100006], [46.62818830600003, 24.799275230000035], [46.628190879000044, 24.799272575000032], [46.628193155000076, 24.79926970400004], [46.628195111000025, 24.799266642000077], [46.628196728000034, 24.799263421000035], [46.62819799300007, 24.79926007100005], [46.62819889100007, 24.799256623000076], [46.62819941500004, 24.79925311100004], [46.62819955900005, 24.79924956900004], [46.62819932200006, 24.799246032000042], [46.62819870700008, 24.79924253300004], [46.62819771900007, 24.799239106000073], [46.628196367000044, 24.79923578300003], [46.62819466600007, 24.79923259800006], [46.62819263100005, 24.79922958000003], [46.62819028000007, 24.799226759000078], [46.62818763900003, 24.79922416100004], [46.62818473200008, 24.79922181300003], [46.62818158600004, 24.799219736000055], [46.62817949600003, 24.79921862300006], [46.62817932300004, 24.79921603200006], [46.62817915800008, 24.799215098000047], [46.62818193500004, 24.799214431000053], [46.62818557500003, 24.79921319700003], [46.628189064000026, 24.799211643000035], [46.62819237000008, 24.799209785000073], [46.628195461000075, 24.799207641000066], [46.62819830700005, 24.79920523000004], [46.628200879000076, 24.799202575000038], [46.62820315400006, 24.799199704000046], [46.62820511000007, 24.799196643000073], [46.628206728000066, 24.79919342100004], [46.628207993000046, 24.799190070000066], [46.62820889100004, 24.799186622000036], [46.62820917400006, 24.799184726000078], [46.62821274500004, 24.799185501000068], [46.62821659200006, 24.79918597900007], [46.62822047100008, 24.79918611100004], [46.62822434700007, 24.79918589400006], [46.628228180000065, 24.799185333000025], [46.62823193500003, 24.79918443100007], [46.628235575000076, 24.799183197000048], [46.62823906400007, 24.799181644000043], [46.628242370000066, 24.799179786000025], [46.62824546100006, 24.79917764100003], [46.628248307000035, 24.79917523000006], [46.62825087900006, 24.799172576000046], [46.62825315400005, 24.799169704000064], [46.628255110000055, 24.799166643000035], [46.62825672800005, 24.79916342100006], [46.628257993000034, 24.799160070000028], [46.62825889100003, 24.799156623000044], [46.62825941500006, 24.799153111000066], [46.62825955900007, 24.799149570000054], [46.628259323000066, 24.799146032000067], [46.62825870700004, 24.799142533000065], [46.62825771900003, 24.79913910600004], [46.62825636700006, 24.799135784000043], [46.62825466600003, 24.79913259800003], [46.62825263000008, 24.799129580000056], [46.62825028100008, 24.799126759000046], [46.62824764000004, 24.799124162000055], [46.62824473100005, 24.799121812000067], [46.62824158600006, 24.799119736000023]]], [[[46.628111586000045, 24.79932973600006], [46.628108233000034, 24.799327950000077], [46.628104703000076, 24.799326474000054], [46.628101032000075, 24.799325319000047], [46.62809725500006, 24.79932450000007], [46.62809340800004, 24.799324021000075], [46.62808952900008, 24.79932388900005], [46.62808565300003, 24.79932410600003], [46.628081820000034, 24.799324668000054], [46.62807806500007, 24.799325569000075], [46.62807442500008, 24.799326803000042], [46.62807093600003, 24.799328356000046], [46.62806763000003, 24.799330214000065], [46.628064539000036, 24.79933236000005], [46.62806169300006, 24.799334771000076], [46.628059121000035, 24.799337424000043], [46.62805684600005, 24.799340296000025], [46.628054890000044, 24.799343357000055], [46.628053272000045, 24.79934657900003], [46.628052007000065, 24.799349930000062], [46.62805110800008, 24.799353377000045], [46.62805058500004, 24.799356889000023], [46.62805044100003, 24.799360431000025], [46.62805067700003, 24.799363968000023], [46.628051292000066, 24.799367467000025], [46.628052281000066, 24.79937089400005], [46.628053633000036, 24.799374216000047], [46.62805533400007, 24.79937740200006], [46.62805737000008, 24.799380420000034], [46.62805971900008, 24.799383241000044], [46.62806236000006, 24.799385838000035], [46.62806526800006, 24.799388187000034], [46.62806841400004, 24.799390264000067], [46.62807176800004, 24.79939205000005], [46.628075297000066, 24.799393527000063], [46.62807896800007, 24.799394681000024], [46.62808274500003, 24.79939550000006], [46.628086592000045, 24.799395979000053], [46.62809047200005, 24.79939611100008], [46.62809434600007, 24.799395894000043], [46.62809818000005, 24.799395332000074], [46.628101935000075, 24.799394431000053], [46.628105574000074, 24.79939319700003], [46.62810906400006, 24.799391644000025], [46.62811237100004, 24.799389786000063], [46.62811546000006, 24.799387640000077], [46.62811830600003, 24.799385229000052], [46.62812087900005, 24.799382576000028], [46.628123155000026, 24.799379704000046], [46.62812511100003, 24.799376643000073], [46.62812672900003, 24.79937342100004], [46.62812799200003, 24.799370070000066], [46.628128891000074, 24.799366623000026], [46.628129415000046, 24.799363111000048], [46.62812956000005, 24.799359570000036], [46.62812932200006, 24.79935603200005], [46.62812870700003, 24.799352533000047], [46.62812771900008, 24.799349106000022], [46.62812636800004, 24.799345784000025], [46.628124666000076, 24.799342598000067], [46.62812263100005, 24.799339580000037], [46.628120280000076, 24.799336759000028], [46.62811763900004, 24.799334162000036], [46.62811473100004, 24.799331813000038], [46.628111586000045, 24.79932973600006]]], [[[46.62799456700003, 24.799465132000023], [46.62798977500006, 24.799465834000046], [46.62798508100008, 24.799466961000064], [46.62798053200004, 24.79946850300007], [46.62797617000007, 24.799470445000054], [46.62797203700006, 24.799472768000044], [46.627968174000046, 24.799475449000056], [46.62796461700003, 24.79947846300007], [46.62796140100005, 24.799481781000054], [46.627958557000056, 24.79948537000007], [46.62795611200005, 24.79948919700007], [46.62795409000006, 24.79949322300007], [46.62795250900007, 24.79949741200005], [46.62795138600006, 24.79950172200006], [46.627950731000055, 24.799506112000074], [46.627950551000026, 24.79951053800005], [46.62795084600003, 24.799514960000067], [46.627951616000075, 24.799519334000024], [46.62795285200008, 24.799523618000023], [46.627954541000065, 24.799527771000044], [46.62795666800008, 24.799531752000064], [46.627959212000064, 24.799535525000067], [46.627960021000035, 24.79953649600003], [46.62795912100006, 24.79953742500004], [46.627956846000075, 24.799540295000043], [46.62795489000007, 24.79954335700006], [46.62795327100008, 24.799546579000037], [46.62795200700003, 24.79954993000007], [46.62795110900004, 24.79955337800004], [46.627950585000065, 24.79955688900003], [46.62795044000006, 24.799560430000042], [46.62795067700006, 24.79956396800003], [46.62795129300008, 24.79956746700003], [46.627952281000034, 24.799570895000045], [46.62795363200007, 24.799574217000043], [46.627955334000035, 24.799577402000068], [46.62795735800006, 24.79958040300005], [46.627954540000076, 24.799582359000055], [46.627951694000046, 24.799584770000024], [46.62794912100003, 24.799587424000038], [46.62794684600004, 24.799590296000076], [46.62794489000004, 24.79959335700005], [46.62794327100005, 24.799596579000024], [46.62794200700006, 24.799599930000056], [46.62794110900006, 24.79960337800003], [46.627940882000075, 24.799604893000037], [46.62793806500008, 24.79960556900005], [46.627934425000035, 24.799606803000074], [46.62793093600004, 24.79960835600008], [46.627927630000045, 24.79961021400004], [46.62792454000004, 24.799612360000026], [46.627921694000065, 24.79961477100005], [46.62791912100005, 24.799617424000076], [46.62791684600006, 24.799620296000057], [46.627914890000056, 24.79962335700003], [46.62791327100007, 24.799626579000062], [46.62791200700008, 24.799629930000037], [46.62791110900008, 24.799633377000077], [46.62791058500005, 24.799636889000055], [46.62791044000005, 24.799640430000068], [46.627910677000045, 24.799643968000055], [46.62791129300007, 24.799647467000057], [46.62791228100008, 24.799650894000024], [46.62791363200006, 24.79965421600008], [46.62791533400008, 24.799657402000037], [46.627917370000034, 24.799660420000066], [46.62791971900003, 24.799663241000076], [46.62792236100006, 24.799665838000067], [46.62792526900006, 24.799668187000066], [46.62792841400005, 24.799670264000042], [46.62793176800005, 24.799672050000027], [46.62793529700008, 24.79967352600005], [46.62793896800008, 24.799674681000056], [46.62794274500004, 24.799675500000035], [46.62794659200006, 24.79967597900003], [46.62795047100008, 24.799676111000053], [46.62795434700007, 24.799675894000075], [46.627958180000064, 24.79967533200005], [46.62796193500003, 24.799674431000028], [46.627965575000076, 24.79967319700006], [46.62796906400007, 24.799671644000057], [46.627972370000066, 24.799669786000038], [46.62797546100006, 24.799667640000052], [46.627978306000045, 24.799665229000027], [46.62798087900006, 24.79966257600006], [46.62798315400005, 24.799659704000078], [46.627985110000054, 24.79965664300005], [46.62798672900004, 24.799653421000073], [46.62798799300003, 24.79965007000004], [46.62798889100003, 24.799646623000058], [46.62798911700003, 24.79964510700006], [46.62799193500007, 24.799644431000047], [46.62799557500006, 24.799643197000023], [46.62799906400005, 24.799641644000076], [46.62800237000005, 24.799639786000057], [46.62800546100004, 24.79963764100006], [46.62800830700007, 24.799635229000046], [46.628010879000044, 24.79963257600008], [46.62801315400003, 24.79962970400004], [46.628015110000035, 24.799626643000067], [46.62801672900008, 24.799623421000035], [46.62801768300005, 24.799620891000075], [46.62802141900005, 24.79962101800004], [46.628026893000026, 24.799620713000024], [46.62803230800006, 24.799619919000065], [46.628037610000035, 24.799618645000066], [46.628042752000056, 24.799616902000025], [46.628047681000055, 24.799614709000025], [46.628052351000065, 24.799612084000046], [46.62805671600006, 24.79960905400003], [46.628060736000066, 24.799605649000057], [46.62806436900007, 24.799601899000038], [46.628067583000075, 24.79959784400006], [46.62807034700006, 24.79959351900004], [46.628072632000055, 24.79958896900007], [46.62807441700005, 24.799584236000044], [46.628075686000045, 24.799579366000046], [46.62807642700005, 24.799574406000033], [46.628076630000066, 24.799569403000078], [46.628076296000074, 24.799564407000048], [46.628075426000066, 24.799559464000026], [46.62807403100004, 24.799554623000063], [46.62807212200005, 24.79954993000007], [46.62806971900005, 24.79954543100007], [46.628066843000056, 24.799541168000076], [46.62806352400003, 24.79953718300004], [46.628059793000034, 24.799533514000075], [46.62805872900003, 24.799532654000075], [46.62805870700004, 24.799532533000047], [46.62805852100007, 24.799531886000068], [46.62805906400007, 24.79953164400007], [46.628062370000066, 24.79952978600005], [46.62806546100006, 24.799527640000065], [46.62806821400005, 24.799525309000046], [46.62807285200006, 24.79952419400007], [46.62807799300003, 24.79952245100003], [46.62808292200003, 24.79952025800003], [46.62808759200004, 24.79951763300005], [46.62809195700004, 24.799514603000034], [46.628095977000044, 24.79951119800006], [46.62809961100004, 24.799507448000043], [46.62810282500004, 24.799503393000066], [46.62810558800004, 24.799499069000035], [46.62810787300003, 24.799494518000074], [46.628109659000074, 24.79948978500005], [46.62811092800007, 24.79948491500005], [46.62811166800003, 24.799479955000038], [46.628111872000034, 24.79947495300007], [46.62811153700005, 24.799469956000053], [46.62811066800003, 24.79946501300003], [46.628109272000074, 24.799460172000067], [46.62810736300003, 24.799455479000073], [46.62810496000003, 24.799450980000074], [46.628102084000034, 24.799446717000023], [46.62809876500006, 24.799442733000035], [46.62809503500006, 24.799439063000023], [46.62809092700007, 24.79943574600003], [46.62808648400005, 24.799432813000067], [46.62808174700007, 24.799430290000032], [46.628076762000035, 24.799428204000037], [46.62807157700007, 24.79942657400005], [46.62806967200004, 24.799426161000042], [46.62806763900005, 24.799424161000047], [46.62806473100005, 24.799421813000038], [46.62806158500007, 24.79941973600006], [46.62805823200006, 24.799417950000077], [46.62805470300003, 24.799416473000065], [46.62805103200003, 24.799415319000047], [46.62804725500007, 24.799414499000022], [46.62804340800005, 24.799414021000075], [46.628039529000034, 24.79941389000004], [46.62803565300004, 24.79941410500004], [46.62803182000005, 24.799414667000065], [46.62802806500008, 24.799415569000075], [46.628024425000035, 24.799416802000053], [46.62802093600004, 24.799418356000047], [46.628017630000045, 24.799420214000065], [46.62801453900005, 24.79942235900006], [46.628011694000065, 24.79942477000003], [46.62800912100005, 24.799427424000044], [46.62800684600006, 24.799430296000025], [46.62800489000006, 24.799433357000055], [46.62800327100007, 24.79943657800004], [46.62800200700008, 24.799439929000073], [46.62800110900008, 24.799443377000046], [46.62800058500005, 24.799446889000023], [46.62800044100004, 24.799450431000025], [46.628000677000045, 24.799453968000023], [46.62800129300007, 24.799457467000025], [46.62800228100008, 24.79946089400005], [46.62800239200004, 24.79946116800005], [46.628002329000026, 24.799461336000036], [46.628001393000034, 24.799464929000067], [46.627999411000076, 24.799464861000047], [46.62799456700003, 24.799465132000023]]], [[[46.62790470300007, 24.79970647300007], [46.62790103200007, 24.799705319000054], [46.62789725500005, 24.79970449900003], [46.627893408000034, 24.799704021000025], [46.62788952900007, 24.799703890000046], [46.62788565300008, 24.799704105000046], [46.62788182000003, 24.79970466700007], [46.62787806500006, 24.799705569000025], [46.62787442500007, 24.79970680200006], [46.62787093600008, 24.799708356000053], [46.627867630000026, 24.799710214000072], [46.62786453900003, 24.79971235900007], [46.62786169300006, 24.799714770000037], [46.62785912100003, 24.79971742400005], [46.62785684600004, 24.799720296000032], [46.62785489000004, 24.79972335700006], [46.62785327100005, 24.799726578000048], [46.62785200700006, 24.799729929000023], [46.62785110900006, 24.799733377000052], [46.62785058500003, 24.79973688900003], [46.62785044100008, 24.799740431000032], [46.627850677000026, 24.79974396800003], [46.62785129300005, 24.79974746700003], [46.62785228100006, 24.799750894000056], [46.62785363200004, 24.799754217000043], [46.62785406100005, 24.79975501900003], [46.62784941100006, 24.799754861000054], [46.62784456700007, 24.79975513200003], [46.62783977500004, 24.799755834000052], [46.62783508100006, 24.79975696100007], [46.627830532000075, 24.799758504000067], [46.62782617000005, 24.79976044500006], [46.627822037000044, 24.79976276800005], [46.627818174000026, 24.799765449000063], [46.62781461700007, 24.799768463000078], [46.62781140100003, 24.79977178100006], [46.62780855700004, 24.799775370000077], [46.62780611200003, 24.799779197000078], [46.62780408900005, 24.799783223000077], [46.62780250900005, 24.799787412000057], [46.627801385000055, 24.799791722000066], [46.627800731000036, 24.799796111000035], [46.627800551000064, 24.799800538000056], [46.62780084600007, 24.799804960000074], [46.62780161500007, 24.79980933400003], [46.62780285100007, 24.79981361800003], [46.627804541000046, 24.79981777100005], [46.62780481800007, 24.799818292000054], [46.62780461700004, 24.799818463000065], [46.627801401000056, 24.79982178100005], [46.62779855700006, 24.799825370000065], [46.627796112000055, 24.799829197000065], [46.627794089000076, 24.799833223000064], [46.62779250900007, 24.799837412000045], [46.62779138500008, 24.799841722000053], [46.62779073100006, 24.79984611100008], [46.62779055100003, 24.799850538000044], [46.62779075900005, 24.79985365500005], [46.627788174000045, 24.799855449000063], [46.62778461700003, 24.799858463000078], [46.62778140100005, 24.79986178100006], [46.627778557000056, 24.799865370000077], [46.62777611200005, 24.79986919600003], [46.62777408900007, 24.799873223000077], [46.62777250900007, 24.799877412000058], [46.627771385000074, 24.799881722000066], [46.627771136000035, 24.799883393000073], [46.62776817400004, 24.799885449000044], [46.62776461800007, 24.79988846300006], [46.62776140100004, 24.799891780000053], [46.62775855600006, 24.79989537000006], [46.62775611200004, 24.79989919700006], [46.627754089000064, 24.799903223000058], [46.62775250900006, 24.79990741200004], [46.62775138600006, 24.799911722000047], [46.62775073100005, 24.799916111000073], [46.62775055100008, 24.799920538000038], [46.62775084700007, 24.799924960000055], [46.62775161600007, 24.79992933400007], [46.627752851000025, 24.79993361800007], [46.62775454000007, 24.79993777100003], [46.627756668000075, 24.799941752000052], [46.62775921100007, 24.799945525000055], [46.627762149000034, 24.799949051000056], [46.62776545100007, 24.79995229800005], [46.62776908500007, 24.799955234000038], [46.62777301700004, 24.79995783000004], [46.62777721000003, 24.799960062000025], [46.627781621000054, 24.799961909000046], [46.62778621000007, 24.79996335100003], [46.62778800900003, 24.799963742000045], [46.62778921200004, 24.79996552500006], [46.62779214900007, 24.79996905200005], [46.627795451000054, 24.799972298000057], [46.62779908500005, 24.799975234000044], [46.627803017000076, 24.799977830000046], [46.62780721000007, 24.79998006200003], [46.627811621000035, 24.799981908000063], [46.62781620900006, 24.799983351000037], [46.62782093100003, 24.799984376000054], [46.62782574000005, 24.79998497300005], [46.62783059000003, 24.799985138000068], [46.62783543300003, 24.799984868000024], [46.62784022500006, 24.79998416600006], [46.62784491900004, 24.79998303800005], [46.62784946800008, 24.799981496000044], [46.62785383000005, 24.79997955500005], [46.627857963000054, 24.79997723300005], [46.62786182600007, 24.799974551000048], [46.62786538300003, 24.799971537000033], [46.62786859900007, 24.79996822000004], [46.62787144300006, 24.799964630000034], [46.62787388900006, 24.799960804000023], [46.62787591100005, 24.799956776000045], [46.62787749200004, 24.799952588000053], [46.62787861400005, 24.799948279000034], [46.62787926900006, 24.799943889000076], [46.62787945000008, 24.799939462000054], [46.62787915400003, 24.799935040000037], [46.62787838400004, 24.79993066700007], [46.62787714900003, 24.799926382000024], [46.62787546000004, 24.79992222900006], [46.627873333000025, 24.79991824700005], [46.62787121200006, 24.799915104000036], [46.62787543300004, 24.79991486800003], [46.62788022500007, 24.799914166000065], [46.62788491900005, 24.799913039000046], [46.627889468000035, 24.79991149700004], [46.62789383000006, 24.799909555000056], [46.627897963000066, 24.799907232000066], [46.62790182600003, 24.799904551000054], [46.62790538300004, 24.79990153700004], [46.62790859900008, 24.799898220000046], [46.62791144300007, 24.79989463000004], [46.62791388800008, 24.79989080400003], [46.62791591000007, 24.79988677700004], [46.62791749100006, 24.79988258800006], [46.627918615000056, 24.79987827800005], [46.627919269000074, 24.799873889000025], [46.627919449000046, 24.79986946200006], [46.62791915400004, 24.799865040000043], [46.627918385000044, 24.79986066600003], [46.62791714900004, 24.79985638200003], [46.62791658300006, 24.799854993000054], [46.62791749100006, 24.79985258800008], [46.627918614000066, 24.79984827800007], [46.627919269000074, 24.799843889000044], [46.627919449000046, 24.799839462000023], [46.62791915400004, 24.79983504100005], [46.627918384000054, 24.799830666000048], [46.62791714800005, 24.79982638200005], [46.627915459000064, 24.79982222900003], [46.62791333300004, 24.799818248000065], [46.62791092200007, 24.79981467400006], [46.62791193500004, 24.799814431000073], [46.62791557500003, 24.79981319700005], [46.627919064000025, 24.799811644000044], [46.62792237000008, 24.799809786000026], [46.627925461000075, 24.79980764100003], [46.627927390000025, 24.79980600600004], [46.62793047100007, 24.799806111000066], [46.627934347000064, 24.799805895000077], [46.62793818000006, 24.79980533300005], [46.62794193500008, 24.79980443100004], [46.62794557500007, 24.799803197000074], [46.62794906400006, 24.79980164400007], [46.62795237000006, 24.79979978600005], [46.627955461000056, 24.799797641000055], [46.62795830600004, 24.79979522900004], [46.62796087900006, 24.799792576000073], [46.62796315500003, 24.799789704000034], [46.62796511100004, 24.79978664300006], [46.62796672800005, 24.799783422000075], [46.62796799300003, 24.799780071000043], [46.62796889200007, 24.79977662300007], [46.62796941600004, 24.799773111000036], [46.627969559000064, 24.799769569000034], [46.62796932300006, 24.799766032000036], [46.627968708000026, 24.799762533000035], [46.627967719000026, 24.799759106000067], [46.627966367000056, 24.799755783000023], [46.627964666000025, 24.799752598000055], [46.62796263000007, 24.799749580000025], [46.62796028100007, 24.799746758000026], [46.627957639000044, 24.799744162000025], [46.627954732000035, 24.799741813000026], [46.62795158600005, 24.79973973600005], [46.62794823200005, 24.799737950000065], [46.62794470400007, 24.799736473000053], [46.62794103300007, 24.799735320000025], [46.62793725500006, 24.799734499000067], [46.62793340800005, 24.799734021000063], [46.62792952800004, 24.799733889000038], [46.62792895200005, 24.79973392200003], [46.62792870700008, 24.799732533000054], [46.62792771900007, 24.79972910500004], [46.62792636800003, 24.799725783000042], [46.62792466600007, 24.799722598000074], [46.62792263000006, 24.799719580000044], [46.62792028100006, 24.799716759000034], [46.62791763900003, 24.799714161000054], [46.62791473100003, 24.799711813000044], [46.62791158600004, 24.799709736000068], [46.62790823200004, 24.799707950000027], [46.62790470300007, 24.79970647300007]]], [[[46.627656982000076, 24.799342170000045], [46.62765279000007, 24.79933993800006], [46.62764837900005, 24.79933809100004], [46.627643790000036, 24.799336649000054], [46.627639069000054, 24.799335624000037], [46.627634260000036, 24.79933502600005], [46.62762941100004, 24.799334861000034], [46.627624567000055, 24.799335132000067], [46.62761977500003, 24.799335834000033], [46.627615081000044, 24.79933696100005], [46.62761053200006, 24.799338503000058], [46.627606170000035, 24.79934044500004], [46.62760203700003, 24.79934276800003], [46.62759817400007, 24.799345449000043], [46.62759461700006, 24.799348463000058], [46.627591401000075, 24.79935178100004], [46.62758855700008, 24.799355370000058], [46.627586112000074, 24.79935919600007], [46.62758409000003, 24.799363223000057], [46.627582509000035, 24.799367412000038], [46.62758138600003, 24.799371722000046], [46.62758073100008, 24.799376111000072], [46.62758055100005, 24.799380538000037], [46.62758084600006, 24.799384960000054], [46.62758161600004, 24.799389334000068], [46.627582852000046, 24.799393618000067], [46.62758454100003, 24.79939777100003], [46.62758666800005, 24.79940175200005], [46.62758921200003, 24.799405525000054], [46.627592149000066, 24.799409051000055], [46.62759545100005, 24.79941229800005], [46.62759908500004, 24.799415234000037], [46.62760301700007, 24.79941783000004], [46.627607210000065, 24.799420062000024], [46.62761162100003, 24.799421908000056], [46.62761620900005, 24.79942335100003], [46.62762093100008, 24.799424376000047], [46.62762574000004, 24.799424974000033], [46.62763059000008, 24.79942513800006], [46.62763543300008, 24.799424869000063], [46.62764022500005, 24.79942416600005], [46.627644918000044, 24.799423038000043], [46.62764946800007, 24.799421496000036], [46.62765383000004, 24.799419555000043], [46.62765796200006, 24.799417232000053], [46.627661826000065, 24.79941455100004], [46.62766538300008, 24.799411538000072], [46.62766859800007, 24.799408220000032], [46.627671443000054, 24.799404630000026], [46.62767388800006, 24.799400803000026], [46.62767591100004, 24.799396777000027], [46.62767749100004, 24.799392589000036], [46.62767861400005, 24.799388279000027], [46.627679269000055, 24.79938388900007], [46.62767945000007, 24.799379462000047], [46.62767915300003, 24.79937504000003], [46.627678384000035, 24.799370666000073], [46.62767714900008, 24.799366382000073], [46.627675460000034, 24.799362229000053], [46.627673333000075, 24.799358247000043], [46.627670788000046, 24.79935447500003], [46.62766785100007, 24.79935094900003], [46.62766454900003, 24.799347702000034], [46.627660914000046, 24.799344766000047], [46.627656982000076, 24.799342170000045]]], [[[46.62728388700003, 24.800942835000058], [46.62727915000005, 24.80094031300007], [46.627274165000074, 24.800938226000028], [46.62726898000005, 24.800936596000042], [46.62726364500003, 24.800935438000067], [46.627258211000026, 24.800934762000054], [46.627252731000056, 24.80093457600003], [46.62724725700008, 24.800934881000046], [46.627241842000046, 24.800935675000062], [46.62723653900008, 24.80093694900006], [46.62723139700006, 24.800938692000045], [46.62722646800006, 24.800940886000035], [46.62722179800005, 24.800943510000025], [46.627217433000055, 24.80094654000004], [46.62721341300005, 24.80094994600006], [46.627209780000044, 24.800953694000043], [46.62720656500005, 24.800957751000055], [46.627203802000054, 24.80096207400004], [46.62720151700006, 24.800966625000058], [46.627199731000076, 24.800971358000027], [46.62719846200008, 24.800976228000025], [46.62719772200006, 24.800981188000037], [46.62719751800006, 24.80098619000006], [46.62719785200005, 24.800991187000022], [46.62719872200006, 24.800996130000044], [46.627200118000076, 24.801000970000075], [46.62720202700007, 24.80100566400006], [46.62720443000006, 24.801010163000058], [46.62720479300003, 24.801010701000052], [46.627202080000075, 24.80101109900005], [46.62719677700005, 24.80101237200006], [46.62719163500003, 24.801014115000044], [46.62718670600003, 24.801016309000033], [46.62718203600008, 24.801018933000023], [46.62717767100003, 24.80102196300004], [46.62717365100008, 24.801025369000058], [46.62717001800007, 24.80102911800003], [46.62716680300008, 24.801033174000054], [46.627164040000025, 24.801037498000028], [46.62716175500003, 24.801042049000046], [46.62715996900005, 24.801046781000025], [46.62715869900006, 24.80105165200007], [46.627157960000034, 24.801056611000035], [46.62715775600003, 24.801061614000048], [46.62715796900005, 24.80106479400007], [46.627154103000066, 24.801068069000053], [46.62715046900007, 24.80107181900007], [46.62714725500007, 24.801075875000038], [46.62714449200007, 24.80108019900007], [46.62714220600003, 24.80108474900004], [46.627140420000046, 24.801089482000066], [46.62713915200004, 24.801094352000064], [46.62713841100003, 24.801099312000076], [46.62713820700003, 24.801104315000032], [46.62713854200007, 24.80110931100006], [46.62713941100003, 24.801114253000037], [46.627140807000046, 24.801119095000047], [46.62714271600004, 24.80112378700005], [46.62714512000008, 24.80112828700004], [46.62714799500003, 24.801132550000034], [46.62715131400006, 24.80113653500007], [46.62715504500005, 24.801140203000045], [46.62715915200005, 24.80114352100003], [46.62716359500007, 24.801146455000037], [46.62716833200005, 24.801148977000025], [46.627173318000075, 24.801151063000077], [46.62717850200005, 24.801152693000063], [46.627183838000064, 24.801153852000027], [46.62718927100008, 24.80115452700005], [46.62719475200004, 24.801154713000074], [46.62720022500008, 24.80115440800006], [46.627205641000046, 24.801153614000043], [46.62721094300008, 24.801152341000034], [46.62721608500004, 24.80115059800005], [46.62722101400004, 24.80114840400006], [46.62722568400005, 24.80114578000007], [46.62723004900005, 24.801142750000054], [46.62723406900005, 24.801139344000035], [46.62723770300005, 24.801135595000062], [46.62724091700005, 24.80113154000003], [46.62724368000005, 24.801127215000065], [46.62724596500004, 24.801122664000047], [46.62724775100003, 24.801117932000068], [46.62724902100007, 24.801113061000024], [46.62724976000004, 24.801108102000057], [46.62724996400004, 24.801103099000045], [46.62724975100008, 24.801099919000023], [46.627253617000065, 24.80109664300005], [46.62725725100006, 24.801092895000068], [46.62726046600005, 24.801088838000055], [46.62726322800006, 24.801084514000024], [46.627265514000044, 24.801079964000053], [46.62726730000003, 24.801075231000027], [46.62726856900008, 24.80107036100003], [46.62726930900004, 24.801065401000074], [46.627269513000044, 24.80106039800006], [46.62726917900005, 24.801055401000042], [46.627268309000044, 24.801050459000066], [46.62726691300003, 24.801045618000046], [46.62726500400004, 24.80104092600004], [46.62726260000005, 24.801036426000053], [46.62726223800007, 24.801035888000058], [46.62726495100003, 24.80103549100005], [46.62727025400005, 24.80103421700005], [46.62727539600007, 24.801032474000067], [46.62728032500007, 24.801030280000077], [46.627284995000025, 24.80102765500004], [46.62728936000008, 24.801024625000025], [46.627293380000026, 24.801021220000052], [46.62729701300003, 24.801017471000023], [46.627300227000035, 24.801013415000057], [46.62730299100008, 24.801009091000026], [46.62730527600007, 24.801004541000054], [46.62730706200006, 24.80099980700004], [46.62730833100005, 24.80099493800003], [46.62730907100007, 24.80098997700003], [46.62730927500007, 24.800984975000063], [46.627308940000034, 24.800979978000044], [46.62730807100007, 24.800975036000068], [46.62730667500006, 24.800970195000048], [46.627304766000066, 24.800965502000054], [46.62730236300007, 24.800961002000065], [46.62729948800006, 24.80095674000006], [46.62729616800004, 24.800952755000026], [46.62729243800004, 24.80094908600006], [46.627288330000056, 24.800945769000066], [46.62728388700003, 24.800942835000058]]], [[[46.62702589700007, 24.801471853000066], [46.62702116000003, 24.801469331000078], [46.62701617500005, 24.801467245000026], [46.62701099000003, 24.80146561400005], [46.62700565500006, 24.801464456000076], [46.62700022000007, 24.801463781000052], [46.62699474000004, 24.80146359500003], [46.626989267000056, 24.801463900000044], [46.62698385200008, 24.80146469300007], [46.62697854800007, 24.80146596700007], [46.626973408000026, 24.801467710000054], [46.62696847900003, 24.801469904000044], [46.62696380800003, 24.801472528000033], [46.62695944200004, 24.80147555800005], [46.62695542300003, 24.80147896400007], [46.62695178900003, 24.80148271300004], [46.62694857500003, 24.801486769000064], [46.62694581200003, 24.80149109300004], [46.62694352600005, 24.801495643000067], [46.62694174000006, 24.801500376000035], [46.62694047100007, 24.801505246000033], [46.62693973200004, 24.801510207000035], [46.62693952800004, 24.80151520800007], [46.626939863000075, 24.80152020500003], [46.62694073100005, 24.801525148000053], [46.62694212700006, 24.801529989000073], [46.62694215700003, 24.801530064000076], [46.62693864100004, 24.801533043000063], [46.62693500800003, 24.801536792000036], [46.62693179300004, 24.80154084800006], [46.62692903000004, 24.801545172000033], [46.62692674500005, 24.80154972200006], [46.626924959000064, 24.80155445500003], [46.62692369000007, 24.801559325000028], [46.62692295000005, 24.80156428600003], [46.62692274600005, 24.801569288000053], [46.62692308000004, 24.801574284000026], [46.62692395000005, 24.801579227000047], [46.626925346000064, 24.801584069000057], [46.626927255000055, 24.801588761000062], [46.62692965800005, 24.80159326000006], [46.62693253300006, 24.801597523000055], [46.62693585200003, 24.801601508000033], [46.62693958300008, 24.801605177000056], [46.626943691000065, 24.80160849500004], [46.62694813300004, 24.801611429000047], [46.62695287100007, 24.801613950000046], [46.62695785600005, 24.80161603700003], [46.62696304100007, 24.801617667000073], [46.626968376000036, 24.801618825000048], [46.62697381000004, 24.801619500000072], [46.626979290000065, 24.801619686000038], [46.62698476400004, 24.801619381000023], [46.626990179000074, 24.801618588000053], [46.62699548200004, 24.801617314000055], [46.62700062400006, 24.80161557200006], [46.62700555300006, 24.801613377000024], [46.62701022300007, 24.801610753000034], [46.627014588000065, 24.801607723000075], [46.62701860800007, 24.801604317000056], [46.627022242000066, 24.801600569000072], [46.62702545600007, 24.80159651200006], [46.62702821900007, 24.80159218800003], [46.62703050400006, 24.801587638000058], [46.627032290000045, 24.801582905000032], [46.62703355900004, 24.801578035000034], [46.62703429900006, 24.801573074000032], [46.62703450300006, 24.801568073000055], [46.62703416900007, 24.801563076000036], [46.62703329900006, 24.80155813300007], [46.627031904000035, 24.80155329200005], [46.62703187300008, 24.80155321700005], [46.62703538900007, 24.80155023800006], [46.627039024000055, 24.801546490000078], [46.62704223800006, 24.801542433000066], [46.627045001000056, 24.801538109000035], [46.62704728600005, 24.801533559000063], [46.627049072000034, 24.801528826000037], [46.62705034100003, 24.80152395600004], [46.62705108100005, 24.801518995000038], [46.62705128500005, 24.80151399300007], [46.62705095000007, 24.80150899700004], [46.62705008100005, 24.801504054000077], [46.62704868600008, 24.801499213000056], [46.62704677700003, 24.801494520000062], [46.62704437300005, 24.801490021000063], [46.62704149800004, 24.80148575800007], [46.62703817900007, 24.801481773000035], [46.627034448000074, 24.80147810400007], [46.62703034100008, 24.801474787000075], [46.62702589700007, 24.801471853000066]]], [[[46.62692886100007, 24.800875979000068], [46.62692387700008, 24.800873893000073], [46.62691869200006, 24.80087226300003], [46.626913356000045, 24.800871105000056], [46.62690792200004, 24.80087043000003], [46.62690244300006, 24.800870244000066], [46.62689696900003, 24.800870549000024], [46.62689155400005, 24.80087134200005], [46.62688625000004, 24.80087261500006], [46.62688110900007, 24.800874358000044], [46.62687618100006, 24.800876552000034], [46.62687151000006, 24.800879176000024], [46.62686714400007, 24.80088220600004], [46.62686312500006, 24.80088561200006], [46.62685949100006, 24.80088936100003], [46.62685627700006, 24.800893417000054], [46.62685351400006, 24.800897742000075], [46.62685122800008, 24.800902292000046], [46.62684944200004, 24.800907024000026], [46.62684817300004, 24.80091189500007], [46.62684743400007, 24.800916855000025], [46.62684723000007, 24.800921858000038], [46.62684756500005, 24.800926853000078], [46.62684843300008, 24.800931796000043], [46.62684982900004, 24.800936638000053], [46.62685165700003, 24.80094113100006], [46.62685090300005, 24.800941386000034], [46.62684597400005, 24.800943580000023], [46.62684130400004, 24.80094620500006], [46.62683693900004, 24.80094923400003], [46.62683291900004, 24.80095263900006], [46.62682928500004, 24.800956389000078], [46.62682607100004, 24.800960445000044], [46.62682330700005, 24.800964769000075], [46.62682102200006, 24.800969319000046], [46.626819236000074, 24.800974052000072], [46.62681796800007, 24.80097892200007], [46.62681722700006, 24.800983882000025], [46.62681702300006, 24.800988885000038], [46.62681735800004, 24.800993881000068], [46.62681772900004, 24.80099599400006], [46.626815961000034, 24.800997220000056], [46.62681194100003, 24.801000626000075], [46.62680830800008, 24.801004375000048], [46.62680509300003, 24.80100843100007], [46.62680233000003, 24.801012756000034], [46.62680004500004, 24.801017306000062], [46.626798259000054, 24.801022038000042], [46.62679699000006, 24.80102690900003], [46.62679625000004, 24.80103186900004], [46.62679604600004, 24.801036872000054], [46.62679638000003, 24.801041867000038], [46.62679725000004, 24.80104681000006], [46.626798645000065, 24.80105165200007], [46.626800554000056, 24.801056344000074], [46.62680295700005, 24.801060843000073], [46.62680583300005, 24.801065106000067], [46.62680915200008, 24.801069092000034], [46.62681288300007, 24.801072760000068], [46.626816990000066, 24.80107607800005], [46.62682143300003, 24.80107901200006], [46.62682617000007, 24.80108153300006], [46.62683115500005, 24.801083620000043], [46.62683634100006, 24.80108525000003], [46.62684167500004, 24.80108640800006], [46.62684711000003, 24.801087083000027], [46.626852590000055, 24.80108727000004], [46.62685806400003, 24.801086964000035], [46.626863479000065, 24.801086171000065], [46.62686878200003, 24.801084897000067], [46.62687392300006, 24.80108315500007], [46.62687885200006, 24.801080961000025], [46.62688352200007, 24.801078337000035], [46.626887888000056, 24.801075307000076], [46.62689190700007, 24.801071901000057], [46.62689554100007, 24.801068152000028], [46.62689875500007, 24.80106409600006], [46.62690151900006, 24.80105977100004], [46.62690380400005, 24.80105522100007], [46.626905590000035, 24.801050489000033], [46.62690685800004, 24.801045618000046], [46.62690759900005, 24.801040658000034], [46.62690780300005, 24.801035656000067], [46.62690746800007, 24.801030660000038], [46.62690709700007, 24.801028547000044], [46.626908865000075, 24.80102732000006], [46.62691288500008, 24.80102391500003], [46.62691651800003, 24.801020165000068], [46.62691973300008, 24.801016110000035], [46.62692249600008, 24.80101178600006], [46.62692478100007, 24.801007235000043], [46.626926567000055, 24.801002502000074], [46.62692783600005, 24.800997632000076], [46.62692857600007, 24.800992672000064], [46.62692878000007, 24.80098766900005], [46.62692844600008, 24.800982673000078], [46.62692757600007, 24.800977730000056], [46.626926181000044, 24.800972889000036], [46.62692435300005, 24.800968397000076], [46.626925107000034, 24.800968141000055], [46.62693003600003, 24.800965947000066], [46.62693470600004, 24.800963323000076], [46.62693907200003, 24.80096029300006], [46.626943091000044, 24.80095688700004], [46.62694672500004, 24.800953138000068], [46.62694993900004, 24.800949082000045], [46.62695270200004, 24.800944757000025], [46.62695498800008, 24.800940207000053], [46.626956774000064, 24.800935475000074], [46.62695804300006, 24.80093060400003], [46.62695878200003, 24.800925644000074], [46.62695898700008, 24.80092064200005], [46.62695865200004, 24.800915646000078], [46.62695778300008, 24.800910703000056], [46.626956387000064, 24.800905861000047], [46.62695447800007, 24.800901169000042], [46.62695207400003, 24.800896670000043], [46.62694920000007, 24.80089240700005], [46.62694588100004, 24.800888421000025], [46.62694214900006, 24.800884753000048], [46.62693804200006, 24.800881435000065], [46.62693359900004, 24.800878501000057], [46.62692886100007, 24.800875979000068]]], [[[46.62685418400008, 24.80178999800006], [46.62684919900005, 24.801787913000055], [46.626844015000074, 24.801786282000023], [46.62683867900006, 24.801785124000048], [46.62683324500006, 24.801784448000035], [46.62682776500003, 24.80178426200007], [46.62682229100005, 24.801784568000073], [46.62681687600008, 24.801785361000043], [46.626811572000065, 24.80178663500004], [46.62680643200008, 24.801788378000026], [46.62680150300008, 24.801790571000026], [46.62679683300007, 24.801793196000062], [46.62679246700003, 24.80179622600008], [46.62678844800007, 24.80179963100005], [46.62678481300003, 24.80180338100007], [46.626781599000026, 24.801807436000047], [46.62677883600003, 24.801811760000078], [46.626776550000045, 24.80181631100004], [46.626775046000034, 24.801820301000078], [46.62677035100006, 24.80182189100003], [46.62676542200006, 24.801824085000078], [46.62676075200005, 24.801826710000057], [46.62675638700006, 24.801829739000027], [46.62675236700005, 24.801833145000046], [46.626748733000056, 24.801836894000076], [46.62674551900005, 24.80184095000004], [46.626742755000066, 24.801845275000062], [46.62674047100006, 24.801849825000033], [46.62673868500008, 24.80185455700007], [46.626737416000026, 24.801859428000057], [46.626736675000075, 24.80186438800007], [46.62673647200006, 24.801869391000025], [46.62673680600005, 24.801874386000065], [46.62673767600006, 24.80187932900003], [46.62673841600008, 24.801881898000033], [46.62673343200004, 24.801883587000077], [46.62672850300004, 24.801885781000067], [46.62672383300003, 24.801888406000046], [46.62671946700004, 24.801891436000062], [46.62671544800003, 24.801894841000035], [46.62671181300004, 24.801898590000064], [46.62670859900004, 24.80190264600003], [46.62670583700003, 24.80190697000006], [46.62670355100005, 24.801911520000033], [46.626701765000064, 24.801916254000048], [46.62670049600007, 24.801921123000056], [46.62669975700004, 24.80192608400006], [46.62669955300004, 24.801931086000025], [46.62669988700003, 24.801936083000044], [46.62670075600005, 24.801941026000065], [46.626702151000075, 24.80194586600004], [46.626704060000066, 24.801950560000023], [46.62670473000003, 24.801951814000063], [46.62670249200005, 24.801952809000056], [46.62669782200004, 24.801955433000046], [46.626693457000044, 24.801958463000062], [46.62668943700004, 24.801961869000024], [46.62668580300004, 24.801965618000054], [46.62668258900004, 24.801969674000077], [46.62667982500005, 24.80197399900004], [46.62667754100005, 24.80197854900007], [46.626675755000065, 24.801983281000048], [46.62667448600007, 24.801988152000035], [46.62667374500006, 24.801993112000048], [46.626673563000054, 24.80199757400004], [46.626672650000046, 24.801998087000072], [46.62666828400006, 24.80200111700003], [46.626664265000045, 24.80200452300005], [46.62666063000006, 24.802008272000023], [46.62665741600006, 24.802012328000046], [46.62665465300006, 24.802016652000077], [46.626652368000066, 24.802021203000038], [46.62665058200008, 24.802025935000074], [46.62664931300003, 24.80203080600006], [46.62664897500008, 24.802033066000035], [46.626645806000056, 24.80203575200005], [46.62664217100007, 24.802039501000024], [46.62663895700007, 24.802043557000047], [46.62663619400007, 24.802047881000078], [46.62663390800003, 24.80205243100005], [46.626632122000046, 24.802057165000065], [46.62663085300005, 24.802062034000073], [46.62663011400008, 24.802066995000075], [46.62662991000008, 24.80207199700004], [46.62663024400007, 24.80207699400006], [46.62663111300003, 24.802081937000025], [46.626632509000046, 24.802086777000056], [46.62663441800004, 24.80209147100004], [46.62663682200008, 24.80209597000004], [46.62663969600004, 24.802100233000033], [46.62664301600006, 24.80210421700008], [46.62664674700005, 24.802107887000034], [46.62665085400005, 24.802111203000038], [46.62665529800006, 24.802114137000046], [46.62666003500004, 24.802116660000024], [46.626665020000075, 24.802118746000076], [46.62667020400005, 24.80212037600006], [46.626675540000065, 24.802121534000037], [46.62668097400007, 24.80212221000005], [46.626686455000026, 24.802122396000073], [46.62669192800007, 24.802122091000058], [46.626697343000046, 24.802121297000042], [46.62670264700006, 24.802120023000043], [46.62670778700004, 24.80211828100005], [46.62671271600004, 24.80211608700006], [46.62671738600005, 24.802113462000023], [46.62672175300003, 24.802110432000063], [46.626725771000054, 24.802107027000034], [46.62672940600004, 24.80210327800006], [46.62673262000004, 24.802099222000038], [46.62673538300004, 24.802094898000064], [46.62673766900008, 24.802090348000036], [46.62673945500006, 24.802085614000077], [46.62674072400006, 24.80208074500007], [46.62674088600005, 24.80207965200003], [46.626743512000075, 24.802079742000046], [46.62674898500006, 24.802079436000042], [46.62675440000004, 24.802078643000073], [46.62675970400005, 24.802077369000074], [46.626764844000036, 24.80207562700008], [46.626769773000035, 24.802073432000043], [46.626774443000045, 24.802070808000053], [46.626778810000076, 24.802067779000026], [46.626782829000035, 24.802064373000064], [46.62678646300003, 24.802060624000035], [46.62678967700003, 24.802056567000022], [46.62679244000003, 24.80205224300005], [46.62679472600007, 24.802047693000077], [46.626796512000055, 24.80204296100004], [46.62679778100005, 24.802038090000053], [46.62679852000008, 24.80203313000004], [46.62679872500007, 24.802028128000075], [46.62679839000003, 24.802023131000055], [46.62679752100007, 24.802018189000023], [46.626796125000055, 24.80201334700007], [46.626794216000064, 24.802008655000066], [46.62679181200008, 24.802004155000077], [46.62678893800006, 24.801999893000072], [46.62678561900003, 24.801995907000048], [46.62678520600008, 24.801995502000068], [46.62678496500007, 24.801991903000044], [46.62678409500006, 24.80198696000008], [46.626782700000035, 24.80198211800007], [46.626780791000044, 24.801977426000064], [46.62678012100008, 24.801976172000025], [46.62678235900006, 24.80197517600004], [46.62678702900007, 24.801972551000063], [46.626791395000055, 24.801969521000046], [46.62679541400007, 24.801966116000074], [46.626799049000056, 24.801962367000044], [46.62680226300006, 24.801958311000078], [46.62680502500007, 24.801953987000047], [46.62680731100005, 24.801949437000076], [46.62680799800006, 24.801947617000053], [46.626809352000066, 24.80194778500004], [46.626814832000036, 24.80194797100006], [46.62682030500008, 24.801947666000046], [46.626825720000056, 24.801946873000077], [46.62683102400007, 24.801945599000078], [46.62683616500004, 24.801943856000037], [46.62684109400004, 24.801941662000047], [46.62684576400005, 24.801939038000057], [46.62685013000004, 24.80193600800004], [46.62685414900005, 24.80193260200008], [46.62685778400004, 24.80192885300005], [46.62686099800004, 24.801924797000027], [46.62686376100004, 24.801920473000052], [46.62686604600003, 24.801915923000024], [46.62686783200007, 24.801911190000055], [46.62686910100007, 24.801906320000057], [46.62686984100003, 24.801901359000055], [46.62687004500003, 24.801896357000032], [46.62686971000005, 24.80189136100006], [46.62686884100003, 24.801886418000038], [46.62686744600006, 24.801881577000074], [46.62686553700007, 24.801876884000023], [46.62686422500008, 24.801874429000065], [46.62686439500004, 24.801874312000052], [46.62686841400006, 24.801870906000033], [46.62687204800005, 24.80186715700006], [46.626875262000055, 24.801863101000038], [46.62687802500005, 24.801858777000064], [46.626880311000036, 24.801854227000035], [46.62688209700008, 24.801849494000066], [46.62688336600007, 24.80184462400007], [46.626884105000045, 24.801839664000056], [46.62688431000004, 24.801834661000044], [46.626883975000055, 24.80182966500007], [46.62688310600004, 24.80182472200005], [46.62688171000008, 24.80181988100003], [46.62687980100003, 24.801815188000035], [46.626877397000044, 24.801810689000035], [46.626874523000026, 24.80180642600004], [46.626871203000064, 24.801802441000063], [46.62686747200007, 24.80179877200004], [46.62686336500008, 24.801795455000047], [46.626858921000064, 24.80179252100004], [46.62685418400008, 24.80178999800006]]], [[[46.62666158600007, 24.801349736000077], [46.62665823300006, 24.801347951000025], [46.62665470400003, 24.80134647400007], [46.62665103300003, 24.801345319000063], [46.62664725600007, 24.801344499000038], [46.62664340900005, 24.801344021000034], [46.626639528000055, 24.801343890000055], [46.62663565400004, 24.801344105000055], [46.62663182000006, 24.801344667000023], [46.626628065000034, 24.801345569000034], [46.626624426000035, 24.801346803000058], [46.62662093600005, 24.801348356000062], [46.626617630000055, 24.801350214000024], [46.62661453900006, 24.801352359000077], [46.626611694000076, 24.801354770000046], [46.62660912100006, 24.80135742400006], [46.62660684600007, 24.80136029600004], [46.62660489000007, 24.80136335700007], [46.62660327100008, 24.801366578000057], [46.62660200700003, 24.801369929000032], [46.626601108000045, 24.80137337700006], [46.62660058400007, 24.80137688900004], [46.626600515000064, 24.80137859200005], [46.62659763000005, 24.801380214000062], [46.62659453900005, 24.80138235900006], [46.62659169400007, 24.801384770000027], [46.62658912100005, 24.80138742500003], [46.62658684500008, 24.801390295000033], [46.62658488900007, 24.80139335700005], [46.62658327100007, 24.801396579000027], [46.626582006000035, 24.80139992900007], [46.62658110900003, 24.801403377000042], [46.626580585000056, 24.801406889000077], [46.626580440000055, 24.801410430000033], [46.62658067700005, 24.801413968000077], [46.626581292000026, 24.80141746700008], [46.62658228000004, 24.801420894000046], [46.62658363200006, 24.801424217000033], [46.62658533300004, 24.80142740200006], [46.62658736900005, 24.80143042000003], [46.62658971900004, 24.80143324100004], [46.626592360000075, 24.801435839000078], [46.626593969000055, 24.80143713800004], [46.62659383000005, 24.801440564000075], [46.62659416400004, 24.801445560000047], [46.62659503300006, 24.80145050300007], [46.62659574200006, 24.80145296200004], [46.62659209900005, 24.80145500900005], [46.626587733000065, 24.801458039000067], [46.62658645500005, 24.80145912200004], [46.62658359500006, 24.801459025000042], [46.62657812200007, 24.801459330000057], [46.62657270700004, 24.801460124000073], [46.62656740300008, 24.801461397000025], [46.62656226200005, 24.801463140000067], [46.62655733300005, 24.801465333000067], [46.62655266300004, 24.801467958000046], [46.626548297000056, 24.801470988000062], [46.62654427800004, 24.801474393000035], [46.626540643000055, 24.801478143000054], [46.62653742900005, 24.80148219800003], [46.626534666000055, 24.80148652300005], [46.62653238100006, 24.801491073000022], [46.62653059500008, 24.801495806000048], [46.626529326000025, 24.801500676000046], [46.62652858600006, 24.80150563600006], [46.62652838200006, 24.80151063900007], [46.62652871700004, 24.801515635000044], [46.62652958500007, 24.801520578000066], [46.62653098100003, 24.80152541900003], [46.62653289000008, 24.801530112000023], [46.626535294000064, 24.801534611000022], [46.62653816900007, 24.801538874000073], [46.62654148800004, 24.80154285900005], [46.626545219000036, 24.801546528000074], [46.62654932600003, 24.801549845000068], [46.626553770000044, 24.801552779000076], [46.62655850700003, 24.801555301000064], [46.62656349200006, 24.80155738700006], [46.62656867600003, 24.801559017000045], [46.62657401200005, 24.801560176000066], [46.62657944600005, 24.801560851000033], [46.62658492700007, 24.801561037000056], [46.626590400000055, 24.80156073200004], [46.62659581500003, 24.801559938000025], [46.62660111900004, 24.801558665000073], [46.62660625900003, 24.80155692200003], [46.62661118800003, 24.80155472900003], [46.62661585800004, 24.801552104000052], [46.62662022400008, 24.801549074000036], [46.626621502000035, 24.801547991000064], [46.626624363000076, 24.80154808900005], [46.62662983600006, 24.801547783000046], [46.62663525100004, 24.801546990000077], [46.62664055500005, 24.801545716000078], [46.626645695000036, 24.801543974000026], [46.626650624000035, 24.801541779000047], [46.626655295000035, 24.801539155000057], [46.626659661000076, 24.80153612600003], [46.626663680000036, 24.80153272000007], [46.62666731400003, 24.80152897100004], [46.626670528000034, 24.801524914000026], [46.62667329100003, 24.801520590000052], [46.62667557700007, 24.801516040000024], [46.626677363000056, 24.801511308000045], [46.62667863200005, 24.801506437000057], [46.62667937100008, 24.801501477000045], [46.62667957600007, 24.80149647500008], [46.62667924100003, 24.80149147800006], [46.62667837200007, 24.801486536000027], [46.626677663000066, 24.801484077000055], [46.62668130600008, 24.801482029000056], [46.626685671000075, 24.80147899900004], [46.62668969100008, 24.801475594000067], [46.626693325000076, 24.801471844000048], [46.62669653900008, 24.80146778900007], [46.626699303000066, 24.80146346500004], [46.62670158800006, 24.80145891500007], [46.626703374000044, 24.801454181000054], [46.62670464200005, 24.801449312000045], [46.62670538300006, 24.801444351000043], [46.62670558700006, 24.801439349000077], [46.62670525200008, 24.801434352000058], [46.62670438300006, 24.801429409000036], [46.626702987000044, 24.801424569000062], [46.62670107800005, 24.80141987500008], [46.62669867500006, 24.801415376000023], [46.62669579900006, 24.80141111300003], [46.62669248000003, 24.80140712900004], [46.62668875000003, 24.801403459000028], [46.62668464200004, 24.801400142000034], [46.62668019900008, 24.801397208000026], [46.62667596000006, 24.801394951000077], [46.62667672900005, 24.801393422000046], [46.626677993000044, 24.80139007100007], [46.62667889200003, 24.80138662300004], [46.62667941600006, 24.801383111000064], [46.62667956000007, 24.80137957000005], [46.626679324000065, 24.801376032000064], [46.62667870800004, 24.801372533000063], [46.62667772000003, 24.80136910600004], [46.62667636900005, 24.80136578300005], [46.62667466600004, 24.801362598000026], [46.626672631000076, 24.801359580000053], [46.62667028200008, 24.801356759000043], [46.62666764000005, 24.801354161000063], [46.62666473200005, 24.801351813000053], [46.62666158600007, 24.801349736000077]]], [[[46.62658622300006, 24.802282280000043], [46.62658148600008, 24.802279758000054], [46.626576501000045, 24.80227767200006], [46.62657131600008, 24.802276041000027], [46.626565980000066, 24.802274883000052], [46.626560546000064, 24.80227420800003], [46.62655506700003, 24.802274022000063], [46.62654959300005, 24.802274327000077], [46.626544178000074, 24.802275120000047], [46.62653887400006, 24.802276394000046], [46.62653373300003, 24.80227813700003], [46.62652880400003, 24.802280331000077], [46.62652413400008, 24.802282955000067], [46.62651976800004, 24.802285985000026], [46.62651574900008, 24.802289391000045], [46.626512114000036, 24.802293139000028], [46.62650890000003, 24.80229719600004], [46.626506137000035, 24.80230152000007], [46.62650385200004, 24.802306070000043], [46.62650206600006, 24.80231080300007], [46.62650079700006, 24.802315673000066], [46.626500057000044, 24.80232063400007], [46.626500030000045, 24.802321293000034], [46.62649812800004, 24.80232290500004], [46.62649449400004, 24.802326653000023], [46.62649128000004, 24.802330710000035], [46.62648851700004, 24.802335034000066], [46.62648623100006, 24.802339584000038], [46.626484445000074, 24.802344317000063], [46.62648317600008, 24.80234918700006], [46.62648243700005, 24.802354148000063], [46.62648223300005, 24.80235914900004], [46.62648256700004, 24.80236414600006], [46.62648343600006, 24.802369089000024], [46.62648483100003, 24.802373930000044], [46.626486740000075, 24.80237862300004], [46.62648914400006, 24.802383122000037], [46.62649201900007, 24.80238738500003], [46.62649533800004, 24.802391370000066], [46.62649907000008, 24.802395039000032], [46.62650317600003, 24.802398356000026], [46.62650762000004, 24.802401290000034], [46.62651235800007, 24.802403812000023], [46.626517343000046, 24.802405899000064], [46.62652252700008, 24.80240752900005], [46.626527863000035, 24.802408687000025], [46.62653329700004, 24.80240936200005], [46.626538777000064, 24.80240954900006], [46.62654425000005, 24.802409243000056], [46.626549666000074, 24.80240845000003], [46.62655497000003, 24.80240717600003], [46.62656011000007, 24.802405433000047], [46.62656503900007, 24.802403239000057], [46.62656970900008, 24.802400615000067], [46.626574075000065, 24.80239758500005], [46.62657809400008, 24.802394179000032], [46.626581729000065, 24.80239043100005], [46.62658494300007, 24.802386374000037], [46.626587706000066, 24.802382050000062], [46.62658999200005, 24.802377500000034], [46.626591778000034, 24.802372767000065], [46.62659304700003, 24.802367897000067], [46.62659378600006, 24.802362936000065], [46.626593813000056, 24.802362277000043], [46.626595715000065, 24.802360665000037], [46.62659935000005, 24.802356917000054], [46.62660256400005, 24.802352860000042], [46.62660532600006, 24.802348536000068], [46.62660761200004, 24.80234398600004], [46.62660939800003, 24.80233925300007], [46.62661066700008, 24.802334383000073], [46.62661140700004, 24.80232942300006], [46.626611611000044, 24.802324420000048], [46.62661127600006, 24.802319424000075], [46.626610407000044, 24.802314481000053], [46.626609012000074, 24.802309640000033], [46.626607103000026, 24.802304948000028], [46.62660469900004, 24.80230044800004], [46.62660182400003, 24.802296186000035], [46.62659850500006, 24.802292200000068], [46.62659477400007, 24.802288532000034], [46.62659066700007, 24.80228521400005], [46.62658622300006, 24.802282280000043]]], [[[46.62657158700006, 24.80159973600007], [46.62656823300006, 24.801597951000076], [46.62656470300004, 24.801596474000064], [46.62656103200004, 24.801595319000057], [46.62655725600007, 24.801594499000032], [46.62655340900005, 24.801594021000028], [46.626549529000044, 24.80159389000005], [46.62654565300005, 24.80159410500005], [46.62654182000006, 24.801594667000074], [46.62653806600008, 24.80159556900003], [46.626534426000035, 24.801596803000052], [46.62653093600005, 24.801598356000056], [46.626527630000055, 24.801600214000075], [46.62652453900006, 24.80160235900007], [46.626521694000076, 24.80160477000004], [46.62651912100006, 24.801607424000053], [46.626516845000026, 24.801610296000035], [46.62651488900008, 24.801613357000065], [46.62651327100008, 24.80161657800005], [46.62651200600004, 24.801619929000026], [46.626511108000045, 24.801623377000055], [46.62651058500006, 24.801626889000033], [46.62651049200008, 24.80162915300008], [46.62650823300004, 24.801627951000057], [46.62650470400007, 24.801626473000056], [46.62650103300007, 24.80162531900004], [46.62649725500006, 24.80162449900007], [46.626493408000044, 24.801624021000066], [46.626489529000025, 24.80162389000003], [46.62648565300003, 24.80162410500003], [46.62648182000004, 24.801624667000056], [46.62647806500007, 24.801625569000066], [46.626474425000026, 24.801626802000044], [46.62647093600003, 24.801628356000037], [46.626467630000036, 24.801630214000056], [46.62646453900004, 24.801632359000052], [46.62646169300007, 24.801634770000078], [46.62645912000005, 24.801637424000035], [46.626456845000064, 24.801640296000073], [46.62645488900006, 24.801643357000046], [46.62645327100006, 24.80164657800003], [46.62645200600008, 24.801649929000064], [46.626451108000026, 24.801653377000036], [46.626450584000054, 24.80165688900007], [46.62645044000004, 24.801660430000027], [46.62645067600005, 24.801663967000025], [46.62645129200007, 24.801667466000026], [46.62645228000008, 24.80167089400004], [46.62645363200005, 24.801674216000038], [46.62645533300008, 24.801677401000063], [46.626457369000036, 24.801680419000036], [46.626459718000035, 24.801683241000035], [46.626460948000044, 24.80168445000004], [46.62646058400003, 24.801686889000052], [46.62646044000007, 24.801690430000065], [46.62646067600008, 24.801693967000062], [46.626461292000045, 24.801697467000054], [46.626462280000055, 24.801700894000078], [46.626463632000025, 24.801704217000065], [46.62646492300007, 24.801706634000027], [46.62646442500005, 24.80170680300006], [46.62646093600006, 24.801708356000063], [46.62645763000006, 24.801710214000025], [46.626454539000065, 24.801712359000078], [46.626451693000035, 24.801714770000046], [46.626449121000064, 24.80171742400006], [46.62644684500003, 24.801720295000052], [46.62644488900003, 24.80172335700007], [46.62644327100003, 24.801726579000047], [46.62644200700004, 24.80172993000008], [46.62644110800005, 24.801733377000062], [46.62644058400008, 24.80173688800005], [46.62644044000007, 24.801740430000052], [46.62644067600007, 24.80174396800004], [46.62644129200004, 24.80174746700004], [46.62644228000005, 24.801750894000065], [46.62644330200004, 24.801753407000035], [46.62644169400005, 24.80175477000006], [46.62643912100003, 24.801757424000073], [46.62643684500006, 24.801760296000054], [46.62643488900005, 24.801763357000027], [46.62643327100005, 24.80176657800007], [46.62643200600007, 24.801769929000045], [46.62643110800008, 24.801773377000075], [46.62643058400005, 24.801776889000053], [46.626430440000036, 24.801780430000065], [46.62643067700003, 24.801783967000063], [46.62643129200006, 24.801787467000054], [46.626432280000074, 24.801790894000078], [46.626433632000044, 24.801794216000076], [46.626435333000074, 24.801797401000044], [46.62643736800004, 24.801800419000074], [46.626439719000075, 24.801803241000073], [46.626442360000055, 24.801805838000064], [46.626445267000065, 24.801808187000063], [46.62644841300005, 24.80181026400004], [46.62645176700005, 24.801812049000034], [46.626455297000064, 24.801813527000036], [46.626458967000076, 24.801814681000053], [46.62646274400004, 24.80181550100008], [46.62646659100005, 24.801815979000025], [46.62647047100006, 24.80181611000006], [46.626474347000055, 24.80181589500006], [46.62647818000005, 24.801815333000036], [46.626481934000026, 24.801814431000025], [46.62648557400007, 24.801813198000048], [46.626489064000054, 24.801811644000054], [46.62649237000005, 24.801809786000035], [46.62649546100005, 24.80180764100004], [46.62649830600003, 24.80180523000007], [46.62650088000004, 24.801802576000057], [46.62650315500008, 24.801799704000075], [46.62650511100003, 24.801796643000046], [46.62650672900003, 24.80179342200006], [46.626507994000065, 24.801790071000028], [46.62650889200006, 24.801786623000055], [46.626509415000044, 24.801783111000077], [46.626509560000045, 24.801779569000075], [46.62650932300005, 24.801776033000067], [46.62650870900006, 24.801772533000076], [46.62650772000006, 24.80176910600005], [46.62650669700008, 24.801766593000025], [46.62650830700005, 24.801765230000058], [46.62651087900008, 24.801762576000044], [46.626513154000065, 24.801759705000052], [46.62651511100006, 24.801756643000033], [46.62651672900006, 24.801753421000058], [46.62651799300005, 24.801750070000026], [46.626518892000036, 24.801746623000042], [46.626519416000065, 24.801743112000054], [46.626519561000066, 24.801739570000052], [46.626519323000025, 24.801736032000065], [46.62651870800005, 24.801732533000063], [46.62651772000004, 24.80172910600004], [46.62651636900006, 24.80172578400004], [46.62651507700008, 24.801723366000033], [46.62651557400005, 24.801723198000047], [46.626519065000025, 24.801721644000054], [46.62652237100008, 24.801719786000035], [46.62652546000004, 24.80171764100004], [46.62652830600007, 24.80171523000007], [46.62653087900003, 24.801712576000057], [46.62653315400007, 24.801709704000075], [46.62653511100007, 24.801706643000045], [46.626536729000065, 24.80170342200006], [46.626537993000056, 24.801700071000027], [46.62653889200004, 24.801696623000055], [46.62653941600007, 24.801693111000077], [46.626539560000026, 24.801689569000075], [46.62653932300003, 24.801686033000067], [46.626538708000055, 24.801682533000076], [46.626537720000044, 24.80167910600005], [46.626536369000064, 24.801675784000054], [46.626534667000044, 24.801672599000028], [46.62653263100003, 24.801669581000056], [46.62653028100004, 24.801666759000057], [46.62652905200008, 24.801665550000052], [46.62652941600004, 24.80166311100004], [46.62652950800003, 24.80166084700005], [46.626531767000074, 24.80166205000006], [46.62653529700003, 24.801663527000073], [46.626538968000034, 24.801664680000044], [46.62654274400006, 24.80166550100006], [46.62654659100008, 24.801665979000063], [46.62655047100003, 24.80166611100003], [46.62655434700008, 24.801665895000042], [46.626558180000075, 24.801665333000074], [46.62656193400005, 24.801664431000063], [46.62656557400004, 24.80166319700004], [46.62656906400008, 24.801661644000035], [46.626572370000076, 24.801659786000073], [46.62657546100007, 24.801657641000077], [46.626578306000056, 24.80165523000005], [46.62658088000006, 24.80165257500005], [46.62658315500005, 24.801649705000045], [46.626585111000054, 24.801646643000026], [46.62658672900005, 24.80164342200004], [46.62658799400003, 24.801640071000065], [46.62658889100004, 24.801636623000036], [46.62658941500007, 24.801633111000058], [46.62658956000007, 24.801629570000046], [46.626589323000076, 24.80162603200006], [46.62658870800004, 24.801622533000057], [46.62658772000003, 24.801619106000032], [46.62658636800006, 24.801615783000045], [46.62658466700003, 24.801612598000077], [46.626582631000076, 24.801609580000047], [46.62658028200008, 24.801606759000038], [46.62657764000005, 24.801604161000057], [46.62657473300004, 24.801601813000048], [46.62657158700006, 24.80159973600007]]], [[[46.62631093600004, 24.801978356000063], [46.62630763000004, 24.801980214000025], [46.626304539000046, 24.80198235900008], [46.62630169300007, 24.801984770000047], [46.626299121000045, 24.80198742400006], [46.62629684500007, 24.801990296000042], [46.626294889000064, 24.80199335700007], [46.626293270000076, 24.801996578000058], [46.626292007000075, 24.801999929000033], [46.62629110800003, 24.802003377000062], [46.62629058400006, 24.80200688900004], [46.62629044000005, 24.802010430000053], [46.62629067600005, 24.80201396700005], [46.626291292000076, 24.802017466000052], [46.62629228000003, 24.802020894000066], [46.62629363100007, 24.802024216000063], [46.62629533300003, 24.802027401000032], [46.62629736900004, 24.80203041900006], [46.62629884900008, 24.802032197000074], [46.626294597000026, 24.80203363800007], [46.62628966800003, 24.80203583200006], [46.626284998000074, 24.802038457000037], [46.62628063300008, 24.802041486000064], [46.62627661300007, 24.802044892000026], [46.62627297900008, 24.802048641000056], [46.626269765000075, 24.80205269700008], [46.62626700100003, 24.802057021000053], [46.62626471600004, 24.802061571000024], [46.62626293000005, 24.80206630500004], [46.62626166100006, 24.802071174000048], [46.62626092100004, 24.80207613500005], [46.62626071700004, 24.802081137000073], [46.62626105100003, 24.802086134000035], [46.62626192100004, 24.802091077000057], [46.62626331700005, 24.80209591700003], [46.626265225000054, 24.802100610000025], [46.62626762800005, 24.80210511000007], [46.62627050400005, 24.802109372000075], [46.626273823000076, 24.802113357000053], [46.62627755400007, 24.802117026000076], [46.626281661000064, 24.80212034300007], [46.62628610400003, 24.802123277000078], [46.62629084200006, 24.802125800000056], [46.626295826000046, 24.80212788600005], [46.626301012000056, 24.802129516000036], [46.62630634700008, 24.802130674000068], [46.62631178100003, 24.802131350000025], [46.626317261000054, 24.802131536000047], [46.62632273500003, 24.802131231000033], [46.62632815000006, 24.802130437000073], [46.62633345300003, 24.802129163000075], [46.62633859500005, 24.802127421000023], [46.62634352400005, 24.802125227000033], [46.62634819400006, 24.802122602000054], [46.626352559000054, 24.802119572000038], [46.62635657900006, 24.802116167000065], [46.626360213000055, 24.802112418000036], [46.62636342700006, 24.80210836200007], [46.626366191000045, 24.80210403800004], [46.62636847600004, 24.802099488000067], [46.62637026200008, 24.802094754000052], [46.626371531000075, 24.802089885000044], [46.62637227100004, 24.80208492400004], [46.62637247500004, 24.802079922000075], [46.62637214000006, 24.802074925000056], [46.62637127100004, 24.802069982000035], [46.62636987500008, 24.80206514200006], [46.62636796600003, 24.802060449000066], [46.626365563000036, 24.802055949000078], [46.62636268800003, 24.802051686000027], [46.626359369000056, 24.80204770200004], [46.62635765300007, 24.80204601500003], [46.626360471000055, 24.80204611100004], [46.62636434600006, 24.80204589400006], [46.62636818000004, 24.802045333000024], [46.626371934000076, 24.80204443100007], [46.626375574000065, 24.802043197000046], [46.62637906400005, 24.80204164400004], [46.626382371000034, 24.802039786000023], [46.62638546000005, 24.802037641000027], [46.62638830600008, 24.802035230000058], [46.62639087900004, 24.802032576000045], [46.62639315500007, 24.802029705000052], [46.62639511100008, 24.802026643000033], [46.62639672900008, 24.802023421000058], [46.62639799300007, 24.802020071000072], [46.626398892000054, 24.802016623000043], [46.62639941600003, 24.802013112000054], [46.62639956000004, 24.802009570000052], [46.626399323000044, 24.802006032000065], [46.62639870800007, 24.802002533000064], [46.62639772000006, 24.80199910600004], [46.626396369000076, 24.80199578400004], [46.626394667000056, 24.801992598000027], [46.626392632000034, 24.801989580000054], [46.626390281000056, 24.801986759000044], [46.626387640000075, 24.801984162000053], [46.626384732000076, 24.801981813000054], [46.626381587000026, 24.801979736000078], [46.626378233000025, 24.801977950000037], [46.62637470400006, 24.80197647400007], [46.626371033000055, 24.801975319000064], [46.62636725500005, 24.80197449900004], [46.62636340800003, 24.801974021000035], [46.62635952900007, 24.801973889000067], [46.626355653000076, 24.801974105000056], [46.626351820000025, 24.801974667000025], [46.62634806500006, 24.801975569000035], [46.62634501400004, 24.80197660300007], [46.626344704000076, 24.801976473000025], [46.626341033000074, 24.801975319000064], [46.626337256000056, 24.80197449900004], [46.62633340800005, 24.801974021000035], [46.62632952900003, 24.801973890000056], [46.62632565400003, 24.801974105000056], [46.626321820000044, 24.801974667000025], [46.62631806500008, 24.801975569000035], [46.62631442500003, 24.80197680200007], [46.62631093600004, 24.801978356000063]]], [[[46.62628751300008, 24.802153557000054], [46.62628277600004, 24.802151035000065], [46.626277791000064, 24.802148948000024], [46.62627260700003, 24.80214731800004], [46.626267271000074, 24.802146160000063], [46.62626183700007, 24.80214548500004], [46.626256357000045, 24.802145299000074], [46.62625088300007, 24.80214560400003], [46.626245468000036, 24.802146397000058], [46.62624016400008, 24.802147671000057], [46.62623502400004, 24.802149413000052], [46.62623009500004, 24.80215160800003], [46.62622542500003, 24.802154232000078], [46.626221058000056, 24.802157261000048], [46.62621703900004, 24.802160668000056], [46.626213405000044, 24.80216441600004], [46.62621019100004, 24.80216847300005], [46.62620742800004, 24.802172797000026], [46.62620514200006, 24.802177347000054], [46.626203356000076, 24.802182080000023], [46.62620208700008, 24.802186950000078], [46.62620134800005, 24.802191910000033], [46.62620114400005, 24.802196912000056], [46.62620147800004, 24.802201909000075], [46.62620194100003, 24.80220453900006], [46.62620092000003, 24.802205247000074], [46.62619690100007, 24.802208652000047], [46.626193267000076, 24.802212402000066], [46.62619005200003, 24.802216457000043], [46.626187290000075, 24.802220782000063], [46.626185004000035, 24.802225332000035], [46.62618321800005, 24.80223006500006], [46.626181949000056, 24.802234935000058], [46.62618121000003, 24.80223989500007], [46.62618100600008, 24.802244898000026], [46.62618134000007, 24.802249894000056], [46.626182209000035, 24.802254837000078], [46.62618360400006, 24.80225967800004], [46.62618551300005, 24.802264371000035], [46.62618791700004, 24.802268870000034], [46.626190792000045, 24.80227313300003], [46.626194111000075, 24.802277118000063], [46.62619784200007, 24.80228078700003], [46.62620194900006, 24.802284104000023], [46.626206393000075, 24.80228703800003], [46.62621113000006, 24.802289561000066], [46.626216115000034, 24.80229164600007], [46.626221300000054, 24.802293276000057], [46.62622663600007, 24.80229443500008], [46.62623207000007, 24.802295111000035], [46.62623754900005, 24.802295297000057], [46.62624302300003, 24.802294991000053], [46.62624843800006, 24.802294198000027], [46.626253742000074, 24.802292924000028], [46.62625888300005, 24.802291181000044], [46.62626381200005, 24.802288988000043], [46.62626848200006, 24.802286363000064], [46.62627284800004, 24.802283333000048], [46.62627686700006, 24.802279928000075], [46.62628050200004, 24.802276179000046], [46.626283716000046, 24.802272123000023], [46.62628647900004, 24.80226779900005], [46.62628876500003, 24.802263249000077], [46.62629055100007, 24.802258515000062], [46.62629181900007, 24.802253646000054], [46.626292559000035, 24.802248685000052], [46.62629276400003, 24.80224368300003], [46.626292428000056, 24.802238686000067], [46.62629196600005, 24.802236056000027], [46.62629298600007, 24.802235348000067], [46.626297005000026, 24.80223194200005], [46.62630064000007, 24.802228194000065], [46.62630385400007, 24.802224137000053], [46.62630661700007, 24.80221981300008], [46.62630890300005, 24.80221526300005], [46.626310689000036, 24.802210530000025], [46.62631195700004, 24.802205660000027], [46.62631269700006, 24.802200699000025], [46.62631290200005, 24.80219569700006], [46.62631256600008, 24.80219070100003], [46.62631169800005, 24.802185758000064], [46.626310302000036, 24.802180917000044], [46.626308393000045, 24.80217622400005], [46.62630598900006, 24.80217172500005], [46.62630311500004, 24.802167462000057], [46.62629979500008, 24.80216347700008], [46.62629606400003, 24.802159808000056], [46.626291957000035, 24.802156491000062], [46.62628751300008, 24.802153557000054]]], [[[46.62605622700005, 24.803460353000048], [46.626051242000074, 24.803458266000064], [46.626046056000064, 24.803456636000078], [46.62604072200003, 24.803455478000046], [46.626035287000036, 24.803454803000022], [46.626029807000066, 24.803454617000057], [46.62602433300003, 24.80345492200007], [46.62601891800006, 24.80345571500004], [46.62601361500003, 24.80345698900004], [46.62600847300007, 24.803458731000035], [46.62600354400007, 24.803460925000024], [46.62599887400006, 24.80346354900007], [46.625994509000066, 24.80346657900003], [46.62599048900006, 24.80346998500005], [46.625986855000065, 24.80347373400008], [46.62598364100006, 24.803477790000045], [46.62598276600005, 24.803479159000062], [46.62597778500003, 24.80347899000003], [46.625972311000055, 24.803479295000045], [46.62596689500003, 24.80348008800007], [46.62596159200007, 24.80348136200007], [46.625956451000036, 24.803483104000065], [46.62595152200004, 24.803485298000055], [46.62594685100004, 24.803487922000045], [46.62594248600004, 24.80349095200006], [46.625938466000036, 24.803494358000023], [46.62593483300003, 24.803498107000053], [46.62593161800004, 24.803502163000076], [46.62592885500004, 24.80350648700005], [46.62592657000005, 24.803511038000067], [46.62592478400006, 24.803515770000047], [46.62592351500007, 24.803520641000034], [46.62592277400006, 24.803525601000047], [46.625922571000046, 24.80353060300007], [46.62592290500004, 24.803535599000043], [46.62592377400006, 24.803540542000064], [46.62592517000007, 24.803545384000074], [46.625927079000064, 24.80355007600008], [46.62592948200006, 24.803554575000078], [46.62593235800006, 24.80355883800007], [46.62593567700003, 24.80356282400004], [46.62593940700003, 24.803566492000073], [46.625943515000074, 24.803569810000056], [46.62594795800004, 24.803572744000064], [46.62595269500008, 24.803575266000053], [46.625957680000056, 24.803577352000048], [46.625962866000066, 24.803578982000033], [46.625964527000065, 24.803579343000024], [46.62596472300004, 24.803579711000054], [46.625967599000035, 24.80358397400005], [46.625970918000064, 24.803587958000037], [46.62597464900006, 24.80359162800005], [46.62597875600005, 24.803594944000054], [46.625983199000075, 24.803597878000062], [46.62598793700005, 24.80360040100004], [46.625992921000034, 24.803602487000035], [46.62599810700004, 24.803604117000077], [46.62600344200007, 24.803605275000052], [46.62600887600007, 24.803605951000065], [46.62601435700003, 24.80360613700003], [46.626019831000065, 24.803605832000073], [46.62602524600004, 24.803605038000057], [46.62603054900006, 24.80360376400006], [46.62603569100003, 24.803602022000064], [46.626040620000026, 24.803599828000074], [46.626045290000036, 24.803597203000038], [46.62604965500003, 24.803594174000068], [46.62605367500004, 24.80359076900004], [46.62605730900003, 24.803587019000076], [46.626060523000035, 24.803582963000053], [46.62606328700008, 24.803578639000023], [46.62606557200007, 24.80357408900005], [46.62606735800006, 24.803569356000025], [46.62606862600006, 24.803564486000028], [46.62606936700007, 24.803559526000072], [46.62606957100007, 24.80355452300006], [46.626069236000035, 24.80354952700003], [46.62606836700007, 24.803544584000065], [46.62606800700007, 24.80354333400004], [46.626070456000036, 24.80354126000003], [46.62607409000003, 24.80353751100006], [46.626077304000034, 24.803533455000036], [46.62608006800008, 24.80352913100006], [46.62608235300007, 24.803524581000033], [46.626084139000056, 24.803519848000064], [46.62608540800005, 24.803514978000067], [46.62608614800007, 24.803510017000065], [46.62608635200007, 24.80350501600003], [46.62608601800008, 24.80350001900007], [46.62608514800007, 24.803495076000047], [46.626083752000056, 24.803490235000027], [46.626081843000065, 24.803485542000033], [46.62607944000007, 24.803481043000033], [46.62607656500006, 24.80347678000004], [46.62607324500004, 24.80347279500006], [46.62606951500004, 24.80346912600004], [46.626065407000056, 24.803465808000055], [46.62606096400003, 24.803462874000047], [46.62605622700005, 24.803460353000048]]], [[[46.62585371400007, 24.803861228000073], [46.62584897600004, 24.80385870500004], [46.62584399100007, 24.803856619000044], [46.62583880600005, 24.803854989000058], [46.62583347100008, 24.803853831000026], [46.625828037000076, 24.80385315500007], [46.62582255600006, 24.803852969000047], [46.625817082000026, 24.803853274000062], [46.62581166700005, 24.803854068000078], [46.62580636400003, 24.803855342000077], [46.625801222000064, 24.80385708400007], [46.625796293000064, 24.80385927800006], [46.625791623000055, 24.80386190200005], [46.62578725800006, 24.803864932000067], [46.625783238000054, 24.80386833700004], [46.62577960400006, 24.80387208700006], [46.625776390000055, 24.803876142000036], [46.62577362600007, 24.803880467000056], [46.625771341000075, 24.803885017000027], [46.62576955500003, 24.803889750000053], [46.62576828600004, 24.80389462000005], [46.62576754600008, 24.803899580000063], [46.625767342000074, 24.803904583000076], [46.625767676000066, 24.80390957900005], [46.625768546000074, 24.80391452200007], [46.625769941000044, 24.803919363000034], [46.625771850000035, 24.803924056000028], [46.62577425300003, 24.803928555000027], [46.62577712900003, 24.803932818000078], [46.62578044800006, 24.803936803000056], [46.62578417900005, 24.80394047200008], [46.625788286000045, 24.803943789000073], [46.62579272900007, 24.803946723000024], [46.62579746700004, 24.80394924600006], [46.62580245200007, 24.803951331000064], [46.62580763700004, 24.80395296100005], [46.62581297200006, 24.80395412000007], [46.625818407000054, 24.803954796000028], [46.62582388700008, 24.80395498200005], [46.62582936100006, 24.803954677000036], [46.62583477600003, 24.803953883000077], [46.62584007900006, 24.803952609000078], [46.62584522100008, 24.803950866000037], [46.625850150000076, 24.803948673000036], [46.62585482000003, 24.803946048000057], [46.62585918500008, 24.80394301800004], [46.62586320500003, 24.803939613000068], [46.625866839000025, 24.80393586400004], [46.62587005300003, 24.803931808000073], [46.62587281700007, 24.80392748400004], [46.625875102000066, 24.80392293400007], [46.62587688800005, 24.803918200000055], [46.625878157000045, 24.803913331000047], [46.625878897000064, 24.803908370000045], [46.625879101000066, 24.80390336800008], [46.625878767000074, 24.80389837100006], [46.625877897000066, 24.803893428000038], [46.62587650200004, 24.803888588000063], [46.62587459300005, 24.803883894000023], [46.62587219000005, 24.803879395000024], [46.625869314000056, 24.80387513200003], [46.62586599500003, 24.80387114800004], [46.625862264000034, 24.80386747800003], [46.62585815700004, 24.803864162000025], [46.62585371400007, 24.803861228000073]]], [[[46.62568282900003, 24.804168938000032], [46.62567784400005, 24.804166851000048], [46.62567265800004, 24.80416522200005], [46.62566732400006, 24.80416406300003], [46.62566188900007, 24.804163388000063], [46.625656409000044, 24.80416320200004], [46.62565093500007, 24.804163507000055], [46.625645520000035, 24.804164300000025], [46.62564021700007, 24.80416557500007], [46.62563507500005, 24.804167316000076], [46.62563014600005, 24.804169511000055], [46.62562547600004, 24.804172136000034], [46.625621110000054, 24.80417516500006], [46.62561709000005, 24.804178570000033], [46.62561345700004, 24.804182319000063], [46.62561024200005, 24.80418637500003], [46.62560747900005, 24.80419070000005], [46.62560519400006, 24.804195250000078], [46.625603408000075, 24.804199983000046], [46.62560213900008, 24.804204853000044], [46.62560139800007, 24.804209813000057], [46.62560119400007, 24.80421481600007], [46.62560147900007, 24.804219078000074], [46.62559880300006, 24.80422026900004], [46.62559413300005, 24.80422289300003], [46.625589767000065, 24.804225923000047], [46.62558574800005, 24.804229329000066], [46.625582113000064, 24.80423307700005], [46.62557889900006, 24.80423713400006], [46.62557613600006, 24.804241457000046], [46.62557385000008, 24.804246008000064], [46.62557206400004, 24.804250741000033], [46.625570795000044, 24.80425561100003], [46.625570055000026, 24.804260571000043], [46.62556985100008, 24.804265573000066], [46.62557018500007, 24.80427057000003], [46.62557105500008, 24.80427551300005], [46.625572100000056, 24.804279136000048], [46.62556810500007, 24.80428091500005], [46.62556343500006, 24.80428353900004], [46.625559069000076, 24.804286569000055], [46.62555505000006, 24.804289975000074], [46.625551415000075, 24.804293723000058], [46.62554820100007, 24.804297779000024], [46.625545438000074, 24.804302103000055], [46.625543152000034, 24.804306654000072], [46.62554136600005, 24.80431138700004], [46.625540097000055, 24.80431625700004], [46.625539358000026, 24.80432121700005], [46.625539153000034, 24.804326219000075], [46.62553948800007, 24.804331216000037], [46.625540357000034, 24.80433615900006], [46.62554175200006, 24.804340999000033], [46.62554366100005, 24.804345693000073], [46.62554606500004, 24.804350192000072], [46.625548940000044, 24.804354455000066], [46.625552259000074, 24.804358439000055], [46.625555991000056, 24.804362109000067], [46.62556009800005, 24.80436542600006], [46.62556454200006, 24.80436836000007], [46.62556927900005, 24.804370882000057], [46.62557426400008, 24.804372968000052], [46.62557944900004, 24.804374598000038], [46.62558478400007, 24.80437575600007], [46.62559021900006, 24.804376432000026], [46.62559569800004, 24.80437661800005], [46.625601172000074, 24.804376313000034], [46.62560658700005, 24.804375519000075], [46.62561189200005, 24.804374246000066], [46.62561703200004, 24.804372503000025], [46.625621961000036, 24.804370310000024], [46.625626632000035, 24.804367685000045], [46.62563099800008, 24.80436465500003], [46.625635017000036, 24.804361250000056], [46.62563865200008, 24.804357500000037], [46.62564186600008, 24.80435344500006], [46.62564462900008, 24.80434912100003], [46.62564691500006, 24.80434457100006], [46.625648701000046, 24.804339837000043], [46.62564996900005, 24.804334968000035], [46.62565070900007, 24.804330007000033], [46.62565091300007, 24.804325005000067], [46.625650578000034, 24.804320008000047], [46.62564971000006, 24.804315066000072], [46.62564866400004, 24.80431144100004], [46.625652659000025, 24.804309664000073], [46.62565733000008, 24.804307039000037], [46.625661696000066, 24.804304009000077], [46.625665715000025, 24.804300604000048], [46.62566934900008, 24.804296855000075], [46.62567256300008, 24.804292799000052], [46.62567532700007, 24.804288475000078], [46.62567761200006, 24.80428392400006], [46.625679398000045, 24.804279191000035], [46.62568066700004, 24.804274321000037], [46.62568140700006, 24.804269361000024], [46.62568161100006, 24.804264359000058], [46.62568132600006, 24.804260096000064], [46.62568400300006, 24.80425890500004], [46.62568867300007, 24.80425628100005], [46.625693038000065, 24.804253251000034], [46.62569705800007, 24.804249845000072], [46.625700692000066, 24.804246097000032], [46.62570390600007, 24.804242040000076], [46.625706670000056, 24.804237717000035], [46.62570895500005, 24.804233166000074], [46.625710741000034, 24.804228434000038], [46.62571201000003, 24.80422356300005], [46.62571275000005, 24.804218604000027], [46.62571295400005, 24.80421360100007], [46.62571262000006, 24.804208604000053], [46.62571175000005, 24.804203662000077], [46.62571035500008, 24.804198821000057], [46.62570844600003, 24.804194128000063], [46.62570604300004, 24.804189628000074], [46.62570316700004, 24.80418536600007], [46.62569984800007, 24.804181380000045], [46.625696117000075, 24.80417771200007], [46.62569200900003, 24.804174395000075], [46.62568756600007, 24.804171461000067], [46.62568282900003, 24.804168938000032]]], [[[46.625661566000076, 24.80330901700006], [46.62565682800005, 24.803306495000072], [46.62565184300007, 24.803304409000077], [46.62564665900004, 24.803302779000035], [46.625641323000025, 24.80330162100006], [46.62563588900008, 24.803300945000046], [46.62563040900005, 24.803300759000024], [46.625624935000076, 24.80330106400004], [46.62561952000004, 24.803301857000065], [46.62561421600003, 24.803303131000064], [46.62560907500006, 24.803304874000048], [46.62560414600006, 24.80330706700005], [46.62559947600005, 24.803309692000028], [46.62559511000006, 24.803312722000044], [46.62559109100005, 24.803316127000073], [46.62558745600006, 24.803319876000046], [46.62558424200006, 24.80332393200007], [46.62558147900006, 24.803328256000043], [46.62557919300008, 24.80333280600007], [46.62557740700004, 24.80333754000003], [46.62557613800004, 24.803342409000038], [46.62557539900007, 24.80334737000004], [46.62557519500007, 24.803352372000063], [46.62557552900006, 24.803357369000025], [46.62557639800008, 24.803362312000047], [46.625577012000065, 24.803364443000078], [46.62557581200008, 24.80336527700007], [46.62557179200007, 24.80336868200004], [46.62556815800008, 24.80337243200006], [46.625564944000075, 24.803376487000037], [46.62556218000003, 24.803380811000068], [46.62555989500004, 24.80338536100004], [46.62555810900005, 24.803390095000054], [46.62555684000006, 24.803394964000063], [46.62555609900005, 24.803399925000065], [46.62555589600004, 24.80340492700003], [46.62555623000003, 24.80340992400005], [46.62555710000004, 24.803414867000072], [46.625558495000064, 24.803419707000046], [46.625559500000065, 24.80342217900005], [46.62555500500008, 24.803424704000065], [46.62555063900004, 24.803427734000024], [46.62554662000008, 24.803431140000043], [46.62554298500004, 24.803434888000027], [46.625539771000035, 24.80343894500004], [46.62553700800004, 24.80344326900007], [46.625534722000054, 24.80344781900004], [46.62553293600007, 24.803452552000067], [46.625531667000075, 24.803457422000065], [46.625530928000046, 24.803462383000067], [46.62553072400004, 24.803467385000033], [46.625531058000036, 24.803472381000063], [46.625531927000054, 24.803477324000028], [46.62553332300007, 24.803482165000048], [46.625533724000036, 24.803483150000034], [46.625529363000055, 24.803484628000035], [46.625524434000056, 24.803486821000035], [46.625519764000046, 24.80348944600007], [46.62551539800006, 24.80349247600003], [46.625511379000045, 24.80349588100006], [46.62550774400006, 24.803499631000022], [46.62550453000006, 24.803503686000056], [46.62550176700006, 24.80350801000003], [46.62549948100008, 24.803512561000048], [46.625497695000035, 24.803517294000073], [46.62549642600004, 24.80352216400007], [46.62549568700007, 24.803527124000027], [46.625495483000066, 24.80353212600005], [46.62549581700006, 24.80353712300007], [46.625496686000076, 24.803542066000034], [46.625498081000046, 24.803546907000054], [46.62549999000004, 24.80355160000005], [46.62550239400008, 24.803556099000048], [46.62550526900003, 24.80356036200004], [46.62550858800006, 24.803564347000076], [46.62551232000004, 24.803568016000042], [46.62551642600005, 24.803571333000036], [46.62552087000006, 24.803574267000045], [46.62552560800003, 24.803576790000022], [46.625530593000065, 24.803578875000028], [46.62553577700004, 24.80358050500007], [46.625541113000054, 24.803581664000035], [46.625546547000056, 24.803582340000048], [46.62555202800007, 24.80358252600007], [46.62555750100006, 24.803582221000056], [46.625562916000035, 24.80358142700004], [46.62556822000005, 24.80358015300004], [46.62557336100008, 24.803578410000057], [46.62557829000008, 24.803576217000057], [46.62558296000003, 24.803573592000077], [46.62558732600007, 24.80357056200006], [46.62559134500003, 24.803567157000032], [46.62559498000007, 24.80356340800006], [46.62559819400008, 24.803559352000036], [46.625600957000074, 24.803555028000062], [46.62560324300006, 24.803550478000034], [46.62560502900004, 24.803545744000076], [46.62560629800004, 24.803540875000067], [46.625607037000066, 24.803535914000065], [46.62560724200006, 24.803530912000042], [46.625606907000076, 24.803525915000023], [46.62560603800006, 24.803520972000058], [46.62560464300003, 24.803516132000027], [46.625604241000076, 24.80351514700004], [46.62560860200006, 24.80351366900004], [46.625613531000056, 24.80351147500005], [46.625618201000066, 24.80350885100006], [46.62562256700005, 24.803505821000044], [46.62562658600007, 24.803502415000025], [46.62563022100005, 24.803498666000053], [46.625633435000054, 24.80349461000003], [46.62563619800005, 24.803490286000056], [46.625638484000035, 24.803485736000027], [46.625640270000076, 24.80348100300006], [46.62564153900007, 24.80347613300006], [46.62564227800004, 24.80347117200006], [46.625642482000046, 24.803466171000025], [46.625642148000054, 24.803461174000063], [46.625641279000035, 24.80345623100004], [46.625639884000066, 24.803451390000077], [46.625638878000075, 24.80344891900006], [46.62564337400005, 24.80344639300006], [46.625647739000044, 24.803443363000042], [46.62565175900005, 24.80343995800007], [46.625655392000056, 24.80343620900004], [46.62565860700005, 24.803432153000074], [46.625661370000046, 24.803427829000043], [46.62566365500004, 24.80342327900007], [46.62566544100008, 24.803418545000056], [46.625666710000075, 24.803413676000048], [46.62566745100003, 24.803408715000046], [46.62566765500003, 24.803403713000023], [46.62566732000005, 24.80339871600006], [46.62566645100003, 24.80339377300004], [46.62566583600005, 24.803391642000065], [46.625667038000074, 24.803390808000074], [46.625671057000034, 24.803387403000045], [46.625674692000075, 24.803383653000026], [46.62567790600008, 24.80337959800005], [46.625680669000076, 24.803375274000075], [46.62568295500006, 24.803370724000047], [46.62568474100004, 24.80336599000003], [46.62568601000004, 24.803361121000023], [46.62568674900007, 24.803356160000078], [46.62568695300007, 24.803351158000055], [46.62568661900008, 24.803346161000036], [46.62568575000006, 24.80334121800007], [46.62568435500003, 24.80333637800004], [46.62568244600004, 24.803331684000057], [46.625680042000056, 24.803327185000057], [46.62567716700005, 24.803322922000063], [46.625673848000076, 24.803318938000075], [46.62567011600004, 24.803315268000063], [46.62566601000003, 24.80331195100007], [46.625661566000076, 24.80330901700006]]], [[[46.625477809000074, 24.80366471700006], [46.625473072000034, 24.803662195000072], [46.62546808700006, 24.803660109000077], [46.62546290100005, 24.803658479000035], [46.62545756600008, 24.80365732100006], [46.62545213200008, 24.803656645000046], [46.62544665200005, 24.803656459000024], [46.625441178000074, 24.80365676400004], [46.62543576200005, 24.803657557000065], [46.62543045900003, 24.803658831000064], [46.625425318000055, 24.803660574000048], [46.625420389000055, 24.80366276700005], [46.625415718000056, 24.803665392000028], [46.62541135300006, 24.803668422000044], [46.625407333000055, 24.803671827000073], [46.62540369900006, 24.803675576000046], [46.62540048500006, 24.80367963200007], [46.62539772100007, 24.803683956000043], [46.625395436000076, 24.80368850600007], [46.625393650000035, 24.80369324000003], [46.62539238200003, 24.803698109000038], [46.62539164100008, 24.80370307000004], [46.625391437000076, 24.803708072000063], [46.62539165100003, 24.803711263000025], [46.62538766500006, 24.80371303800007], [46.62538299500005, 24.80371566200006], [46.62537863000006, 24.80371869100003], [46.62537461000005, 24.803722097000048], [46.625370976000056, 24.803725846000077], [46.62536776200005, 24.803729902000043], [46.625364998000066, 24.803734227000064], [46.62536271300007, 24.803738777000035], [46.62536092700003, 24.80374350900007], [46.625359658000036, 24.80374838000006], [46.625358918000074, 24.80375334000007], [46.62535871400007, 24.803758343000027], [46.625359048000064, 24.803763338000067], [46.62535991800007, 24.803768281000032], [46.62536131300004, 24.803773123000042], [46.62536322200003, 24.803777815000046], [46.62536562500003, 24.803782314000046], [46.625368501000025, 24.80378657700004], [46.625371820000055, 24.803790563000064], [46.62537555000006, 24.80379423100004], [46.62537720800003, 24.803795569000044], [46.62537717300006, 24.803796426000076], [46.62537750800004, 24.80380142200005], [46.62537837600007, 24.80380636500007], [46.62537977200003, 24.803811206000034], [46.62538168100008, 24.80381589900003], [46.625384085000064, 24.803820398000028], [46.62538696000007, 24.80382466100008], [46.625390279000044, 24.803828646000056], [46.625394010000036, 24.803832315000022], [46.62539811700003, 24.803835632000073], [46.625402561000044, 24.803838566000024], [46.62540729800003, 24.80384108900006], [46.62541228300006, 24.803843174000065], [46.62541746800008, 24.80384480500004], [46.62542280400004, 24.80384596300007], [46.62542823800004, 24.803846639000028], [46.62543371800007, 24.80384682500005], [46.625439191000055, 24.803846520000036], [46.62544460600003, 24.803845726000077], [46.62544991100003, 24.803844452000078], [46.625455051000074, 24.803842710000026], [46.62545998000007, 24.803840516000037], [46.62546465100007, 24.803837891000057], [46.62546901700006, 24.80383486200003], [46.62547303600007, 24.80383145600007], [46.62547667100006, 24.80382770700004], [46.62547988500006, 24.803823651000073], [46.62548264800006, 24.803819327000042], [46.62548493300005, 24.80381477700007], [46.625486720000026, 24.803810044000045], [46.62548798800003, 24.803805174000047], [46.62548872800005, 24.803800214000034], [46.62548893300004, 24.80379521100008], [46.62548859700007, 24.80379021500005], [46.62548772900004, 24.803785272000027], [46.625486333000026, 24.803780431000064], [46.625484424000035, 24.80377573800007], [46.62548202000005, 24.80377123900007], [46.62547914600003, 24.803766976000077], [46.62547582700006, 24.803762991000042], [46.62547209500008, 24.803759322000076], [46.625470438000036, 24.80375798400007], [46.625470473000064, 24.80375712800003], [46.62547025900005, 24.803753936000078], [46.62547424500008, 24.80375216300007], [46.62547891500003, 24.803749538000034], [46.625483280000026, 24.803746508000074], [46.62548730100008, 24.803743103000045], [46.62549093400003, 24.803739354000072], [46.625494149000076, 24.80373529800005], [46.625496912000074, 24.803730974000075], [46.62549919700007, 24.803726424000047], [46.62550098300005, 24.80372169000003], [46.62550225200005, 24.803716821000023], [46.625502993000055, 24.803711860000078], [46.62550319600007, 24.803706858000055], [46.625502862000076, 24.803701861000036], [46.62550199300006, 24.80369691800007], [46.62550059700004, 24.80369207800004], [46.62549868800005, 24.803687384000057], [46.625496285000054, 24.803682885000057], [46.62549340900006, 24.803678622000064], [46.62549009000003, 24.803674638000075], [46.625486360000025, 24.803670968000063], [46.62548225200004, 24.80366765100007], [46.625477809000074, 24.80366471700006]]], [[[46.62535823300004, 24.803917951000074], [46.625354704000074, 24.803916473000072], [46.62535103300007, 24.803915319000055], [46.625347256000055, 24.80391449900003], [46.62534340900004, 24.803914021000026], [46.62533952900003, 24.803913890000047], [46.625335654000025, 24.803914105000047], [46.62533182000004, 24.803914667000072], [46.625328065000076, 24.803915569000026], [46.62532442600008, 24.80391680200006], [46.62532093600004, 24.803918356000054], [46.62531763000004, 24.803920214000073], [46.625314539000044, 24.80392235900007], [46.62531260900005, 24.80392399400006], [46.62530952900005, 24.803923889000032], [46.625305654000044, 24.803924106000068], [46.62530182000006, 24.803924667000047], [46.62529806500004, 24.803925569000057], [46.62529442500005, 24.803926803000024], [46.625290936000056, 24.80392835600003], [46.62528763000006, 24.803930214000047], [46.62528453900006, 24.803932359000044], [46.62528169400008, 24.80393477000007], [46.62527912000007, 24.803937424000026], [46.62527684500003, 24.803940295000075], [46.625274888000035, 24.803943357000037], [46.625273271000026, 24.803946578000023], [46.625272006000046, 24.803949929000055], [46.62527110700006, 24.803953376000038], [46.62527058300003, 24.803956888000073], [46.625270439000076, 24.803960430000075], [46.62527067500008, 24.803963968000062], [46.62527129100005, 24.803967467000064], [46.62527227900006, 24.80397089300004], [46.62527363100003, 24.80397421600003], [46.62527487500006, 24.80397654500007], [46.62527470400005, 24.803976473000034], [46.62527103300005, 24.803975319000074], [46.62526725600003, 24.80397449900005], [46.62526340900007, 24.803974021000045], [46.62525952900006, 24.803973890000066], [46.62525565400006, 24.803974105000066], [46.625251820000074, 24.803974667000034], [46.62524806500005, 24.803975569000045], [46.62524442500006, 24.803976802000022], [46.62524093600007, 24.803978356000073], [46.62523763000007, 24.803980214000035], [46.625234539000076, 24.80398235900003], [46.625231693000046, 24.803984769000067], [46.62522912000003, 24.80398742400007], [46.62522684500004, 24.803990295000062], [46.62522488900004, 24.803993357000024], [46.62522327100004, 24.803996578000067], [46.62522200600006, 24.803999929000042], [46.62522110700007, 24.804003377000072], [46.62522058300004, 24.80400688800006], [46.62522043900003, 24.804010430000062], [46.62522067500004, 24.80401396700006], [46.62522129100006, 24.80401746600006], [46.62522227900007, 24.804020894000075], [46.62522363100004, 24.804024216000073], [46.62522533300006, 24.80402740200003], [46.625227368000026, 24.80403041900007], [46.62522971700008, 24.804033240000024], [46.62523235900005, 24.80403583800006], [46.62523526700005, 24.80403818700006], [46.625238413000034, 24.804040263000047], [46.625241767000034, 24.804042050000078], [46.62524529500007, 24.804043527000033], [46.62524896600007, 24.80404468000006], [46.62525274400008, 24.804045501000076], [46.62525659100004, 24.804045979000023], [46.62526047100005, 24.804046111000048], [46.62526434600005, 24.80404589500006], [46.625268179000045, 24.804045333000033], [46.62527193400007, 24.804044431000023], [46.62527557400006, 24.804043198000045], [46.62527906500003, 24.80404164500004], [46.62528000800006, 24.80404111300004], [46.62528176600006, 24.804042050000078], [46.62528529600007, 24.804043526000044], [46.625288967000074, 24.80404468100005], [46.625292743000045, 24.80404550000003], [46.62529659100005, 24.804045979000023], [46.62530047100006, 24.804046111000048], [46.62530434700005, 24.80404589400007], [46.62530818000005, 24.804045333000033], [46.62531193400008, 24.804044431000023], [46.62531557400007, 24.804043197000055], [46.62531906400005, 24.80404164400005], [46.62532237100004, 24.804039786000033], [46.625325461000045, 24.804037641000036], [46.62532830600003, 24.804035230000068], [46.625330879000046, 24.804032576000054], [46.62533315500008, 24.80402970500006], [46.62533511200007, 24.804026643000043], [46.625336729000026, 24.804023422000057], [46.62533799400006, 24.804020071000025], [46.62533889200006, 24.80401662400004], [46.62533941600003, 24.804013112000064], [46.62533956100003, 24.804009570000062], [46.62533932400004, 24.804006032000075], [46.62533870800007, 24.804002533000073], [46.62533772100005, 24.80399910700004], [46.62533636900008, 24.80399578400005], [46.62533466800005, 24.803992598000036], [46.625332643000036, 24.803989597000054], [46.625335462000066, 24.80398764100005], [46.62533739100007, 24.80398600600006], [46.62534047100007, 24.80398611100003], [46.62534434600008, 24.80398589500004], [46.62534818000006, 24.80398533300007], [46.625351935000026, 24.80398443100006], [46.62535557500007, 24.803983198000026], [46.625359064000065, 24.803981644000032], [46.62536237000006, 24.80397978600007], [46.62536546100006, 24.803977641000074], [46.62536830700003, 24.80397523000005], [46.62537088000005, 24.803972576000035], [46.625373155000034, 24.803969704000053], [46.62537511100004, 24.803966643000024], [46.62537673000003, 24.803963422000038], [46.625377994000075, 24.803960071000063], [46.62537889300006, 24.803956623000033], [46.62537941700003, 24.803953111000055], [46.625379560000056, 24.803949571000032], [46.62537932400005, 24.803946033000045], [46.625378709000074, 24.803942534000043], [46.62537772100006, 24.80393910600003], [46.625376370000026, 24.803935784000032], [46.625374667000074, 24.803932599000063], [46.62537263200005, 24.803929581000034], [46.62537028200006, 24.803926760000024], [46.625367641000025, 24.803924162000044], [46.625364733000026, 24.803921813000045], [46.62536158700004, 24.80391973600007], [46.62535823300004, 24.803917951000074]]], [[[46.62527901400006, 24.80412350900008], [46.625274277000074, 24.804120986000044], [46.62526929200004, 24.804118901000038], [46.62526410600003, 24.804117270000063], [46.62525877200005, 24.80411611200003], [46.62525333700006, 24.804115436000075], [46.62524785700003, 24.804115250000052], [46.62524238300006, 24.804115555000067], [46.62523696900007, 24.804116349000026], [46.62523166500006, 24.804117623000025], [46.62522652400003, 24.804119365000076], [46.62522159400004, 24.804121559000066], [46.625216925000075, 24.804124184000045], [46.625212558000044, 24.804127213000072], [46.62520853900003, 24.804130618000045], [46.62520490400004, 24.804134368000064], [46.62520169000004, 24.80413842300004], [46.62519892700004, 24.80414274800006], [46.62519664100006, 24.804147298000032], [46.625194855000075, 24.804152031000058], [46.62519358700007, 24.804156901000056], [46.62519284600006, 24.80416186100007], [46.62519268400007, 24.804165838000074], [46.62519103300008, 24.80416531900005], [46.62518725600006, 24.80416450000007], [46.625183409000044, 24.804164021000076], [46.625179529000036, 24.80416388900005], [46.62517565400003, 24.80416410600003], [46.62517182000005, 24.804164667000066], [46.625168065000025, 24.804165569000077], [46.625164426000026, 24.804166803000044], [46.62516093600004, 24.804168356000048], [46.62515763000005, 24.804170214000067], [46.62515453900005, 24.804172359000063], [46.62515169300008, 24.80417477000003], [46.62514912000006, 24.804177424000045], [46.625146845000074, 24.804180295000037], [46.62514488900007, 24.804183356000067], [46.62514327000008, 24.804186578000042], [46.62514200600003, 24.804189929000074], [46.62514110700005, 24.804193376000057], [46.625140583000075, 24.804196888000035], [46.62514043900006, 24.804200430000037], [46.62514067600006, 24.804203968000024], [46.625141291000034, 24.804207467000026], [46.625142279000045, 24.80421089300006], [46.625143630000025, 24.804214216000048], [46.625145333000034, 24.804217402000063], [46.62514736800006, 24.804220420000036], [46.625149718000046, 24.804223241000045], [46.625152359000026, 24.804225838000036], [46.625155267000025, 24.804228186000046], [46.625158413000065, 24.80423026400007], [46.625161767000066, 24.804232050000053], [46.625165296000034, 24.804233526000075], [46.625168967000036, 24.804234681000025], [46.625172744000054, 24.80423550000006], [46.62517659100007, 24.804235979000055], [46.62518047000003, 24.804236111000023], [46.625184346000026, 24.804235894000044], [46.625188180000066, 24.804235333000065], [46.62519193500003, 24.804234431000054], [46.62519557500008, 24.80423319700003], [46.62519906400007, 24.804231644000026], [46.62520237000007, 24.804229786000064], [46.625205461000064, 24.804227641000068], [46.62520830700004, 24.804225230000043], [46.625210880000054, 24.80422257600003], [46.62521315500004, 24.804219705000037], [46.625215111000045, 24.804216644000064], [46.625216730000034, 24.804213422000032], [46.62521799400008, 24.804210071000057], [46.62521824300006, 24.804209117000028], [46.625222767000025, 24.804211527000064], [46.62522775300005, 24.80421361200007], [46.62523293800007, 24.804215243000044], [46.625238273000036, 24.804216401000076], [46.62524370700004, 24.804217077000033], [46.625249187000065, 24.804217263000055], [46.62525466100004, 24.80421695800004], [46.625260076000075, 24.804216164000024], [46.62526537900004, 24.804214890000026], [46.62527052100006, 24.80421314800003], [46.62527545000006, 24.80421095400004], [46.62528012000007, 24.804208329000062], [46.625284487000044, 24.804205300000035], [46.62528850600006, 24.804201895000062], [46.625292140000056, 24.804198145000043], [46.62529535400006, 24.804194090000067], [46.625298118000046, 24.804189765000046], [46.62530040300004, 24.804185215000075], [46.62530218900008, 24.80418048200005], [46.625303458000076, 24.80417561200005], [46.62530419800004, 24.80417065200004], [46.62530440200004, 24.804165649000026], [46.62530406800005, 24.804160653000054], [46.62530319900003, 24.804155710000032], [46.62530180200008, 24.80415086900007], [46.62529989300003, 24.804146176000074], [46.62529749000004, 24.804141677000075], [46.62529461500003, 24.804137414000024], [46.62529129600006, 24.804133429000046], [46.625287565000065, 24.804129760000023], [46.62528345800007, 24.80412644300003], [46.62527901400006, 24.80412350900008]]], [[[46.62518158700004, 24.804289736000044], [46.62517823300004, 24.80428795000006], [46.62517470500006, 24.804286474000037], [46.62517103400006, 24.80428531900003], [46.625167256000054, 24.80428450000005], [46.62516340900004, 24.804284021000058], [46.62515952900003, 24.804283889000033], [46.625155654000025, 24.80428410600007], [46.62515182000004, 24.804284667000047], [46.625148065000076, 24.804285569000058], [46.62514442600008, 24.804286803000025], [46.62514093600004, 24.80428835600003], [46.62513763000004, 24.804290214000048], [46.625134539000044, 24.804292359000044], [46.62513169300007, 24.80429477000007], [46.625129120000054, 24.804297424000026], [46.62512684500007, 24.804300295000075], [46.62512488900006, 24.804303356000048], [46.625123270000074, 24.804306578000023], [46.625122006000026, 24.804309929000055], [46.62512110700004, 24.80431337600004], [46.62512058300007, 24.804316888000074], [46.62512043900006, 24.804320430000075], [46.62512067600005, 24.804323967000073], [46.62512129100003, 24.804327467000064], [46.62512227900004, 24.804330893000042], [46.625123630000076, 24.80433421600003], [46.62512533300003, 24.804337402000044], [46.62512736800005, 24.804340420000074], [46.62512971800004, 24.804343241000026], [46.62513235900008, 24.804345838000074], [46.625135267000076, 24.804348186000027], [46.62513841300006, 24.80435026400005], [46.62514176700006, 24.804352050000034], [46.62514529600003, 24.804353526000057], [46.62514896700003, 24.804354681000063], [46.62515274400005, 24.804355500000042], [46.625156591000064, 24.804355979000036], [46.625160470000026, 24.80435611100006], [46.625164346000076, 24.804355894000025], [46.62516818000006, 24.804355333000046], [46.625171935000026, 24.804354431000036], [46.62517557500007, 24.80435319700007], [46.625179064000065, 24.804351644000064], [46.62518237000006, 24.804349786000046], [46.62518546100006, 24.80434764100005], [46.62518830700003, 24.804345230000024], [46.62519088000005, 24.804342576000067], [46.625193155000034, 24.804339705000075], [46.62519511100004, 24.804336644000045], [46.62519673000003, 24.80433342200007], [46.625197994000075, 24.804330071000038], [46.62519889300006, 24.804326624000055], [46.62519941700003, 24.804323112000077], [46.625199561000045, 24.804319570000075], [46.62519932500004, 24.80431603200003], [46.625198709000074, 24.80431253300003], [46.62519772100006, 24.80430910700005], [46.625196370000026, 24.804305784000064], [46.62519466700007, 24.80430259800005], [46.62519263200005, 24.804299580000077], [46.62519028200006, 24.804296759000067], [46.625187641000025, 24.804294162000076], [46.625184733000026, 24.804291814000067], [46.62518158700004, 24.804289736000044]]], [[[46.62490817300005, 24.80462544900007], [46.62490461600004, 24.80462846200004], [46.624901400000056, 24.804631779000033], [46.62489855500007, 24.804635370000028], [46.624896111000055, 24.80463919500005], [46.624894088000076, 24.804643223000028], [46.62489250700003, 24.804647411000076], [46.62489138500007, 24.804651721000027], [46.62489073000006, 24.804656110000053], [46.62489054900004, 24.804660537000075], [46.62489084500004, 24.804664959000036], [46.624891614000035, 24.80466933300005], [46.62489284900005, 24.80467361700005], [46.624894538000035, 24.80467777000007], [46.62489666600004, 24.80468175200008], [46.624899209000034, 24.804685525000025], [46.62490214700006, 24.804689051000025], [46.62490544800005, 24.80469229700003], [46.624909083000034, 24.804695234000064], [46.62491301500006, 24.804697830000066], [46.624917208000056, 24.80470006200005], [46.624921620000066, 24.804701908000027], [46.62492620900008, 24.804703351000057], [46.62493092900007, 24.804704376000075], [46.62493573900008, 24.80470497300007], [46.62494058900006, 24.80470513800003], [46.62494543300005, 24.804704868000044], [46.62495022400003, 24.80470416600008], [46.62495491800007, 24.80470303900006], [46.62495946800004, 24.804701497000053], [46.62496383100006, 24.80469955500007], [46.624967963000074, 24.80469723300007], [46.624971826000035, 24.804694552000058], [46.62497538300005, 24.804691537000053], [46.62497859900003, 24.80468822100005], [46.62498144400007, 24.804684631000043], [46.62498389000007, 24.804680804000043], [46.624985913000046, 24.804676777000054], [46.62498749300005, 24.804672589000063], [46.62498861600005, 24.804668280000044], [46.62498927100006, 24.80466389000003], [46.62498945200008, 24.804659463000064], [46.62498915500004, 24.804655041000046], [46.62498838600004, 24.804650667000033], [46.62498835000008, 24.80465054000007], [46.62499161900007, 24.80465190800004], [46.62499620800003, 24.80465335100007], [46.625000930000056, 24.80465437600003], [46.62500573900007, 24.804654974000073], [46.625010589000055, 24.804655139000033], [46.625015432000055, 24.804654868000057], [46.62502022500007, 24.804654166000034], [46.625024918000065, 24.804653039000073], [46.62502946800004, 24.804651497000066], [46.62503383000006, 24.804649555000026], [46.62503796300007, 24.804647232000036], [46.62504182600003, 24.804644551000024], [46.62504538400003, 24.804641538000055], [46.62504860000007, 24.80463822100006], [46.625051444000064, 24.804634631000056], [46.62505389000006, 24.804630805000045], [46.62505591200005, 24.804626777000067], [46.62505749300004, 24.804622589000076], [46.62505861600005, 24.804618279000067], [46.625059271000055, 24.80461389000004], [46.62505945200007, 24.804609463000077], [46.62505915600008, 24.80460504100006], [46.62505838700008, 24.804600667000045], [46.62505715200007, 24.804596383000046], [46.625055461000045, 24.804592230000026], [46.625053335000075, 24.804588248000073], [46.625050790000046, 24.80458447500007], [46.62504785300007, 24.80458094900007], [46.62504455100003, 24.804577703000064], [46.625040916000046, 24.80457476600003], [46.625036984000076, 24.80457217000003], [46.625032917000055, 24.804570005000073], [46.62503315600003, 24.804569705000063], [46.625035112000035, 24.804566644000033], [46.62503673000003, 24.804563422000058], [46.62503799400008, 24.804560071000026], [46.62503889200008, 24.804556623000053], [46.62503941600005, 24.804553111000075], [46.62503956100005, 24.804549570000063], [46.625039324000056, 24.804546033000065], [46.62503870900008, 24.804542534000063], [46.62503772000008, 24.80453910600005], [46.62503636900004, 24.804535784000052], [46.62503466800007, 24.804532599000026], [46.625032633000046, 24.804529581000054], [46.62503028200007, 24.804526759000055], [46.62502764100003, 24.804524162000064], [46.62502473400008, 24.804521813000065], [46.62502158800004, 24.80451973600003], [46.62501823400004, 24.804517951000037], [46.62501470400008, 24.804516474000025], [46.62501103300008, 24.804515319000075], [46.62500725600006, 24.80451449900005], [46.62500341000003, 24.804514021000045], [46.624999529000036, 24.804513890000067], [46.62499565400003, 24.804514105000067], [46.62499182000005, 24.804514667000035], [46.624988065000025, 24.804515569000046], [46.624984426000026, 24.80451680300007], [46.62498093600004, 24.804518356000074], [46.624977630000046, 24.804520214000036], [46.62497453900005, 24.804522358000042], [46.62497169400007, 24.804524769000068], [46.62496912000006, 24.80452742400007], [46.624966845000074, 24.804530295000063], [46.62496488800008, 24.804533357000025], [46.62496327000008, 24.804536578000068], [46.62496200600003, 24.804539929000043], [46.62496110700005, 24.804543377000073], [46.624960583000075, 24.80454688800006], [46.62496043900006, 24.804550430000063], [46.62496067500007, 24.80455396700006], [46.62496097300004, 24.804555658000027], [46.624959776000026, 24.80455583400004], [46.62495508200004, 24.80455696100006], [46.62495053200007, 24.804558503000067], [46.624946169000054, 24.80456044500005], [46.62494203700004, 24.80456276800004], [46.62493817400008, 24.80456544900005], [46.624934617000065, 24.804568462000077], [46.624931401000026, 24.80457177900007], [46.62492855600004, 24.804575369000077], [46.62492611000005, 24.80457919500003], [46.62492408700007, 24.804583223000066], [46.624922507000065, 24.804587411000057], [46.62492138400006, 24.804591721000065], [46.62492072900005, 24.804596110000034], [46.624920548000034, 24.804600537000056], [46.62492084500008, 24.804604959000073], [46.62492161400007, 24.80460933300003], [46.62492284900003, 24.80461361700003], [46.624924315000044, 24.804617221000058], [46.62492053200003, 24.80461850300003], [46.62491617000006, 24.80462044500007], [46.62491203700006, 24.80462276800006], [46.62490817300005, 24.80462544900007]]], [[[46.62474158800006, 24.80594973600006], [46.62473823400006, 24.805947951000064], [46.62473470400005, 24.805946474000052], [46.624731034000035, 24.805945319000045], [46.624727257000075, 24.805944499000077], [46.62472340900007, 24.805944021000073], [46.62471952900006, 24.805943889000048], [46.62471565300007, 24.805944105000037], [46.62471182100006, 24.805944667000063], [46.62470806600004, 24.805945569000073], [46.62470442600005, 24.80594680300004], [46.62470093500008, 24.805948356000044], [46.62469762900008, 24.805950214000063], [46.62469453800003, 24.80595235800007], [46.624691693000045, 24.805954770000028], [46.62468912000003, 24.80595742400004], [46.62468684400005, 24.805960295000034], [46.62468488800005, 24.805963357000053], [46.62468327000005, 24.80596657800004], [46.62468200600006, 24.805969928000025], [46.62468110700007, 24.805973376000054], [46.62468058300004, 24.805976888000032], [46.62468043800004, 24.805980430000034], [46.624680675000036, 24.805983968000078], [46.62468129100006, 24.805987466000033], [46.62468227900007, 24.805990893000057], [46.62468363000005, 24.805994216000045], [46.62468533200007, 24.80599740200006], [46.62468606400006, 24.805998487000068], [46.624685363000026, 24.805998656000043], [46.62468022200005, 24.806000398000037], [46.62467529300005, 24.806002591000038], [46.62467062200005, 24.806005216000074], [46.62466625600007, 24.806008246000033], [46.62466223700005, 24.806011651000063], [46.62465860200007, 24.806015401000025], [46.624655388000065, 24.806019456000058], [46.62465262500007, 24.806023780000032], [46.62465033900003, 24.80602833000006], [46.62464855300004, 24.806033064000076], [46.62464728400005, 24.806037933000027], [46.62464654400003, 24.80604289400003], [46.62464634000003, 24.806047896000052], [46.624646675000065, 24.80605289300007], [46.62464754300004, 24.806057836000036], [46.62464893900005, 24.806062676000067], [46.624650848000044, 24.80606737000005], [46.62465325200003, 24.80607186900005], [46.62465612700004, 24.806076132000044], [46.62465944600007, 24.806080116000032], [46.62466317700006, 24.806083786000045], [46.624667284000054, 24.80608710300004], [46.62467172800007, 24.806090037000047], [46.62467646600004, 24.806092559000035], [46.62468145100007, 24.80609464500003], [46.624686635000046, 24.806096275000073], [46.62469197100006, 24.806097434000037], [46.62469740600005, 24.80609811000005], [46.62470288600008, 24.806098296000073], [46.62470835900007, 24.80609799100006], [46.62471377500003, 24.806097197000042], [46.624719079000045, 24.806095923000044], [46.624724220000076, 24.80609418100005], [46.624729149000075, 24.80609198700006], [46.62473381900003, 24.806089362000023], [46.62473818500007, 24.806086333000053], [46.624742205000075, 24.806082927000034], [46.62474583900007, 24.80607917800006], [46.62474905400006, 24.80607512200004], [46.62475181600007, 24.806070798000064], [46.62475410300004, 24.806066248000036], [46.62475588900003, 24.806061515000067], [46.62475715800008, 24.80605664500007], [46.62475789700005, 24.806051685000057], [46.624758102000044, 24.806046682000044], [46.62475776700006, 24.80604168600007], [46.624756898000044, 24.80603674300005], [46.62475550200003, 24.80603190200003], [46.624753594000026, 24.806027209000035], [46.62475119000004, 24.806022710000036], [46.62474831500003, 24.806018447000042], [46.62474499600006, 24.806014462000064], [46.62474126400008, 24.80601079300004], [46.62474098300004, 24.806010566000054], [46.624742371000025, 24.80600978700005], [46.62474546200008, 24.806007641000065], [46.62474830700006, 24.80600523000004], [46.62475088100007, 24.806002577000072], [46.624753156000054, 24.805999705000033], [46.62475511200006, 24.80599664400006], [46.62475673000006, 24.80599342200003], [46.62475799500004, 24.805990071000053], [46.62475889400008, 24.805986623000024], [46.62475941800005, 24.805983112000035], [46.624759561000076, 24.805979570000034], [46.62475932500007, 24.805976033000036], [46.62475871000004, 24.805972533000045], [46.62475772200003, 24.805969106000077], [46.62475637000006, 24.805965784000023], [46.62475466800004, 24.805962599000054], [46.62475263300007, 24.805959581000025], [46.624750283000026, 24.805956759000026], [46.624747641000056, 24.805954162000035], [46.624744734000046, 24.805951813000036], [46.62474158800006, 24.80594973600006]]], [[[46.624644610000075, 24.806166774000076], [46.624639873000035, 24.80616425100004], [46.62463488800006, 24.806162166000036], [46.62462970300004, 24.80616053500006], [46.62462436700008, 24.80615937700003], [46.62461893300008, 24.806158701000072], [46.62461345300005, 24.80615851500005], [46.624607979000075, 24.806158820000064], [46.62460256400004, 24.806159614000023], [46.62459726000003, 24.80616088800008], [46.624592119000056, 24.806162630000074], [46.62458719000006, 24.806164824000064], [46.62458251900006, 24.806167448000053], [46.62457815300007, 24.80617047800007], [46.624574134000056, 24.806173883000042], [46.62457049900007, 24.80617763300006], [46.62456728500007, 24.806181688000038], [46.62456452200007, 24.80618601200007], [46.62456223600003, 24.80619056300003], [46.62456045000005, 24.806195296000055], [46.62455918100005, 24.806200166000053], [46.62455844100003, 24.806205126000066], [46.62455823800008, 24.806210128000032], [46.62455857200007, 24.80621512500005], [46.62455944000004, 24.806220068000073], [46.62456083600006, 24.806224909000036], [46.62456274500005, 24.80622960200003], [46.624565149000034, 24.80623410100003], [46.624566696000045, 24.80623639500004], [46.62456406500007, 24.80623862400006], [46.62456043000003, 24.806242373000032], [46.62455721600003, 24.806246429000055], [46.62455445300003, 24.80625075300003], [46.62455216700005, 24.806255303000057], [46.62455038100006, 24.806260036000026], [46.62454911200007, 24.806264906000024], [46.62454837300004, 24.806269866000036], [46.624548169000036, 24.80627486900005], [46.62454850300003, 24.80627986500008], [46.62454937200005, 24.806284808000044], [46.62455076700007, 24.806289649000064], [46.624552676000064, 24.806294342000058], [46.62455508000005, 24.806298842000047], [46.62455795500006, 24.80630310400005], [46.62456127400003, 24.80630708900003], [46.62456500600007, 24.806310758000052], [46.624569112000074, 24.806314075000046], [46.624573557000076, 24.806317009000054], [46.62457829400006, 24.806319532000032], [46.624583279000035, 24.806321618000027], [46.624588464000055, 24.80632324800007], [46.62459380000007, 24.806324406000044], [46.62459923400007, 24.806325082000058], [46.62460471500003, 24.806325268000023], [46.62461018800008, 24.806324963000066], [46.62461560300005, 24.80632417000004], [46.624620907000065, 24.80632289600004], [46.62462604800004, 24.806321153000056], [46.62463097700004, 24.806318960000056], [46.62463564700005, 24.806316335000076], [46.62464001400008, 24.80631330500006], [46.62464403300004, 24.80630990000003], [46.62464766800008, 24.806306151000058], [46.624650882000026, 24.806302095000035], [46.62465364500008, 24.80629777100006], [46.62465593100006, 24.806293221000033], [46.62465771700005, 24.806288487000074], [46.62465898600004, 24.806283618000066], [46.62465972600006, 24.806278657000064], [46.624659930000064, 24.80627365500004], [46.624659595000026, 24.80626865800008], [46.62465872700005, 24.806263715000057], [46.62465733100004, 24.806258875000026], [46.624655422000046, 24.806254182000032], [46.62465301800006, 24.806249682000043], [46.62465147100005, 24.806247389000077], [46.62465410200008, 24.80624516000006], [46.624657736000074, 24.80624141000004], [46.62466095100007, 24.806237355000064], [46.624663714000064, 24.806233031000033], [46.62466600000005, 24.806228480000073], [46.62466778600003, 24.806223747000047], [46.62466905500003, 24.80621887700005], [46.624669794000056, 24.806213917000036], [46.62466999900005, 24.80620891500007], [46.624669664000066, 24.80620391800005], [46.62466879500005, 24.80619897500003], [46.62466740000008, 24.806194134000066], [46.62466549100003, 24.806189441000072], [46.624663087000044, 24.806184942000073], [46.62466021200004, 24.80618067900008], [46.624656893000065, 24.806176694000044], [46.624653161000026, 24.806173025000078], [46.62464905400003, 24.806169708000027], [46.624644610000075, 24.806166774000076]]], [[[46.62455315300008, 24.80640364800007], [46.62454841500005, 24.806401125000036], [46.624543430000074, 24.80639904000003], [46.624538244000064, 24.806397409000056], [46.62453290900004, 24.806396251000024], [46.624527475000036, 24.806395575000067], [46.62452199400008, 24.806395389000045], [46.62451652000004, 24.80639569400006], [46.62451110500007, 24.806396488000075], [46.624505802000044, 24.806397762000074], [46.62450066000008, 24.80639950400007], [46.62449573100008, 24.80640169800006], [46.62449106100007, 24.80640432200005], [46.62448669500003, 24.806407352000065], [46.62448267500008, 24.806410757000037], [46.62447904100003, 24.806414507000056], [46.62447903800006, 24.806414510000025], [46.62447668400006, 24.806414430000075], [46.62447121000008, 24.806414735000033], [46.62446579500005, 24.80641552900005], [46.624460491000036, 24.806416803000047], [46.62445535000006, 24.806418545000042], [46.62445042000007, 24.806420739000032], [46.62444575000006, 24.806423364000068], [46.62444138500007, 24.806426393000038], [46.62443736500006, 24.806429798000067], [46.62443373100007, 24.80643354800003], [46.624430516000075, 24.806437603000063], [46.62442775300008, 24.806441928000027], [46.62442546700004, 24.806446478000055], [46.62442368100005, 24.806451211000024], [46.62442241200006, 24.80645608100008], [46.62442167200004, 24.806461041000034], [46.62442146800004, 24.806466044000047], [46.62442180200003, 24.806471040000076], [46.62442267200004, 24.80647598300004], [46.62442398600007, 24.806480540000052], [46.62442262600007, 24.806481000000076], [46.62441769700007, 24.806483194000066], [46.62441302700006, 24.806485818000056], [46.624408661000075, 24.806488848000072], [46.62440464100007, 24.806492254000034], [46.624401007000074, 24.806496003000063], [46.62439779200008, 24.80650005900003], [46.62439502900003, 24.80650438300006], [46.624392743000044, 24.806508933000032], [46.62439095700006, 24.806513666000058], [46.624389688000065, 24.806518536000056], [46.624388949000036, 24.806523497000057], [46.62438874400004, 24.806528499000024], [46.624389079000025, 24.806533495000053], [46.624389948000044, 24.806538438000075], [46.62439134300007, 24.80654327900004], [46.62439325200006, 24.806547972000033], [46.62439565600005, 24.806552471000032], [46.624398287000076, 24.806556372000045], [46.62439610000007, 24.806560726000043], [46.62439431400003, 24.806565458000023], [46.62439304500003, 24.806570329000067], [46.62439230500007, 24.806575289000023], [46.62439210100007, 24.806580292000035], [46.62439243500006, 24.806585287000075], [46.62439330500007, 24.80659023000004], [46.62439470000004, 24.80659507200005], [46.62439660900003, 24.806599764000055], [46.624399012000026, 24.806604263000054], [46.62440188800008, 24.806608526000048], [46.62440520700005, 24.806612512000072], [46.624408938000045, 24.80661618000005], [46.62441304500004, 24.806619498000032], [46.62441748800006, 24.80662243200004], [46.624422226000036, 24.80662495400003], [46.62442721100007, 24.80662704100007], [46.62443239700008, 24.806628671000055], [46.62443773200005, 24.80662982900003], [46.62444316600005, 24.806630504000054], [46.624448647000065, 24.806630691000066], [46.62445412100004, 24.806630385000062], [46.624459536000074, 24.806629592000036], [46.62446483900004, 24.806628319000026], [46.62446998100006, 24.806626576000042], [46.62447491000006, 24.806624382000052], [46.62447958100006, 24.806621758000063], [46.624483946000055, 24.806618728000046], [46.62448796600006, 24.806615322000027], [46.624491600000056, 24.806611574000044], [46.62449481400006, 24.80660751700003], [46.624497578000046, 24.806603193000058], [46.62449986300004, 24.80659864300003], [46.62450164900008, 24.80659391000006], [46.624502918000076, 24.806589040000063], [46.62450365900003, 24.80658407900006], [46.62450386300003, 24.806579078000027], [46.62450352800005, 24.806574081000065], [46.62450265900003, 24.806569138000043], [46.62450126300007, 24.806564297000023], [46.62449935400008, 24.80655960400003], [46.624496951000026, 24.80655510500003], [46.62449432000005, 24.806551204000073], [46.62449650700006, 24.806546850000075], [46.624498293000045, 24.80654211800004], [46.62449956200004, 24.80653724700005], [46.62450030200006, 24.80653228700004], [46.62450050700005, 24.806527285000072], [46.62450017200007, 24.806522289000043], [46.62449930300005, 24.806517346000078], [46.624497989000076, 24.806512789000067], [46.62449934800003, 24.806512328000053], [46.62450427700003, 24.806510135000053], [46.62450894800003, 24.806507510000074], [46.62451331300008, 24.806504480000058], [46.62451733300003, 24.80650107500003], [46.62452096700008, 24.806497325000066], [46.62452097000005, 24.80649732200004], [46.62452332400005, 24.806497402000048], [46.62452879800003, 24.806497097000033], [46.62453421400005, 24.806496303000074], [46.62453951700007, 24.806495029000075], [46.62454465900004, 24.806493287000023], [46.624549588000036, 24.806491093000034], [46.624554258000046, 24.806488469000044], [46.62455862400003, 24.806485439000028], [46.62456264400004, 24.806482034000055], [46.62456627800003, 24.806478284000036], [46.624569492000035, 24.80647422900006], [46.62457225600008, 24.80646990500003], [46.62457454100007, 24.806465354000068], [46.62457632700006, 24.806460621000042], [46.62457759600005, 24.806455751000044], [46.62457833600007, 24.80645079100003], [46.62457854000007, 24.806445789000065], [46.62457820600008, 24.806440792000046], [46.62457733600007, 24.806435849000025], [46.624575941000046, 24.80643100800006], [46.624574032000055, 24.806426315000067], [46.62457162900006, 24.806421816000068], [46.62456875300006, 24.806417553000074], [46.62456543400003, 24.80641356800004], [46.62456170300004, 24.806409899000073], [46.624557596000045, 24.806406582000022], [46.62455315300008, 24.80640364800007]]], [[[46.62443158700006, 24.805739736000078], [46.62442823400005, 24.805737951000026], [46.62442470500008, 24.80573647400007], [46.62442103400008, 24.805735319000064], [46.62441725600007, 24.80573449900004], [46.624413409000056, 24.805734021000035], [46.62440953000004, 24.805733889000066], [46.62440565400004, 24.805734105000056], [46.62440182000006, 24.805734667000024], [46.62439806500004, 24.805735569000035], [46.62439442500005, 24.80573680300006], [46.624390936000054, 24.805738356000063], [46.62438763000006, 24.805740214000025], [46.62438453900006, 24.805742358000032], [46.62438169300003, 24.805744770000047], [46.62437912000007, 24.80574742400006], [46.62437684400004, 24.805750295000053], [46.624374888000034, 24.805753356000025], [46.624373269000046, 24.805756578000057], [46.624372005000055, 24.805759928000043], [46.62437110700006, 24.805763376000073], [46.62437058300003, 24.80576688800005], [46.624370439000074, 24.805770430000052], [46.62437067500008, 24.80577396700005], [46.624371290000056, 24.805777466000052], [46.624372279000056, 24.805780893000076], [46.624373630000036, 24.805784216000063], [46.62437533200006, 24.805787402000078], [46.62437736700008, 24.80579042000005], [46.62437971700007, 24.80579324100006], [46.62438235800005, 24.80579583800005], [46.62438526600005, 24.80579818600006], [46.62438841200003, 24.805800264000027], [46.62439176600003, 24.805802050000068], [46.624395295000056, 24.805803526000034], [46.62439896600006, 24.80580468000005], [46.624402744000065, 24.805805500000076], [46.62440659100008, 24.80580597900007], [46.62441047100003, 24.805806111000038], [46.62441434600004, 24.80580589500005], [46.62441817900003, 24.805805333000023], [46.624421934000054, 24.80580443100007], [46.62442557400004, 24.805803198000035], [46.62442906500007, 24.80580164500003], [46.62443237000008, 24.80579978700007], [46.624435461000076, 24.805797641000026], [46.62443830700005, 24.805795230000058], [46.624440880000066, 24.805792577000034], [46.62444315500005, 24.805789705000052], [46.624445112000046, 24.805786644000023], [46.624446730000045, 24.805783422000047], [46.624447994000036, 24.805780071000072], [46.62444889300008, 24.805776623000042], [46.62444941700005, 24.805773111000065], [46.62444956200005, 24.80576957100004], [46.62444932500006, 24.805766033000054], [46.624448709000035, 24.805762534000053], [46.62444772100008, 24.80575910600004], [46.624446370000044, 24.80575578400004], [46.62444466900007, 24.805752599000073], [46.62444263200007, 24.805749581000043], [46.62444028300007, 24.805746759000044], [46.62443764100004, 24.805744162000053], [46.624434733000044, 24.805741813000054], [46.62443158700006, 24.805739736000078]]], [[[46.62439158800004, 24.805869736000034], [46.62438823400004, 24.80586795100004], [46.62438470400008, 24.805866474000027], [46.62438103300008, 24.805865319000077], [46.62437725700005, 24.80586449900005], [46.62437341000003, 24.805864021000048], [46.624369529000035, 24.805863889000022], [46.62436565400003, 24.80586410500007], [46.62436182000005, 24.805864667000037], [46.62435806600007, 24.805865569000048], [46.624354426000025, 24.80586680300007], [46.62435093600004, 24.805868356000076], [46.624347629000056, 24.805870214000038], [46.62434453800006, 24.805872358000045], [46.624341693000076, 24.80587477000006], [46.62433912000006, 24.805877424000073], [46.62433684400003, 24.805880295000065], [46.62433488800008, 24.805883356000038], [46.62433327000008, 24.80588657800007], [46.62433200500004, 24.805889928000056], [46.624331107000046, 24.80589337600003], [46.624330583000074, 24.805896888000063], [46.62433043900006, 24.805900430000065], [46.624330676000056, 24.805903967000063], [46.62433129100003, 24.805907466000065], [46.624332278000054, 24.805910893000032], [46.62433363000008, 24.805914216000076], [46.624335332000044, 24.805917402000034], [46.62433736700007, 24.805920420000064], [46.624339718000044, 24.805923241000073], [46.62434235900008, 24.805925838000064], [46.624345266000034, 24.805928186000074], [46.624348412000074, 24.80593026400004], [46.624351766000075, 24.805932050000024], [46.62435529600003, 24.805933526000047], [46.624358967000035, 24.805934680000064], [46.62436274300006, 24.805935500000032], [46.62436659000008, 24.805935979000026], [46.62437047100008, 24.80593611100005], [46.62437434600008, 24.80593589500006], [46.624378180000065, 24.805935333000036], [46.62438193400004, 24.805934431000026], [46.62438557400003, 24.805933198000048], [46.62438906400007, 24.805931645000044], [46.624392371000056, 24.805929787000025], [46.62439546200005, 24.80592764100004], [46.624398307000035, 24.80592523000007], [46.62440088000005, 24.805922577000047], [46.62440315600003, 24.805919705000065], [46.624405112000034, 24.805916644000035], [46.62440673000003, 24.80591342200006], [46.62440799500007, 24.805910071000028], [46.624408893000066, 24.805906623000055], [46.62440941700004, 24.805903112000067], [46.62440956200004, 24.805899570000065], [46.624409325000045, 24.805896033000067], [46.62440870900008, 24.805892534000066], [46.62440772200006, 24.805889106000052], [46.62440637000003, 24.805885785000044], [46.62440466800007, 24.80588259900003], [46.624402633000045, 24.805879581000056], [46.62440028200007, 24.805876759000057], [46.62439764100003, 24.805874162000066], [46.62439473400008, 24.805871813000067], [46.62439158800004, 24.805869736000034]]], [[[46.62435804900008, 24.80672889400006], [46.62435306400005, 24.806726808000064], [46.62434787900003, 24.80672517800008], [46.62434254400006, 24.806724018000068], [46.62433710900007, 24.806723343000044], [46.62433162900004, 24.80672315700008], [46.62432615500006, 24.806723462000036], [46.62432074000003, 24.806724255000063], [46.624315436000074, 24.80672553000005], [46.62431029500004, 24.806727272000046], [46.624305365000055, 24.806729466000036], [46.624300696000034, 24.80673209100007], [46.62429632900006, 24.80673512000004], [46.624292310000044, 24.80673852500007], [46.62428867500006, 24.806742275000033], [46.624285461000056, 24.806746330000067], [46.62428269800006, 24.80675065500003], [46.624280412000076, 24.80675520500006], [46.624278626000034, 24.806759938000027], [46.62427735700004, 24.806764808000025], [46.62427661600003, 24.806769768000038], [46.624276413000075, 24.80677477000006], [46.62427674700007, 24.806779767000023], [46.62427761600003, 24.806784709000055], [46.624278426000046, 24.806787516000043], [46.624275424000075, 24.806790059000036], [46.62427179000008, 24.806793809000055], [46.62426857600008, 24.806797864000032], [46.62426581200003, 24.806802188000063], [46.62426352700004, 24.806806738000034], [46.624261741000055, 24.80681147200005], [46.62426047200006, 24.806816341000058], [46.62425973100005, 24.80682130200006], [46.62425952700005, 24.806826304000026], [46.62425986100004, 24.806831301000045], [46.62426073100005, 24.806836244000067], [46.624262127000065, 24.80684108400004], [46.624264036000056, 24.806845778000024], [46.62426643900005, 24.806850277000024], [46.624268992000054, 24.806854061000024], [46.62426777400003, 24.806854240000064], [46.624262471000065, 24.806855513000073], [46.624257329000045, 24.806857256000058], [46.624252400000046, 24.806859449000058], [46.624247730000036, 24.806862074000037], [46.62424336400005, 24.806865104000053], [46.624239344000046, 24.806868509000026], [46.62423571000005, 24.806872258000055], [46.62423249600005, 24.80687631400008], [46.62422973200006, 24.806880638000052], [46.62422744700007, 24.806885188000024], [46.624225661000025, 24.80688992200004], [46.62422439200003, 24.806894791000047], [46.62422365100008, 24.80689975200005], [46.62422344700008, 24.806904754000072], [46.62422371000008, 24.806908684000064], [46.62421967600005, 24.806910480000056], [46.62421500600004, 24.806913105000035], [46.62421063900007, 24.806916134000062], [46.62420662000005, 24.806919539000035], [46.62420298500007, 24.806923289000054], [46.624199771000065, 24.80692734400003], [46.62419700800007, 24.80693166900005], [46.62419472200003, 24.80693621900008], [46.62419293600004, 24.806940952000048], [46.62419166700005, 24.806945822000046], [46.62419092700003, 24.806950782000058], [46.62419072400007, 24.806955784000024], [46.624191058000065, 24.806960781000043], [46.62419192600004, 24.806965724000065], [46.62419332200005, 24.80697056500003], [46.624195231000044, 24.806975258000023], [46.62419763500003, 24.80697975700008], [46.62420051000004, 24.806984020000073], [46.624203829000066, 24.80698800500005], [46.62420756000006, 24.806991674000074], [46.624211667000054, 24.806994991000067], [46.62421611100007, 24.806997925000076], [46.62422084900004, 24.807000448000053], [46.62422583400007, 24.80700253300006], [46.624231019000035, 24.807004164000034], [46.62423635400006, 24.807005322000066], [46.62424178900005, 24.807005998000022], [46.62424726900008, 24.807006184000045], [46.624252743000056, 24.80700587900003], [46.62425815800003, 24.80700508500007], [46.624263462000044, 24.807003811000072], [46.624268603000075, 24.807002069000077], [46.624273532000075, 24.806999876000077], [46.624278203000074, 24.80699725100004], [46.62428256900006, 24.806994221000025], [46.624286588000075, 24.806990816000052], [46.62429022300006, 24.806987066000033], [46.62429343700006, 24.806983011000057], [46.62429620000006, 24.806978687000026], [46.62429848600004, 24.806974137000054], [46.62430027200003, 24.80696940300004], [46.62430154100008, 24.80696453400003], [46.62430228100004, 24.80695957300003], [46.62430248600003, 24.806954571000063], [46.62430222200004, 24.80695064100007], [46.62430625700006, 24.80694884500008], [46.62431092700007, 24.806946220000043], [46.62431529300005, 24.806943191000073], [46.62431931300006, 24.806939786000044], [46.62432294700005, 24.806936036000025], [46.624326161000056, 24.806931981000048], [46.62432892500004, 24.806927656000028], [46.62433121000004, 24.806923106000056], [46.62433299600008, 24.80691837300003], [46.62433426500007, 24.806913503000033], [46.62433500600008, 24.806908543000077], [46.62433520900004, 24.806903540000064], [46.624334875000045, 24.806898544000035], [46.624334006000026, 24.80689360100007], [46.62433261000007, 24.80688876000005], [46.624330701000076, 24.806884067000055], [46.62432829800008, 24.806879568000056], [46.62432574500008, 24.806875783000066], [46.624326963000044, 24.806875605000073], [46.62433226600007, 24.806874331000074], [46.62433740800003, 24.806872589000022], [46.62434233700003, 24.806870395000033], [46.62434700700004, 24.806867770000053], [46.624351372000035, 24.806864741000027], [46.62435539300003, 24.806861336000054], [46.624359027000025, 24.806857586000035], [46.62436224100003, 24.80685353100006], [46.62436500500007, 24.806849207000027], [46.624367290000066, 24.806844656000067], [46.62436907600005, 24.80683992300004], [46.624370345000045, 24.806835053000043], [46.624371085000064, 24.80683009300003], [46.62437128900007, 24.806825091000064], [46.624370955000074, 24.806820094000045], [46.624370085000066, 24.806815151000023], [46.62436927600004, 24.806812345000026], [46.62437227800007, 24.806809801000043], [46.62437591200006, 24.80680605200007], [46.624379126000065, 24.806801997000036], [46.62438189000005, 24.806797673000062], [46.624384175000046, 24.806793122000045], [46.62438596100003, 24.806788389000076], [46.62438723100007, 24.806783519000078], [46.62438797100003, 24.806778559000065], [46.624388175000036, 24.806773557000042], [46.624387840000054, 24.806768560000023], [46.62438697200008, 24.80676361700006], [46.624385575000076, 24.806758777000027], [46.62438366600003, 24.806754083000044], [46.62438126300003, 24.806749584000045], [46.624378387000036, 24.80674532100005], [46.62437506800006, 24.806741337000062], [46.62437133800006, 24.80673766700005], [46.624367230000075, 24.806734350000056], [46.62436278700005, 24.806731416000048], [46.62435804900008, 24.80672889400006]]], [[[46.62435177400005, 24.806031199000074], [46.624347037000064, 24.80602867700003], [46.62434205200003, 24.806026591000034], [46.62433686600008, 24.80602496000006], [46.62433153100005, 24.806023802000027], [46.62432609700005, 24.80602312700006], [46.624320616000034, 24.806022940000048], [46.62431514200006, 24.806023246000052], [46.624309727000025, 24.80602403900008], [46.62430442400006, 24.806025313000077], [46.62429928200004, 24.806027055000072], [46.62429435300004, 24.80602925000005], [46.62428968200004, 24.80603187400004], [46.624285317000044, 24.806034903000068], [46.62428129700004, 24.80603830900003], [46.62427766300004, 24.80604205800006], [46.62427444900004, 24.806046114000026], [46.62427197200003, 24.806049990000076], [46.624271588000056, 24.806049736000034], [46.624268234000056, 24.80604795000005], [46.62426470500003, 24.806046474000027], [46.62426103400003, 24.806045319000077], [46.62425725700007, 24.80604450000004], [46.62425340900006, 24.806044021000048], [46.62424952900005, 24.806043889000023], [46.62424565400005, 24.80604410600006], [46.624241821000055, 24.806044667000037], [46.62423806600003, 24.80604556800006], [46.624234426000044, 24.806046803000072], [46.62423093500007, 24.80604835500003], [46.624227629000075, 24.80605021300005], [46.62422453800008, 24.806052359000034], [46.62422169300004, 24.80605477000006], [46.62421912000008, 24.806057423000027], [46.624216844000046, 24.806060295000066], [46.62421488800004, 24.80606335600004], [46.62421327000004, 24.80606657800007], [46.62421200600005, 24.806069929000046], [46.624211107000065, 24.80607337600003], [46.624210583000036, 24.806076888000064], [46.624210438000034, 24.806080430000065], [46.62421067500003, 24.806083967000063], [46.62421129100005, 24.806087466000065], [46.624211477000074, 24.806088115000023], [46.624210936000054, 24.806088356000032], [46.62420763000006, 24.80609021400005], [46.62420453900006, 24.806092359000047], [46.62420169300003, 24.806094769000026], [46.62419912000007, 24.80609742400003], [46.62419684500003, 24.80610029500008], [46.624194888000034, 24.80610335700004], [46.624193270000035, 24.806106578000026], [46.624192006000044, 24.80610992900006], [46.62419110700006, 24.80611337700003], [46.62419058300003, 24.806116888000076], [46.62419043800003, 24.806120429000032], [46.62419067500008, 24.806123967000076], [46.624191290000056, 24.806127466000078], [46.624192279000056, 24.806130894000034], [46.624193630000036, 24.806134216000032], [46.624195332000056, 24.806137401000058], [46.62419736800007, 24.80614041900003], [46.62419971700007, 24.80614324000004], [46.624200408000036, 24.80614391900008], [46.624199530000055, 24.806143889000055], [46.62419565400006, 24.806144105000044], [46.62419182000008, 24.80614466700007], [46.624188065000055, 24.806145569000023], [46.62418442500007, 24.806146802000058], [46.62418093600007, 24.80614835600005], [46.62417763000008, 24.80615021400007], [46.62417453900008, 24.806152358000077], [46.62417169300005, 24.806154769000045], [46.62416912000003, 24.806157424000048], [46.62416684400006, 24.80616029500004], [46.62416488800005, 24.80616335700006], [46.624163269000064, 24.806166578000045], [46.62416200500007, 24.806169929000077], [46.62416110700008, 24.80617337700005], [46.62416058300005, 24.80617688800004], [46.624160439000036, 24.80618042900005], [46.62416067500004, 24.806183967000038], [46.624161290000075, 24.80618746600004], [46.624162279000075, 24.806190894000054], [46.624163630000055, 24.80619421600005], [46.624165332000075, 24.806197401000077], [46.62416736700004, 24.80620041900005], [46.62416971700003, 24.80620324000006], [46.62417235800007, 24.80620583800004], [46.624175266000066, 24.80620818700004], [46.62417841200005, 24.806210263000025], [46.62418176600005, 24.806212049000067], [46.624185295000075, 24.806213527000068], [46.62418896600008, 24.80621468000004], [46.62419274400003, 24.806215501000054], [46.62419659100004, 24.806215979000058], [46.62420047100005, 24.806216110000037], [46.624204346000056, 24.806215895000037], [46.62420817900005, 24.80621533300007], [46.62421193400007, 24.806214431000058], [46.62421557400006, 24.806213198000023], [46.624219064000044, 24.80621164400003], [46.62422237000004, 24.806209786000068], [46.62422546100004, 24.80620764200006], [46.62422739100003, 24.806206006000025], [46.62423047100003, 24.80620611100005], [46.62423434600004, 24.806205895000062], [46.62423818000008, 24.806205333000037], [46.62424193500004, 24.806204431000026], [46.62424557400004, 24.80620319800005], [46.624249064000026, 24.806201645000044], [46.62425237000008, 24.806199787000025], [46.624255461000075, 24.80619764100004], [46.62425830700005, 24.80619523000007], [46.624260880000065, 24.806192577000047], [46.62426315500005, 24.806189705000065], [46.624265112000046, 24.806186644000036], [46.624266730000045, 24.80618342200006], [46.624267994000036, 24.80618007100003], [46.62426889300008, 24.806176623000056], [46.62426941700005, 24.806173111000078], [46.62426956200005, 24.806169571000055], [46.62426932500006, 24.806166033000068], [46.62426871000008, 24.806162534000066], [46.62426772100008, 24.806159106000052], [46.62426637000004, 24.806155784000055], [46.62426466800008, 24.80615259900003], [46.62426263200007, 24.806149581000057], [46.62426028300007, 24.806146759000058], [46.62425851200004, 24.80614501900004], [46.624260880000065, 24.80614257600007], [46.62426315600004, 24.806139705000078], [46.624265112000046, 24.80613664300006], [46.624266731000034, 24.806133422000073], [46.624267995000025, 24.80613007100004], [46.62426889300008, 24.80612662300007], [46.62426941700005, 24.806123112000023], [46.62426956100006, 24.806119570000078], [46.62426932500006, 24.806116033000023], [46.62426871000008, 24.80611253400008], [46.62426852200008, 24.806111885000064], [46.62426906400003, 24.806111644000055], [46.624272371000075, 24.806109786000036], [46.62427546100008, 24.80610764200003], [46.62427767100007, 24.806105770000045], [46.62427850700004, 24.806106775000046], [46.624282237000045, 24.806110443000023], [46.62428634500003, 24.806113761000063], [46.62429078800005, 24.80611669500007], [46.624295525000036, 24.80611921700006], [46.62430051000007, 24.806121303000054], [46.62430569600008, 24.80612293400003], [46.62431103100005, 24.80612409200006], [46.62431646600004, 24.80612476700003], [46.624321946000066, 24.80612495400004], [46.62432742000004, 24.806124648000036], [46.624332835000075, 24.806123855000067], [46.62433813900003, 24.806122581000068], [46.62434328000006, 24.806120839000073], [46.62434821000005, 24.806118645000026], [46.62435288000006, 24.806116021000037], [46.624357245000056, 24.806112991000077], [46.62436126500006, 24.80610958500006], [46.62436489900006, 24.80610583600003], [46.62436811400005, 24.806101780000063], [46.62437087700005, 24.806097456000032], [46.62437316200004, 24.80609290600006], [46.62437494900007, 24.806088173000035], [46.624376217000076, 24.806083303000037], [46.62437695800003, 24.806078342000035], [46.62437716200003, 24.806073341000058], [46.62437682800004, 24.80606834400004], [46.62437595800003, 24.806063401000074], [46.62437456300006, 24.806058560000054], [46.62437265400007, 24.80605386700006], [46.62437025100007, 24.80604936800006], [46.62436737500008, 24.806045105000067], [46.62436405600005, 24.80604112000003], [46.624360325000055, 24.806037451000066], [46.62435621700007, 24.806034133000026], [46.62435177400005, 24.806031199000074]]], [[[46.62420325900007, 24.807054097000048], [46.62419852200003, 24.80705157500006], [46.62419353700005, 24.807049488000075], [46.62418835200003, 24.807047858000033], [46.624183016000075, 24.807046700000058], [46.624177581000026, 24.807046024000044], [46.624172102000045, 24.80704583800008], [46.62416662800007, 24.807046143000036], [46.62416121200005, 24.807046936000063], [46.624155908000034, 24.80704821000006], [46.62415076700006, 24.807049953000046], [46.62414583800006, 24.807052147000036], [46.62414116800005, 24.807054771000026], [46.62413680100008, 24.807057800000052], [46.62413278200006, 24.80706120600007], [46.624129147000076, 24.807064955000044], [46.62412593300007, 24.807069011000067], [46.624123170000075, 24.80707333600003], [46.624120884000035, 24.80707788600006], [46.62411909800005, 24.807082618000038], [46.624117829000056, 24.807087489000025], [46.62411708900004, 24.807092449000038], [46.624116885000035, 24.80709745200005], [46.62411722000007, 24.807102447000034], [46.624118088000046, 24.807107390000056], [46.62411948400006, 24.807112232000065], [46.62412139300005, 24.80711692400007], [46.62412379700004, 24.80712142300007], [46.624124866000045, 24.807123008000076], [46.624122345000046, 24.807123613000044], [46.62411720400007, 24.80712535600003], [46.624112274000026, 24.807127550000075], [46.62410760400007, 24.807130174000065], [46.62410323900008, 24.807133204000024], [46.62409921900007, 24.807136610000043], [46.62409558500008, 24.807140358000026], [46.62409237000003, 24.80714441500004], [46.62408960600004, 24.80714873900007], [46.62408732100005, 24.80715328900004], [46.62408553500006, 24.807158021000077], [46.62408426600007, 24.807162892000065], [46.62408352600005, 24.807167852000077], [46.62408332200005, 24.807172855000033], [46.62408365600004, 24.807177851000063], [46.62408452600005, 24.807182793000038], [46.62408592100007, 24.807187635000048], [46.624087830000065, 24.807192327000053], [46.62409023300006, 24.80719682700004], [46.62409310900006, 24.807201090000035], [46.62409642800003, 24.80720507500007], [46.62410015900008, 24.807208744000036], [46.624104266000074, 24.80721206100003], [46.62410871000003, 24.807214995000038], [46.62411344700007, 24.807217517000026], [46.624118432000046, 24.807219604000068], [46.624123618000056, 24.807221234000053], [46.62412895300008, 24.80722239200003], [46.624134387000026, 24.807223067000052], [46.62413986800004, 24.807223254000064], [46.62414534200008, 24.80722294800006], [46.62415075700005, 24.807222156000023], [46.624156061000065, 24.807220882000024], [46.62416120200004, 24.80721913900004], [46.62416613200003, 24.80721694500005], [46.62417080200004, 24.80721432100006], [46.62417516700003, 24.807211291000044], [46.62417918700004, 24.807207885000025], [46.62418282100003, 24.807204137000042], [46.624186036000026, 24.80720008000003], [46.62418880000007, 24.807195756000056], [46.624191085000064, 24.807191206000027], [46.62419287100005, 24.807186474000048], [46.62419414000004, 24.80718160300006], [46.62419488000006, 24.807176643000048], [46.624195084000064, 24.807171641000025], [46.62419475000007, 24.807166645000052], [46.624193880000064, 24.80716170200003], [46.62419248500004, 24.807156860000077], [46.624190576000046, 24.807152168000073], [46.62418817300005, 24.807147669000074], [46.62418710400004, 24.807146084000067], [46.62418962400005, 24.80714547900004], [46.62419476500003, 24.807143736000057], [46.624199694000026, 24.807141542000068], [46.624204365000026, 24.807138918000078], [46.62420873100007, 24.80713588800006], [46.62421275000003, 24.807132482000043], [46.62421638500007, 24.80712873400006], [46.62421959900007, 24.807124677000047], [46.62422236200007, 24.807120353000073], [46.62422464800005, 24.807115803000045], [46.624226434000036, 24.807111070000076], [46.62422770300003, 24.807106200000078], [46.62422844300005, 24.807101240000065], [46.62422864800004, 24.807096238000042], [46.62422831300006, 24.807091241000023], [46.62422744400004, 24.80708629800006], [46.624226048000025, 24.807081457000038], [46.624224139000034, 24.807076765000033], [46.62422173500005, 24.807072265000045], [46.62421886100003, 24.80706800200005], [46.62421554100007, 24.807064017000073], [46.62421181000008, 24.80706034800005], [46.62420770300008, 24.807057031000056], [46.62420325900007, 24.807054097000048]]], [[[46.62420158800006, 24.806289737000043], [46.62419823400006, 24.80628795100006], [46.624194705000036, 24.806286473000057], [46.624191034000035, 24.80628532000003], [46.624187257000074, 24.80628449900007], [46.62418340900007, 24.806284021000067], [46.62417952900006, 24.80628389000003], [46.624175654000055, 24.80628410500003], [46.62417182100006, 24.806284667000057], [46.62416806600004, 24.806285569000067], [46.62416442600005, 24.806286802000045], [46.62416093500008, 24.80628835600004], [46.62415762900008, 24.806290214000057], [46.62415453800003, 24.806292358000064], [46.624151693000044, 24.806294769000033], [46.62414912000003, 24.806297424000036], [46.62414856300006, 24.80629812600006], [46.624148234000074, 24.806297951000033], [46.62414470500005, 24.806296474000078], [46.62414103400005, 24.80629531900007], [46.62413725600004, 24.806294499000046], [46.62413340900008, 24.806294021000042], [46.62412953000006, 24.806293890000063], [46.62412565400007, 24.806294105000063], [46.62412182000003, 24.80629466700003], [46.62411806500006, 24.806295569000042], [46.62411442500007, 24.806296803000066], [46.62411093600008, 24.80629835600007], [46.624107630000026, 24.806300214000032], [46.62410453900003, 24.80630235800004], [46.62410169300006, 24.806304769000064], [46.62409912000004, 24.806307424000067], [46.624096844000064, 24.80631029500006], [46.62409488800006, 24.806313356000032], [46.62409326900007, 24.806316578000065], [46.62409200500008, 24.80631992800005], [46.62409110700003, 24.806323376000023], [46.624090583000054, 24.806326888000058], [46.62409043900004, 24.80633043000006], [46.62409067500005, 24.806333967000057], [46.62409129000008, 24.80633746600006], [46.62409227900008, 24.806340893000026], [46.62409363000006, 24.80634421600007], [46.62409533200008, 24.80634740200003], [46.62409736700005, 24.806350420000058], [46.624099717000036, 24.806353240000078], [46.62410235800007, 24.80635583800006], [46.62410526600007, 24.806358186000068], [46.624108412000055, 24.806360264000034], [46.624111766000055, 24.806362050000075], [46.62411529500008, 24.80636352600004], [46.624118966000026, 24.80636468000006], [46.62412087400003, 24.806365095000046], [46.62412129000006, 24.80636746700003], [46.62412227900006, 24.806370893000064], [46.62412363000004, 24.80637421600005], [46.62412533200006, 24.806377401000077], [46.624127368000075, 24.80638041900005], [46.62412971700007, 24.80638324100005], [46.624132358000054, 24.80638583800004], [46.62413526600005, 24.80638818600005], [46.624138412000036, 24.806390264000072], [46.62414176600004, 24.806392050000056], [46.62414529500006, 24.80639352600008], [46.624148966000064, 24.80639468100003], [46.62415274400007, 24.806395500000065], [46.62415659100003, 24.806395979000058], [46.62416047000005, 24.806396111000026], [46.62416434600004, 24.806395894000048], [46.62416818000003, 24.80639533300007], [46.62417193500005, 24.806394432000047], [46.62417557500004, 24.806393197000034], [46.62417906400003, 24.80639164400003], [46.62418237000003, 24.806389787000057], [46.62418546100008, 24.80638764100007], [46.624188307000054, 24.806385230000046], [46.62419088000007, 24.80638257700008], [46.62419315600005, 24.80637970500004], [46.62419511200005, 24.806376644000068], [46.62419673100004, 24.806373422000036], [46.62419799500003, 24.80637007100006], [46.62419889300003, 24.806366624000077], [46.62419941700006, 24.806363112000042], [46.62419956100007, 24.80635957000004], [46.62419932500006, 24.806356033000043], [46.62419871000003, 24.80635253400004], [46.62419852200003, 24.806351885000026], [46.62419906400004, 24.806351644000074], [46.62420237100008, 24.806349786000055], [46.62420546100003, 24.80634764100006], [46.62420830800005, 24.806345231000023], [46.62421088000008, 24.806342576000077], [46.62421315600005, 24.806339704000038], [46.62421511200006, 24.806336643000066], [46.62421673000006, 24.806333422000023], [46.62421799500004, 24.806330071000048], [46.62421889400008, 24.806326623000075], [46.62421941800005, 24.80632311200003], [46.624219561000075, 24.806319571000074], [46.62421932500007, 24.80631603300003], [46.62421871000004, 24.80631253400003], [46.624217722000026, 24.80630910600007], [46.624216370000056, 24.806305784000074], [46.624214668000036, 24.80630259900005], [46.62421263300007, 24.806299581000076], [46.624210283000025, 24.806296760000066], [46.624207642000044, 24.80629416200003], [46.624204734000045, 24.80629181300003], [46.62420158800006, 24.806289737000043]]], [[[46.624047630000064, 24.806390214000032], [46.62404453900007, 24.80639235900003], [46.62404169300004, 24.806394769000065], [46.62403912000008, 24.806397424000068], [46.624036844000045, 24.80640029500006], [46.62403488800004, 24.80640335700008], [46.62403326900005, 24.806406578000065], [46.62403200500006, 24.80640992900004], [46.624031107000064, 24.80641337700007], [46.624030583000035, 24.806416888000058], [46.62403043900008, 24.80642042900007], [46.62403067500003, 24.806423967000057], [46.62403129000006, 24.80642746600006], [46.62403227900006, 24.806430894000073], [46.62403363000004, 24.80643421600007], [46.62403533200006, 24.80643740100004], [46.62403736700003, 24.80644041900007], [46.62403971700007, 24.80644324000008], [46.624042358000054, 24.80644583800006], [46.62404526600005, 24.806448187000058], [46.62404801100007, 24.80644999900005], [46.624047629000074, 24.806450213000062], [46.62404453800008, 24.806452359000048], [46.62404169300004, 24.806454770000073], [46.62403912000008, 24.80645742400003], [46.624036844000045, 24.80646029500008], [46.62403488800004, 24.80646335600005], [46.62403327000004, 24.806466578000027], [46.62403200500006, 24.80646992900006], [46.624031107000064, 24.80647337700003], [46.624030583000035, 24.806476888000077], [46.624030438000034, 24.806480429000032], [46.62403067500003, 24.806483967000077], [46.62403129100005, 24.80648746600008], [46.62403227800007, 24.806490894000035], [46.62403363000004, 24.806494216000033], [46.62403533100007, 24.80649740100006], [46.62403736700003, 24.80650041900003], [46.62403971700007, 24.80650324000004], [46.62404235900004, 24.806505838000078], [46.62404526600005, 24.806508187000077], [46.624048412000036, 24.806510264000053], [46.624051766000036, 24.806512049000048], [46.62405529500006, 24.80651352600006], [46.62405896700005, 24.806514681000067], [46.62406274300008, 24.806515501000035], [46.62406659000004, 24.80651597900004], [46.62407047100004, 24.806516110000075], [46.62407434600004, 24.806515895000075], [46.624078180000026, 24.80651533300005], [46.62408193400006, 24.80651443100004], [46.62408557400005, 24.806513197000072], [46.62408906400003, 24.806511644000068], [46.624092371000074, 24.80650978600005], [46.62409546200007, 24.806507642000042], [46.624098307000054, 24.806505231000074], [46.62410088000007, 24.80650257600007], [46.62410315600005, 24.80649970500008], [46.62410511200005, 24.80649664400005], [46.62410673000005, 24.806493422000074], [46.62410799500003, 24.80649007200003], [46.62410889300003, 24.80648662400006], [46.62410917700004, 24.806484726000065], [46.62411274400006, 24.806485501000054], [46.62411659000003, 24.80648597900006], [46.62412047000004, 24.806486111000027], [46.62412434600003, 24.806485895000037], [46.62412818000007, 24.80648533300007], [46.62413193500004, 24.806484431000058], [46.624135574000036, 24.806483197000034], [46.624139064000076, 24.80648164400003], [46.62414237100006, 24.806479786000068], [46.62414546200006, 24.80647764200006], [46.62414830700004, 24.806475230000046], [46.62415088100005, 24.806472576000033], [46.624153156000034, 24.80646970500004], [46.62415511200004, 24.806466644000068], [46.62415673000004, 24.806463422000036], [46.624157995000076, 24.80646007200005], [46.62415889400006, 24.806456624000077], [46.62415941800003, 24.806453112000042], [46.624159562000045, 24.80644957000004], [46.62415932500005, 24.806446033000043], [46.624158710000074, 24.80644253400004], [46.624157722000064, 24.806439107000074], [46.62415637000004, 24.80643578400003], [46.624154668000074, 24.80643259800007], [46.62415263300005, 24.806429580000042], [46.62415028300006, 24.806426759000033], [46.624147641000036, 24.80642416200004], [46.624144734000026, 24.806421814000032], [46.62414158800004, 24.806419736000066], [46.624139498000034, 24.80641862400006], [46.624139325000044, 24.806416033000062], [46.62413871000007, 24.80641253400006], [46.62413772100007, 24.806409107000036], [46.62413637000003, 24.80640578400005], [46.62413466900006, 24.806402598000034], [46.624132632000055, 24.80639958000006], [46.624130283000056, 24.80639675900005], [46.624127642000076, 24.80639416200006], [46.62412473300003, 24.80639181400005], [46.62412158700005, 24.80638973600003], [46.624118235000026, 24.806387950000044], [46.62411470500007, 24.806386474000078], [46.624111034000066, 24.80638532000006], [46.62410725600006, 24.806384500000036], [46.62410340900004, 24.806384021000042], [46.62409953000008, 24.806383889000074], [46.62409565400003, 24.806384105000063], [46.62409182000005, 24.80638466700003], [46.62408806500008, 24.806385569000042], [46.62408501400006, 24.806386603000078], [46.62408470500003, 24.806386473000032], [46.62408103400003, 24.80638532000006], [46.62407725600008, 24.806384499000046], [46.62407340900006, 24.806384021000042], [46.62406953000004, 24.806383889000074], [46.62406565400005, 24.806384105000063], [46.624061820000065, 24.80638466700003], [46.62405806500004, 24.806385569000042], [46.624054425000054, 24.806386802000077], [46.62405093600006, 24.80638835600007], [46.624047630000064, 24.806390214000032]]], [[[46.623971588000074, 24.806649736000054], [46.62396823500006, 24.80664795100006], [46.62396470500005, 24.806646474000047], [46.62396103400005, 24.80664531900004], [46.62395725600004, 24.806644499000072], [46.62395340900008, 24.806644021000068], [46.62394953000006, 24.806643890000032], [46.62394565400007, 24.806644105000032], [46.62394182000003, 24.806644667000057], [46.62393806500006, 24.806645569000068], [46.62393442500007, 24.806646803000035], [46.62393093600008, 24.80664835600004], [46.623927629000036, 24.806650214000058], [46.62392453800004, 24.806652358000065], [46.62392169300006, 24.806654769000033], [46.62391911900005, 24.806657424000036], [46.623916844000064, 24.80666029500003], [46.62391488800006, 24.80666335600006], [46.62391327000006, 24.806666578000033], [46.62391200500008, 24.806669928000076], [46.62391110600004, 24.80667337600005], [46.623910582000065, 24.806676888000027], [46.62391043800005, 24.80668043000003], [46.62391067400006, 24.806683967000026], [46.62391129000008, 24.806687466000028], [46.623912278000034, 24.806690893000052], [46.62391363000006, 24.80669421600004], [46.62391533200008, 24.806697402000054], [46.62391736700005, 24.806700420000027], [46.623919717000035, 24.806703240000047], [46.62392235900006, 24.806705838000028], [46.62392526600007, 24.806708186000037], [46.623928412000055, 24.80671026300007], [46.623931766000055, 24.806712050000044], [46.62393529500008, 24.806713526000067], [46.623938966000026, 24.806714680000027], [46.62394274300004, 24.806715501000042], [46.62394659000006, 24.806715979000046], [46.62395047100006, 24.80671611100007], [46.62395434600006, 24.806715895000025], [46.623958179000056, 24.806715333000056], [46.62396193400008, 24.806714431000046], [46.62396557400007, 24.806713198000068], [46.62396906500004, 24.806711645000064], [46.623972371000036, 24.806709786000056], [46.62397546200003, 24.80670764100006], [46.62397830700007, 24.806705230000034], [46.62398088000003, 24.806702576000077], [46.623983156000065, 24.806699705000028], [46.62398511300006, 24.806696644000056], [46.62398673000007, 24.806693422000023], [46.62398799400006, 24.806690071000048], [46.623988893000046, 24.806686623000076], [46.623989417000075, 24.80668311200003], [46.62398956200008, 24.806679571000075], [46.623989325000025, 24.80667603300003], [46.62398871000005, 24.80667253400003], [46.62398772100005, 24.806669106000072], [46.62398637000007, 24.806665784000074], [46.62398466900004, 24.80666259900005], [46.623982633000026, 24.806659581000076], [46.62398028300004, 24.806656760000067], [46.62397764200006, 24.80665416200003], [46.62397473400006, 24.80665181300003], [46.623971588000074, 24.806649736000054]]], [[[46.623911821000036, 24.806744667000032], [46.62390806600007, 24.806745569000043], [46.62390442600008, 24.806746803000067], [46.62390093500005, 24.80674835600007], [46.623897630000045, 24.806750214000033], [46.62389453900005, 24.80675235800004], [46.623891693000076, 24.806754769000065], [46.62388912000006, 24.806757424000068], [46.62388684500007, 24.80676029500006], [46.62388488700003, 24.806763356000033], [46.62388326900003, 24.806766578000065], [46.62388200500004, 24.80676992800005], [46.623881107000045, 24.806773376000024], [46.62388058300007, 24.80677688800006], [46.62388043800007, 24.80678043000006], [46.623880675000066, 24.806783967000058], [46.62388129000004, 24.80678746600006], [46.62388227900004, 24.806790893000027], [46.62388363000008, 24.80679421600007], [46.623885331000054, 24.80679740200003], [46.623887367000066, 24.80680041900007], [46.623889717000054, 24.80680324000008], [46.623892358000035, 24.80680583800006], [46.623895266000034, 24.80680818600007], [46.623898412000074, 24.806810263000045], [46.62390176500003, 24.806812050000076], [46.62390529500004, 24.80681352600004], [46.623908966000045, 24.80681468000006], [46.62391274400005, 24.806815501000074], [46.62391659100007, 24.806815979000078], [46.62392047000003, 24.806816111000046], [46.62392434600008, 24.806815895000057], [46.623928180000064, 24.80681533300003], [46.62393193500003, 24.806814431000078], [46.62393498600005, 24.80681339700004], [46.62393529500008, 24.80681352700003], [46.623938966000026, 24.80681468000006], [46.62394274400003, 24.806815501000074], [46.62394659100005, 24.806815979000078], [46.62395047000007, 24.806816110000057], [46.62395434600006, 24.806815895000057], [46.623958180000045, 24.80681533300003], [46.62396193500007, 24.806814431000078], [46.62396557500006, 24.806813198000043], [46.62396906400005, 24.80681164400005], [46.62397237000005, 24.80680978600003], [46.62397546100004, 24.806807642000024], [46.62397830700007, 24.806805231000055], [46.62398088000003, 24.806802576000052], [46.623983156000065, 24.80679970500006], [46.62398511200007, 24.80679664300004], [46.62398673100006, 24.806793422000055], [46.62398799500005, 24.80679007200007], [46.623988894000036, 24.80678662400004], [46.623989418000065, 24.806783112000062], [46.62398956100003, 24.80677957000006], [46.623989325000025, 24.806776033000062], [46.62398871000005, 24.80677253400006], [46.62398772200004, 24.806769107000036], [46.62398637100006, 24.80676578400005], [46.62398466800005, 24.806762599000024], [46.623982633000026, 24.80675958100005], [46.62398028300004, 24.80675676000004], [46.62397764200006, 24.80675416200006], [46.62397473400006, 24.80675181400005], [46.623971588000074, 24.806749737000075], [46.623968234000074, 24.806747951000034], [46.62396470500005, 24.806746473000032], [46.62396103400005, 24.80674532000006], [46.62395725700003, 24.806744499000047], [46.62395340900008, 24.806744021000043], [46.62394952900007, 24.806743889000074], [46.62394565400007, 24.806744105000064], [46.623941821000074, 24.806744667000032], [46.62393806600005, 24.806745569000043], [46.62393501400004, 24.80674660300008], [46.62393470500007, 24.80674647400008], [46.623931034000066, 24.806745319000072], [46.62392725700005, 24.806744499000047], [46.62392340900004, 24.806744021000043], [46.623919529000034, 24.806743890000064], [46.62391565400003, 24.806744105000064], [46.623911821000036, 24.806744667000032]]], [[[46.62380140400006, 24.80686253300007], [46.62379644500004, 24.806865320000043], [46.62379180800008, 24.80686853800006], [46.623787539000034, 24.806872154000075], [46.62378368000003, 24.80687613500004], [46.62378026700003, 24.80688044200008], [46.62377733100004, 24.80688503500005], [46.62377490400007, 24.806889867000052], [46.62377300700007, 24.80689489300005], [46.623771660000045, 24.806900064000047], [46.62377087400006, 24.806905332000042], [46.62377070500003, 24.80690947200003], [46.623767540000074, 24.806912155000077], [46.62376368000008, 24.80691613500005], [46.62376026600003, 24.806920443000024], [46.623757332000025, 24.806925034000074], [46.623754904000066, 24.806929867000065], [46.62375300800005, 24.80693489300006], [46.62375211300008, 24.806938326000022], [46.623751808000065, 24.806938537000065], [46.62374753900008, 24.80694215500006], [46.623743680000075, 24.806946135000032], [46.62374026600003, 24.806950443000062], [46.623737332000076, 24.806955034000055], [46.62373490500005, 24.806959867000046], [46.623733008000045, 24.806964893000043], [46.62373166000003, 24.80697006500003], [46.623730874000046, 24.806975332000036], [46.62373065700007, 24.806980644000078], [46.623731012000064, 24.80698595000007], [46.623731511000074, 24.80698878900006], [46.62372754000006, 24.806992154000056], [46.62372367900008, 24.806996135000077], [46.62372026600008, 24.80700044300005], [46.62371733200007, 24.807005034000042], [46.62371490400005, 24.807009867000033], [46.62371300800004, 24.80701489300003], [46.623711660000026, 24.807020064000028], [46.62371087400004, 24.807025332000023], [46.62371065700006, 24.807030644000065], [46.62371101200006, 24.807035950000056], [46.623711935000074, 24.807041199000025], [46.62371341800008, 24.807046340000056], [46.62371544400003, 24.807051324000042], [46.62371799700003, 24.807056102000047], [46.623721051000075, 24.807060629000034], [46.62372457500004, 24.807064860000025], [46.62372853800008, 24.807068756000035], [46.62373289900006, 24.807072280000057], [46.623737618000064, 24.807075395000027], [46.623742648000075, 24.80707807400006], [46.62374794300007, 24.807080290000044], [46.62375344900005, 24.807082020000053], [46.62375911500004, 24.80708325100005], [46.62376488600006, 24.80708396800003], [46.62377070600007, 24.80708416600004], [46.62377536200006, 24.80708390600006], [46.62377761700003, 24.80708539500006], [46.62378264900008, 24.807088074000035], [46.623787943000025, 24.80709028900003], [46.62379344900006, 24.807092021000074], [46.623799115000054, 24.807093251000026], [46.62380488600007, 24.80709396800006], [46.62381070600003, 24.80709416600007], [46.62381651900006, 24.80709384200003], [46.62382226900007, 24.807092999000076], [46.62382790200007, 24.80709164700005], [46.62383336200003, 24.80708979600007], [46.62383859600004, 24.80708746700003], [46.623843556000054, 24.80708467900007], [46.623848192000025, 24.807081462000042], [46.62385246100007, 24.807077846000027], [46.62385632000007, 24.807073865000064], [46.623859734000064, 24.807069558000023], [46.62386266900006, 24.807064965000052], [46.62386509500004, 24.80706013300005], [46.623866992000046, 24.807055107000053], [46.62386834100005, 24.807049936000055], [46.623869127000034, 24.80704466800006], [46.62386934300008, 24.80703935500003], [46.62386898800003, 24.807034049000038], [46.62386806500007, 24.807028801000058], [46.62386658300005, 24.807023660000027], [46.62386455500007, 24.80701867600004], [46.62386352500005, 24.807016748000024], [46.62386632000005, 24.807013864000055], [46.62386973300005, 24.80700955700007], [46.623872669000036, 24.807004966000022], [46.62387509600006, 24.807000134000077], [46.62387699300007, 24.806995107000034], [46.62387834000003, 24.806989935000047], [46.62387912600008, 24.80698466800004], [46.623879342000066, 24.806979356000056], [46.62387898700007, 24.806974050000065], [46.62387806400005, 24.80696880100004], [46.623876583000026, 24.806963660000065], [46.62387595400003, 24.806962115000033], [46.62387790200006, 24.806961647000037], [46.62388336200007, 24.806959796000058], [46.623888597000075, 24.806957467000075], [46.62389355600004, 24.806954680000047], [46.62389819200007, 24.80695146200003], [46.62390246100006, 24.80694784600007], [46.62390632000006, 24.80694386500005], [46.62390973400005, 24.806939558000067], [46.62391266800006, 24.80693496500004], [46.623915096000076, 24.806930133000037], [46.623916992000034, 24.80692510700004], [46.623918340000046, 24.806919936000043], [46.62391912600003, 24.806914668000047], [46.62391934300007, 24.806909355000073], [46.62391898800007, 24.806904049000025], [46.623918065000055, 24.806898801000045], [46.62391658200005, 24.80689366000007], [46.623914556000045, 24.80688867600003], [46.623912003000044, 24.806883898000024], [46.62390895000004, 24.806879371000036], [46.62390542400004, 24.806875140000045], [46.62390146200005, 24.806871243000046], [46.62389710100007, 24.80686772100006], [46.623892382000065, 24.806864604000054], [46.623887352000054, 24.806861926000067], [46.62388205800005, 24.806859711000072], [46.62387655100008, 24.80685797900003], [46.62387088500003, 24.806856749000076], [46.62386511400007, 24.806856031000052], [46.623859294000056, 24.806855834000032], [46.623853481000026, 24.806856158000073], [46.62384773000008, 24.806857000000036], [46.62384503000004, 24.80685764900005], [46.62384088500005, 24.806856749000076], [46.62383511400003, 24.80685603200004], [46.623829294000075, 24.806855834000032], [46.623823481000045, 24.806856158000073], [46.62381773000004, 24.806857001000026], [46.62381209900008, 24.806858353000052], [46.623806639000065, 24.80686020400003], [46.62380140400006, 24.80686253300007]]], [[[46.62120948200004, 24.812982421000072], [46.62120474400007, 24.812979899000027], [46.621199759000035, 24.812977812000042], [46.62119457400007, 24.812976182000057], [46.621189238000056, 24.812975024000025], [46.621183803000065, 24.812974349000058], [46.62117832300004, 24.812974162000046], [46.62117284900006, 24.81297446700006], [46.62116743300004, 24.81297526000003], [46.62116212900003, 24.81297653400003], [46.62115698700006, 24.812978276000024], [46.621152058000064, 24.81298047000007], [46.621147387000065, 24.81298309400006], [46.62114302100008, 24.812986124000076], [46.621139001000074, 24.81298953000004], [46.62113536600003, 24.81299327800008], [46.62113215100004, 24.812997335000034], [46.62112938800004, 24.813001659000065], [46.62112710200006, 24.813006209000037], [46.621125316000075, 24.813010941000073], [46.62112404700008, 24.81301581200006], [46.62112330700006, 24.813020772000073], [46.62112310300006, 24.81302577400004], [46.62112343700005, 24.81303077000007], [46.62112430600007, 24.813035713000033], [46.62112570100004, 24.813040555000043], [46.62112761000003, 24.813045247000048], [46.62113001400007, 24.813049747000036], [46.62113006100003, 24.813049816000046], [46.62112993900007, 24.813049844000034], [46.62112479700005, 24.81305158600003], [46.62111986800005, 24.813053781000065], [46.62111519700005, 24.813056404000065], [46.62111083100007, 24.813059434000024], [46.62110681100006, 24.813062840000043], [46.621103177000066, 24.813066588000027], [46.62109996200007, 24.81307064500004], [46.62109719800003, 24.81307496900007], [46.621094913000036, 24.81307951900004], [46.62109312700005, 24.813084252000067], [46.62109185700007, 24.813089122000065], [46.62109111700005, 24.813094082000077], [46.621090913000046, 24.813099085000033], [46.62109124700004, 24.813104081000063], [46.62109211600006, 24.813109023000038], [46.62109351200007, 24.813113865000048], [46.621095421000064, 24.813118557000053], [46.62109782400006, 24.81312305700004], [46.621100700000056, 24.813127320000035], [46.62110401900003, 24.81313130500007], [46.62110775000008, 24.813134974000036], [46.62111185800006, 24.813138292000076], [46.62111630100003, 24.813141226000027], [46.62112103800007, 24.813143748000073], [46.621126024000034, 24.813145834000068], [46.621131210000044, 24.813147465000043], [46.62113654500007, 24.813148623000075], [46.62114198000006, 24.81314929800004], [46.62114746000003, 24.813149485000054], [46.621152935000055, 24.81314918000004], [46.62115835000003, 24.81314838700007], [46.62116365400004, 24.81314711300007], [46.62116879600006, 24.813145371000076], [46.62117372600005, 24.81314317700003], [46.62117839600006, 24.81314055300004], [46.621182762000046, 24.813137523000023], [46.62118678200005, 24.81313411700006], [46.62119041600005, 24.813130369000078], [46.62119363100004, 24.813126312000065], [46.62119639500003, 24.813121988000034], [46.62119868000008, 24.813117438000063], [46.62120046700005, 24.813112706000027], [46.621201736000046, 24.81310783500004], [46.621202477000054, 24.813102875000027], [46.62120268000007, 24.81309787300006], [46.621202346000075, 24.81309287700003], [46.62120147700006, 24.813087934000066], [46.62120008100004, 24.813083092000056], [46.62119817200005, 24.81307840000005], [46.62119576900005, 24.813073900000063], [46.62119572300003, 24.813073831000054], [46.621195844000056, 24.813073803000066], [46.62120098500003, 24.81307206100007], [46.621205915000075, 24.813069866000035], [46.621210586000075, 24.813067243000035], [46.62121495200006, 24.813064213000075], [46.621218972000065, 24.813060807000056], [46.62122260700005, 24.813057058000027], [46.62122582100005, 24.81305300200006], [46.62122858400005, 24.81304867800003], [46.62123087100008, 24.813044128000058], [46.621232657000064, 24.813039395000033], [46.62123392600006, 24.813034525000035], [46.62123466600008, 24.81302956500008], [46.62123487100007, 24.813024562000066], [46.62123453600003, 24.813019566000037], [46.62123366700007, 24.813014623000072], [46.62123227200004, 24.81300978200005], [46.62123036300005, 24.813005089000058], [46.621227959000066, 24.81300059000006], [46.62122508400006, 24.812996327000064], [46.62122176500003, 24.81299234200003], [46.62121803300005, 24.812988673000063], [46.62121392600005, 24.812985355000023], [46.62120948200004, 24.812982421000072]]], [[[46.62109652600003, 24.813213508000047], [46.62109178800006, 24.813210987000048], [46.621086803000026, 24.813208900000063], [46.62108161700007, 24.81320726900003], [46.62107628200005, 24.813206111000056], [46.621070847000055, 24.813205436000032], [46.62106536600004, 24.813205250000067], [46.62105989200006, 24.813205555000025], [46.62105447600004, 24.81320634700006], [46.621049173000074, 24.81320762100006], [46.621044030000064, 24.813209364000045], [46.621039101000065, 24.813211558000035], [46.621034430000066, 24.813214182000024], [46.62103006500007, 24.81321721100005], [46.621026044000075, 24.81322061700007], [46.62102241000008, 24.813224366000043], [46.62101919500003, 24.813228422000066], [46.621016431000044, 24.81323274600004], [46.62101414600005, 24.813237296000068], [46.621012360000066, 24.813242029000037], [46.62101109100007, 24.813246899000035], [46.62101035000006, 24.813251860000037], [46.62101014600006, 24.81325686100007], [46.62101048000005, 24.813261858000033], [46.62101135000006, 24.813266801000054], [46.62101274500003, 24.813271642000075], [46.621012852000035, 24.813271906000068], [46.62101242700004, 24.813272049000034], [46.62100749700005, 24.813274243000023], [46.62100282700004, 24.81327686700007], [46.62099846000007, 24.81327989700003], [46.62099444100005, 24.81328330300005], [46.620990805000076, 24.81328705100003], [46.62098759100007, 24.813291108000044], [46.620984828000076, 24.813295432000075], [46.620982541000046, 24.813299982000046], [46.62098075500006, 24.813304714000026], [46.62097948600007, 24.81330958500007], [46.62097874600005, 24.813314545000026], [46.620978541000056, 24.813319548000038], [46.62097887600004, 24.81332454300008], [46.62097974500006, 24.813329486000043], [46.620981140000026, 24.813334328000053], [46.620983049000074, 24.813339020000058], [46.620983799000044, 24.813340423000056], [46.620982637000054, 24.81334048800005], [46.62097722200008, 24.813341281000078], [46.62097191700008, 24.813342555000077], [46.620966776000046, 24.81334429700007], [46.62096184600006, 24.81334649100006], [46.62095717600005, 24.81334911500005], [46.62095280900007, 24.813352145000067], [46.62094879000006, 24.81335555000004], [46.620945154000026, 24.81335929900007], [46.62094194000008, 24.813363355000035], [46.620939177000025, 24.813367679000066], [46.62093689000005, 24.813372229000038], [46.62093510400007, 24.813376962000063], [46.62093383500007, 24.81338183200006], [46.620933095000055, 24.813386792000074], [46.62093289100005, 24.81339179500003], [46.620933225000044, 24.81339679100006], [46.62093409400006, 24.813401734000024], [46.62093548900003, 24.813406575000045], [46.62093739800008, 24.81341126800004], [46.62093740500006, 24.813411280000025], [46.62093258300007, 24.813413426000068], [46.62092791300006, 24.813416051000047], [46.62092354600003, 24.813419081000063], [46.62091952600008, 24.813422486000036], [46.62091589100004, 24.813426235000065], [46.620912677000035, 24.813430290000042], [46.62090991300005, 24.813434615000062], [46.620907627000065, 24.813439165000034], [46.62090584100008, 24.81344389800006], [46.62090457200003, 24.813448768000057], [46.62090383200007, 24.81345372800007], [46.620903628000065, 24.813458730000036], [46.62090396200006, 24.813463727000055], [46.620904831000075, 24.813468670000077], [46.620906226000045, 24.81347351100004], [46.620908135000036, 24.813478204000035], [46.62091053900008, 24.813482703000034], [46.62091341400003, 24.813486966000028], [46.62091673300006, 24.813490951000063], [46.62092046500004, 24.81349462000003], [46.620924572000035, 24.813497937000022], [46.62092901600005, 24.81350087100003], [46.62093375400008, 24.813503394000065], [46.62093873900005, 24.81350548000006], [46.62094392400007, 24.813507110000046], [46.62094926000003, 24.813508269000067], [46.62095469500008, 24.813508945000024], [46.62096017600004, 24.813509131000046], [46.62096564900003, 24.81350882600003], [46.62097106500005, 24.813508032000072], [46.62097636900006, 24.813506759000063], [46.620981511000025, 24.81350501600008], [46.62098644000008, 24.81350282300008], [46.62099111100008, 24.813500198000042], [46.620995477000065, 24.813497169000073], [46.62099949700007, 24.813493764000043], [46.621003132000055, 24.813490014000024], [46.62100634700005, 24.813485959000047], [46.621009110000045, 24.813481635000073], [46.62101139600003, 24.813477085000045], [46.62101318200007, 24.81347235100003], [46.621014452000054, 24.81346748200008], [46.621015191000026, 24.813462521000076], [46.621015396000075, 24.813457519000053], [46.62101506100004, 24.813452522000034], [46.621014193000065, 24.81344757900007], [46.62101279700005, 24.81344273900004], [46.62101088800006, 24.813438045000055], [46.621010881000075, 24.813438034000058], [46.62101570300007, 24.813435888000072], [46.62102037400007, 24.813433263000036], [46.62102474100004, 24.813430233000076], [46.62102876000006, 24.813426828000047], [46.62103239500004, 24.813423079000074], [46.621035610000035, 24.81341902300005], [46.62103837300003, 24.813414699000077], [46.62104065900007, 24.81341014900005], [46.62104244600005, 24.813405416000023], [46.62104371500004, 24.813400546000025], [46.62104445400007, 24.81339558600007], [46.62104465900006, 24.813390583000057], [46.62104432400008, 24.813385587000027], [46.62104345600005, 24.813380644000063], [46.621042060000036, 24.813375803000042], [46.621040151000045, 24.81337111000005], [46.621039402000065, 24.81336970800004], [46.621040563000065, 24.813369643000044], [46.62104597900003, 24.813368850000074], [46.62105128400003, 24.813367576000076], [46.62105642500006, 24.813365834000024], [46.62106135400006, 24.813363640000034], [46.62106602500006, 24.813361016000044], [46.621070392000036, 24.813357986000028], [46.62107441100005, 24.813354580000066], [46.62107804600004, 24.813350832000026], [46.62108126100003, 24.81334677500007], [46.62108402400003, 24.81334245100004], [46.62108631000007, 24.813337901000068], [46.62108809700004, 24.813333169000032], [46.621089366000035, 24.813328298000044], [46.621090105000064, 24.813323338000032], [46.621090310000056, 24.813318336000066], [46.621089975000075, 24.813313340000036], [46.621089107000046, 24.81330839700007], [46.62108771100003, 24.81330355500006], [46.62108760400008, 24.813303292000057], [46.62108802900008, 24.813303148000045], [46.621092959000066, 24.813300954000056], [46.621097630000065, 24.813298330000066], [46.62110199500006, 24.81329530000005], [46.621106016000056, 24.81329189400003], [46.62110965000005, 24.813288146000048], [46.621112864000054, 24.813284090000025], [46.62111562800004, 24.81327976500006], [46.62111791400008, 24.813275215000033], [46.621119700000065, 24.813270483000053], [46.62112096900006, 24.813265612000066], [46.62112171000007, 24.813260652000054], [46.62112191400007, 24.81325565000003], [46.62112158000008, 24.813250654000058], [46.62112071000007, 24.813245711000036], [46.621119315000044, 24.813240869000026], [46.62111740600005, 24.81323617700008], [46.62111500300006, 24.813231678000022], [46.62111212700006, 24.81322741500003], [46.62110880800003, 24.81322342900006], [46.62110507700004, 24.813219760000038], [46.621100969000054, 24.813216443000044], [46.62109652600003, 24.813213508000047]]], [[[46.62095938500005, 24.812751605000074], [46.62095435400005, 24.81274892700003], [46.620949060000044, 24.812746711000045], [46.620943553000075, 24.812744980000048], [46.620937886000036, 24.81274374900005], [46.62093211600006, 24.81274303200007], [46.62092629500006, 24.812742834000062], [46.62092048200003, 24.812743158000046], [46.62091473100003, 24.812744000000066], [46.62090909900007, 24.812745353000025], [46.62090363900006, 24.81274720300007], [46.62089840300007, 24.812749533000044], [46.620893444000046, 24.812752320000072], [46.62088880700003, 24.812755537000044], [46.62088453800004, 24.812759154000048], [46.62088067800005, 24.81276313400008], [46.62087726500005, 24.81276744200005], [46.62087433000005, 24.812772033000044], [46.62087190200003, 24.812776866000036], [46.62087000500003, 24.812781892000032], [46.62086865800006, 24.812787064000076], [46.62086787100003, 24.812792331000026], [46.62086765500004, 24.812797643000067], [46.62086801000004, 24.81280294900006], [46.620868933000054, 24.812808198000027], [46.62086895700003, 24.812808286000063], [46.62086840300003, 24.812808533000066], [46.620863443000076, 24.812811320000037], [46.62085880700005, 24.812814538000055], [46.62085453800006, 24.81281815400007], [46.62085067800007, 24.812822135000033], [46.620847264000076, 24.812826442000073], [46.62084433000007, 24.812831033000066], [46.62084190300004, 24.812835866000057], [46.62084000500005, 24.812840892000054], [46.620838657000036, 24.81284606400004], [46.62083787100005, 24.812851331000047], [46.620837797000036, 24.812853140000072], [46.62083748200007, 24.812853158000053], [46.62083173100007, 24.812854000000073], [46.620826099000055, 24.81285535300003], [46.620820639000044, 24.81285720300008], [46.62081540300005, 24.81285953300005], [46.62081044300004, 24.81286232000008], [46.62080580700007, 24.81286553700005], [46.62080153800008, 24.812869153000065], [46.62079767800003, 24.81287313400003], [46.62079426400004, 24.812877442000058], [46.62079132900004, 24.81288203400004], [46.62078890200007, 24.812886866000042], [46.62078700500007, 24.81289189200004], [46.620785658000045, 24.812897063000037], [46.62078487100007, 24.812902331000032], [46.62078465500008, 24.812907643000074], [46.62078501000008, 24.812912949000065], [46.620785933000036, 24.812918198000034], [46.62078741400006, 24.812923339000065], [46.620789442000046, 24.81292832300005], [46.62079199400006, 24.812933101000056], [46.62079504700006, 24.812937628000043], [46.62079857200007, 24.812941859000034], [46.62080253400006, 24.812945756000033], [46.62080689600003, 24.812949279000065], [46.62081161500004, 24.812952395000025], [46.62081664600004, 24.81295507300007], [46.62082194100003, 24.812957289000053], [46.62082744800006, 24.81295902000005], [46.62083311300006, 24.81296025100005], [46.62083888500007, 24.812960968000027], [46.62084470500008, 24.812961166000036], [46.620850519000044, 24.812960842000052], [46.62085626900006, 24.812960000000032], [46.62086190200006, 24.812958647000073], [46.62086736200007, 24.812956797000027], [46.62087259600003, 24.812954467000054], [46.62087755700003, 24.812951680000026], [46.62088219300006, 24.812948463000055], [46.620886462000044, 24.81294484600005], [46.62089032200004, 24.81294086500003], [46.62089373600003, 24.812936558000047], [46.620896670000036, 24.812931967000054], [46.62089909700006, 24.812927134000063], [46.620900995000056, 24.812922108000066], [46.62090234300007, 24.81291693600008], [46.620903129000055, 24.812911669000073], [46.62090320300007, 24.812909860000048], [46.620903518000034, 24.812909842000067], [46.62090926900004, 24.812909000000047], [46.62091490100005, 24.81290764700003], [46.62092036100006, 24.81290579700004], [46.62092559700005, 24.81290346700007], [46.620930556000076, 24.81290068000004], [46.62093519300004, 24.81289746300007], [46.62093946200008, 24.812893847000055], [46.62094332200007, 24.812889866000035], [46.620946735000075, 24.812885558000062], [46.62094967100006, 24.812880966000023], [46.62095209800003, 24.812876134000078], [46.620953995000036, 24.812871108000024], [46.62095534200006, 24.812865937000026], [46.620956129000035, 24.81286066900003], [46.62095634500008, 24.812855357000046], [46.62095599000003, 24.812850051000055], [46.62095506700007, 24.81284480200003], [46.62095504300004, 24.81284471400005], [46.620955597000034, 24.812844467000048], [46.620960557000046, 24.812841680000076], [46.620965193000075, 24.81283846300005], [46.62096946200006, 24.812834846000044], [46.620973321000065, 24.81283086600007], [46.620976736000046, 24.81282655800004], [46.620979670000054, 24.812821967000048], [46.62098209800007, 24.812817134000056], [46.620983995000074, 24.81281210800006], [46.62098534300003, 24.812806936000072], [46.62098612900007, 24.812801669000066], [46.62098634600005, 24.812796357000025], [46.620985991000055, 24.812791051000033], [46.62098506800004, 24.812785802000064], [46.62098358500003, 24.812780661000033], [46.62098155900003, 24.812775677000047], [46.62097900600003, 24.812770899000043], [46.62097595300003, 24.812766372000056], [46.62097242700003, 24.812762140000075], [46.62096846500003, 24.812758244000065], [46.62096410300006, 24.812754721000033], [46.62095938500005, 24.812751605000074]]], [[[46.62094159000003, 24.813529737000067], [46.62093823600003, 24.813527951000026], [46.62093470600007, 24.81352647400007], [46.62093103500007, 24.813525320000053], [46.62092725800005, 24.81352449900004], [46.620923411000035, 24.813524021000035], [46.62091953000004, 24.813523889000066], [46.620915654000044, 24.813524105000056], [46.62091182000006, 24.813524667000024], [46.62090806600003, 24.813525569000035], [46.62090442600004, 24.81352680200007], [46.620900935000066, 24.813528356000063], [46.62089762900007, 24.813530214000025], [46.62089453700003, 24.81353235800003], [46.62089169200004, 24.813534769000057], [46.620889119000026, 24.81353742300007], [46.62088684200006, 24.813540295000053], [46.620884886000056, 24.813543356000025], [46.620883509000066, 24.813546098000074], [46.620881035000025, 24.81354532000006], [46.620877258000064, 24.813544500000035], [46.62087341100005, 24.81354402100004], [46.62086953000005, 24.813543889000073], [46.620865654000056, 24.813544105000062], [46.62086182000007, 24.81354466700003], [46.62085806600004, 24.81354556900004], [46.62085442600005, 24.813546802000076], [46.62085093500008, 24.813548355000023], [46.620847629000025, 24.813550213000042], [46.62084453700004, 24.813552358000038], [46.620841692000056, 24.813554769000064], [46.62083911900004, 24.813557423000077], [46.620837409000046, 24.81355958000006], [46.62083682000008, 24.81355966700005], [46.620833065000056, 24.81356056900006], [46.62082942600006, 24.813561802000038], [46.62082593500003, 24.813563355000042], [46.62082262900003, 24.81356521300006], [46.620819538000035, 24.813567358000057], [46.62081669200006, 24.813569769000026], [46.620814118000055, 24.81357242300004], [46.62081184300007, 24.81357529400003], [46.620809886000075, 24.81357835500006], [46.620808268000076, 24.813581577000036], [46.62080700300004, 24.81358492800007], [46.62080610400005, 24.81358837600004], [46.62080558000008, 24.813591888000076], [46.62080543600007, 24.81359542900003], [46.620805672000074, 24.81359896600003], [46.62080628700005, 24.813602466000077], [46.62080727600005, 24.813605893000044], [46.62080862800008, 24.81360921600003], [46.62081032900005, 24.813612401000057], [46.62081236500006, 24.81361541900003], [46.62081471400006, 24.81361824000004], [46.62081735700008, 24.81362083700003], [46.62082026400003, 24.81362318600003], [46.62082341000007, 24.813625263000063], [46.62082676400007, 24.813627049000047], [46.62083029400003, 24.81362852600006], [46.62083396400004, 24.813629680000076], [46.62083774200005, 24.813630501000034], [46.62083959000006, 24.813630730000057], [46.620839672000045, 24.81363196600006], [46.62084028800007, 24.81363546500006], [46.62084127600008, 24.813638893000075], [46.62084262700006, 24.813642215000073], [46.62084432900008, 24.81364540000004], [46.620846365000034, 24.81364841800007], [46.62084871400003, 24.81365124000007], [46.62085135600006, 24.81365383800005], [46.62085426400006, 24.81365618600006], [46.62085741000004, 24.813658263000036], [46.62086076400004, 24.813660049000077], [46.62086429300007, 24.813661526000033], [46.62086796500006, 24.81366268000005], [46.62087174200008, 24.813663501000065], [46.620875590000026, 24.81366397900007], [46.620879470000034, 24.813664110000047], [46.62088334500004, 24.813663895000047], [46.62088717900008, 24.813663333000022], [46.620890934000045, 24.81366243100007], [46.62089457500008, 24.813661198000034], [46.62089806500006, 24.81365964400004], [46.62090137100006, 24.813657787000068], [46.620904462000055, 24.81365564200007], [46.62090730800003, 24.813653231000046], [46.620909881000046, 24.813650577000033], [46.62091215700008, 24.81364770500005], [46.62091411400007, 24.813644644000078], [46.62091573200007, 24.813641423000036], [46.62091699700005, 24.81363807200006], [46.62091789500005, 24.81363462400003], [46.62091841900008, 24.813631113000042], [46.62091856400008, 24.81362757100004], [46.62091832700003, 24.813624034000043], [46.62091771200005, 24.81362053500004], [46.62091672400004, 24.813617107000027], [46.62091537300006, 24.81361378500003], [46.62091367100004, 24.81361060000006], [46.62091163500003, 24.81360758200003], [46.62090928500004, 24.813604760000032], [46.62090664400006, 24.813602162000052], [46.62090373600006, 24.813599814000042], [46.62090328100004, 24.813599513000042], [46.62090511400004, 24.81359664400003], [46.62090649100003, 24.813593903000026], [46.62090896500007, 24.81359468000005], [46.62091274200003, 24.813595501000066], [46.620916589000046, 24.81359597900007], [46.620920470000044, 24.81359611000005], [46.62092434600004, 24.81359589500005], [46.62092818000008, 24.813595333000023], [46.620931934000055, 24.81359443100007], [46.62093557400004, 24.813593198000035], [46.62093906500007, 24.81359164400004], [46.62094237100007, 24.81358978700007], [46.620945463000055, 24.813587642000073], [46.62094830800004, 24.813585231000047], [46.620950881000056, 24.813582577000034], [46.62095315700003, 24.813579705000052], [46.620955114000026, 24.813576644000022], [46.62095673200008, 24.813573423000037], [46.62095799700006, 24.81357007200006], [46.62095889500006, 24.813566624000032], [46.62095941900003, 24.813563113000043], [46.62095956400003, 24.81355957100004], [46.62095932700004, 24.813556034000044], [46.62095871200006, 24.813552535000042], [46.62095772400005, 24.81354910700003], [46.62095637200008, 24.81354578500003], [46.62095467100005, 24.813542600000062], [46.62095263500004, 24.813539582000033], [46.62095028500005, 24.813536760000034], [46.62094764300008, 24.813534162000053], [46.62094473600007, 24.813531814000044], [46.62094159000003, 24.813529737000067]]], [[[46.62081110300005, 24.812963284000034], [46.62080611700003, 24.81296119700005], [46.620800931000076, 24.812959567000064], [46.62079559600005, 24.812958408000043], [46.62079016200005, 24.812957733000076], [46.62078468100003, 24.812957546000064], [46.620779206000066, 24.812957852000068], [46.62077379100003, 24.812958645000037], [46.62076848700008, 24.812959918000047], [46.62076334500006, 24.81296166100003], [46.62075841600006, 24.812963855000078], [46.62075374500006, 24.812966479000067], [46.620749379000074, 24.812969508000037], [46.62074535900007, 24.812972914000056], [46.62074172500007, 24.81297666300003], [46.62073851000008, 24.812980719000052], [46.62073574600004, 24.812985043000026], [46.62073346100004, 24.812989593000054], [46.62073167400007, 24.812994326000023], [46.620730405000074, 24.812999196000078], [46.620729664000066, 24.813004157000023], [46.620729460000064, 24.813009159000046], [46.620729795000045, 24.813014155000076], [46.620730664000064, 24.81301909800004], [46.62073206000008, 24.81302393900006], [46.62073396800008, 24.813028632000055], [46.62073637100008, 24.813033131000054], [46.620739247000074, 24.813037394000048], [46.620742567000036, 24.813041380000072], [46.62074629700004, 24.81304504800005], [46.62075040500008, 24.813048366000032], [46.62075484800005, 24.81305130000004], [46.62075958600008, 24.81305382200003], [46.62076457100005, 24.81305590900007], [46.62076975700006, 24.813057539000056], [46.62077509200003, 24.813058698000077], [46.62078052700008, 24.813059373000044], [46.62078600800004, 24.813059560000056], [46.62079148200007, 24.813059254000052], [46.62079689800004, 24.813058461000026], [46.62080220100006, 24.813057188000073], [46.62080734400007, 24.813055445000032], [46.62081227300007, 24.813053251000042], [46.62081694400007, 24.813050627000052], [46.620821309000064, 24.813047598000026], [46.62082533000006, 24.813044192000064], [46.620828964000054, 24.813040443000034], [46.62083217900005, 24.813036387000068], [46.620834943000034, 24.813032063000037], [46.62083722800003, 24.813027513000065], [46.62083901400007, 24.81302278000004], [46.620840283000064, 24.813017910000042], [46.62084102400007, 24.81301294900004], [46.620841228000074, 24.813007948000063], [46.620840894000025, 24.813002951000044], [46.620840025000064, 24.812998008000022], [46.62083862900005, 24.81299316700006], [46.62083672000006, 24.812988474000065], [46.62083431700006, 24.812983975000066], [46.620831441000064, 24.81297971200007], [46.620828122000034, 24.812975726000047], [46.62082439100004, 24.81297205800007], [46.62082028300006, 24.81296874000003], [46.620815840000034, 24.812965806000022], [46.62081110300005, 24.812963284000034]]], [[[46.62081759000006, 24.813762737000047], [46.62081423600006, 24.813760951000063], [46.62081070600004, 24.81375947400005], [46.62080703500004, 24.813758320000034], [46.620803257000034, 24.813757500000065], [46.620799410000075, 24.81375702100007], [46.620795530000066, 24.813756889000047], [46.62079165400007, 24.813757105000036], [46.62078782100008, 24.81375766700006], [46.620784065000066, 24.813758569000072], [46.62078042500008, 24.81375980200005], [46.62077693500004, 24.813761355000054], [46.62077362900004, 24.813763214000062], [46.620770538000045, 24.81376535800007], [46.620767691000026, 24.813767769000037], [46.620765118000065, 24.81377042300005], [46.62076284300008, 24.813773295000033], [46.62076088600003, 24.813776355000073], [46.62075926800003, 24.813779577000048], [46.62075800300005, 24.813782928000023], [46.62075765800006, 24.813784251000072], [46.62075482100005, 24.81378466700005], [46.620751065000036, 24.81378556800007], [46.62074742500005, 24.81378680200004], [46.620743935000064, 24.813788355000042], [46.62074062900007, 24.81379021300006], [46.62073753800007, 24.813792358000057], [46.62073469100005, 24.813794769000026], [46.620732118000035, 24.81379742300004], [46.62072984300005, 24.813800294000032], [46.620727886000054, 24.81380335600005], [46.620726268000055, 24.813806577000037], [46.620725003000075, 24.81380992800007], [46.62072410400003, 24.813813375000052], [46.62072358000006, 24.81381688700003], [46.62072343600005, 24.81382042900003], [46.620723672000054, 24.813823967000076], [46.620724288000076, 24.813827466000077], [46.62072527600003, 24.813830892000055], [46.62072662800006, 24.813834215000043], [46.62072832900003, 24.813837401000058], [46.62073036500004, 24.81384041900003], [46.62073271400004, 24.81384324000004], [46.62073535600007, 24.81384583700003], [46.62073826400007, 24.81384818600003], [46.62074141000005, 24.813850263000063], [46.62074476400005, 24.813852049000047], [46.62074829300008, 24.81385352600006], [46.62075196400008, 24.813854681000066], [46.62075574200003, 24.813855500000045], [46.620759590000034, 24.81385597900004], [46.62076347000004, 24.813856111000064], [46.62076734500005, 24.813855894000028], [46.62077117900003, 24.81385533300005], [46.62077493400005, 24.813854432000028], [46.62077857500003, 24.81385319800006], [46.62078206500007, 24.813851645000057], [46.62078537200006, 24.813849787000038], [46.620788462000064, 24.81384764200004], [46.62079130800004, 24.813845231000073], [46.620793881000054, 24.81384257700006], [46.62079615700003, 24.813839706000067], [46.62079811400008, 24.813836644000048], [46.62079973200008, 24.813833423000062], [46.62080099700006, 24.81383007200003], [46.62080134100006, 24.813828749000038], [46.62080417900006, 24.81382833300006], [46.62080793400003, 24.81382743100005], [46.62081157500006, 24.813826198000072], [46.620815065000045, 24.813824645000068], [46.62081837200003, 24.81382278700005], [46.62082146200004, 24.813820642000053], [46.62082430800007, 24.813818231000027], [46.62082688100003, 24.81381557700007], [46.62082915800005, 24.813812705000032], [46.620831114000055, 24.81380964400006], [46.62083273200005, 24.813806423000074], [46.620833996000044, 24.81380307200004], [46.62083489500003, 24.81379962400007], [46.62083541900006, 24.813796113000024], [46.62083556400006, 24.81379257100008], [46.620835327000066, 24.813789034000024], [46.62083471200003, 24.813785535000022], [46.62083372400008, 24.813782107000065], [46.62083237300004, 24.813778785000068], [46.62083067100008, 24.813775599000053], [46.620828636000056, 24.81377258200007], [46.62082628500008, 24.81376976000007], [46.62082364400004, 24.813767163000023], [46.62082073600004, 24.813764814000024], [46.62081759000006, 24.813762737000047]]], [[[46.620547628000054, 24.81410621300006], [46.62054453700006, 24.814108358000055], [46.620541692000074, 24.814110769000024], [46.62053911900006, 24.814113423000038], [46.620536842000035, 24.81411629400003], [46.62053488600003, 24.81411935500006], [46.62053326800003, 24.814122577000035], [46.62053200300005, 24.814125928000067], [46.620531105000055, 24.81412937600004], [46.620530581000025, 24.814132888000074], [46.62053043600008, 24.81413642900003], [46.620530673000076, 24.814139966000027], [46.62053128800005, 24.81414346500003], [46.62053227500007, 24.814146893000043], [46.62053362700004, 24.81415021500004], [46.62053532900006, 24.814153400000066], [46.62053736400003, 24.81415641800004], [46.62053971500006, 24.814159240000038], [46.620542356000044, 24.814161838000075], [46.62054388100006, 24.814163069000074], [46.62054125800006, 24.814162500000066], [46.620537410000054, 24.814162021000072], [46.620533530000046, 24.814161889000047], [46.62052965500004, 24.814162105000037], [46.62052582100006, 24.814162667000062], [46.620522066000035, 24.814163568000026], [46.62051842500006, 24.81416480200005], [46.620514935000074, 24.814166355000054], [46.62051162900008, 24.814168213000073], [46.62050853800008, 24.81417035800007], [46.62050569200005, 24.814172769000038], [46.620503119000034, 24.81417542300005], [46.62050084300006, 24.814178294000044], [46.620498886000064, 24.814181355000073], [46.620497268000065, 24.81418457700005], [46.62049600300003, 24.814187928000024], [46.62049510400004, 24.814191375000064], [46.62049458000007, 24.814194887000042], [46.62049443500007, 24.814198429000044], [46.62049467200006, 24.81420196600004], [46.62049528800003, 24.814205466000033], [46.62049627600004, 24.814208892000067], [46.62049762700008, 24.814212215000055], [46.62049932800005, 24.81421540100007], [46.62050136500005, 24.814218419000042], [46.62050371500004, 24.81422124000005], [46.62050635600008, 24.814223837000043], [46.62050926400008, 24.81422618600004], [46.62051241000006, 24.814228263000075], [46.62051576300007, 24.81423004900006], [46.62051929300003, 24.81423152600007], [46.62052296500008, 24.814232681000078], [46.62052674200004, 24.814233501000047], [46.620530590000044, 24.81423397800006], [46.62053446900006, 24.814234111000076], [46.62053834500006, 24.81423389400004], [46.62053861600003, 24.814233855000055], [46.620540264000056, 24.814235186000076], [46.62054341000004, 24.814237263000052], [46.62054676400004, 24.814239049000037], [46.620550294000054, 24.81424052600005], [46.620553965000056, 24.814241681000055], [46.620557742000074, 24.814242501000024], [46.62056158900003, 24.81424297800004], [46.62056547000003, 24.814243111000053], [46.62056934600008, 24.814242894000074], [46.620573180000065, 24.814242334000028], [46.62057693400004, 24.814241432000074], [46.62058032500005, 24.81424028300006], [46.620581763000075, 24.81424104900003], [46.62058529300003, 24.814242526000044], [46.62058896500008, 24.81424368000006], [46.62059274200004, 24.814244501000076], [46.62059659000005, 24.814244979000023], [46.62060046900007, 24.81424511000006], [46.62060434500006, 24.81424489500006], [46.620608179000044, 24.814244334000023], [46.620611935000056, 24.814243431000023], [46.620615575000045, 24.814242197000056], [46.62061906500003, 24.81424064500004], [46.62062237100008, 24.81423878700008], [46.62062546200008, 24.814236642000026], [46.62062830900004, 24.814234231000057], [46.62063088200006, 24.814231577000044], [46.62063315700004, 24.814228705000062], [46.62063511400004, 24.814225644000032], [46.62063673200004, 24.814222423000047], [46.620637997000074, 24.81421907200007], [46.62063889600006, 24.81421562400004], [46.62063942000003, 24.814212113000053], [46.620639564000044, 24.81420857100005], [46.62063932800004, 24.814205034000054], [46.620638738000025, 24.814201680000053], [46.62064106400004, 24.81420064400004], [46.620644371000026, 24.814198787000066], [46.62064746200008, 24.81419664200007], [46.62065030800005, 24.814194231000045], [46.62065288200006, 24.81419157700003], [46.620655157000044, 24.81418870500005], [46.62065711400004, 24.814185644000077], [46.62065873300003, 24.814182423000034], [46.620659997000075, 24.81417907200006], [46.62066089600006, 24.81417562400003], [46.62066142000003, 24.81417211300004], [46.620661565000034, 24.81416857100004], [46.62066132800004, 24.81416503400004], [46.620660712000074, 24.81416153500004], [46.620660014000066, 24.814159112000027], [46.62066237100004, 24.814157787000056], [46.620665462000034, 24.81415564200006], [46.62066830900005, 24.814153231000034], [46.62067088200007, 24.814150577000078], [46.620673157000056, 24.81414770600003], [46.62067511400005, 24.814144644000066], [46.62067673300004, 24.814141422000034], [46.62067799700003, 24.81413807200005], [46.62067889600007, 24.814134625000065], [46.620679420000045, 24.81413111300003], [46.620679564000056, 24.81412757100003], [46.62067932800005, 24.81412403300004], [46.62067871200003, 24.81412053400004], [46.620677724000075, 24.81411710800006], [46.620676797000044, 24.81411482900006], [46.62068017900003, 24.814114333000077], [46.620683934000056, 24.814113431000067], [46.620687574000044, 24.814112198000032], [46.620691065000074, 24.814110645000028], [46.62069437200006, 24.814108787000066], [46.620697463000056, 24.81410664200007], [46.62070030800004, 24.814104231000044], [46.62070288100006, 24.81410157700003], [46.62070515800008, 24.81409870500005], [46.62070711400003, 24.814095644000076], [46.620708732000026, 24.814092423000034], [46.62070999600007, 24.81408907200006], [46.62071089500006, 24.81408562400003], [46.62071141900003, 24.81408211300004], [46.62071156400003, 24.81407857100004], [46.62071132700004, 24.81407503400004], [46.62071071200006, 24.81407153500004], [46.62070972400005, 24.814068107000026], [46.62070837300007, 24.814064785000028], [46.62070760200004, 24.814063342000054], [46.620710372000076, 24.814061786000025], [46.62071346300007, 24.814059642000075], [46.620716308000056, 24.81405723100005], [46.62071888100007, 24.814054577000036], [46.62072115800004, 24.814051706000043], [46.62072311400004, 24.81404864500007], [46.62072473200004, 24.81404542300004], [46.62072599700008, 24.814042072000063], [46.620726895000075, 24.814038624000034], [46.62072741900005, 24.814035112000056], [46.62072756400005, 24.814031571000044], [46.620727327000054, 24.814028034000046], [46.62072671200008, 24.814024534000055], [46.62072572500006, 24.81402110700003], [46.62072437300003, 24.814017785000033], [46.62072267100007, 24.814014599000075], [46.620720636000044, 24.814011581000045], [46.620718528000054, 24.814009052000074], [46.62072134600004, 24.81400889500003], [46.62072518000008, 24.81400833300006], [46.620728935000045, 24.81400743100005], [46.620732575000034, 24.814006198000072], [46.620736065000074, 24.81400464400008], [46.62073937100007, 24.81400278600006], [46.62074246200007, 24.814000642000053], [46.62074530800004, 24.813998231000028], [46.620747882000046, 24.81399557700007], [46.62075015700003, 24.813992705000032], [46.62075211400003, 24.81398964400006], [46.620753732000026, 24.813986423000074], [46.62075499700006, 24.813983072000042], [46.62075589600005, 24.81397962400007], [46.62075642000008, 24.813976113000024], [46.62075656400003, 24.81397257200007], [46.62075632800003, 24.813969034000024], [46.62075571300005, 24.813965535000023], [46.62075472400005, 24.813962107000066], [46.62075337200008, 24.813958785000068], [46.62075167100005, 24.813955600000043], [46.62074963500004, 24.81395258200007], [46.62074728600004, 24.81394976000007], [46.62074464300008, 24.813947162000034], [46.62074173600007, 24.813944814000024], [46.62073859000003, 24.813942737000048], [46.62073523600003, 24.813940951000063], [46.62073170700006, 24.81393947400005], [46.62072803600006, 24.813938320000034], [46.62072425800005, 24.813937499000076], [46.620720411000036, 24.813937021000072], [46.62071653000004, 24.813936890000036], [46.620712655000034, 24.813937105000036], [46.62070882100005, 24.81393766700006], [46.62070506600003, 24.813938569000072], [46.62070142600004, 24.81393980200005], [46.62069793500007, 24.813941356000043], [46.62069609400004, 24.813942390000022], [46.62069572400003, 24.813941107000062], [46.62069437300005, 24.813937785000064], [46.62069267100003, 24.81393459900005], [46.62069063600006, 24.813931581000077], [46.62068828500003, 24.813928760000067], [46.62068564400005, 24.813926163000076], [46.62068273700004, 24.813923814000077], [46.620679590000066, 24.813921737000044], [46.620676236000065, 24.81391995100006], [46.62067270600005, 24.813918474000047], [46.62066903500005, 24.81391731900004], [46.62066525700004, 24.813916499000072], [46.620661410000025, 24.813916021000068], [46.620657530000074, 24.813915889000043], [46.62065365400008, 24.813916105000033], [46.62064982100003, 24.81391666600007], [46.620646065000074, 24.81391756800008], [46.62064242500003, 24.813918802000046], [46.620638935000045, 24.81392035500005], [46.62063562900005, 24.81392221300007], [46.62063253800005, 24.813924358000065], [46.62062969200008, 24.813926769000034], [46.62062711800007, 24.813929423000047], [46.62062484300003, 24.81393229400004], [46.620622886000035, 24.81393535600006], [46.620621268000036, 24.813938578000034], [46.620620003000056, 24.813941928000077], [46.62061910400007, 24.81394537500006], [46.62061858000004, 24.813948887000038], [46.62061843600003, 24.81395242900004], [46.620618672000035, 24.813955967000027], [46.62061928700007, 24.81395946500004], [46.62062027600007, 24.813962893000053], [46.62062162800004, 24.81396621500005], [46.62062332900007, 24.813969401000065], [46.62062356700005, 24.813969754000027], [46.620623425000076, 24.813969803000077], [46.620619936000026, 24.813971355000035], [46.62061662900004, 24.813973213000054], [46.62061353800004, 24.81397535800005], [46.62061069200007, 24.813977769000076], [46.620608118000064, 24.813980423000032], [46.62060584300008, 24.81398329500007], [46.62060388700007, 24.813986356000044], [46.62060226700004, 24.81398957700003], [46.62060100300005, 24.81399292800006], [46.62060010400006, 24.813996376000034], [46.62059958000003, 24.813999887000023], [46.62059943500003, 24.814003429000024], [46.620599672000026, 24.81400696600008], [46.62060028800005, 24.814010465000024], [46.62060127600006, 24.814013893000038], [46.62060262700004, 24.814017215000035], [46.62060432900006, 24.81402040100005], [46.62060636500007, 24.814023419000023], [46.62060871500006, 24.814026239000043], [46.62061054000003, 24.814028035000035], [46.620610267000075, 24.814028577000045], [46.62060900300003, 24.814031928000077], [46.62060810400004, 24.81403537500006], [46.62060758000007, 24.814038887000038], [46.62060743600006, 24.81404242900004], [46.62060767200006, 24.814045966000037], [46.62060828800003, 24.81404946600003], [46.62060927600004, 24.814052892000063], [46.620610627000076, 24.81405621500005], [46.62061232900004, 24.814059401000065], [46.62061436500005, 24.814062419000038], [46.62061671400005, 24.814065240000048], [46.62061935600008, 24.81406783700004], [46.62061980100003, 24.81406819600005], [46.62061759000005, 24.814066737000076], [46.62061423700004, 24.814064951000034], [46.620610707000026, 24.814063474000022], [46.620607035000035, 24.814062319000072], [46.620603258000074, 24.814061500000037], [46.62059941000007, 24.814061021000043], [46.62059553100005, 24.814060889000075], [46.620591655000055, 24.814061106000054], [46.62058782100007, 24.814061667000033], [46.62058406500006, 24.814062568000054], [46.62058042500007, 24.814063802000078], [46.62057693500003, 24.814065355000025], [46.620573629000035, 24.814067213000044], [46.62057053800004, 24.81406935800004], [46.620567691000076, 24.814071769000066], [46.62056511800006, 24.814074423000022], [46.62056284300007, 24.81407729400007], [46.62056088600008, 24.814080356000034], [46.62055926800008, 24.814083577000076], [46.62055800300004, 24.81408692800005], [46.620557104000056, 24.814090375000035], [46.62055658000003, 24.81409388700007], [46.62055643600007, 24.81409742900007], [46.62055667200008, 24.81410096600007], [46.62055685100006, 24.814101980000032], [46.62055442600007, 24.814102802000036], [46.62055093500004, 24.81410435500004], [46.620547628000054, 24.81410621300006]], [[46.620635177000054, 24.81409217500004], [46.62063515600005, 24.81409205600005], [46.62063520300006, 24.814092172000073], [46.620635177000054, 24.81409217500004]], [[46.620632844000056, 24.81408394500005], [46.620632373000035, 24.81408278500004], [46.62063067100007, 24.814079599000024], [46.62062863500006, 24.81407658100005], [46.62062628500007, 24.814073760000042], [46.620623644000034, 24.81407116300005], [46.62062320000007, 24.81407080400004], [46.62062541000006, 24.81407226300007], [46.62062876400006, 24.814074049000055], [46.62063229300003, 24.814075526000067], [46.62063261900005, 24.81407562800007], [46.62063258000006, 24.814075888000048], [46.62063243600005, 24.81407942800007], [46.620632672000056, 24.814082966000058], [46.620632844000056, 24.81408394500005]]], [[[46.62071638500004, 24.81319260500004], [46.620711354000036, 24.813189927000053], [46.62070605900004, 24.81318771100007], [46.62070055200007, 24.81318598000007], [46.62069488700007, 24.813184749000072], [46.62068911500006, 24.81318403100005], [46.62068329500005, 24.81318383400003], [46.62067748100003, 24.81318415800007], [46.62067173100007, 24.813185000000033], [46.62066609800007, 24.81318635300005], [46.62066063800006, 24.813188204000028], [46.62065540400005, 24.813190533000068], [46.620650443000045, 24.81319332000004], [46.62064580700007, 24.813196537000067], [46.62064153800003, 24.81320015400007], [46.62063767800004, 24.813204135000035], [46.620634264000046, 24.813208442000075], [46.62063132900005, 24.813213034000057], [46.62062890200008, 24.81321786500007], [46.620627005000074, 24.813222892000056], [46.62062565700006, 24.813228064000043], [46.620624871000075, 24.81323333100005], [46.62062465400004, 24.813238643000034], [46.62062500900004, 24.813243949000025], [46.62062593200005, 24.81324919800005], [46.62062741400007, 24.813254339000025], [46.62062944200005, 24.81325932200008], [46.620631994000064, 24.813264101000073], [46.620635047000064, 24.81326862800006], [46.620638572000075, 24.81327286000004], [46.62064253400007, 24.81327675600005], [46.62064689600004, 24.813280279000026], [46.62065161500004, 24.813283394000052], [46.62065664600004, 24.813286074000075], [46.62066194000005, 24.81328828900007], [46.62066744700007, 24.813290021000057], [46.620673113000066, 24.813291250000077], [46.62067888400003, 24.813291968000044], [46.62068470400004, 24.813292166000053], [46.62069051800006, 24.81329184200007], [46.620696269000064, 24.81329099900006], [46.620701901000075, 24.813289647000033], [46.62070736100003, 24.813287797000044], [46.62071259700008, 24.81328546700007], [46.620717557000035, 24.813282680000043], [46.62072219300006, 24.81327946300007], [46.62072646200005, 24.813275847000057], [46.62073032200004, 24.813271866000036], [46.620733736000034, 24.813267559000053], [46.62073667100003, 24.813262966000025], [46.62073909800006, 24.813258134000023], [46.62074099500006, 24.813253108000026], [46.62074234200003, 24.81324793700003], [46.62074312900006, 24.813242669000033], [46.62074334500005, 24.813237357000048], [46.62074299100004, 24.813232050000067], [46.62074206800003, 24.81322680200003], [46.62074058600007, 24.813221661000057], [46.620738559000074, 24.81321667700007], [46.62073600600007, 24.813211899000066], [46.62073295300007, 24.81320737200008], [46.62072942800006, 24.81320314000004], [46.62072546600007, 24.81319924400003], [46.62072110400004, 24.813195721000056], [46.62071638500004, 24.81319260500004]]], [[[46.62054201800004, 24.813359383000034], [46.62054008600006, 24.813360723000073], [46.62053830700006, 24.813362231000042], [46.62053669900007, 24.813363890000062], [46.620535277000045, 24.813365684000075], [46.620534054000075, 24.81336759800007], [46.62053304300008, 24.813369610000052], [46.62053225200003, 24.813371705000066], [46.620531690000064, 24.81337386000007], [46.620531363000055, 24.81337605400006], [46.62053127300004, 24.813378268000065], [46.62053142000008, 24.813380479000045], [46.62053180500004, 24.813382666000052], [46.62053242200005, 24.813384808000023], [46.62053326800003, 24.813386885000057], [46.620534331000044, 24.813388875000044], [46.62053472900004, 24.813389466000046], [46.62053370600006, 24.813389431000076], [46.62053128400004, 24.813389565000023], [46.62052888800008, 24.813389916000062], [46.62052654100006, 24.813390481000056], [46.620524266000075, 24.81339125100004], [46.62052208400007, 24.81339222200006], [46.620520018000036, 24.81339338300006], [46.62051808600006, 24.813394724000034], [46.62051630800005, 24.813396230000023], [46.62051469900007, 24.813397889000044], [46.620513276000054, 24.813399684000046], [46.62051205400007, 24.813401597000052], [46.62051104200003, 24.81340361100007], [46.62051025200003, 24.813405705000037], [46.62050969100005, 24.81340786000004], [46.62050936300005, 24.813410055000077], [46.62050927200005, 24.813412268000036], [46.620509421000065, 24.813414479000073], [46.62050980500004, 24.813416666000023], [46.62051042300004, 24.81341880800005], [46.62051126700004, 24.81342088400004], [46.62051233100004, 24.81342287500007], [46.62051360300006, 24.81342476100008], [46.620515072000046, 24.813426525000068], [46.62051672300004, 24.81342814900006], [46.620518540000035, 24.813429616000064], [46.62052050600005, 24.813430915000026], [46.62052260200005, 24.813432030000058], [46.62052480800003, 24.813432954000064], [46.62052710300003, 24.813433676000045], [46.62052946400007, 24.81343418800003], [46.62053186900005, 24.813434487000052], [46.62053429300005, 24.813434569000037], [46.62053671600006, 24.813434435000033], [46.62053752200006, 24.81343431700003], [46.62053743600006, 24.813436428000045], [46.62053767300006, 24.813439966000033], [46.620538288000034, 24.813443465000034], [46.620539276000045, 24.813446893000048], [46.620540627000025, 24.813450215000046], [46.620542330000035, 24.81345340000007], [46.62054436500006, 24.813456418000044], [46.620546715000046, 24.813459240000043], [46.620549356000026, 24.813461838000023], [46.620552264000025, 24.813464186000033], [46.620555410000065, 24.813466263000066], [46.620558764000066, 24.81346804900005], [46.620562293000035, 24.813469527000052], [46.620565965000026, 24.813470680000023], [46.62056974200004, 24.813471501000038], [46.62057359000005, 24.81347197900004], [46.62057746900007, 24.813472110000077], [46.62058134500006, 24.813471895000077], [46.620585179000045, 24.813471333000052], [46.62058893500006, 24.81347043100004], [46.620592575000046, 24.813469198000064], [46.62059606400004, 24.81346764500006], [46.620599371000026, 24.81346578700004], [46.62060246200008, 24.813463642000045], [46.62060530800005, 24.813461231000076], [46.62060788200006, 24.813458577000063], [46.620610157000044, 24.813455705000024], [46.62061211300005, 24.81345264400005], [46.62061373200004, 24.813449423000066], [46.62061430000006, 24.81344791600003], [46.62061511400003, 24.813446644000066], [46.62061673200003, 24.813443423000024], [46.62061799700007, 24.81344007200005], [46.620618895000064, 24.813436625000065], [46.620619419000036, 24.81343311300003], [46.620619489000035, 24.813431406000063], [46.62062237100008, 24.81342978600003], [46.62062546200008, 24.81342764200008], [46.62062830800005, 24.813425231000053], [46.62063088100007, 24.81342257700004], [46.62063315700004, 24.813419706000047], [46.62063511400004, 24.813416645000075], [46.62063673200004, 24.813413423000043], [46.620637997000074, 24.813410072000067], [46.62063889500007, 24.813406624000038], [46.62063941900004, 24.81340311200006], [46.620639564000044, 24.813399572000037], [46.62063932700005, 24.81339603400005], [46.62063871200007, 24.813392535000048], [46.62063772400006, 24.813389107000035], [46.620636372000035, 24.813385785000037], [46.62063467100006, 24.813382600000068], [46.62063263500005, 24.81337958200004], [46.62063028500006, 24.81337676000004], [46.620627643000034, 24.81337416200006], [46.62062473600008, 24.81337181400005], [46.62062234000007, 24.813370233000057], [46.620622327000035, 24.81337003400006], [46.62062171200006, 24.813366535000057], [46.62062072400005, 24.813363107000043], [46.62061937200008, 24.813359785000046], [46.62061767100005, 24.813356600000077], [46.620615635000036, 24.813353582000047], [46.62061328500005, 24.81335076000005], [46.62061064300008, 24.813348163000057], [46.62060773600007, 24.81334581400006], [46.62060459000003, 24.813343737000025], [46.62060123600003, 24.81334195100004], [46.62059770600007, 24.81334047400003], [46.62059403500007, 24.81333932000007], [46.62059025800005, 24.813338499000054], [46.62058641100003, 24.81333802100005], [46.620582530000036, 24.813337889000024], [46.62057865400004, 24.81333810500007], [46.62057482000006, 24.81333866700004], [46.620571066000025, 24.81333956900005], [46.62056742600004, 24.813340802000027], [46.620563935000064, 24.813342356000078], [46.62056062900007, 24.81334421400004], [46.62055753800007, 24.813346358000047], [46.62055469200004, 24.813348769000072], [46.62055211900008, 24.81335142300003], [46.62054984300005, 24.813354295000067], [46.620548419000045, 24.81335652100006], [46.620546266000076, 24.81335725200006], [46.62054408500006, 24.813358222000033], [46.62054201800004, 24.813359383000034]]], [[[46.62046239800003, 24.813553970000044], [46.62046019100006, 24.813553047000028], [46.62045789700005, 24.813552325000046], [46.620455536000065, 24.81355181200007], [46.62045313100003, 24.81355151300005], [46.62045070600004, 24.813551431000064], [46.62044828400008, 24.813551566000058], [46.62044588800006, 24.81355191700004], [46.62044354100004, 24.813552480000055], [46.62044126600006, 24.813553252000077], [46.620439085000044, 24.81355422200005], [46.620437018000075, 24.81355538300005], [46.62043508600004, 24.813556723000033], [46.62043330700004, 24.81355823100006], [46.62043169900005, 24.81355989000008], [46.620430276000036, 24.813561684000035], [46.620429054000056, 24.81356359800003], [46.62042804200007, 24.81356561000007], [46.62042725200007, 24.813567704000036], [46.620426690000045, 24.81356985900004], [46.620426362000046, 24.813572054000076], [46.62042627200003, 24.813574268000025], [46.62042642000006, 24.813576479000062], [46.62042680400003, 24.81357866600007], [46.62042742300008, 24.81358080800004], [46.62042826700008, 24.813582885000073], [46.620429331000025, 24.81358487500006], [46.620430603000045, 24.813586762000057], [46.62043207200003, 24.813588525000057], [46.62043372200003, 24.81359014800006], [46.620435540000074, 24.813591616000053], [46.62043750600003, 24.813592914000026], [46.62043960200003, 24.813594031000036], [46.620441808000066, 24.813594954000052], [46.62044410300007, 24.813595675000045], [46.620446464000054, 24.813596188000076], [46.62044886900003, 24.81359648700004], [46.62045129400008, 24.813596570000072], [46.62045371500005, 24.813596434000033], [46.62045557000005, 24.813596163000057], [46.62045543600004, 24.813599428000032], [46.62045567300004, 24.813602966000076], [46.62045628800007, 24.813606465000078], [46.62045727600008, 24.813609893000034], [46.62045862800005, 24.813613215000032], [46.620460329000025, 24.813616400000058], [46.62046236500004, 24.81361941800003], [46.620464715000026, 24.81362224000003], [46.62046735600006, 24.813624838000067], [46.62047026400006, 24.813627186000076], [46.620473410000045, 24.813629263000053], [46.620476764000045, 24.813631049000037], [46.62048029400006, 24.81363252600005], [46.62048396500006, 24.813633680000066], [46.62048774200008, 24.813634501000024], [46.62049158900004, 24.813634979000028], [46.62049547000004, 24.813635110000064], [46.62049934600003, 24.813634895000064], [46.62050318000007, 24.81363433300004], [46.62050693400005, 24.813633431000028], [46.620510574000036, 24.81363219800005], [46.620514065000066, 24.813630645000046], [46.62051737100006, 24.813628787000027], [46.62052046300005, 24.81362664200003], [46.62052330800003, 24.813624231000063], [46.62052588100005, 24.81362157700005], [46.62052815700008, 24.813618705000067], [46.620530114000076, 24.813615644000038], [46.620531732000074, 24.813612423000052], [46.620532997000055, 24.813609072000077], [46.62053389500005, 24.813605624000047], [46.62053441900008, 24.81360211300006], [46.62053456400008, 24.813598571000057], [46.62053432700003, 24.81359503400006], [46.620533712000054, 24.813591535000057], [46.62053272400004, 24.813588107000044], [46.62053137200007, 24.813584785000046], [46.62052967100004, 24.81358159900003], [46.62052763600008, 24.813578582000048], [46.62052528500004, 24.81357576100004], [46.62052264400006, 24.813573163000058], [46.62051973600006, 24.81357081400006], [46.62051659000008, 24.813568737000026], [46.62051323600008, 24.81356695100004], [46.620509706000064, 24.81356547400003], [46.62050603500006, 24.81356432000007], [46.620502258000045, 24.813563500000043], [46.62049841100003, 24.81356302100005], [46.62049453000003, 24.813562889000025], [46.62049065400004, 24.81356310500007], [46.62048682000005, 24.81356366700004], [46.62048306600008, 24.81356456900005], [46.62047942600003, 24.813565802000028], [46.62047593500006, 24.813567355000032], [46.62047480700005, 24.813567989000035], [46.62047457800003, 24.81356719200005], [46.62047373300004, 24.813565115000074], [46.62047266900004, 24.81356312500003], [46.620471397000074, 24.813561238000034], [46.620469928000034, 24.813559475000034], [46.62046827800003, 24.81355785200003], [46.620466460000046, 24.813556383000048], [46.62046449300004, 24.813555086000065], [46.62046239800003, 24.813553970000044]]], [[[46.620511590000035, 24.814349737000043], [46.62050823700008, 24.81434795100006], [46.620504707000066, 24.814346474000047], [46.620501035000075, 24.81434532000003], [46.62049725800006, 24.81434449900007], [46.62049341000005, 24.814344021000068], [46.62048953100003, 24.814343890000032], [46.62048565500004, 24.814344105000032], [46.620481821000055, 24.814344667000057], [46.62047806500004, 24.814345569000068], [46.620474425000054, 24.814346802000045], [46.62047093500007, 24.81434835600004], [46.620467629000075, 24.81435021300007], [46.62046453800008, 24.814352358000065], [46.62046169100006, 24.814354769000033], [46.62045911800004, 24.814357423000047], [46.620456843000056, 24.81436029500003], [46.62045488600006, 24.814363356000058], [46.62045326700007, 24.814366577000044], [46.620452003000025, 24.814369928000076], [46.62045110400004, 24.81437337600005], [46.62045058000007, 24.814376887000037], [46.62045051000007, 24.81437859400006], [46.62044762900007, 24.81438021300005], [46.62044453800007, 24.814382358000046], [46.62044169100005, 24.81438476900007], [46.620439118000036, 24.814387423000028], [46.62043684300005, 24.814390294000077], [46.620434886000055, 24.81439335600004], [46.620433268000056, 24.814396577000025], [46.620432003000076, 24.814399928000057], [46.62043110400003, 24.81440337500004], [46.62043058000006, 24.814406887000075], [46.62043043600005, 24.814410429000077], [46.620430672000055, 24.814413966000075], [46.62043128700003, 24.814417466000066], [46.62043227600003, 24.814420892000044], [46.62043362800006, 24.81442421500003], [46.62043532900003, 24.814427401000046], [46.62043736500004, 24.814430419000075], [46.62043971400004, 24.814433240000028], [46.62044235600007, 24.814435837000076], [46.62044526400007, 24.814438186000075], [46.62044841000005, 24.81444026300005], [46.62045176400005, 24.814442049000036], [46.62045529300008, 24.814443526000048], [46.62045896400008, 24.814444681000055], [46.62046274200003, 24.814445500000033], [46.620466589000046, 24.814445979000027], [46.62047047000004, 24.814446111000052], [46.62047434500005, 24.814445895000063], [46.62047817900003, 24.814445333000037], [46.620481934000054, 24.814444432000073], [46.62048557400004, 24.81444319800005], [46.62048906500007, 24.814441645000045], [46.62049237200006, 24.814439787000026], [46.620495462000065, 24.81443764200003], [46.62049830800004, 24.81443523100006], [46.620500881000055, 24.814432577000048], [46.620503158000076, 24.814429706000055], [46.620505114000025, 24.814426645000026], [46.62050673200008, 24.81442342300005], [46.62050799700006, 24.814420072000075], [46.62050889600005, 24.814416625000035], [46.620509420000076, 24.814413113000057], [46.62050948900003, 24.814411406000033], [46.620512371000075, 24.814409786000056], [46.62051546200007, 24.81440764200005], [46.620518308000044, 24.814405231000023], [46.62052088100006, 24.814402577000067], [46.62052315700004, 24.814399705000028], [46.62052511400003, 24.814396644000055], [46.62052673300008, 24.81439342300007], [46.62052799700007, 24.814390072000037], [46.62052889600005, 24.814386624000065], [46.620529420000025, 24.814383113000076], [46.62052956500003, 24.814379572000064], [46.62052932800003, 24.814376034000077], [46.620528712000066, 24.814372535000075], [46.620527724000056, 24.81436910700006], [46.620526373000075, 24.814365785000064], [46.620524672000045, 24.814362600000038], [46.62052263500004, 24.814359582000066], [46.620520285000055, 24.814356760000067], [46.620517644000074, 24.81435416200003], [46.620514736000075, 24.814351814000077], [46.620511590000035, 24.814349737000043]]], [[[46.62040453600008, 24.81365781200003], [46.62040213200004, 24.813657513000067], [46.62039970700005, 24.813657430000035], [46.620397284000035, 24.813657566000074], [46.62039488800008, 24.813657917000057], [46.62039254100006, 24.813658480000072], [46.62039026600007, 24.813659252000036], [46.62038808500006, 24.813660222000067], [46.62038601800003, 24.813661383000067], [46.62038408600006, 24.81366272400004], [46.620382308000046, 24.813664231000075], [46.620380699000066, 24.81366589000004], [46.62037927700004, 24.813667684000052], [46.62037805300008, 24.813669598000047], [46.620377043000076, 24.81367161000003], [46.62037625200003, 24.813673705000042], [46.62037569000006, 24.813675860000046], [46.62037536300005, 24.813678054000036], [46.620375273000036, 24.813680267000052], [46.62037542000007, 24.81368247900008], [46.62037580500004, 24.81368466600003], [46.62037642200005, 24.813686808000057], [46.62037726800003, 24.813688885000033], [46.62037833000005, 24.813690875000077], [46.62037960300006, 24.813692762000073], [46.620381071000054, 24.813694525000074], [46.620382723000034, 24.813696148000076], [46.62038454000003, 24.81369761600007], [46.620386506000045, 24.813698914000042], [46.62038860300004, 24.813700031000053], [46.62039080800008, 24.813700953000023], [46.620393103000026, 24.81370167500006], [46.62039546400007, 24.813702188000036], [46.620397868000055, 24.813702487000057], [46.620400294000035, 24.813702569000043], [46.62040271600006, 24.81370243400005], [46.62040511200007, 24.813702083000067], [46.620407459000035, 24.813701520000052], [46.62040973400008, 24.81370074800003], [46.62041043700003, 24.813700436000033], [46.62041067300004, 24.81370396600005], [46.62041090500003, 24.813705292000066], [46.62040725800006, 24.81370450000003], [46.62040341000005, 24.813704021000035], [46.62039953100003, 24.813703889000067], [46.62039565500004, 24.813704105000056], [46.620391821000055, 24.813704667000025], [46.62038806600003, 24.813705569000035], [46.620384425000054, 24.81370680200007], [46.62038093600006, 24.813708355000074], [46.620377629000075, 24.813710214000025], [46.62037453800008, 24.813712358000032], [46.620372606000046, 24.81371399300008], [46.62036953100005, 24.81371388900004], [46.62036565500006, 24.81371410500003], [46.620361821000074, 24.813714666000067], [46.62035806500006, 24.813715568000077], [46.62035442500007, 24.813716802000044], [46.62035093500003, 24.81371835500005], [46.62034762900004, 24.813720213000067], [46.62034453800004, 24.813722358000064], [46.62034169200007, 24.813724769000032], [46.62033911800006, 24.813727423000046], [46.620336843000075, 24.813730294000038], [46.62033488600008, 24.813733356000057], [46.62033326800008, 24.813736577000043], [46.620332003000044, 24.813739928000075], [46.62033110400006, 24.813743375000058], [46.62033058000003, 24.813746887000036], [46.620330436000074, 24.813750429000038], [46.62033050400004, 24.813751437000064], [46.62032942500008, 24.81375180200007], [46.62032593600003, 24.813753355000074], [46.62032262900004, 24.813755213000036], [46.62031953800005, 24.813757358000032], [46.62031669100003, 24.813759769000058], [46.62031411800007, 24.81376242300007], [46.62031184300008, 24.813765294000063], [46.62030988600003, 24.813768356000026], [46.62030826700004, 24.813771577000068], [46.62030700300005, 24.813774927000054], [46.620306104000065, 24.813778375000027], [46.620305580000036, 24.81378188700006], [46.62030543600008, 24.813785429000063], [46.62030559900006, 24.81378786500005], [46.62030311800004, 24.813790423000057], [46.62030084300005, 24.81379329400005], [46.62029888600006, 24.813796355000022], [46.62029726800006, 24.813799577000054], [46.62029600300008, 24.81380292800003], [46.620295104000036, 24.81380637600006], [46.62029458000006, 24.813809887000048], [46.62029443600005, 24.81381342900005], [46.62029467200006, 24.813816966000047], [46.62029528700003, 24.81382046500005], [46.62029573700005, 24.813822024000046], [46.62029488700006, 24.813823355000068], [46.62029326800007, 24.813826577000043], [46.62029200300003, 24.813829928000075], [46.620291105000035, 24.81383337500006], [46.62029058000007, 24.813836887000036], [46.62029043600006, 24.813840429000038], [46.62029067200007, 24.813843966000036], [46.62029094800005, 24.81384553500004], [46.62028911900006, 24.813847423000027], [46.62028684200004, 24.813850295000066], [46.620284886000036, 24.81385335500005], [46.62028326800004, 24.813856577000024], [46.620282004000046, 24.813859928000056], [46.62028110500006, 24.81386337600003], [46.620280783000055, 24.81386552500004], [46.620279821000054, 24.813865667000073], [46.62027606600003, 24.813866569000027], [46.62027242500005, 24.81386780200006], [46.62026893600006, 24.813869355000065], [46.62026562900007, 24.813871214000073], [46.62026253800008, 24.813873358000023], [46.62025969200005, 24.81387576900005], [46.62025711800004, 24.813878423000062], [46.620254843000055, 24.813881294000055], [46.62025288600006, 24.813884355000027], [46.62025126700007, 24.81388757700006], [46.62025000300008, 24.813890928000035], [46.62024910400004, 24.813894376000064], [46.620248580000066, 24.813897887000053], [46.620248436000054, 24.813901428000065], [46.62024867200006, 24.813904966000052], [46.620249288000025, 24.813908465000054], [46.620250276000036, 24.813911893000068], [46.62025162700007, 24.813915215000065], [46.620253329000036, 24.813918400000034], [46.62025536500005, 24.813921418000064], [46.62025771400005, 24.813924240000063], [46.620260356000074, 24.813926838000043], [46.62026326400007, 24.813929186000053], [46.620266410000056, 24.81393126300003], [46.62026976400006, 24.81393304900007], [46.62027209900003, 24.813934026000027], [46.620271004000074, 24.813936928000032], [46.62027010500003, 24.813940376000062], [46.62026958100006, 24.81394388700005], [46.62026943600006, 24.813947428000063], [46.62026967300005, 24.81395096600005], [46.62027028800003, 24.81395446500005], [46.62027127600004, 24.813957893000065], [46.62027262700008, 24.813961215000063], [46.62027432900004, 24.81396440000003], [46.62027636400006, 24.81396741800006], [46.62027871500004, 24.81397024000006], [46.62028135600008, 24.81397283800004], [46.62028426300003, 24.81397518600005], [46.62028741000006, 24.813977263000027], [46.62029076400006, 24.813979049000068], [46.620294294000075, 24.813980526000023], [46.62029796500008, 24.81398168000004], [46.62030174300003, 24.813982501000055], [46.620305589000054, 24.81398297900006], [46.62030947000005, 24.813983110000038], [46.620313346000046, 24.813982895000038], [46.62031717900004, 24.81398233300007], [46.62032093500005, 24.81398143100006], [46.62032457400005, 24.813980198000024], [46.62032806500008, 24.81397864400003], [46.62033137100008, 24.81397678700006], [46.62033446200007, 24.813974642000062], [46.620337308000046, 24.813972231000037], [46.62033988200005, 24.813969577000023], [46.62034215700004, 24.81396670500004], [46.620344114000034, 24.81396364400007], [46.62034573200003, 24.813960423000026], [46.62034699700007, 24.81395707200005], [46.620347896000055, 24.813953624000078], [46.62034842000003, 24.813950113000033], [46.620348533000026, 24.81394732600006], [46.620350065000025, 24.813946645000044], [46.62035337100008, 24.813944787000025], [46.620356462000075, 24.81394264200003], [46.62035930800005, 24.81394023100006], [46.620361882000054, 24.813937577000047], [46.62036415700004, 24.813934706000055], [46.620366114000035, 24.813931645000025], [46.620367732000034, 24.81392842300005], [46.62036899700007, 24.813925072000075], [46.62036989600006, 24.813921625000035], [46.62037042000003, 24.813918113000057], [46.62037056400004, 24.813914571000055], [46.620370328000035, 24.813911034000057], [46.620370312000034, 24.813910944000042], [46.62037237100003, 24.813909787000057], [46.62037546300007, 24.81390764200006], [46.620378308000056, 24.813905231000035], [46.620380881000074, 24.81390257700008], [46.62038315800004, 24.81389970600003], [46.620385114000044, 24.813896645000057], [46.62038673200004, 24.813893423000025], [46.62038799700008, 24.81389007200005], [46.620388895000076, 24.813886624000077], [46.62038941900005, 24.81388311300003], [46.620389455000065, 24.813882238000076], [46.62038957500005, 24.813882198000044], [46.62039306400004, 24.81388064500004], [46.62039637100003, 24.81387878700008], [46.62039946200008, 24.813876642000025], [46.62040230800005, 24.813874231000057], [46.62040488100007, 24.813871577000043], [46.620407157000045, 24.81386870600005], [46.62040911300005, 24.813865645000078], [46.62041073200004, 24.813862423000046], [46.620411997000076, 24.81385907200007], [46.62041289600006, 24.81385562500003], [46.620413420000034, 24.813852113000053], [46.620413564000046, 24.81384857100005], [46.62041345500006, 24.813846953000052], [46.62041430900007, 24.81384623100007], [46.62041688200003, 24.813843577000057], [46.62041915700007, 24.813840705000075], [46.62042111400007, 24.813837644000046], [46.620422732000065, 24.81383442300006], [46.620423997000046, 24.813831072000028], [46.62042489600003, 24.813827624000055], [46.62042542000006, 24.813824113000067], [46.62042556400007, 24.813820572000054], [46.62042550000007, 24.813819610000053], [46.620428308000044, 24.81381723100003], [46.62043088100006, 24.813814577000073], [46.620433158000026, 24.813811706000024], [46.62043511400003, 24.81380864500005], [46.62043673200003, 24.813805423000076], [46.62043799600008, 24.813802072000044], [46.62043889500006, 24.81379862400007], [46.620439419000036, 24.813795112000037], [46.62043956400004, 24.81379157200007], [46.620439514000054, 24.813790814000072], [46.62043956400004, 24.813789572000076], [46.62043932800003, 24.81378603400003], [46.620438713000055, 24.81378253500003], [46.620437724000055, 24.813779107000073], [46.62043637200003, 24.813775785000075], [46.620434671000055, 24.81377260000005], [46.62043263500004, 24.813769582000077], [46.620430286000044, 24.813766760000078], [46.620428514000025, 24.813765019000073], [46.62043088100006, 24.813762577000034], [46.620433157000036, 24.813759705000052], [46.62043511300004, 24.813756644000023], [46.62043673200003, 24.813753423000037], [46.62043799700007, 24.81375007200006], [46.62043889500006, 24.813746624000032], [46.620439420000025, 24.813743113000044], [46.62043956400004, 24.813739571000042], [46.62043932800003, 24.813736034000044], [46.62043909500005, 24.813734709000073], [46.62044274200008, 24.813735501000053], [46.62044659000003, 24.813735979000057], [46.62045046900005, 24.813736111000026], [46.62045434500004, 24.813735895000036], [46.62045817900008, 24.813735333000068], [46.62046193500004, 24.813734431000057], [46.620465575000026, 24.813733198000023], [46.620469064000076, 24.81373164400003], [46.62047237100006, 24.813729787000057], [46.62047546200006, 24.81372764200006], [46.62047830800003, 24.813725231000035], [46.62048088200004, 24.813722577000078], [46.62048315700008, 24.81371970500004], [46.620485114000076, 24.813716644000067], [46.620486733000064, 24.813713423000024], [46.620487997000055, 24.81371007200005], [46.62048889600004, 24.813706624000076], [46.62048942000007, 24.81370311300003], [46.62048956400008, 24.813699572000075], [46.620489328000076, 24.81369603400003], [46.62048871200005, 24.81369253500003], [46.62048772400004, 24.813689107000073], [46.62048637300006, 24.813685785000075], [46.62048467100004, 24.81368260000005], [46.62048263500003, 24.813679582000077], [46.62048028600003, 24.813676760000078], [46.62047764400006, 24.81367416200004], [46.62047473600006, 24.81367181400003], [46.62047159000008, 24.813669737000055], [46.62046823600008, 24.81366795100007], [46.62046470700005, 24.81366647400006], [46.62046103600005, 24.81366532000004], [46.620457258000044, 24.813664499000026], [46.62045341000004, 24.813664021000022], [46.62044953000003, 24.813663890000043], [46.620445655000026, 24.813664105000043], [46.62044182100004, 24.81366466700007], [46.62043806600008, 24.813665569000023], [46.62043442500004, 24.813666802000057], [46.62043093600005, 24.81366835600005], [46.62042762900006, 24.813670213000023], [46.620424538000066, 24.813672358000076], [46.62042357100006, 24.813673176000066], [46.620422732000065, 24.813671115000034], [46.62042167000004, 24.813669125000047], [46.62042039700003, 24.81366723800005], [46.62041892900004, 24.81366547500005], [46.62041727700006, 24.813663852000047], [46.62041546000006, 24.813662384000054], [46.62041349400005, 24.813661086000025], [46.620411397000055, 24.81365996900007], [46.62040919200007, 24.813659047000044], [46.620406897000066, 24.813658325000063], [46.62040453600008, 24.81365781200003]]], [[[46.62044159000004, 24.814439737000043], [46.62043823600004, 24.81443795100006], [46.62043470700007, 24.814436474000047], [46.62043103600007, 24.81443532000003], [46.62042725800006, 24.814434499000072], [46.62042341100005, 24.814434021000068], [46.62041953000005, 24.814433890000032], [46.620415655000045, 24.814434105000032], [46.62041182100006, 24.814434666000068], [46.62040806600004, 24.814435569000068], [46.62040442600005, 24.814436803000035], [46.62040093500008, 24.81443835500005], [46.620397628000035, 24.81444021300007], [46.62039453700004, 24.814442358000065], [46.620391692000055, 24.814444769000033], [46.62038911900004, 24.814447423000047], [46.62038684200007, 24.81445029500003], [46.62038488600007, 24.814453356000058], [46.62038326800007, 24.814456577000044], [46.62038200300003, 24.814459928000076], [46.620381105000035, 24.81446337600005], [46.620380580000074, 24.814466887000037], [46.62038043600006, 24.81447042900004], [46.62038067200007, 24.814473966000037], [46.62038128800003, 24.81447746500004], [46.62038227600004, 24.814480893000052], [46.62038362700008, 24.81448421500005], [46.620385328000054, 24.814487401000065], [46.62038736400007, 24.814490419000037], [46.620389715000044, 24.814493239000058], [46.620390944000064, 24.81449444900005], [46.62039058000005, 24.814496887000075], [46.62039043500005, 24.814500429000077], [46.62039067200004, 24.814503966000075], [46.620391288000064, 24.814507466000066], [46.620391475000076, 24.814508115000024], [46.620390935000046, 24.814508355000044], [46.62038762800006, 24.814510213000062], [46.620384537000064, 24.81451235800006], [46.62038169200008, 24.814514769000027], [46.62037911900006, 24.81451742300004], [46.62037684200004, 24.814520294000033], [46.620374886000036, 24.814523356000052], [46.62037326800004, 24.814526577000038], [46.62037200300006, 24.81452992800007], [46.62037110500006, 24.814533375000053], [46.62037058100003, 24.81453688700003], [46.62037043600003, 24.814540429000033], [46.620370673000025, 24.81454396600003], [46.62037128800006, 24.81454746600008], [46.62037227500008, 24.814550892000057], [46.62037362700005, 24.814554215000044], [46.62037532900007, 24.81455740100006], [46.620377364000035, 24.81456041900003], [46.62037971500007, 24.81456324000004], [46.62038235600005, 24.814565837000032], [46.62038526300006, 24.81456818600003], [46.62038841000003, 24.814570263000064], [46.62039176400003, 24.81457204900005], [46.62039529400005, 24.81457352600006], [46.62039896500005, 24.814574681000067], [46.62040274200007, 24.814575500000046], [46.62040658900003, 24.81457597900004], [46.62041047000008, 24.814576111000065], [46.620414346000075, 24.814575895000075], [46.62041818000006, 24.81457533300005], [46.620421934000035, 24.81457443200003], [46.62042557400008, 24.814573198000062], [46.62042906500005, 24.814571645000058], [46.62043237100005, 24.81456978700004], [46.620435463000035, 24.814567642000043], [46.620438308000075, 24.814565231000074], [46.620440881000036, 24.81456257700006], [46.62044315800006, 24.814559706000068], [46.62044511400006, 24.81455664500004], [46.62044673200006, 24.814553423000064], [46.62044799700004, 24.81455007200003], [46.62044889500004, 24.814546625000048], [46.62044941900007, 24.81454311300007], [46.62044956400007, 24.81453957100007], [46.620449327000074, 24.81453603400007], [46.62044871200004, 24.814532534000023], [46.62044852500003, 24.814531884000075], [46.62044906400007, 24.814531645000045], [46.620452371000056, 24.814529787000026], [46.62045546200005, 24.81452764200003], [46.62045830900007, 24.81452523100006], [46.62046088200003, 24.814522577000048], [46.620463157000074, 24.814519706000056], [46.62046511400007, 24.814516644000037], [46.62046673300006, 24.81451342200006], [46.62046799700005, 24.814510073000065], [46.620468896000034, 24.814506625000035], [46.62046942000006, 24.814503113000058], [46.620469564000075, 24.814499571000056], [46.62046932800007, 24.81449603300007], [46.62046871300004, 24.814492535000056], [46.62046772400004, 24.814489108000032], [46.620466373000056, 24.814485785000045], [46.620464671000036, 24.81448259900003], [46.62046263500008, 24.814479581000057], [46.620460286000025, 24.814476760000048], [46.62045905600007, 24.814475551000044], [46.62045942000003, 24.81447311200003], [46.62045956400004, 24.814469572000064], [46.62045932800004, 24.814466034000077], [46.62045871300006, 24.814462535000075], [46.62045772400006, 24.81445910700006], [46.620456372000035, 24.814455785000064], [46.62045467100006, 24.81445260000004], [46.62045263600004, 24.814449582000066], [46.62045028600005, 24.814446760000067], [46.62044764400008, 24.81444416200003], [46.62044473600008, 24.814441814000077], [46.62044159000004, 24.814439737000043]]], [[[46.620328236000034, 24.814627951000034], [46.620324707000066, 24.81462647400008], [46.620321036000064, 24.81462532000006], [46.62031725800006, 24.814624499000047], [46.62031341100004, 24.814624021000043], [46.62030953000004, 24.814623890000064], [46.62030565500004, 24.814624105000064], [46.620301821000055, 24.814624667000032], [46.62029806600003, 24.814625569000043], [46.620294426000044, 24.814626802000078], [46.62029093500007, 24.81462835600007], [46.62028762800003, 24.814630213000044], [46.62028453700003, 24.81463235800004], [46.62028169200005, 24.814634769000065], [46.62027911900003, 24.81463742300008], [46.62027684200007, 24.81464029500006], [46.62027488600006, 24.814643356000033], [46.62027326800006, 24.814646577000076], [46.620272003000025, 24.81464992800005], [46.62027110400004, 24.814653376000024], [46.62027058000007, 24.81465688700007], [46.620270435000066, 24.81466042900007], [46.62027067200006, 24.81466396600007], [46.62027083700008, 24.81466490300005], [46.62026806600005, 24.814665569000056], [46.62026442600006, 24.814666802000033], [46.62026093500003, 24.814668356000027], [46.62025762800005, 24.814670214000046], [46.62025453700005, 24.814672358000053], [46.62025169200007, 24.814674769000078], [46.62024911900005, 24.814677423000035], [46.62024684200003, 24.814680295000073], [46.62024488600008, 24.814683356000046], [46.62024326800008, 24.81468657700003], [46.620242003000044, 24.814689928000064], [46.62024110400006, 24.814693376000037], [46.62024058000003, 24.814696887000025], [46.62024043500003, 24.814700428000037], [46.62024067200008, 24.814703966000025], [46.620241288000045, 24.814707465000026], [46.620242276000056, 24.81471089300004], [46.620243627000036, 24.814714215000038], [46.62024532800007, 24.814717400000063], [46.62024736400008, 24.814720418000036], [46.62024971500006, 24.814723240000035], [46.62025235600004, 24.814725838000072], [46.62025526300005, 24.814728186000025], [46.62025840900003, 24.814730263000058], [46.62026176300003, 24.814732049000042], [46.620265293000045, 24.814733526000055], [46.62026896500004, 24.814734680000072], [46.62027087000007, 24.81473509400007], [46.62027094800004, 24.814735536000057], [46.62026911800007, 24.814737423000054], [46.62026684300008, 24.814740294000046], [46.62026488600003, 24.814743355000076], [46.62026326700004, 24.81474657700005], [46.62026200300005, 24.814749928000026], [46.620261104000065, 24.814753376000056], [46.620260580000036, 24.814756888000034], [46.62026043600008, 24.814760428000056], [46.62026067200003, 24.814763966000044], [46.62026128700006, 24.814767465000045], [46.62026227600006, 24.81477089300006], [46.62026362700004, 24.814774215000057], [46.62026532900006, 24.814777400000025], [46.62026736400003, 24.814780418000055], [46.620269714000074, 24.814783240000054], [46.620272355000054, 24.814785837000045], [46.62027526400004, 24.814788186000044], [46.620278410000026, 24.814790263000077], [46.620281764000026, 24.81479204900006], [46.62028529300005, 24.814793526000074], [46.62028896400005, 24.814794680000034], [46.62029274200006, 24.81479550100005], [46.62029658900008, 24.814795979000053], [46.620300470000075, 24.814796111000078], [46.62030434500008, 24.81479589500003], [46.62030817900006, 24.814795334000053], [46.62031193400003, 24.814794432000042], [46.62031557500006, 24.814793198000075], [46.62031906500005, 24.81479164500007], [46.62032237100004, 24.814789787000052], [46.62032546200004, 24.814787642000056], [46.62032830800007, 24.81478523100003], [46.620330882000076, 24.814782577000074], [46.62033315700006, 24.814779706000024], [46.620335115000046, 24.814776644000062], [46.620336733000045, 24.814773423000076], [46.620337997000036, 24.814770073000034], [46.62033889600008, 24.81476662500006], [46.62033942000005, 24.814763113000026], [46.62033956500005, 24.814759571000025], [46.62033932800006, 24.814756034000027], [46.62033905200008, 24.814754464000032], [46.62034088100006, 24.814752577000036], [46.620343158000026, 24.814749706000043], [46.62034511400003, 24.81474664500007], [46.62034673200003, 24.81474342300004], [46.62034799700007, 24.814740072000063], [46.62034889600005, 24.814736624000034], [46.620349420000025, 24.814733112000056], [46.620349565000026, 24.814729571000044], [46.62034932800003, 24.814726034000046], [46.620348712000066, 24.814722534000055], [46.620347724000055, 24.81471910700003], [46.620346373000075, 24.814715785000033], [46.620344672000044, 24.814712599000075], [46.62034292000004, 24.81471000500005], [46.620343158000026, 24.81470970600003], [46.62034511400003, 24.814706645000058], [46.62034673200003, 24.814703423000026], [46.62034799700007, 24.81470007200005], [46.62034889600005, 24.814696625000067], [46.620349420000025, 24.814693113000033], [46.620349565000026, 24.81468957100003], [46.62034932800003, 24.814686034000033], [46.620348712000066, 24.814682534000042], [46.620347724000055, 24.814679108000064], [46.620346373000075, 24.814675785000077], [46.62034594700003, 24.814674987000046], [46.62034673200003, 24.814673423000045], [46.62034799700007, 24.81467007200007], [46.62034889600005, 24.81466662400004], [46.620349420000025, 24.81466311300005], [46.62034956400004, 24.81465957200004], [46.62034932800003, 24.814656034000052], [46.620348713000055, 24.81465253500005], [46.620347725000045, 24.814649107000037], [46.620346373000075, 24.81464578500004], [46.620344671000055, 24.81464260000007], [46.62034263600003, 24.81463958200004], [46.620340286000044, 24.81463676000004], [46.620337644000074, 24.81463416200006], [46.620334736000075, 24.81463181400005], [46.620331590000035, 24.814629737000075], [46.620328236000034, 24.814627951000034]]], [[[46.620199530000036, 24.814803889000075], [46.62019565400004, 24.814804106000054], [46.62019182000006, 24.814804667000033], [46.620188066000026, 24.814805568000054], [46.62018442600004, 24.814806802000078], [46.620180935000064, 24.814808355000025], [46.62017762800008, 24.814810213000044], [46.620174537000025, 24.81481235800004], [46.62017169200004, 24.814814769000066], [46.62016911900008, 24.814817423000022], [46.62016684200006, 24.81482029400007], [46.620164886000055, 24.814823355000044], [46.620163268000056, 24.814826577000076], [46.620162003000075, 24.81482992800005], [46.62016110500008, 24.814833375000035], [46.62016058000006, 24.81483688700007], [46.62016043600005, 24.81484042900007], [46.62016067300004, 24.81484396600007], [46.62016128800008, 24.81484746600006], [46.62016227500004, 24.814850892000038], [46.62016362700007, 24.814854215000025], [46.62016532900003, 24.81485740100004], [46.620167364000054, 24.81486041900007], [46.62016971500003, 24.814863240000022], [46.62017094400005, 24.814864449000027], [46.620170580000035, 24.81486688700005], [46.620170435000034, 24.814870428000063], [46.62017067200003, 24.81487396600005], [46.62017128800005, 24.814877465000052], [46.62017227600006, 24.814880893000065], [46.62017362700004, 24.814884215000063], [46.62017532800007, 24.814887400000032], [46.62017736400003, 24.81489041800006], [46.62017971400007, 24.81489324000006], [46.620180944000026, 24.814894449000064], [46.62018058000007, 24.81489688700003], [46.620180436000055, 24.814900429000033], [46.62018067200006, 24.81490396600003], [46.62018128700004, 24.814907465000033], [46.62018227600004, 24.814910892000057], [46.620183627000074, 24.814914215000044], [46.62018532900004, 24.81491740100006], [46.62018736500005, 24.814920419000032], [46.62018971400005, 24.81492324000004], [46.620192356000075, 24.814925837000033], [46.620195264000074, 24.81492818600003], [46.62019841000006, 24.814930264000054], [46.62020176400006, 24.81493204900005], [46.620205293000026, 24.81493352600006], [46.62020896400003, 24.81493468000008], [46.620212742000035, 24.814935500000047], [46.62021659000004, 24.81493597900004], [46.62022047000005, 24.814936111000065], [46.620224345000054, 24.814935895000076], [46.62022817900004, 24.81493533300005], [46.62023193500005, 24.81493443100004], [46.62023557500004, 24.814933198000062], [46.62023906400003, 24.81493164500006], [46.620242371000074, 24.81492978700004], [46.62024546200007, 24.814927642000043], [46.62024830900003, 24.814925231000075], [46.62025088200005, 24.81492257700006], [46.620253157000036, 24.81491970600007], [46.620254258000045, 24.814917985000022], [46.62025469900004, 24.814917920000028], [46.620260003000055, 24.81491664600003], [46.620265145000076, 24.814914904000034], [46.620270074000075, 24.814912710000044], [46.620274745000074, 24.814910086000054], [46.62027911100006, 24.814907056000038], [46.620283131000065, 24.814903651000066], [46.62028676600005, 24.814899902000036], [46.62028998000005, 24.81489584600007], [46.62029274400004, 24.81489152200004], [46.62029503000008, 24.814886972000068], [46.620296816000064, 24.814882239000042], [46.62029808500006, 24.814877369000044], [46.62029882600007, 24.81487240900003], [46.62029903000007, 24.814867406000076], [46.62029869600008, 24.814862410000046], [46.62029782600007, 24.814857467000024], [46.62029643100004, 24.81485262600006], [46.62029452200005, 24.814847933000067], [46.620292119000055, 24.814843433000078], [46.62028924300006, 24.814839170000027], [46.62028592400003, 24.81483518600004], [46.62028219300004, 24.814831516000027], [46.62027808500005, 24.814828199000033], [46.62027364200003, 24.814825265000025], [46.620268904000056, 24.814822742000047], [46.62026391900008, 24.81482065600005], [46.62025873300007, 24.814819026000066], [46.620253398000045, 24.814817868000034], [46.620247963000054, 24.81481719100003], [46.62024248200004, 24.814817005000066], [46.62023700700007, 24.814817310000024], [46.62023159200004, 24.81481810400004], [46.62023143600004, 24.814818141000046], [46.62023028500005, 24.814816760000042], [46.62022764400007, 24.81481416300005], [46.62022473700006, 24.814811814000052], [46.62022159000003, 24.814809737000076], [46.62021823600003, 24.814807951000034], [46.62021470600007, 24.814806474000022], [46.62021103500007, 24.814805319000072], [46.62020725800005, 24.814804500000037], [46.620203411000034, 24.814804022000033], [46.620199530000036, 24.814803889000075]]], [[[46.62013823700005, 24.814997951000066], [46.620134707000034, 24.814996474000054], [46.62013103500004, 24.814995319000047], [46.620127258000025, 24.81499449900008], [46.620123410000076, 24.814994022000064], [46.62011953100006, 24.81499388900005], [46.62011565500006, 24.81499410600003], [46.62011182100008, 24.814994666000075], [46.62010806500007, 24.81499556800003], [46.62010442500008, 24.814996802000053], [46.62010093500004, 24.814998355000057], [46.62009762900004, 24.815000213000076], [46.620094538000046, 24.815002357000026], [46.62009169100003, 24.81500476900004], [46.62008911800007, 24.815007423000054], [46.62008684300008, 24.815010294000047], [46.62008488600003, 24.815013356000065], [46.62008326700004, 24.81501657700005], [46.62008200300005, 24.815019928000027], [46.620081104000064, 24.815023375000067], [46.620080580000035, 24.815026887000045], [46.62008051000004, 24.81502859400007], [46.620077629000036, 24.815030214000046], [46.62007453700005, 24.815032358000053], [46.62007169200007, 24.81503476900008], [46.62006911800006, 24.815037423000035], [46.62006684200003, 24.815040295000074], [46.62006488600008, 24.815043355000057], [46.62006326800008, 24.815046577000032], [46.620062003000044, 24.815049928000064], [46.62006110500005, 24.815053376000037], [46.62006058000003, 24.815056887000026], [46.620060436000074, 24.815060428000038], [46.62006067300007, 24.815063966000025], [46.62006094800006, 24.815065536000077], [46.62005911800003, 24.815067423000073], [46.620056842000054, 24.815070294000066], [46.62005488600005, 24.815073356000028], [46.62005326800005, 24.81507657700007], [46.62005200300007, 24.815079927000056], [46.62005110400003, 24.81508337500003], [46.620050580000054, 24.815086887000064], [46.62005043600004, 24.815090429000065], [46.62005067200005, 24.815093966000063], [46.62005128700008, 24.815097465000065], [46.620052275000035, 24.815100892000032], [46.62005362700006, 24.815104215000076], [46.62005491900004, 24.815106634000074], [46.62005442600008, 24.81510680200006], [46.62005093500005, 24.815108355000064], [46.620047628000066, 24.815110213000025], [46.62004453700007, 24.81511235800008], [46.62004169200003, 24.815114769000047], [46.62003911900007, 24.81511742300006], [46.62003684200005, 24.815120294000053], [46.62003488600004, 24.815123355000026], [46.62003326700005, 24.815126577000058], [46.62003200300006, 24.815129928000033], [46.62003110400008, 24.815133376000063], [46.62003058000005, 24.81513688700005], [46.62003043500005, 24.815140429000053], [46.62003067200004, 24.81514396600005], [46.620031288000064, 24.81514746600004], [46.620032276000074, 24.815150893000066], [46.620033627000055, 24.815154215000064], [46.62003532800003, 24.81515740100008], [46.62003736400004, 24.81516041900005], [46.62003971400003, 24.81516324000006], [46.620042356000056, 24.815165837000052], [46.620045263000065, 24.81516818600005], [46.62004840900005, 24.815170263000027], [46.62005176300005, 24.81517204900007], [46.620053864000056, 24.815172928000038], [46.62005169200006, 24.815174769000066], [46.62004911900004, 24.815177423000023], [46.62004684200008, 24.815180294000072], [46.62004488600007, 24.815183355000045], [46.620043268000074, 24.815186577000077], [46.62004200200005, 24.815189928000052], [46.62004110400005, 24.815193375000035], [46.62004058000008, 24.81519688700007], [46.62004043500008, 24.815200429000072], [46.62004067200007, 24.81520396600007], [46.62004128800004, 24.81520746600006], [46.62004227500006, 24.81521089200004], [46.62004362700003, 24.815214215000026], [46.62004532800006, 24.81521740100004], [46.62004736400007, 24.81522041900007], [46.62004971500005, 24.815223240000023], [46.62005235600003, 24.81522583700007], [46.62005526300004, 24.81522818600007], [46.62005840900008, 24.815230263000046], [46.62006176300008, 24.81523204900003], [46.62006529400003, 24.815233526000043], [46.62006896500003, 24.81523468100005], [46.62007274200005, 24.81523550000003], [46.620076589000064, 24.81523597900008], [46.62008047000006, 24.815236111000047], [46.620084346000056, 24.815235895000058], [46.62008818000004, 24.815235333000032], [46.62009193400007, 24.815234432000068], [46.62009557400006, 24.815233198000044], [46.62009906500003, 24.81523164500004], [46.620102372000076, 24.815229787000078], [46.62010546300007, 24.815227642000025], [46.620108308000056, 24.815225231000056], [46.62011088100007, 24.815222577000043], [46.62011315800004, 24.81521970600005], [46.62011511400004, 24.815216645000078], [46.62011673200004, 24.815213423000046], [46.62011799800007, 24.81521007200007], [46.620118895000076, 24.81520662500003], [46.62011942000004, 24.815203113000052], [46.62011956400005, 24.81519957100005], [46.620119328000044, 24.815196034000053], [46.62011871200008, 24.81519253400006], [46.62011772500006, 24.815189108000027], [46.62011637300003, 24.81518578500004], [46.62011508000006, 24.815183365000053], [46.62011557500006, 24.815183198000057], [46.62011906500004, 24.815181644000063], [46.620122371000036, 24.815179787000034], [46.62012546200003, 24.815177642000037], [46.62012830800006, 24.81517523100007], [46.62013088200007, 24.815172577000055], [46.620133157000055, 24.815169705000073], [46.62013511500004, 24.815166644000044], [46.62013673300004, 24.815163423000058], [46.62013799700003, 24.815160072000026], [46.62013889600007, 24.815156624000053], [46.620139420000044, 24.815153113000065], [46.620139565000045, 24.815149572000053], [46.62013932800005, 24.815146034000065], [46.620138713000074, 24.815142535000064], [46.62013815500006, 24.815140601000053], [46.62013943800008, 24.81514029300007], [46.620144580000044, 24.815138551000075], [46.62014951000003, 24.81513635700003], [46.62015418100003, 24.81513373300004], [46.62015854600003, 24.815130703000023], [46.62016256700008, 24.81512729700006], [46.620166201000075, 24.815123549000077], [46.62016941600007, 24.815119492000065], [46.620172180000054, 24.815115168000034], [46.62017446500005, 24.815110618000062], [46.62017625200008, 24.815105886000026], [46.62017752100007, 24.81510101500004], [46.62017826200008, 24.815096055000026], [46.62017846600003, 24.81509105300006], [46.620178132000035, 24.81508605700003], [46.62017726200003, 24.815081114000066], [46.62017586700006, 24.815076272000056], [46.620173958000066, 24.81507158000005], [46.62017155500007, 24.815067081000052], [46.620168679000074, 24.815062818000058], [46.620165360000044, 24.815058832000034], [46.62016162900005, 24.815055163000068], [46.62015752100007, 24.815051845000028], [46.62015349100005, 24.815049185000078], [46.620155114000056, 24.815046645000052], [46.620156733000044, 24.815043423000077], [46.620157997000035, 24.815040072000045], [46.62015889600008, 24.81503662500006], [46.62015942000005, 24.815033113000027], [46.62015956500005, 24.815029571000025], [46.62015932800006, 24.815026034000027], [46.62015871300008, 24.815022534000036], [46.62015772400008, 24.815019108000058], [46.62015637300004, 24.81501578500007], [46.62015467100008, 24.815012599000056], [46.62015263500007, 24.815009581000027], [46.62015028600007, 24.815006760000074], [46.62014764400004, 24.815004163000026], [46.62014473600004, 24.815001814000027], [46.62014159000006, 24.81499973700005], [46.62013823700005, 24.814997951000066]]], [[[46.620157590000076, 24.814212737000048], [46.620154236000076, 24.814210952000053], [46.62015070700005, 24.81420947400005], [46.62014703600005, 24.814208320000034], [46.62014325800004, 24.814207499000076], [46.620139411000025, 24.814207021000072], [46.62013553000003, 24.814206889000047], [46.62013165500008, 24.814207105000037], [46.62012782100004, 24.814207667000062], [46.62012406600007, 24.814208569000073], [46.62012042600003, 24.81420980200005], [46.620116935000055, 24.814211356000044], [46.62011362800007, 24.814213214000063], [46.62011053800006, 24.81421535800007], [46.62010769200003, 24.814217769000038], [46.62010511900007, 24.81422042300005], [46.62010284300004, 24.814223295000033], [46.620100886000046, 24.814226356000063], [46.62009926800005, 24.81422957700005], [46.62009800300007, 24.814232928000024], [46.62009710500007, 24.814236376000053], [46.62009658000005, 24.814239887000042], [46.62009643600004, 24.814243428000054], [46.620096672000045, 24.81424696600004], [46.62009728800007, 24.814250465000043], [46.62009827600008, 24.814253893000057], [46.62009962700006, 24.814257215000055], [46.62010101000004, 24.814259804000073], [46.620098692000056, 24.81426176900004], [46.62009611900004, 24.814264423000054], [46.620093842000074, 24.814267295000036], [46.62009188600007, 24.814270356000065], [46.62009026800007, 24.81427357700005], [46.62008900300003, 24.814276928000027], [46.620088105000036, 24.814280376000056], [46.620087581000064, 24.814283887000045], [46.62008743600006, 24.814287428000057], [46.62008767300006, 24.814290966000044], [46.620088288000034, 24.814294465000046], [46.620089275000055, 24.81429789300006], [46.62009062700008, 24.814301215000057], [46.620092329000045, 24.814304400000026], [46.62009436400007, 24.814307418000055], [46.620096715000045, 24.814310240000054], [46.620099356000026, 24.814312838000035], [46.62010226400008, 24.814315186000044], [46.620105410000065, 24.814317263000078], [46.620108764000065, 24.814319049000062], [46.62011229400008, 24.814320526000074], [46.620115965000025, 24.814321680000035], [46.62011974200004, 24.81432250100005], [46.62012358900006, 24.814322979000053], [46.62012747000006, 24.814323110000032], [46.62013134600005, 24.814322895000032], [46.620135180000034, 24.814322333000064], [46.62013893400007, 24.814321431000053], [46.620142574000056, 24.814320198000075], [46.62014606500003, 24.81431864500007], [46.620149371000025, 24.814316787000052], [46.62015246300007, 24.814314642000056], [46.62015530800005, 24.81431223100003], [46.62015788100007, 24.814309577000074], [46.62016015800003, 24.814306705000035], [46.62016211400004, 24.814303644000063], [46.62016373200004, 24.814300423000077], [46.620164997000074, 24.814297072000045], [46.62016589500007, 24.814293624000072], [46.62016641900004, 24.814290113000027], [46.620166564000044, 24.814286571000025], [46.62016632700005, 24.814283034000027], [46.62016571200007, 24.814279535000026], [46.62016472500005, 24.81427610700007], [46.620163373000025, 24.81427278500007], [46.62016199000004, 24.814270195000063], [46.620164309000074, 24.814268231000028], [46.620166882000035, 24.81426557700007], [46.62016915700008, 24.814262705000033], [46.62017111400007, 24.81425964400006], [46.62017273200007, 24.814256423000074], [46.62017399700005, 24.814253072000042], [46.62017489600004, 24.81424962400007], [46.620175420000066, 24.814246113000024], [46.62017556400008, 24.814242571000023], [46.62017532800007, 24.814239034000025], [46.62017471300004, 24.814235535000023], [46.62017372400004, 24.814232107000066], [46.62017237200007, 24.81422878500007], [46.62017067100004, 24.814225600000043], [46.62016863500003, 24.81422258200007], [46.62016628600003, 24.81421976100006], [46.62016364400006, 24.814217163000023], [46.62016073600006, 24.814214814000024], [46.620157590000076, 24.814212737000048]]], [[[46.61942235500004, 24.816503926000053], [46.619417061000036, 24.816501711000058], [46.61941155400007, 24.81649997900007], [46.619405888000074, 24.81649874900006], [46.619400116000065, 24.816498032000027], [46.61939429600005, 24.816497834000074], [46.61938848200003, 24.81649815800006], [46.61938273100003, 24.81649900000008], [46.61937709800003, 24.816500353000038], [46.619371638000075, 24.816502203000027], [46.619366402000026, 24.816504532000067], [46.61936144300006, 24.81650731900004], [46.61935680600004, 24.816510537000056], [46.619352537000054, 24.81651415300007], [46.61934867800005, 24.816518134000034], [46.61934526300007, 24.816522441000075], [46.61934232800007, 24.816527033000057], [46.61933990000006, 24.816531866000048], [46.61933800400004, 24.816536892000045], [46.61933665600003, 24.816542063000043], [46.619335869000054, 24.816547331000038], [46.619335652000075, 24.816552643000023], [46.61933600700007, 24.81655794900007], [46.61933693000003, 24.81656319800004], [46.61933841300004, 24.81656833900007], [46.61934043900004, 24.816573323000057], [46.61934299200004, 24.816578100000072], [46.61934604600003, 24.81658262800005], [46.61934957100004, 24.81658685900004], [46.61935353300004, 24.81659075600004], [46.61935432400003, 24.816591395000046], [46.61935300300007, 24.816594891000022], [46.61935165600005, 24.816600063000067], [46.61935087000006, 24.816605330000073], [46.619350653000026, 24.816610642000057], [46.61935100800008, 24.816615949000038], [46.61935193100004, 24.816621198000064], [46.619353412000066, 24.81662633800005], [46.61935446900003, 24.81662893500004], [46.61935048200007, 24.816629157000023], [46.61934473100007, 24.816630000000032], [46.61933909800007, 24.816631353000048], [46.61933363800006, 24.816633203000038], [46.619328402000065, 24.816635533000067], [46.61932344300004, 24.81663831900005], [46.61931880600008, 24.816641537000066], [46.61931453700004, 24.816645153000024], [46.61931067800003, 24.816649134000045], [46.61930726300005, 24.816653441000028], [46.619304328000055, 24.816658033000067], [46.61930190000004, 24.81666286500007], [46.61930000400008, 24.816667891000066], [46.61929865500008, 24.816673063000053], [46.619297869000036, 24.81667833000006], [46.61929765200006, 24.816683642000044], [46.619298007000054, 24.816688949000024], [46.61929893000007, 24.81669419800005], [46.619300413000076, 24.816699339000024], [46.61930243900008, 24.816704322000078], [46.619304992000025, 24.816709100000026], [46.61930804600007, 24.81671362800006], [46.619311571000026, 24.81671785900005], [46.619315533000076, 24.81672175600005], [46.61931989500005, 24.816725279000025], [46.61932461400005, 24.81672839500004], [46.61932964400006, 24.816731073000028], [46.619334939000055, 24.81673328900007], [46.61934044600008, 24.816735020000067], [46.61934611300006, 24.816736251000066], [46.619351884000025, 24.816736969000033], [46.61935770400004, 24.816737166000053], [46.61936351800006, 24.816736843000058], [46.61936926900006, 24.81673600000005], [46.61937490100007, 24.816734647000033], [46.61938036200007, 24.816732797000043], [46.619385597000075, 24.81673046800006], [46.61939055700003, 24.81672768100003], [46.61939519400005, 24.81672446300007], [46.619399463000036, 24.816720847000056], [46.61940332300003, 24.816716866000036], [46.61940673700008, 24.816712559000052], [46.61940967100003, 24.81670796700007], [46.619412100000034, 24.81670313400008], [46.61941399700004, 24.816698109000072], [46.61941534400006, 24.816692937000028], [46.61941613100004, 24.81668767000008], [46.619416347000026, 24.816682357000047], [46.61941599200003, 24.816677051000056], [46.61941506900007, 24.81667180200003], [46.61941358800004, 24.816666661000056], [46.61941253100008, 24.816664064000065], [46.61941651800004, 24.816663842000025], [46.61942226900004, 24.816663000000062], [46.61942790200004, 24.816661647000046], [46.61943336200005, 24.816659797000057], [46.619438598000045, 24.816657468000074], [46.61944355700007, 24.816654680000056], [46.61944819400003, 24.816651463000028], [46.61945246300007, 24.81664784700007], [46.619456323000065, 24.81664386600005], [46.61945973700006, 24.816639558000077], [46.619462672000054, 24.816634967000027], [46.61946509900008, 24.816630134000036], [46.61946699600003, 24.81662510800004], [46.61946834500003, 24.81661993700004], [46.61946913100007, 24.816614669000046], [46.61946934800005, 24.81660935700006], [46.619468993000055, 24.81660405100007], [46.61946807000004, 24.816598802000044], [46.61946658700003, 24.81659366100007], [46.61946456000004, 24.816588677000027], [46.61946200800003, 24.816583899000022], [46.61945895400004, 24.816579372000035], [46.61945542900003, 24.816575141000044], [46.61945146700003, 24.816571244000045], [46.61945067600004, 24.816570606000028], [46.619451997000056, 24.81656710900006], [46.61945334400008, 24.816561937000074], [46.619454130000065, 24.816556670000068], [46.619454347000044, 24.816551358000027], [46.61945399200005, 24.816546052000035], [46.61945306900003, 24.816540802000077], [46.61945158800006, 24.816535662000035], [46.61944956000008, 24.81653067800005], [46.619447007000076, 24.816525900000045], [46.619443954000076, 24.816521372000068], [46.619440430000054, 24.81651714000003], [46.61943646700007, 24.816513244000078], [46.619432105000044, 24.816509721000045], [46.61942738600004, 24.81650660500003], [46.61942235500004, 24.816503926000053]]], [[[46.61942459000005, 24.815636737000034], [46.61942123600005, 24.81563495100005], [46.619417707000025, 24.815633474000037], [46.61941403600008, 24.815632320000077], [46.61941025800007, 24.815631499000062], [46.61940641100006, 24.81563102100006], [46.61940253100005, 24.815630890000023], [46.619398655000055, 24.815631105000023], [46.61939482100007, 24.815631667000048], [46.61939106600005, 24.81563256900006], [46.61938742500007, 24.815633802000036], [46.61938393600008, 24.81563535500004], [46.619380629000034, 24.81563721300006], [46.61937753800004, 24.815639358000055], [46.619374691000075, 24.815641769000024], [46.61937211800006, 24.815644423000037], [46.61936984300007, 24.81564729400003], [46.61936788600008, 24.81565035600005], [46.61936626700003, 24.815653577000035], [46.61936500300004, 24.815656928000067], [46.619364104000056, 24.81566037500005], [46.61936358000003, 24.815663887000028], [46.61936343600007, 24.81566742900003], [46.61936367200008, 24.815670966000027], [46.61936428700005, 24.81567446500003], [46.619365275000064, 24.815677893000043], [46.619366626000044, 24.81568121500004], [46.619368329000054, 24.815684400000066], [46.619370364000076, 24.81568741800004], [46.619372714000065, 24.815690239000048], [46.619375355000045, 24.81569283700003], [46.619378264000034, 24.815695186000028], [46.619381410000074, 24.81569726300006], [46.619384764000074, 24.815699049000045], [46.61938829300004, 24.815700526000057], [46.619391964000044, 24.815701680000075], [46.61939574200005, 24.815702501000032], [46.61939958900007, 24.815702979000037], [46.619403470000066, 24.81570311100006], [46.61940734500007, 24.815702895000072], [46.61941117900005, 24.815702333000047], [46.619414934000076, 24.815701431000036], [46.619418575000054, 24.81570019800006], [46.61942206400005, 24.815698645000055], [46.619425371000034, 24.815696787000036], [46.61942846200003, 24.81569464200004], [46.61943130900005, 24.81569223100007], [46.61943388200007, 24.815689577000057], [46.61943615700005, 24.815686706000065], [46.61943811400005, 24.815683644000046], [46.619439733000036, 24.81568042300006], [46.61944099700003, 24.815677072000028], [46.61944189600007, 24.815673625000045], [46.61944242000004, 24.815670113000067], [46.61944256500004, 24.815666572000055], [46.61944232800005, 24.815663034000067], [46.61944171300007, 24.815659535000066], [46.61944072500006, 24.815656107000052], [46.61943937400008, 24.815652785000054], [46.61943767100007, 24.81564960000003], [46.61943563600005, 24.815646582000056], [46.61943328600006, 24.815643761000047], [46.61943064500008, 24.815641163000066], [46.619427736000034, 24.815638814000067], [46.61942459000005, 24.815636737000034]]], [[[46.619378237000035, 24.815757951000023], [46.61937470700008, 24.815756474000068], [46.619371036000075, 24.81575531900006], [46.61936725800007, 24.815754500000025], [46.61936341100005, 24.815754021000032], [46.619359530000054, 24.815753889000064], [46.61935565400006, 24.815754105000053], [46.619351821000066, 24.81575466700008], [46.61934806600004, 24.815755568000043], [46.619344426000055, 24.815756802000067], [46.619340935000025, 24.81575835500007], [46.61933762800004, 24.815760213000033], [46.61933453700004, 24.81576235800003], [46.61933169200006, 24.815764769000054], [46.61932911900004, 24.815767423000068], [46.61932684200008, 24.81577029400006], [46.619324885000026, 24.815773355000033], [46.61932326700003, 24.815776577000065], [46.619322003000036, 24.81577992800004], [46.61932110400005, 24.815783375000024], [46.61932058000008, 24.81578688700006], [46.61932043500008, 24.81579042800007], [46.61932067200007, 24.815793966000058], [46.61932128700005, 24.81579746500006], [46.61932227600005, 24.815800892000027], [46.61932362700003, 24.81580421500007], [46.61932532800006, 24.81580740000004], [46.61932736400007, 24.81581041800007], [46.61932971400006, 24.815813240000068], [46.61933235600003, 24.81581583700006], [46.61933526300004, 24.81581818500007], [46.61933840900008, 24.815820263000035], [46.61934176300008, 24.815822049000076], [46.61934529300004, 24.81582352600003], [46.61934896400004, 24.815824681000038], [46.619352742000046, 24.815825500000074], [46.61935658900006, 24.815825979000067], [46.61936046900007, 24.815826111000035], [46.619364345000065, 24.815825895000046], [46.61936817900005, 24.815825333000078], [46.61937193500006, 24.815824432000056], [46.61937557400006, 24.815823198000032], [46.61937906500003, 24.815821645000028], [46.61938237100003, 24.815819787000066], [46.61938546300007, 24.81581764200007], [46.619388308000055, 24.815815231000045], [46.61939088200006, 24.81581257700003], [46.61939315800004, 24.81580970600004], [46.61939511400004, 24.815806645000066], [46.61939673200004, 24.815803423000034], [46.61939799800007, 24.81580007200006], [46.619398896000064, 24.815796625000075], [46.619399421000026, 24.81579311300004], [46.61939956500004, 24.81578957200003], [46.61939932900003, 24.81578603400004], [46.619398713000066, 24.81578253500004], [46.619397725000056, 24.815779108000072], [46.61939637300003, 24.815775785000028], [46.619394672000055, 24.81577259900007], [46.61939263600004, 24.81576958100004], [46.619390287000044, 24.81576676000003], [46.61938764400003, 24.81576416300004], [46.619384737000075, 24.81576181500003], [46.619381591000035, 24.815759737000064], [46.619378237000035, 24.815757951000023]]], [[[46.619353482000065, 24.815871688000072], [46.61934849700003, 24.815869602000078], [46.61934331200007, 24.815867972000035], [46.619337975000064, 24.81586681300007], [46.61933254100006, 24.815866137000057], [46.619327061000035, 24.815865951000035], [46.61932158600007, 24.81586625600005], [46.61931617000005, 24.815867049000076], [46.619310866000035, 24.815868323000075], [46.61930572400007, 24.81587006500007], [46.61930079500007, 24.81587225800007], [46.61929612400007, 24.81587488300005], [46.61929175700004, 24.815877913000065], [46.619287738000025, 24.815881318000038], [46.61928410200005, 24.815885067000067], [46.61928088800005, 24.815889123000034], [46.61927812400006, 24.815893447000064], [46.61927583800008, 24.815897997000036], [46.61927405200004, 24.81590273000006], [46.61927278200005, 24.81590760000006], [46.61927204300008, 24.815912560000072], [46.61927183900008, 24.81591756200004], [46.61927217300007, 24.815922559000057], [46.61927304100004, 24.815927502000022], [46.61927443700006, 24.815932343000043], [46.61927634500006, 24.815937036000037], [46.61927758500008, 24.815939357000047], [46.61927684200003, 24.81594029400003], [46.61927488500004, 24.81594335500006], [46.61927326700004, 24.815946577000034], [46.61927200300005, 24.815949928000066], [46.61927110400006, 24.81595337600004], [46.619270580000034, 24.815956887000027], [46.61927043500003, 24.81596042800004], [46.61927067200003, 24.815963966000027], [46.61927128700006, 24.81596746500003], [46.61927227600006, 24.815970893000042], [46.61927362700004, 24.81597421500004], [46.61927532800007, 24.815977400000065], [46.61927736300004, 24.815980418000038], [46.61927971400007, 24.815983240000037], [46.61928235600004, 24.815985838000074], [46.61928526300005, 24.815988186000027], [46.619288409000035, 24.81599026300006], [46.619291763000035, 24.815992049000045], [46.61929529300005, 24.815993526000057], [46.61929896400005, 24.815994680000074], [46.61930274200006, 24.81599550100003], [46.619306590000065, 24.815995979000036], [46.61931046900003, 24.81599611100006], [46.61931434500008, 24.81599589500007], [46.61931817900006, 24.815995334000036], [46.61932193500007, 24.815994432000025], [46.61932557500006, 24.815993198000058], [46.619329065000045, 24.815991645000054], [46.61933237100004, 24.815989787000035], [46.61933546300003, 24.81598764200004], [46.61933830800007, 24.81598523200006], [46.619340882000074, 24.815982577000057], [46.61934315800005, 24.815979706000064], [46.619345114000055, 24.815976644000045], [46.619346732000054, 24.81597342300006], [46.61934799800008, 24.815970073000074], [46.619348897000066, 24.815966625000044], [46.61934928900007, 24.81596399700004], [46.61934972200004, 24.81596384900007], [46.61935465200003, 24.81596165600007], [46.619359323000026, 24.815959031000034], [46.61936368900007, 24.815956002000064], [46.61936770900007, 24.815952597000035], [46.61937134400006, 24.815948847000072], [46.61937455900005, 24.81594479200004], [46.61937732200005, 24.815940468000065], [46.61937960800003, 24.815935918000037], [46.61938139500006, 24.81593118400008], [46.61938266400006, 24.81592631500007], [46.619383404000075, 24.815921354000068], [46.61938360900007, 24.815916352000045], [46.61938327400003, 24.815911355000026], [46.61938240500007, 24.81590641200006], [46.61938101000004, 24.81590157200003], [46.61937910100005, 24.815896878000046], [46.619376697000064, 24.815892379000047], [46.61937382200006, 24.815888116000053], [46.61937050300003, 24.815884131000075], [46.619366771000045, 24.815880462000052], [46.61936266400005, 24.81587714500006], [46.61935822000004, 24.81587421100005], [46.619353482000065, 24.815871688000072]]], [[[46.619313386000044, 24.816724605000047], [46.619308355000044, 24.81672192700006], [46.61930306100004, 24.816719711000076], [46.61929755400007, 24.816717980000078], [46.61929188700003, 24.816716749000022], [46.61928611600007, 24.816716031000055], [46.619280296000056, 24.816715834000036], [46.61927448200004, 24.81671615700003], [46.61926873200008, 24.81671700000004], [46.61926309800003, 24.816718353000056], [46.61925763800008, 24.816720203000045], [46.61925240200003, 24.81672253200003], [46.61924744300006, 24.816725319000057], [46.619242806000045, 24.816728537000074], [46.61923853700006, 24.816732153000032], [46.619234677000065, 24.816736134000053], [46.619231263000074, 24.816740441000036], [46.61922832800008, 24.816745033000075], [46.61922590000006, 24.816749866000066], [46.619224004000046, 24.816754891000073], [46.619222655000044, 24.81676006300006], [46.61922186900006, 24.816765330000067], [46.61922165200008, 24.81677064300004], [46.619221768000045, 24.816772370000024], [46.61922140300004, 24.816772533000062], [46.61921644200004, 24.816775320000033], [46.61921180600007, 24.816778536000072], [46.61920753700008, 24.816782154000066], [46.61920367700003, 24.81678613400004], [46.61920026300004, 24.816790441000023], [46.61919732800004, 24.816795033000062], [46.61919490100007, 24.816799865000064], [46.61919300300008, 24.81680489100006], [46.619191655000066, 24.816810063000048], [46.61919087000007, 24.816815330000054], [46.61919065300003, 24.816820643000028], [46.61919100800003, 24.816825949000076], [46.619191930000056, 24.816831197000056], [46.61919341200007, 24.81683633800003], [46.619195440000055, 24.816841322000073], [46.61919799200007, 24.816846101000067], [46.61920104500007, 24.816850627000065], [46.61920457000008, 24.816854860000035], [46.61920853300006, 24.816858755000055], [46.61921289500003, 24.816862279000077], [46.619217613000046, 24.816865394000047], [46.619222645000036, 24.816868073000023], [46.61922794000003, 24.816870289000065], [46.619233447000056, 24.816872020000062], [46.61923911200006, 24.81687325100006], [46.61924488400007, 24.81687396800004], [46.61925070500007, 24.816874166000048], [46.61925651800004, 24.816873842000064], [46.619262269000046, 24.816873000000044], [46.61926790200005, 24.816871647000028], [46.61927336200006, 24.816869797000038], [46.61927859700006, 24.816867467000066], [46.619283557000074, 24.816864680000037], [46.619288194000035, 24.816861464000056], [46.61929246300008, 24.81685784600006], [46.61929632300007, 24.81685386600003], [46.61929973700006, 24.816849558000058], [46.61930267200006, 24.816844967000065], [46.61930509900003, 24.816840135000064], [46.619306996000034, 24.816835108000078], [46.619308345000036, 24.816829937000023], [46.61930913100008, 24.816824670000074], [46.61930934800006, 24.816819357000043], [46.619309232000035, 24.81681762900007], [46.61930959700004, 24.816817467000078], [46.61931455700005, 24.81681468100004], [46.61931919400007, 24.81681146300008], [46.61932346300006, 24.816807847000064], [46.61932732300005, 24.816803866000043], [46.61933073700004, 24.81679955900006], [46.61933367100005, 24.816794967000078], [46.619336100000055, 24.816790135000076], [46.61933799600007, 24.816785109000023], [46.619339344000025, 24.816779937000035], [46.61934013100006, 24.81677467000003], [46.61934034700005, 24.816769358000045], [46.61933999300004, 24.816764051000064], [46.61933907000008, 24.816758802000038], [46.619337587000075, 24.816753661000064], [46.61933556100007, 24.816748678000067], [46.61933300800007, 24.816743900000063], [46.61932995400008, 24.81673937200003], [46.61932643000006, 24.816735141000038], [46.619322467000075, 24.81673124400004], [46.61931810600004, 24.816727721000063], [46.619313386000044, 24.816724605000047]]], [[[46.61907010500005, 24.816261417000078], [46.619066470000064, 24.81626516600005], [46.61906325500007, 24.816269222000074], [46.619060492000074, 24.816273546000048], [46.619058205000044, 24.816278096000076], [46.61905641900006, 24.816282829000045], [46.619055150000065, 24.816287699000043], [46.61905441000005, 24.816292659000055], [46.619054206000044, 24.816297662000068], [46.619054540000036, 24.81630265800004], [46.619055408000065, 24.816307601000062], [46.61905680400008, 24.816312442000026], [46.61905871300007, 24.816317135000077], [46.61906111700006, 24.816321634000076], [46.619063992000065, 24.81632589700007], [46.61906731100004, 24.816329883000037], [46.619071043000076, 24.81633355100007], [46.61907391300008, 24.816335870000046], [46.61907387400004, 24.81633682300003], [46.619074209000075, 24.816341820000048], [46.61907507700005, 24.81634676300007], [46.619076473000064, 24.816351604000033], [46.619078382000055, 24.816356297000027], [46.61908078600004, 24.816360796000026], [46.61908366100005, 24.816365059000077], [46.61908698000008, 24.816369044000055], [46.61909071200006, 24.816372714000067], [46.619094819000054, 24.81637603100006], [46.61909926300007, 24.81637896500007], [46.61910400100004, 24.816381488000047], [46.61910898600007, 24.816383573000053], [46.619114171000035, 24.816385204000028], [46.61911950700005, 24.81638636200006], [46.61912494200004, 24.816387038000073], [46.61913042300006, 24.816387225000028], [46.619135897000035, 24.81638692000007], [46.61914131300006, 24.816386126000054], [46.61914661700007, 24.816384853000045], [46.61915175900003, 24.81638311000006], [46.61915668800003, 24.81638091700006], [46.61916135900003, 24.816378292000024], [46.61916572600006, 24.816375263000054], [46.61916974600007, 24.816371858000025], [46.61917338100005, 24.816368108000063], [46.619176596000045, 24.81636405300003], [46.61917935900004, 24.816359729000055], [46.619181645000026, 24.816355179000027], [46.619182187000035, 24.816353741000057], [46.61918603000004, 24.816351075000057], [46.61919005000004, 24.816347670000027], [46.61919368500003, 24.816343920000065], [46.61919689900003, 24.81633986500003], [46.619199664000064, 24.816335541000058], [46.61920194900006, 24.81633099100003], [46.61920373500004, 24.81632625700007], [46.619205005000026, 24.816321388000063], [46.619205745000045, 24.81631642700006], [46.61920594900005, 24.816311425000038], [46.619205615000055, 24.816306428000075], [46.61920474600004, 24.816301485000054], [46.61920335000008, 24.816296645000023], [46.61920255600006, 24.816294692000042], [46.619205057000045, 24.81629384400003], [46.61920998700003, 24.81629165100003], [46.61921465800003, 24.81628902600005], [46.61921902300003, 24.816285997000023], [46.61922304400008, 24.81628259200005], [46.619226678000075, 24.816278843000077], [46.61922989300007, 24.816274787000054], [46.619232657000055, 24.816270463000023], [46.61923494300004, 24.816265913000052], [46.61923672900008, 24.816261180000026], [46.619237998000074, 24.81625631000003], [46.619238739000025, 24.816251350000073], [46.61923894300003, 24.81624634700006], [46.619238652000035, 24.816241990000037], [46.619240045000026, 24.81624023300003], [46.61924280900007, 24.816235908000067], [46.619245094000064, 24.81623135800004], [46.61924688100004, 24.81622662500007], [46.61924815000003, 24.81622175600006], [46.61924889100004, 24.81621679500006], [46.61924909500004, 24.816211793000036], [46.61924876100005, 24.816206796000074], [46.61924803800008, 24.81620268300003], [46.61924851900005, 24.816201930000034], [46.619250805000036, 24.816197380000062], [46.619250805000036, 24.816197379000073], [46.61925249800004, 24.816196626000078], [46.61925716800005, 24.81619400200003], [46.61926153500008, 24.81619097300006], [46.61926555500003, 24.816187567000043], [46.61926919000007, 24.81618381800007], [46.61927240500006, 24.816179762000047], [46.61927516800006, 24.816175438000073], [46.61927745400004, 24.816170888000045], [46.61927924100007, 24.816166155000076], [46.61928051000007, 24.816161285000078], [46.61928125000003, 24.816156324000076], [46.61928145500008, 24.816151323000042], [46.61928112000004, 24.816146326000023], [46.61928025100008, 24.81614138300006], [46.61927885600005, 24.816136542000038], [46.61927752500003, 24.816133273000048], [46.61928141800007, 24.81612997600007], [46.619285052000066, 24.81612622800003], [46.61928826700006, 24.816122171000075], [46.619291031000046, 24.816117847000044], [46.61929331600004, 24.816113297000072], [46.61929510300007, 24.816108565000036], [46.619296372000065, 24.81610369400005], [46.61929711300007, 24.816098734000036], [46.619297317000076, 24.81609373200007], [46.61929698300003, 24.81608873600004], [46.619296113000075, 24.816083793000075], [46.61929471800005, 24.816078951000065], [46.61929280900006, 24.81607425900006], [46.61929040600006, 24.816069759000072], [46.619287530000065, 24.81606549600008], [46.619284211000036, 24.816061511000044], [46.61928048000004, 24.816057842000077], [46.61927988700006, 24.816057364000073], [46.619279997000035, 24.816057073000025], [46.61928089600008, 24.816053625000052], [46.61928142000005, 24.816050113000074], [46.61928156500005, 24.816046571000072], [46.619281328000056, 24.816043034000074], [46.61928071300008, 24.816039535000073], [46.61927972500007, 24.81603610800005], [46.61927837400003, 24.81603278500006], [46.61927667100008, 24.816029599000046], [46.61927463600006, 24.816026581000074], [46.61927228600007, 24.816023761000054], [46.61926964500003, 24.816021163000073], [46.61926673600004, 24.816018814000074], [46.61926359000006, 24.81601673700004], [46.61926023600006, 24.816014951000056], [46.619256707000034, 24.816013474000044], [46.61925303600003, 24.816012320000027], [46.619249258000025, 24.81601150000006], [46.619245411000065, 24.816011021000065], [46.61924153100006, 24.81601088900004], [46.61923765500006, 24.81601110500003], [46.61923382100008, 24.816011667000055], [46.61923006600006, 24.816012569000065], [46.61922642500008, 24.816013802000043], [46.61922293600003, 24.816015355000047], [46.61921962900004, 24.816017213000066], [46.619216538000046, 24.816019358000062], [46.61921369100003, 24.81602176900003], [46.61921111800007, 24.816024423000044], [46.619208842000035, 24.816027294000037], [46.61920688600003, 24.816030355000066], [46.61920526700004, 24.81603357700004], [46.61920400300005, 24.816036928000074], [46.619203104000064, 24.816040376000046], [46.619202580000035, 24.816043887000035], [46.61920243600008, 24.816047428000047], [46.61920267200003, 24.816050966000034], [46.61920328700006, 24.816054465000036], [46.61920390600005, 24.816056614000047], [46.619201445000044, 24.816058698000063], [46.61919781100005, 24.816062446000046], [46.61919552400008, 24.81606533200005], [46.61919214900007, 24.816065520000052], [46.61918673300005, 24.81606631300008], [46.61918142900004, 24.816067587000077], [46.61917628700007, 24.816069329000072], [46.619171358000074, 24.816071523000062], [46.619166687000074, 24.81607414700005], [46.619162320000044, 24.816077177000068], [46.61915830000004, 24.81608058200004], [46.61915466500005, 24.81608433100007], [46.61915145000006, 24.816088387000036], [46.61914868700006, 24.816092711000067], [46.61914640100008, 24.81609726100004], [46.61914461400005, 24.816101994000064], [46.619143345000055, 24.816106864000062], [46.619142605000036, 24.816111824000075], [46.61914240100003, 24.81611682700003], [46.619142735000025, 24.81612182300006], [46.619143604000044, 24.816126766000025], [46.61914499900007, 24.816131607000045], [46.61914690800006, 24.81613630000004], [46.61914903400003, 24.81614028000007], [46.61914709900003, 24.816140388000065], [46.619141683000066, 24.816141181000035], [46.619136379000054, 24.816142455000033], [46.61913123700003, 24.81614419700003], [46.619126307000045, 24.816146391000075], [46.619121637000035, 24.816149015000065], [46.61911727100005, 24.816152044000034], [46.619113250000055, 24.816155450000053], [46.61910961600006, 24.816159199000026], [46.61910640100007, 24.81616325500005], [46.61910363700008, 24.816167579000023], [46.61910135200003, 24.81617212900005], [46.619099565000056, 24.816176862000077], [46.61909829600006, 24.816181732000075], [46.61909755500005, 24.816186693000077], [46.61909735100005, 24.816191695000043], [46.61909768500004, 24.816196691000073], [46.61909855500005, 24.816201634000038], [46.61909995000008, 24.816206475000058], [46.61910033500004, 24.816207422000048], [46.619098561000044, 24.816210197000032], [46.61909627600005, 24.81621474700006], [46.61909448900008, 24.81621947900004], [46.61909322000008, 24.816224350000027], [46.619092479000074, 24.81622931000004], [46.61909227500007, 24.816234312000063], [46.61909260900006, 24.816239308000036], [46.61909291300003, 24.81624103400003], [46.619091850000075, 24.816242130000035], [46.619088635000026, 24.816246185000068], [46.61908587200003, 24.816250509000042], [46.61908545600005, 24.81625133700004], [46.61908316200004, 24.816252358000042], [46.61907849100004, 24.816254982000032], [46.619074125000054, 24.81625801100006], [46.61907010500005, 24.816261417000078]]], [[[46.619106403000046, 24.817015532000028], [46.619101442000044, 24.817018320000045], [46.61909680600007, 24.817021537000073], [46.61909253700003, 24.81702515300003], [46.619088677000036, 24.81702913400005], [46.619085263000045, 24.817033442000024], [46.61908232800005, 24.817038033000074], [46.61907990100008, 24.817042865000076], [46.61907800300003, 24.817047892000062], [46.61907665600006, 24.81705306300006], [46.619075870000074, 24.817058331000055], [46.61907565300004, 24.81706364300004], [46.619076008000036, 24.81706894900003], [46.61907693000006, 24.817074197000068], [46.61907841200008, 24.81707933900003], [46.61908043900007, 24.817084322000028], [46.619082992000074, 24.81708910100008], [46.619086045000074, 24.817093627000077], [46.61908957000003, 24.817097859000057], [46.61909353200008, 24.817101756000056], [46.61909789400005, 24.817105278000042], [46.61910261300005, 24.817108395000048], [46.61910764500004, 24.817111073000035], [46.61911293900005, 24.817113289000076], [46.61911844600007, 24.817115020000074], [46.61912273000007, 24.817115951000062], [46.619119296000065, 24.81711583400005], [46.619113482000046, 24.817116157000044], [46.61910773200003, 24.817117000000053], [46.61910209900003, 24.81711835300007], [46.61909663800003, 24.81712020300006], [46.61909140300003, 24.81712253300003], [46.61908644300007, 24.81712531900007], [46.619081806000054, 24.81712853700003], [46.61907753700007, 24.817132153000045], [46.619073677000074, 24.817136134000066], [46.619070263000026, 24.81714044100005], [46.61906732800003, 24.81714503300003], [46.61906490000007, 24.817149865000033], [46.619063004000054, 24.81715489100003], [46.61906165500005, 24.817160063000074], [46.619060869000066, 24.817165330000023], [46.61906065200003, 24.817170642000065], [46.61906100700003, 24.817175948000056], [46.61906193000004, 24.81718119800007], [46.61906341300005, 24.817186338000056], [46.61906543900005, 24.817191322000042], [46.619067992000055, 24.817196100000046], [46.619071046000045, 24.817200628000023], [46.619074570000066, 24.81720485900007], [46.61907853300005, 24.81720875600007], [46.61908289400003, 24.817212279000046], [46.61908761400008, 24.817215395000062], [46.61909264500008, 24.81721807400004], [46.61909793900003, 24.817220289000034], [46.619103446000054, 24.81722202000003], [46.619109113000036, 24.81722325000004], [46.619114884000055, 24.817223968000064], [46.61912070400007, 24.817224166000074], [46.61912651800003, 24.817223842000033], [46.619132268000044, 24.81722300000007], [46.619137902000034, 24.817221647000054], [46.619143362000045, 24.817219797000064], [46.61914859800004, 24.817217468000024], [46.61915355700006, 24.817214681000053], [46.61915819500007, 24.817211463000035], [46.619162463000066, 24.817207847000077], [46.61916632400005, 24.817203866000057], [46.61916973700005, 24.817199559000073], [46.61917267200005, 24.817194967000034], [46.619175100000064, 24.817190134000043], [46.61917699600008, 24.817185108000047], [46.61917834500008, 24.81717993700005], [46.61917913100007, 24.817174669000053], [46.619179348000046, 24.81716935700007], [46.61917899300005, 24.817164051000077], [46.61917807000003, 24.81715880200005], [46.61917658700003, 24.817153661000077], [46.61917456100008, 24.817148677000034], [46.61917200800008, 24.817143900000076], [46.61916895500008, 24.817139372000042], [46.619165430000066, 24.81713514100005], [46.619161467000026, 24.817131244000052], [46.619157106000046, 24.817127722000066], [46.61915238600005, 24.81712460500006], [46.61914735600004, 24.817121927000073], [46.61914206100005, 24.817119711000032], [46.61913655400008, 24.817117980000035], [46.61913227000008, 24.817117049000046], [46.61913570400003, 24.81711716600006], [46.61914151800005, 24.817116842000075], [46.61914726900005, 24.817116000000055], [46.61915290200005, 24.81711464700004], [46.619158362000064, 24.81711279700005], [46.61916359700007, 24.817110467000077], [46.61916855700008, 24.81710768100004], [46.61917319400004, 24.817104463000078], [46.61917746300003, 24.817100847000063], [46.61918132300008, 24.817096866000043], [46.61918473700007, 24.81709255900006], [46.619187672000066, 24.817087967000077], [46.619190099000036, 24.817083135000075], [46.61919199700003, 24.81707810900008], [46.61919334500004, 24.817072937000034], [46.61919413100003, 24.81706767000003], [46.619194348000065, 24.817062358000044], [46.61919399300007, 24.817057051000063], [46.61919307000005, 24.817051802000037], [46.619191588000035, 24.817046662000052], [46.61918956000005, 24.817041678000066], [46.61918700800004, 24.817036900000062], [46.61918408400004, 24.817032564000044], [46.61918790100003, 24.817031648000068], [46.61919336200003, 24.817029797000032], [46.619198597000036, 24.81702746700006], [46.61920355700005, 24.81702468000003], [46.619208194000066, 24.81702146400005], [46.61920913600005, 24.81702066500003], [46.61921344600006, 24.81702202100007], [46.61921911200005, 24.817023250000034], [46.61922488300007, 24.817023968000058], [46.619230704000074, 24.817024166000067], [46.61923651700005, 24.817023842000026], [46.61924226900004, 24.817023000000063], [46.61924790200004, 24.817021648000036], [46.61925336100006, 24.817019797000057], [46.619258597000055, 24.817017468000074], [46.61926355800006, 24.817014680000057], [46.61926819400003, 24.81701146300003], [46.61927246300007, 24.81700784700007], [46.619276323000065, 24.81700386600005], [46.619279737000056, 24.816999558000077], [46.619282672000054, 24.816994967000028], [46.61928509900008, 24.816990135000026], [46.619286997000074, 24.81698510800004], [46.61928834500003, 24.816979937000042], [46.61928913100007, 24.816974669000047], [46.61928934700006, 24.816969357000062], [46.619288993000055, 24.81696405100007], [46.61928807000004, 24.816958803000034], [46.61928658800008, 24.81695366100007], [46.61928456000004, 24.816948678000074], [46.61928200800003, 24.816943899000023], [46.61927895500003, 24.816939373000025], [46.61927543000007, 24.816935141000044], [46.61927146700003, 24.816931244000045], [46.61926710500006, 24.81692772200006], [46.61926238700005, 24.816924605000054], [46.61925735500006, 24.816921927000067], [46.619252060000065, 24.816919711000025], [46.61924826000006, 24.816918516000044], [46.61924834800004, 24.81691635800007], [46.619247993000045, 24.816911051000034], [46.61924707000003, 24.816905802000065], [46.61924558700008, 24.816900661000034], [46.619243561000076, 24.816895678000037], [46.619241008000074, 24.816890900000033], [46.61923795400003, 24.816886372000056], [46.61923443000006, 24.816882141000065], [46.61923046700008, 24.816878244000065], [46.61922610600004, 24.816874721000033], [46.61922138600005, 24.816871605000074], [46.61921635500005, 24.81686892700003], [46.619211061000044, 24.816866711000046], [46.619205554000075, 24.816864980000048], [46.619199887000036, 24.81686374900005], [46.619194116000074, 24.816863031000025], [46.61918829600006, 24.816862834000062], [46.61918248200004, 24.816863157000057], [46.61917673200003, 24.816864000000066], [46.61917109900003, 24.816865353000026], [46.61916563800003, 24.816867203000072], [46.61916040300008, 24.816869532000055], [46.61915544300007, 24.816872319000026], [46.61915080600005, 24.816875537000044], [46.61914653700006, 24.81687915300006], [46.61914267700007, 24.816883134000022], [46.61913926300008, 24.816887441000063], [46.61913632800008, 24.816892033000045], [46.619133900000065, 24.816896866000036], [46.61913200400005, 24.816901891000043], [46.61913065500005, 24.81690706300003], [46.61912986900006, 24.816912330000036], [46.61912965200003, 24.816917643000068], [46.61913000700008, 24.81692294900006], [46.61913093000004, 24.816928198000028], [46.619132413000045, 24.81693333900006], [46.61913392800005, 24.816937064000058], [46.61913180600004, 24.816938536000066], [46.619127537000054, 24.81694215300007], [46.61912367700006, 24.816946135000023], [46.61912026300007, 24.816950441000074], [46.61911732800007, 24.816955033000056], [46.619114900000056, 24.816959865000058], [46.61911300400004, 24.816964891000055], [46.61911165500004, 24.816970063000042], [46.61911086900005, 24.816975330000048], [46.619110652000074, 24.81698064300008], [46.61911100700007, 24.81698594900007], [46.61911193000003, 24.81699119800004], [46.619113413000036, 24.816996338000024], [46.61911543900004, 24.817001322000067], [46.61911799200004, 24.81700610100006], [46.61912091600004, 24.817010436000032], [46.61911709900005, 24.817011352000065], [46.61911163800005, 24.817013203000045], [46.619106403000046, 24.817015532000028]]], [[[46.61907152900005, 24.816429911000057], [46.61906679200007, 24.816427388000022], [46.61906180600005, 24.816425302000027], [46.61905662000004, 24.81642367200004], [46.61905128500007, 24.816422514000067], [46.61904585000008, 24.816421837000064], [46.61904036900006, 24.81642165100004], [46.61903489500003, 24.816421956000056], [46.61902947900006, 24.816422750000072], [46.61902417500005, 24.816424023000025], [46.61901903300003, 24.816425766000066], [46.61901410300004, 24.816427959000066], [46.61900943200004, 24.816430584000045], [46.619005067000046, 24.816433613000072], [46.61900104600005, 24.816437018000045], [46.618997412000056, 24.816440767000074], [46.61899419700006, 24.81644482300004], [46.618991433000076, 24.81644914700007], [46.618989147000036, 24.816453697000043], [46.61898736100005, 24.81645843000007], [46.61898609200006, 24.816463300000066], [46.61898535100005, 24.81646826000008], [46.618985147000046, 24.816473263000034], [46.61898548100004, 24.816478259000064], [46.61898635000006, 24.81648320200003], [46.61898774600007, 24.81648804300005], [46.618989655000064, 24.816492736000043], [46.61899205800006, 24.816497236000032], [46.61899493300007, 24.816501499000026], [46.61899825300003, 24.81650548300007], [46.61900198300003, 24.816509153000027], [46.619006091000074, 24.816512470000077], [46.61901053500003, 24.81651540400003], [46.61901527300006, 24.816517927000064], [46.619020258000035, 24.81652001300006], [46.619025444000044, 24.816521643000044], [46.61903077900007, 24.816522802000065], [46.61903621400006, 24.81652347800008], [46.61904169500008, 24.816523664000044], [46.619047170000044, 24.81652335900003], [46.61905258500008, 24.81652256600006], [46.61905788900003, 24.81652129200006], [46.61906303100005, 24.816519550000066], [46.61906796100004, 24.816517357000066], [46.61907263200004, 24.81651473200003], [46.619076998000025, 24.81651170200007], [46.61908101800003, 24.81650829700004], [46.61908465300007, 24.81650454800007], [46.619087868000065, 24.816500492000046], [46.61909063200005, 24.81649616800007], [46.619092917000046, 24.816491618000043], [46.61909470400008, 24.816486885000074], [46.61909597300007, 24.816482015000076], [46.61909671400008, 24.816477055000064], [46.619096918000025, 24.81647205300004], [46.61909658400003, 24.81646705600008], [46.619095714000025, 24.816462113000057], [46.619094319000055, 24.816457272000036], [46.619092410000064, 24.816452579000043], [46.61909000700007, 24.816448080000043], [46.61908713100007, 24.81644381700005], [46.61908381200004, 24.81643983200007], [46.61908008100005, 24.81643616200006], [46.619075973000065, 24.816432845000065], [46.61907152900005, 24.816429911000057]]], [[[46.619042387000036, 24.817284606000044], [46.619037355000046, 24.817281926000078], [46.61903206100004, 24.817279711000026], [46.61902655400007, 24.81727797900004], [46.61902088800008, 24.817276750000076], [46.61901511600007, 24.817276032000052], [46.61900929600006, 24.817275834000043], [46.61900348200004, 24.817276158000027], [46.618997731000036, 24.817277000000047], [46.618992098000035, 24.817278352000073], [46.61898663800008, 24.817280203000053], [46.61898140300008, 24.817282532000036], [46.618976443000065, 24.817285320000053], [46.61897180600005, 24.817288537000024], [46.61896753700006, 24.81729215300004], [46.61896367700007, 24.81729613400006], [46.618960263000076, 24.817300442000032], [46.61895732800008, 24.817305033000025], [46.61895490100005, 24.817309865000027], [46.61895300300006, 24.81731489200007], [46.618951655000046, 24.817320063000068], [46.61895086900006, 24.817325331000063], [46.61895065200008, 24.817330643000048], [46.61895100700008, 24.81733594900004], [46.61895193000004, 24.817341197000076], [46.61895341200005, 24.81734633900004], [46.618955440000036, 24.817351322000036], [46.61895799200005, 24.81735610100003], [46.61896104500005, 24.817360627000028], [46.61896457000006, 24.817364859000065], [46.61896853300004, 24.817368756000064], [46.61897289500007, 24.81737227800005], [46.61897761300003, 24.817375395000056], [46.618982645000074, 24.817378073000043], [46.61898793900008, 24.817380289000027], [46.61899344600005, 24.817382020000025], [46.61899911200004, 24.817383251000024], [46.61900488300006, 24.81738396800006], [46.61901070400006, 24.817384166000068], [46.619016517000034, 24.817383843000073], [46.61902226900003, 24.817383000000063], [46.61902790100004, 24.817381647000047], [46.61903336200004, 24.817379798000047], [46.61903859700004, 24.81737746700003], [46.619043558000044, 24.817374681000047], [46.61904819400007, 24.81737146300003], [46.61905246300006, 24.81736784700007], [46.61905632300005, 24.81736386600005], [46.61905973700004, 24.817359559000067], [46.61906267200004, 24.81735496700003], [46.61906510000006, 24.817350135000027], [46.61906699700006, 24.81734510900003], [46.61906834400003, 24.817339937000042], [46.61906913100006, 24.817334670000037], [46.61906934700005, 24.817329358000052], [46.61906899300004, 24.81732405200006], [46.619068070000026, 24.817318802000045], [46.61906658800007, 24.81731366200006], [46.61906456100007, 24.817308678000074], [46.61906200900006, 24.81730390000007], [46.61905895400008, 24.817299373000026], [46.61905543000006, 24.817295140000056], [46.619051468000066, 24.817291244000046], [46.61904710600004, 24.81728772100007], [46.619042387000036, 24.817284606000044]]], [[[46.619017744000075, 24.816540645000032], [46.619013006000046, 24.816538123000043], [46.61900802100007, 24.81653603600006], [46.61900283500006, 24.816534406000073], [46.618997500000035, 24.816533247000052], [46.61899206500004, 24.81653257200003], [46.61898658400003, 24.816532386000063], [46.61898110900006, 24.816532691000077], [46.61897569400003, 24.816533484000047], [46.61897039000007, 24.816534757000056], [46.61896524800005, 24.81653649900005], [46.61896031800006, 24.81653869400003], [46.618955647000064, 24.81654131700003], [46.61895128100008, 24.816544347000047], [46.61894726100007, 24.816547753000066], [46.61894362600003, 24.81655150100005], [46.61894041100004, 24.81655555800006], [46.61893764700005, 24.816559882000035], [46.61893536200006, 24.816564432000064], [46.61893357500003, 24.816569164000043], [46.61893230600003, 24.81657403500003], [46.618931565000025, 24.816578995000043], [46.61893136100008, 24.816583998000056], [46.61893169500007, 24.81658899300004], [46.61893256500008, 24.81659393600006], [46.61893396000005, 24.81659877800007], [46.61893586900004, 24.816603470000075], [46.61893827200004, 24.816607970000064], [46.61894114800003, 24.816612233000058], [46.61894446700006, 24.816616218000036], [46.618948198000055, 24.81661988700006], [46.61895230600004, 24.81662320500004], [46.61895674900006, 24.81662613900005], [46.618961487000036, 24.81662866100004], [46.61896647200007, 24.816630748000023], [46.61897165900007, 24.816632378000065], [46.618976994000036, 24.81663353700003], [46.61898242900003, 24.816634212000054], [46.618987910000044, 24.816634399000066], [46.61899338400008, 24.81663409300006], [46.61899880000004, 24.816633300000035], [46.619004104000055, 24.816632027000026], [46.619009246000076, 24.81663028500003], [46.619014176000064, 24.81662809000005], [46.61901884700006, 24.81662546700005], [46.61902321300005, 24.816622437000035], [46.619027233000054, 24.816619031000073], [46.61903086700005, 24.816615283000033], [46.61903408200004, 24.816611226000077], [46.61903684600003, 24.816606902000046], [46.61903913200007, 24.816602352000075], [46.61904091800005, 24.81659762000004], [46.61904218800004, 24.81659274900005], [46.619042928000056, 24.81658778900004], [46.61904313200006, 24.816582787000073], [46.619042798000066, 24.816577791000043], [46.61904192900005, 24.816572848000078], [46.61904053300003, 24.816568006000068], [46.61903862400004, 24.816563314000064], [46.619036221000044, 24.816558814000075], [46.61903334600004, 24.816554551000024], [46.619030026000075, 24.816550566000046], [46.61902629600007, 24.816546897000023], [46.61902218800003, 24.81654357900004], [46.619017744000075, 24.816540645000032]]], [[[46.61894384100003, 24.817470168000057], [46.618940759000054, 24.817470340000057], [46.61893534300003, 24.817471133000026], [46.61893003900008, 24.817472407000025], [46.618924897000056, 24.817474149000077], [46.61891996700007, 24.817476343000067], [46.61891529600007, 24.817478967000056], [46.61891092900004, 24.817481997000073], [46.61890691000008, 24.817485402000045], [46.61890327500004, 24.817489151000075], [46.618900060000044, 24.81749320700004], [46.61889729600006, 24.817497530000026], [46.618895010000074, 24.817502081000043], [46.61889322300004, 24.81750681400007], [46.61889195400005, 24.817511684000067], [46.61889121400003, 24.817516644000023], [46.618891123000026, 24.817518886000073], [46.61888839000005, 24.81752078200003], [46.618884371000036, 24.81752418700006], [46.61888073500006, 24.817527936000033], [46.61887752100006, 24.817531991000067], [46.61887475700007, 24.81753631500004], [46.61887255000005, 24.81754070900007], [46.61886945700007, 24.817542856000046], [46.61886543700007, 24.817546261000075], [46.618861802000026, 24.81755000900006], [46.61885858800008, 24.817554065000024], [46.618855824000036, 24.817558389000055], [46.618853537000064, 24.817562940000073], [46.61885175100008, 24.817567673000042], [46.61885048200003, 24.81757254200005], [46.618849742000066, 24.817577503000052], [46.61884953800006, 24.817582505000075], [46.618849872000055, 24.817587502000038], [46.61885074000003, 24.81759244400007], [46.618852136000044, 24.817597286000023], [46.618854045000035, 24.817601978000027], [46.61885644900008, 24.817606478000073], [46.61885932400003, 24.817610740000077], [46.61886264300006, 24.817614726000045], [46.61886637500004, 24.817618395000068], [46.618870482000034, 24.81762171300005], [46.618874926000046, 24.81762464700006], [46.618879664000076, 24.817627169000048], [46.61888464900005, 24.817629255000043], [46.61888983400007, 24.817630886000074], [46.61889517100008, 24.81763204400005], [46.61890060600007, 24.817632720000063], [46.61890608700003, 24.817632907000075], [46.61891156100006, 24.81763260200006], [46.61891697600004, 24.817631808000044], [46.61892228100004, 24.817630535000035], [46.61892742200007, 24.81762879200005], [46.61893235200006, 24.81762659800006], [46.61893702300006, 24.81762397400007], [46.61894139000003, 24.817620945000044], [46.61894540900005, 24.817617539000025], [46.61894904500008, 24.817613790000053], [46.618952259000025, 24.81760973400003], [46.61895502300007, 24.817605411000045], [46.618957230000035, 24.817601017000072], [46.61896032300007, 24.81759887100003], [46.61896434300007, 24.817595465000068], [46.61896797800006, 24.817591716000038], [46.61897119300005, 24.81758766100006], [46.61897395600005, 24.81758333700003], [46.61897624300008, 24.81757878700006], [46.61897802900006, 24.817574053000044], [46.618979298000056, 24.817569184000035], [46.618980038000075, 24.817564224000023], [46.61898013000007, 24.81756198200003], [46.61898286200005, 24.81756008600007], [46.61898688200006, 24.817556681000042], [46.61899051700004, 24.81755293200007], [46.618993732000035, 24.817548876000046], [46.61899649500003, 24.817544552000072], [46.61899878200006, 24.817540002000044], [46.61900056800005, 24.81753526800003], [46.61900183700004, 24.817530399000077], [46.61900257800005, 24.817525438000075], [46.61900278200005, 24.817520436000052], [46.61900244800006, 24.817515439000033], [46.61900157900004, 24.817510497000058], [46.619000183000026, 24.817505656000037], [46.618998274000035, 24.817500963000043], [46.61899587000005, 24.817496463000055], [46.61899299500004, 24.81749220100005], [46.61898967600007, 24.817488215000026], [46.61898594400003, 24.81748454700005], [46.618981837000035, 24.817481229000066], [46.61897739300008, 24.817478295000058], [46.61897265600004, 24.81747577300007], [46.618967670000075, 24.817473686000028], [46.618962485000054, 24.817472055000053], [46.618960654000034, 24.817471658000045], [46.618959192000034, 24.817471046000037], [46.61895689700003, 24.817470325000045], [46.61895453600005, 24.81746981200007], [46.61895213100007, 24.81746951300005], [46.61894970700007, 24.817469431000063], [46.61894728500005, 24.817469565000067], [46.618944888000044, 24.81746991600005], [46.61894384100003, 24.817470168000057]]], [[[46.61894165800004, 24.81669602900007], [46.618936921000056, 24.816693507000025], [46.618931935000035, 24.81669142100003], [46.61892674900008, 24.816689790000055], [46.618921414000056, 24.816688632000023], [46.618915979000064, 24.816687957000056], [46.61891049800005, 24.816687770000044], [46.61890502400007, 24.81668807500006], [46.61889960800005, 24.81668886800003], [46.61889430400004, 24.816690141000038], [46.61888916200007, 24.81669188400008], [46.61888423200003, 24.81669407800007], [46.61887956100003, 24.81669670200006], [46.618875195000044, 24.81669973100003], [46.61887117500004, 24.816703137000047], [46.61886754000005, 24.816706886000077], [46.61886432600005, 24.816710942000043], [46.618861561000074, 24.816715266000074], [46.61885927600008, 24.816719816000045], [46.61885749000004, 24.81672454900007], [46.618856220000055, 24.81672941900007], [46.618855480000036, 24.816734379000025], [46.618855275000044, 24.816739382000037], [46.618855610000026, 24.816744378000067], [46.618856479000044, 24.81674932100003], [46.61885787400007, 24.816754162000052], [46.61885978300006, 24.816758855000046], [46.61886218600006, 24.816763354000045], [46.618865062000054, 24.81676761700004], [46.618867703000035, 24.816770787000053], [46.61886698100005, 24.816770828000074], [46.61886156500003, 24.816771621000044], [46.618856261000076, 24.816772895000042], [46.618851119000055, 24.816774637000037], [46.61884618900007, 24.816776830000038], [46.61884151800007, 24.816779455000074], [46.618837152000026, 24.816782485000033], [46.61883313200008, 24.816785890000062], [46.618829497000036, 24.816789639000035], [46.61882628300003, 24.81679369400007], [46.618823518000056, 24.816798018000043], [46.61882123300006, 24.81680256800007], [46.61881944700008, 24.81680730200003], [46.61881817700004, 24.816812171000038], [46.618817437000075, 24.81681713200004], [46.618817232000026, 24.816822134000063], [46.618817567000065, 24.816827131000025], [46.618818436000026, 24.816832074000047], [46.61881983100005, 24.816836914000078], [46.618821740000044, 24.81684160800006], [46.61882326300008, 24.81684445800005], [46.61882001400005, 24.81684721000005], [46.618816379000066, 24.816850959000078], [46.61881316500006, 24.816855015000044], [46.61881040000003, 24.816859339000075], [46.618808115000036, 24.816863889000047], [46.61880632900005, 24.816868622000072], [46.61880505900007, 24.81687349200007], [46.61880431800006, 24.816878452000026], [46.618804114000056, 24.81688345500004], [46.61880444800005, 24.816888451000068], [46.61880531800006, 24.816893394000033], [46.618806713000026, 24.816898235000053], [46.618808622000074, 24.816902928000047], [46.61881102500007, 24.816907428000036], [46.61881390100007, 24.81691169100003], [46.61881722100003, 24.816915675000075], [46.61882095100003, 24.81691934500003], [46.61882505900007, 24.816922662000025], [46.61882950300003, 24.816925596000033], [46.61883424000007, 24.816928119000067], [46.618839226000034, 24.816930205000062], [46.618844412000044, 24.816931835000048], [46.61884974700007, 24.81693299400007], [46.61885518200006, 24.816933670000026], [46.61886066300008, 24.81693385600005], [46.618866138000044, 24.816933551000034], [46.618871553000076, 24.816932758000064], [46.61887685700003, 24.816931484000065], [46.61888199900005, 24.81692974200007], [46.61888692900004, 24.81692754900007], [46.61889160000004, 24.816924924000034], [46.618895966000025, 24.816921894000075], [46.61889998600003, 24.816918489000045], [46.61890362100007, 24.816914740000072], [46.618906836000065, 24.81691068400005], [46.61890960000005, 24.816906360000075], [46.618911885000045, 24.816901810000047], [46.618913672000076, 24.81689707700008], [46.61891494100007, 24.816892207000024], [46.61891568200008, 24.816887247000068], [46.61891588600008, 24.816882245000045], [46.61891555200003, 24.816877248000026], [46.61891468200008, 24.81687230500006], [46.618913287000055, 24.81686746400004], [46.618911378000064, 24.816862771000046], [46.61890985500003, 24.81685992100006], [46.61891310400006, 24.81685716900006], [46.61891673900004, 24.81685341900004], [46.618919954000035, 24.816849364000063], [46.61892271800008, 24.816845040000032], [46.61892500300007, 24.81684049000006], [46.618926790000046, 24.816835756000046], [46.61892805900004, 24.816830887000037], [46.61892880000005, 24.816825927000025], [46.61892900400005, 24.81682092400007], [46.61892867000006, 24.81681592700005], [46.61892780000005, 24.816810985000075], [46.61892640500008, 24.816806144000054], [46.618924496000034, 24.81680145000007], [46.61892209300004, 24.81679695100007], [46.61891921700004, 24.816792688000078], [46.61891657600006, 24.816789518000064], [46.61891729900003, 24.816789477000043], [46.618922714000064, 24.816788685000063], [46.61892801800008, 24.816787411000064], [46.61893316000004, 24.81678566900007], [46.61893809000003, 24.816783475000022], [46.61894276100003, 24.816780851000033], [46.61894712700007, 24.816777821000073], [46.618951147000075, 24.816774415000054], [46.61895478200006, 24.81677066700007], [46.61895799700005, 24.816766611000048], [46.61896076100004, 24.816762287000074], [46.61896304600003, 24.816757737000046], [46.618964833000064, 24.816753004000077], [46.61896610200006, 24.81674813400008], [46.61896684300007, 24.816743173000077], [46.61896704700007, 24.816738172000044], [46.61896671300008, 24.816733175000024], [46.61896584300007, 24.81672823200006], [46.61896444800004, 24.81672339100004], [46.61896253900005, 24.816718698000045], [46.618960136000055, 24.816714199000046], [46.61895726000006, 24.816709936000052], [46.61895394100003, 24.816705950000028], [46.61895021000004, 24.81670228100006], [46.61894610200005, 24.816698964000068], [46.61894165800004, 24.81669602900007]]], [[[46.61888853600004, 24.817658162000043], [46.61888379900006, 24.817655639000066], [46.61887881300004, 24.817653552000024], [46.61887362700003, 24.81765192200004], [46.61886829100007, 24.817650763000074], [46.61886285700007, 24.81765008800005], [46.61885737600005, 24.817649902000028], [46.61885190100003, 24.817650207000042], [46.61884648600005, 24.81765100000007], [46.61884118200004, 24.81765227300008], [46.618836040000076, 24.817654015000073], [46.61883111000003, 24.817656210000052], [46.61882643900003, 24.817658834000042], [46.61882207300005, 24.81766186300007], [46.61881805200005, 24.81766526900003], [46.618814418000056, 24.81766901700007], [46.618811203000064, 24.817673074000027], [46.61880843900008, 24.817677398000058], [46.61880622600006, 24.817681803000028], [46.61880163500007, 24.81768384700007], [46.61879696400007, 24.81768647100006], [46.61879259700004, 24.817689501000075], [46.61878857700003, 24.817692906000048], [46.61878494200005, 24.81769665400003], [46.618781727000055, 24.817700711000043], [46.61877896400006, 24.817705035000074], [46.61877667700003, 24.817709585000046], [46.618774891000044, 24.81771431800007], [46.61877362200005, 24.81771918800007], [46.61877288200003, 24.817724148000025], [46.61877267800003, 24.817729151000037], [46.61877301200008, 24.817734147000067], [46.61877388000005, 24.817739089000042], [46.618775276000065, 24.817743931000052], [46.61877579800006, 24.81774521500006], [46.61877508100008, 24.817747116000078], [46.61877381100004, 24.81775198500003], [46.61877307100008, 24.81775694600003], [46.618772867000075, 24.817761948000054], [46.618773032000036, 24.81776442000006], [46.61876986500005, 24.817768416000035], [46.61876710100006, 24.817772741000056], [46.61876481400003, 24.817777291000027], [46.618763028000046, 24.817782023000063], [46.61876175900005, 24.81778689300006], [46.61876101900003, 24.817791854000063], [46.61876081500003, 24.81779685600003], [46.61876104800007, 24.817800349000038], [46.61875768600004, 24.817802681000046], [46.61875366600003, 24.817806087000065], [46.61875003100005, 24.817809836000038], [46.618746816000055, 24.81781389200006], [46.61874405200007, 24.817818215000045], [46.618741767000074, 24.817822766000063], [46.61873998000004, 24.817827499000032], [46.61873871000006, 24.81783236900003], [46.61873797000004, 24.817837329000042], [46.61873792800003, 24.817838347000077], [46.61873674900005, 24.81783983500003], [46.61873398600005, 24.81784415900006], [46.61873170000007, 24.817848710000078], [46.61872991300004, 24.817853442000057], [46.61872864400004, 24.817858313000045], [46.618727903000035, 24.817863272000068], [46.61872769900003, 24.817868275000023], [46.618728033000025, 24.817873271000053], [46.61872890300003, 24.817878214000075], [46.61873029800006, 24.81788305500004], [46.61873220700005, 24.817887748000032], [46.618734611000036, 24.81789224700003], [46.61873658800005, 24.81789517900006], [46.61873465600007, 24.817895462000024], [46.61872935200006, 24.817896736000023], [46.61872421000004, 24.817898478000075], [46.61871928000005, 24.817900672000064], [46.61871460900005, 24.817903296000054], [46.618710243000066, 24.81790632600007], [46.61870622300006, 24.817909732000032], [46.618702588000076, 24.817913480000072], [46.61869937300003, 24.81791753600004], [46.61869660900004, 24.817921859000023], [46.618694324000046, 24.81792641000004], [46.61869253700007, 24.817931143000067], [46.61869126800008, 24.817936013000065], [46.61869052700007, 24.817940973000077], [46.61869032300007, 24.817945975000043], [46.61869065700006, 24.817950972000062], [46.61869090400006, 24.81795237800003], [46.618689267000036, 24.81795329700003], [46.61868490100005, 24.817956327000047], [46.618680880000056, 24.817959732000077], [46.61867724600006, 24.81796348100005], [46.61867403100007, 24.817967537000072], [46.61867126700008, 24.817971861000046], [46.61866898100004, 24.817976411000075], [46.61866719500006, 24.817981144000044], [46.61866592600006, 24.81798601400004], [46.618665185000054, 24.817990974000054], [46.61866498100005, 24.817995977000066], [46.618665315000044, 24.81800097300004], [46.61866618400006, 24.81800591600006], [46.61866758000008, 24.818010757000025], [46.61866948900007, 24.818015450000075], [46.618671892000066, 24.818019950000064], [46.61867476800006, 24.818024213000058], [46.618678087000035, 24.818028197000046], [46.61868181800003, 24.81803186700006], [46.61868592600007, 24.818035184000053], [46.618690369000035, 24.81803811800006], [46.618695107000065, 24.81804064100004], [46.61870009200004, 24.818042727000034], [46.61870527900004, 24.818044357000076], [46.618710614000065, 24.81804551600004], [46.61871604900006, 24.818046192000054], [46.61872153000007, 24.818046378000076], [46.61872700500004, 24.818046073000062], [46.618732419000025, 24.818045280000035], [46.61873772400003, 24.818044006000036], [46.61874286700004, 24.81804226400004], [46.61874779600004, 24.818040070000052], [46.618752467000036, 24.818037446000062], [46.61875683300008, 24.818034416000046], [46.618760853000026, 24.818031011000073], [46.61876448800007, 24.818027262000044], [46.61876770300006, 24.818023206000078], [46.61877046600006, 24.818018882000047], [46.61877275300003, 24.818014332000075], [46.61877453900007, 24.81800959900005], [46.618775808000066, 24.81800472900005], [46.618776549000074, 24.81799976900004], [46.61877675300008, 24.817994767000073], [46.61877641900003, 24.817989770000054], [46.618776172000025, 24.817988365000076], [46.61877781000004, 24.81798744400004], [46.618782175000035, 24.81798441500007], [46.61878619500004, 24.81798101000004], [46.618789830000026, 24.817977260000077], [46.618793045000075, 24.817973205000044], [46.61879580800007, 24.81796888100007], [46.618798095000045, 24.81796433100004], [46.61879988100003, 24.817959598000073], [46.61880115100007, 24.817954728000075], [46.61880189100003, 24.817949768000062], [46.618802095000035, 24.81794476500005], [46.61880176100004, 24.817939769000077], [46.61880089200008, 24.817934827000045], [46.618799496000065, 24.817929985000035], [46.618797588000064, 24.81792529200004], [46.61879518300003, 24.817920792000052], [46.61879320600008, 24.81791786100007], [46.61879513900004, 24.81791757800005], [46.618800442000065, 24.81791630400005], [46.618805585000075, 24.817914562000055], [46.618810515000064, 24.817912368000066], [46.618815185000074, 24.817909744000076], [46.61881955100006, 24.81790671400006], [46.61882357200005, 24.81790330900003], [46.61882720600005, 24.817899560000058], [46.61883042100004, 24.817895504000035], [46.61883318500003, 24.81789118000006], [46.61883547100007, 24.817886630000032], [46.61883725700005, 24.817881897000063], [46.61883852700004, 24.817877027000065], [46.618839267000055, 24.817872067000053], [46.618839309000066, 24.81787104800003], [46.618840488000046, 24.817869561000066], [46.618843251000044, 24.817865237000035], [46.61884553800007, 24.817860687000064], [46.61884732400006, 24.81785595300005], [46.61884859400004, 24.81785108400004], [46.61884933400006, 24.817846123000038], [46.61884953800006, 24.817841121000072], [46.618849305000026, 24.817837628000063], [46.618852667000056, 24.817835296000055], [46.61885668700006, 24.817831890000036], [46.618860322000046, 24.817828142000053], [46.61886353700004, 24.81782408500004], [46.618866300000036, 24.817819761000067], [46.618868586000076, 24.81781521100004], [46.61887037300005, 24.81781047900006], [46.618871642000045, 24.81780560800007], [46.61887238300005, 24.81780064900005], [46.618872587000055, 24.817795646000036], [46.61887242100005, 24.81779317300004], [46.61887558800004, 24.817789177000066], [46.61887835300007, 24.817784854000024], [46.618880638000064, 24.817780303000063], [46.61888242500004, 24.817775570000038], [46.61888369500008, 24.81777070000004], [46.61888443500004, 24.817765740000027], [46.61888463900004, 24.81776073800006], [46.61888430500005, 24.817755741000042], [46.61888343600003, 24.817750798000077], [46.61888228300006, 24.817746801000055], [46.61888496800003, 24.817745606000074], [46.61888963800004, 24.817742983000073], [46.61889400500007, 24.817739953000057], [46.61889802500008, 24.817736547000038], [46.61890166000006, 24.817732799000055], [46.618904875000055, 24.817728742000043], [46.61890763800005, 24.81772441800007], [46.618909925000025, 24.81771986800004], [46.61891171100007, 24.81771513600006], [46.61891298000006, 24.817710265000073], [46.61891372100007, 24.81770530600005], [46.61891392500007, 24.817700303000038], [46.61891359100008, 24.817695307000065], [46.61891272200006, 24.817690364000043], [46.618911326000045, 24.817685522000033], [46.618909417000054, 24.81768083000003], [46.61890701300007, 24.81767633000004], [46.61890413800006, 24.817672067000046], [46.61890081900003, 24.81766808200007], [46.61889708700005, 24.817664413000045], [46.618892980000055, 24.817661095000062], [46.61888853600004, 24.817658162000043]]], [[[46.61879393100003, 24.816964389000077], [46.61878894600005, 24.816962302000036], [46.61878376100003, 24.81696067100006], [46.61877842400003, 24.81695951300003], [46.618772989000036, 24.816958838000062], [46.618767509000065, 24.81695865100005], [46.61876203500003, 24.816958956000065], [46.61875661900007, 24.816959749000034], [46.618751314000065, 24.816961023000033], [46.618746173000034, 24.816962765000028], [46.618741243000045, 24.816964959000074], [46.618736572000046, 24.816967583000064], [46.61873220600006, 24.816970612000034], [46.618728186000055, 24.816974018000053], [46.61872455100007, 24.816977767000026], [46.61872133600008, 24.81698182300005], [46.61871857300008, 24.816986147000023], [46.61871628600005, 24.81699069700005], [46.61871450000007, 24.816995430000077], [46.61871323100007, 24.817000300000075], [46.61871249100005, 24.81700526000003], [46.61871228700005, 24.817010263000043], [46.61871262100004, 24.817015259000073], [46.61871348900007, 24.817020202000037], [46.61871488500003, 24.817025043000058], [46.618716117000076, 24.81702807100004], [46.61871206600006, 24.81702944400007], [46.61870713600007, 24.81703163700007], [46.61870246500007, 24.81703426200005], [46.61869809900003, 24.817037291000076], [46.61869407900008, 24.81704069600005], [46.61869044400004, 24.817044446000068], [46.618687229000045, 24.817048501000045], [46.61868446600005, 24.817052825000076], [46.618682179000075, 24.817057375000047], [46.618680393000034, 24.817062108000073], [46.61867912400004, 24.81706697800007], [46.61867838400008, 24.817071938000026], [46.618678180000074, 24.81707694100004], [46.61867851400007, 24.81708193700007], [46.61867938200004, 24.817086880000033], [46.618680778000055, 24.817091721000054], [46.61868266600004, 24.81709636200003], [46.618678275000036, 24.817098316000056], [46.618673605000026, 24.817100940000046], [46.61866923800005, 24.817103969000073], [46.61866521800005, 24.817107375000035], [46.61866158300006, 24.817111124000064], [46.61865836800007, 24.81711518000003], [46.61865560500007, 24.81711950400006], [46.61865331800004, 24.817124054000033], [46.61865153200006, 24.81712878600007], [46.61865026300006, 24.817133657000056], [46.618649523000045, 24.81713861700007], [46.61864931900004, 24.817143620000024], [46.618649653000034, 24.817148615000065], [46.61865052100006, 24.81715355800003], [46.61865186800003, 24.81715822900003], [46.61864999200003, 24.817159283000024], [46.618645625000056, 24.81716231300004], [46.61864160600004, 24.81716571800007], [46.618637970000066, 24.817169467000042], [46.61863475500007, 24.817173522000076], [46.618631992000076, 24.81717784600005], [46.618629706000036, 24.817182397000067], [46.61862791900006, 24.817187130000036], [46.61862665000007, 24.817191999000045], [46.61862591000005, 24.817196960000047], [46.618625705000056, 24.81720196200007], [46.61862604000004, 24.817206959000032], [46.61862646600008, 24.817209384000023], [46.61862186700006, 24.817211430000043], [46.61861719600006, 24.81721405500008], [46.618612830000075, 24.81721708400005], [46.61860881000007, 24.81722048900008], [46.61860517500003, 24.81722423900004], [46.618601960000035, 24.817228294000074], [46.61859919600005, 24.817232618000048], [46.618596910000065, 24.817237168000077], [46.61859512400008, 24.817241902000035], [46.61859385400004, 24.817246771000043], [46.61859311500007, 24.817251731000056], [46.618592910000075, 24.81725673400007], [46.61859324400007, 24.81726173100003], [46.61859411300003, 24.817266674000052], [46.618595508000055, 24.817271514000026], [46.618597417000046, 24.817276208000067], [46.61859982100003, 24.817280707000066], [46.61860269600004, 24.81728497000006], [46.61860601600006, 24.817288955000038], [46.61860974700005, 24.81729262400006], [46.618613854000046, 24.817295941000054], [46.61861829900005, 24.817298875000063], [46.61862303600003, 24.81730139800004], [46.61862802200005, 24.817303484000035], [46.61863320700007, 24.817305115000067], [46.61863854300003, 24.817306273000042], [46.61864397800008, 24.817306949000056], [46.61864945900004, 24.81730713500008], [46.61865493300007, 24.817306831000053], [46.61866034900004, 24.817306037000037], [46.61866565300005, 24.81730476300004], [46.61867079500007, 24.817303021000043], [46.61867572400007, 24.817300828000043], [46.61868039500007, 24.817298203000064], [46.61868476200004, 24.817295174000037], [46.61868878200005, 24.817291769000065], [46.618692417000034, 24.817288019000046], [46.618695632000026, 24.81728396400007], [46.61869839500008, 24.817279640000038], [46.61870068200005, 24.817275090000066], [46.61870246800004, 24.81727035600005], [46.61870373700003, 24.817265487000043], [46.61870447700005, 24.81726052600004], [46.61870468200004, 24.817255524000075], [46.61870434700006, 24.817250527000056], [46.618703921000076, 24.817248102000065], [46.61870852000004, 24.817246056000045], [46.61871319100004, 24.817243431000065], [46.61871755800007, 24.81724040200004], [46.61872157700003, 24.817236997000066], [46.61872521300006, 24.817233248000036], [46.618728428000054, 24.81722919200007], [46.61873119100005, 24.81722486800004], [46.618733477000035, 24.817220318000068], [46.618735264000065, 24.817215585000042], [46.61873653300006, 24.817210715000044], [46.61873727300008, 24.817205755000032], [46.61873747800007, 24.817200752000076], [46.61873714300003, 24.817195756000046], [46.61873627400007, 24.817190813000025], [46.61873492800004, 24.817186142000025], [46.61873680300005, 24.817185089000077], [46.61874117000008, 24.81718205900006], [46.61874519000003, 24.817178653000042], [46.61874882500007, 24.81717490500006], [46.61875204000006, 24.817170849000036], [46.61875480300006, 24.81716652500006], [46.61875709000003, 24.817161975000033], [46.61875887600007, 24.817157242000064], [46.61876014500007, 24.817152372000066], [46.61876088500003, 24.817147411000064], [46.61876109000008, 24.81714241000003], [46.61876075500004, 24.81713741300007], [46.61875988700007, 24.817132470000047], [46.61875849100005, 24.817127629000026], [46.618756603000065, 24.81712298800005], [46.61876099300008, 24.81712103500007], [46.61876566400008, 24.817118410000035], [46.618770031000054, 24.817115380000075], [46.61877405100006, 24.817111975000046], [46.618777686000044, 24.817108226000073], [46.61878090100004, 24.81710417100004], [46.618783664000034, 24.817099847000065], [46.61878595100006, 24.817095297000037], [46.61878773700005, 24.81709056300008], [46.61878900600004, 24.81708569400007], [46.61878974600006, 24.81708073300007], [46.61878995100005, 24.817075731000045], [46.61878961600007, 24.817070734000026], [46.61878874800004, 24.81706579100006], [46.61878735200003, 24.81706095100003], [46.61878612000004, 24.81705792200006], [46.61879017100006, 24.817056550000075], [46.61879510000006, 24.81705435600003], [46.618799771000056, 24.81705173200004], [46.61880413800003, 24.81704870300007], [46.618808158000036, 24.81704529700005], [46.61881179300008, 24.817041548000077], [46.61881500800007, 24.817037492000054], [46.61881777100007, 24.817033168000023], [46.61882005800004, 24.81702861800005], [46.61882184400008, 24.817023885000026], [46.618823113000076, 24.817019015000028], [46.61882385300004, 24.817014054000026], [46.61882405800003, 24.81700905300005], [46.61882372300005, 24.81700405600003], [46.618822855000076, 24.816999113000065], [46.61882145900006, 24.816994272000045], [46.61881955000007, 24.81698957900005], [46.618817146000026, 24.81698508000005], [46.618814271000076, 24.816980817000058], [46.61881095200005, 24.816976831000034], [46.618807220000065, 24.816973163000057], [46.61880311300007, 24.816969845000074], [46.61879866900006, 24.816966911000065], [46.61879393100003, 24.816964389000077]]], [[[46.61862159100008, 24.817329737000023], [46.61861823700008, 24.81732795100004], [46.61861470700006, 24.817326474000026], [46.61861103600006, 24.817325319000076], [46.61860725900004, 24.81732450000004], [46.61860341100004, 24.817324021000047], [46.61859953100003, 24.81732388900008], [46.618595655000036, 24.81732410500007], [46.61859182100005, 24.817324667000037], [46.61858806600003, 24.817325568000058], [46.61858442600004, 24.817326802000025], [46.61858093500007, 24.81732835500003], [46.618577628000025, 24.817330213000048], [46.61857453700003, 24.817332358000044], [46.61857260700003, 24.817333993000034], [46.61856953100005, 24.817333889000054], [46.618565655000054, 24.817334105000043], [46.61856182100007, 24.81733466600008], [46.61855806600005, 24.817335568000033], [46.61855442600006, 24.817336802000057], [46.61855093500003, 24.81733835500006], [46.618547628000044, 24.817340213000023], [46.61854453700005, 24.81734235700003], [46.618541691000075, 24.817344769000044], [46.61853911800006, 24.817347423000058], [46.618536842000026, 24.81735029400005], [46.61853488500003, 24.817353355000023], [46.61853397100003, 24.817355175000046], [46.61853138500004, 24.817354093000063], [46.618526796000026, 24.817352650000032], [46.618522073000065, 24.817351624000025], [46.61851726400005, 24.81735102600004], [46.618512413000076, 24.81735086200007], [46.61850756900003, 24.817351131000066], [46.61850277600007, 24.817351833000032], [46.61849808200003, 24.81735296100004], [46.61849353200006, 24.817354503000047], [46.61848916900004, 24.81735644400004], [46.61848503600004, 24.81735876600004], [46.61848117200003, 24.817361447000053], [46.61847761400003, 24.817364461000068], [46.618474398000046, 24.81736777800006], [46.61847155300006, 24.817371367000078], [46.61846910600008, 24.81737519400008], [46.61846708300004, 24.817379220000078], [46.61846550200005, 24.81738340900006], [46.618464379000045, 24.817387719000067], [46.61846372400004, 24.817392109000025], [46.618463543000075, 24.817396536000047], [46.61846383900007, 24.817400958000064], [46.61846460800007, 24.81740533100003], [46.61846584300008, 24.81740961500003], [46.61846753200007, 24.81741376800005], [46.61846965900003, 24.81741775000006], [46.61847220400006, 24.817421523000064], [46.618474451000054, 24.817424220000078], [46.61847326700007, 24.81742657600006], [46.61847200200003, 24.817429927000035], [46.61847110400004, 24.817433375000064], [46.618470580000064, 24.817436887000042], [46.61847043500006, 24.817440428000054], [46.61847067200006, 24.817443965000052], [46.618471287000034, 24.817447465000043], [46.618472274000055, 24.817450892000068], [46.618473626000025, 24.817454215000055], [46.618475328000045, 24.81745740100007], [46.61847736300007, 24.817460419000042], [46.618479714000046, 24.817463239000062], [46.618482355000026, 24.817465837000043], [46.618485263000025, 24.817468186000042], [46.618488409000065, 24.817470263000075], [46.618491763000065, 24.81747204900006], [46.61849529300008, 24.81747352600007], [46.61849547700007, 24.817473584000027], [46.618495608000046, 24.817474332000074], [46.61849684300006, 24.817478615000027], [46.61849853200005, 24.817482768000048], [46.61850065900006, 24.817486750000057], [46.618503204000035, 24.81749052300006], [46.61850614200006, 24.81749405000005], [46.61850944400004, 24.817497296000056], [46.61851307900008, 24.817500233000032], [46.61851701100005, 24.817502829000034], [46.61852120300006, 24.817505061000077], [46.618525616000056, 24.817506907000052], [46.61853020500007, 24.817508350000026], [46.61853492700004, 24.817509375000043], [46.61853973600006, 24.81750997300003], [46.61854458600004, 24.817510138000046], [46.618549431000076, 24.81750986800006], [46.618554224000036, 24.817509166000036], [46.618558918000076, 24.817508039000074], [46.61856346800005, 24.817506498000057], [46.618567831000064, 24.817504556000074], [46.61857196400007, 24.817502234000074], [46.618575828000075, 24.81749955300006], [46.61857938600008, 24.817496539000047], [46.61858260300005, 24.817493222000053], [46.61858544800003, 24.817489633000037], [46.61858789300004, 24.817485806000036], [46.618589916000076, 24.817481779000047], [46.61859149700007, 24.817477590000067], [46.61859262100006, 24.817473281000048], [46.61859327600007, 24.81746889200008], [46.61859345600004, 24.817464465000057], [46.618593161000035, 24.81746004300004], [46.61859239200004, 24.817455669000026], [46.618591156000036, 24.817451385000027], [46.61858946700005, 24.817447232000063], [46.61858734000003, 24.817443250000053], [46.61858479600005, 24.81743947800004], [46.61858185800003, 24.81743595000006], [46.618578557000035, 24.817432704000055], [46.61857492200005, 24.817429768000068], [46.618570989000034, 24.817427172000066], [46.61856679600004, 24.817424939000034], [46.61856238400003, 24.81742309300006], [46.61855779600006, 24.81742165000003], [46.618554251000035, 24.817420880000043], [46.618554448000054, 24.81742063200005], [46.61855689300006, 24.81741680600004], [46.61855891600004, 24.81741277900005], [46.61856049700003, 24.81740859100006], [46.618561380000074, 24.817405204000067], [46.61856274200005, 24.817405500000064], [46.61856658900007, 24.817405979000057], [46.618570469000076, 24.817406111000025], [46.61857434500007, 24.817405895000036], [46.61857817900005, 24.817405333000067], [46.618581935000066, 24.817404431000057], [46.618585575000054, 24.817403198000022], [46.61858906500004, 24.817401645000075], [46.618592371000034, 24.817399787000056], [46.61859546300008, 24.81739764200006], [46.61859739400006, 24.817396006000024], [46.61860046900006, 24.81739611100005], [46.61860434500005, 24.81739589500006], [46.618608179000034, 24.817395333000036], [46.61861193400006, 24.81739443200007], [46.618615574000046, 24.817393198000048], [46.618619065000075, 24.817391645000043], [46.61862237200006, 24.817389787000025], [46.61862546300006, 24.81738764200003], [46.61862830800004, 24.81738523100006], [46.61863088200005, 24.817382578000036], [46.61863315800008, 24.817379706000054], [46.618635115000075, 24.817376645000024], [46.61863673300007, 24.81737342300005], [46.618637998000054, 24.817370072000074], [46.61863889600005, 24.817366625000034], [46.61863942000008, 24.817363114000045], [46.61863956500008, 24.817359572000043], [46.61863932800003, 24.817356034000056], [46.61863871300005, 24.817352535000055], [46.61863772600003, 24.81734910800003], [46.61863637400006, 24.817345786000033], [46.61863467200004, 24.817342600000075], [46.618632637000076, 24.817339582000045], [46.61863028600004, 24.817336760000046], [46.61862764500006, 24.817334163000055], [46.61862473700006, 24.817331815000045], [46.61862159100008, 24.817329737000023]]], [[[46.61848959100007, 24.817486737000024], [46.61848623700007, 24.81748495100004], [46.618482707000055, 24.817483474000028], [46.61847903600005, 24.817482320000067], [46.618475259000036, 24.817481500000042], [46.61847141100003, 24.81748102100005], [46.61846753100008, 24.817480889000024], [46.61846365500003, 24.81748110500007], [46.618459821000044, 24.817481667000038], [46.61845606600008, 24.81748256900005], [46.61845242600003, 24.817483802000027], [46.61844893500006, 24.81748535500003], [46.618445628000075, 24.81748721300005], [46.61844253700008, 24.817489358000046], [46.61843969200004, 24.81749176900007], [46.61843711800003, 24.817494423000028], [46.618434842000056, 24.817497294000077], [46.61843288500006, 24.81750035500005], [46.61843126700006, 24.817503577000025], [46.618430002000025, 24.817506927000068], [46.61842910400003, 24.81751037500004], [46.61842858000006, 24.817513887000075], [46.618428435000055, 24.81751742800003], [46.61842867200005, 24.817520966000075], [46.618429287000026, 24.817524465000076], [46.61843027400005, 24.817527892000044], [46.618431626000074, 24.81753121500003], [46.61843332800004, 24.817534400000056], [46.61843536300006, 24.81753741800003], [46.61843771400004, 24.81754023900004], [46.618440355000075, 24.817542837000076], [46.618443263000074, 24.817545186000075], [46.61844640900006, 24.81754726300005], [46.61844976300006, 24.817549049000036], [46.61845329300007, 24.817550526000048], [46.618456964000075, 24.817551680000065], [46.618460741000035, 24.817552501000023], [46.61846131300007, 24.81755257100008], [46.61846110400006, 24.817553375000045], [46.61846057900004, 24.817556887000023], [46.61846043400004, 24.817560428000036], [46.61846067100004, 24.817563966000023], [46.61846128700006, 24.817567465000025], [46.61846227500007, 24.81757089200005], [46.61846362600005, 24.817574215000036], [46.61846532700008, 24.81757740000006], [46.618467363000036, 24.817580418000034], [46.61846971300008, 24.817583239000044], [46.61847235500005, 24.817585837000024], [46.61847526300005, 24.817588186000023], [46.618478408000044, 24.817590263000056], [46.618481763000034, 24.81759204800005], [46.61848529300005, 24.817593526000053], [46.61848896400005, 24.81759468000007], [46.61849274200006, 24.817595501000028], [46.618496589000074, 24.817595979000032], [46.618500469000026, 24.817596110000068], [46.618504345000076, 24.817595895000068], [46.61850817900006, 24.817595333000043], [46.61851193500007, 24.817594431000032], [46.61851557500006, 24.817593198000054], [46.618519065000044, 24.81759164500005], [46.61852237100004, 24.81758978700003], [46.618525463000026, 24.817587642000035], [46.618528309000055, 24.817585232000056], [46.61853088200007, 24.817582577000053], [46.61853315800005, 24.81757970600006], [46.61853511500004, 24.81757664400004], [46.61853673300004, 24.817573423000056], [46.61853799800008, 24.81757007300007], [46.618538897000064, 24.81756662500004], [46.61853942100004, 24.817563113000062], [46.61853956500005, 24.81755957100006], [46.61853932900004, 24.817556034000063], [46.61853871400007, 24.81755253500006], [46.618537726000056, 24.817549108000037], [46.61853637400003, 24.81754578500005], [46.61853467200007, 24.817542600000024], [46.618532637000044, 24.81753958200005], [46.618530287000056, 24.817536761000042], [46.618527646000075, 24.81753416300006], [46.61852473700003, 24.817531814000063], [46.61852159100005, 24.81752973700003], [46.618518237000046, 24.817527952000034], [46.61851470800008, 24.817526474000033], [46.618511037000076, 24.817525320000072], [46.61850725900007, 24.817524499000058], [46.618506687000036, 24.81752442900006], [46.61850689600004, 24.817523625000035], [46.61850742000007, 24.817520113000057], [46.61850756500007, 24.817516571000056], [46.61850732800008, 24.817513035000047], [46.618506713000045, 24.817509535000056], [46.61850572600008, 24.817506108000032], [46.618504374000054, 24.817502785000045], [46.618502672000034, 24.81749959900003], [46.61850063700007, 24.817496582000047], [46.61849828600003, 24.817493761000037], [46.61849564500005, 24.817491163000057], [46.618492737000054, 24.817488814000058], [46.61848959100007, 24.817486737000024]]], [[[46.618446379000034, 24.817675111000028], [46.61844164100006, 24.81767258800005], [46.61843665600003, 24.817670501000066], [46.618431470000075, 24.817668871000024], [46.61842613500005, 24.81766771200006], [46.61842070000006, 24.817667037000035], [46.61841521900004, 24.817666850000023], [46.618409744000076, 24.817667155000038], [46.618404328000054, 24.817667948000064], [46.61839902400004, 24.817669222000063], [46.61839388200008, 24.817670964000058], [46.61838895200003, 24.817673158000048], [46.61838428100003, 24.817675783000027], [46.61837991600004, 24.817678812000054], [46.61837589500004, 24.817682217000026], [46.61837226100005, 24.817685966000056], [46.618369046000055, 24.81769002200008], [46.61836628100008, 24.817694346000053], [46.61836399600003, 24.817698896000024], [46.61836221000004, 24.81770362900005], [46.61836094000006, 24.817708499000048], [46.61836019900005, 24.81771345900006], [46.61835999500005, 24.817718462000073], [46.618360161000055, 24.817720946000065], [46.61835898900006, 24.817720171000076], [46.61835479700005, 24.817717939000033], [46.61835038400005, 24.817716093000058], [46.61834579500004, 24.817714650000028], [46.61834107300007, 24.817713625000067], [46.61833626400005, 24.817713027000025], [46.61833141400007, 24.817712862000064], [46.61832656900003, 24.81771313200005], [46.61832177600007, 24.817713834000074], [46.61831708300008, 24.817714961000036], [46.61831253200006, 24.817716502000053], [46.618308169000045, 24.817718444000036], [46.61830403500005, 24.817720766000036], [46.61830017200003, 24.81772344700005], [46.61829661400003, 24.817726460000074], [46.61829339700006, 24.817729778000057], [46.618290552000076, 24.817733367000073], [46.61828810700007, 24.817737194000074], [46.61828608400003, 24.817741221000063], [46.61828450300004, 24.817745410000043], [46.61828337900005, 24.817749719000062], [46.61828272400004, 24.81775410800003], [46.61828254400007, 24.817758535000053], [46.618282839000074, 24.81776295700007], [46.61828360800007, 24.817767331000027], [46.618284843000026, 24.817771615000026], [46.61828653300006, 24.817775768000047], [46.618288660000076, 24.817779751000046], [46.61829120400006, 24.81778352200007], [46.618294141000035, 24.81778704900006], [46.618297443000074, 24.817790296000055], [46.61830107800006, 24.817793232000042], [46.618305011000075, 24.817795828000044], [46.61830920400007, 24.817798061000076], [46.61831361600008, 24.81779990800004], [46.61831820500004, 24.817801350000025], [46.618322926000076, 24.81780237600003], [46.618327736000026, 24.817802974000074], [46.618332587000054, 24.817803139000034], [46.61833743200003, 24.817802869000047], [46.61834222300007, 24.817802167000025], [46.61834691800004, 24.817801040000063], [46.61835146800007, 24.817799498000056], [46.61835583100003, 24.817797556000073], [46.618359964000035, 24.817795234000073], [46.61836382800004, 24.81779255300006], [46.618367386000045, 24.817789539000046], [46.61837060200003, 24.817786221000063], [46.61837337500003, 24.81778272300005], [46.61837529200005, 24.817783526000028], [46.618378963000055, 24.817784680000045], [46.61838274100006, 24.81778550000007], [46.61838658900007, 24.817785979000064], [46.618390469000076, 24.817786111000032], [46.61839434500007, 24.817785895000043], [46.61839817900005, 24.817785333000074], [46.618401934000076, 24.817784431000064], [46.618405574000064, 24.81778319800003], [46.61840906500004, 24.817781645000025], [46.61841237200008, 24.817779787000063], [46.61841546200003, 24.817777642000067], [46.61841830900005, 24.81777523100004], [46.618420882000066, 24.817772577000028], [46.61842315900003, 24.817769706000036], [46.61842408500007, 24.817768255000033], [46.61842743500006, 24.817767765000042], [46.61843273800008, 24.817766491000043], [46.618437881000034, 24.817764749000048], [46.61844281100008, 24.81776255500006], [46.61844748100003, 24.81775993100007], [46.618451847000074, 24.817756902000042], [46.61845586800007, 24.817753496000023], [46.618459502000064, 24.81774974700005], [46.61846271700006, 24.817745691000027], [46.618465481000044, 24.817741368000043], [46.61846776700003, 24.817736817000025], [46.61846955300007, 24.817732084000056], [46.61847082300005, 24.817727214000058], [46.61847156300007, 24.817722254000046], [46.618471767000074, 24.817717252000023], [46.61847143300008, 24.81771225500006], [46.61847056400006, 24.81770731200004], [46.618469169000036, 24.817702472000065], [46.618467260000045, 24.817697778000024], [46.61846485700005, 24.817693279000025], [46.61846198100005, 24.81768901600003], [46.618458661000034, 24.817685030000064], [46.61845493100003, 24.81768136200003], [46.618450823000046, 24.817678045000036], [46.618446379000034, 24.817675111000028]]], [[[46.618439237000075, 24.817561951000073], [46.61843570700006, 24.81756047400006], [46.61843203600006, 24.817559319000054], [46.61842825900004, 24.817558500000075], [46.61842441200008, 24.817558021000025], [46.61842053100003, 24.817557889000057], [46.61841665500003, 24.817558105000046], [46.61841282100005, 24.81755866700007], [46.61840906600003, 24.817559568000036], [46.61840542600004, 24.81756080200006], [46.618401935000065, 24.817562355000064], [46.61839862800008, 24.817564213000026], [46.618395537000026, 24.81756635800008], [46.61839269200004, 24.817568769000047], [46.61839011700005, 24.81757142200007], [46.61838784200006, 24.817574294000053], [46.618385885000066, 24.817577355000026], [46.61838426700007, 24.817580577000058], [46.61838300200003, 24.817583928000033], [46.618382103000044, 24.817587375000073], [46.61838158000006, 24.817590886000062], [46.61838143500006, 24.817594428000064], [46.618381672000055, 24.81759796600005], [46.61838228600004, 24.817601465000052], [46.61838327400005, 24.817604892000077], [46.61838462600008, 24.817608214000074], [46.618386239000074, 24.81761123600006], [46.61838488500007, 24.81761335500005], [46.61838326700007, 24.817616576000034], [46.61838200300008, 24.817619927000067], [46.618381104000036, 24.81762337500004], [46.618380579000075, 24.817626887000074], [46.61838043400007, 24.817630429000076], [46.61838067100007, 24.817633965000027], [46.618381287000034, 24.817637465000075], [46.618382275000045, 24.817640892000043], [46.618383626000025, 24.81764421500003], [46.618385327000055, 24.817647401000045], [46.61838736300007, 24.817650419000074], [46.618389713000056, 24.817653239000038], [46.618392355000026, 24.817655837000075], [46.618395262000035, 24.817658186000074], [46.618398408000076, 24.81766026200006], [46.618401763000065, 24.817662049000035], [46.61840529300008, 24.817663526000047], [46.618408964000025, 24.817664680000064], [46.61841274200003, 24.817665500000032], [46.61841658900005, 24.817665979000026], [46.61842046900006, 24.81766611100005], [46.61842434500005, 24.81766589500006], [46.618428179000034, 24.817665333000036], [46.61843193500005, 24.817664431000026], [46.618435575000035, 24.817663198000048], [46.618439065000075, 24.817661645000044], [46.61844237100007, 24.817659787000025], [46.61844546300006, 24.81765764200003], [46.61844830800004, 24.81765523100006], [46.61845088200005, 24.817652577000047], [46.61845315800008, 24.817649706000054], [46.618455115000074, 24.817646645000025], [46.61845673300007, 24.81764342300005], [46.61845799800005, 24.817640073000064], [46.61845889700004, 24.817636625000034], [46.61845942100007, 24.817633113000056], [46.61845956500008, 24.817629572000044], [46.618459329000075, 24.817626034000057], [46.61845871400004, 24.817622535000055], [46.61845772600003, 24.81761910700004], [46.61845637400006, 24.817615785000044], [46.61845476000008, 24.817612764000046], [46.61845611500007, 24.81761064500006], [46.61845773300007, 24.817607423000027], [46.61845899800005, 24.81760407200005], [46.61845989600005, 24.81760062500007], [46.618460420000076, 24.817597114000023], [46.61846056500008, 24.817593572000078], [46.618460328000026, 24.817590034000034], [46.61845971300005, 24.817586535000032], [46.61845872600003, 24.817583108000065], [46.61845737400006, 24.817579786000067], [46.61845567300003, 24.817576600000052], [46.61845363700007, 24.817573582000023], [46.61845128600004, 24.817570760000024], [46.61844864500006, 24.817568163000033], [46.61844573800005, 24.817565815000023], [46.618442591000075, 24.817563737000057], [46.618439237000075, 24.817561951000073]]], [[[46.618321037000044, 24.817865320000067], [46.61831725900004, 24.817864499000052], [46.61831341100003, 24.817864021000048], [46.61830953100008, 24.817863889000023], [46.61830565400004, 24.81786410500007], [46.618301821000045, 24.817864666000048], [46.61829806600008, 24.81786556800006], [46.618294426000034, 24.817866802000026], [46.61829093500006, 24.81786835500003], [46.618287628000076, 24.81787021300005], [46.61828453700008, 24.817872357000056], [46.61828169100005, 24.817874768000024], [46.61827911800003, 24.817877423000027], [46.61827684200006, 24.817880294000076], [46.61827488500006, 24.81788335500005], [46.61827326700006, 24.817886576000035], [46.61827200300007, 24.817889927000067], [46.61827110400003, 24.81789337500004], [46.61827057900007, 24.817896887000074], [46.61827055500004, 24.81789749400008], [46.61827010700006, 24.817898194000065], [46.61826808300003, 24.817902221000054], [46.61826650300003, 24.817906409000045], [46.618265379000036, 24.817910719000054], [46.61826472400003, 24.817915108000022], [46.618264543000066, 24.817919535000044], [46.61826483900006, 24.817923957000062], [46.61826560800006, 24.817928331000076], [46.61826684300007, 24.817932615000075], [46.61826853200006, 24.81793676800004], [46.618270660000064, 24.817940750000048], [46.61827085300007, 24.817941038000072], [46.618266532000064, 24.81794250200005], [46.61826216900005, 24.817944444000034], [46.61825803500005, 24.817946766000034], [46.618254172000036, 24.817949447000046], [46.61825061400003, 24.81795246100006], [46.61824739700006, 24.817955778000055], [46.61824455200008, 24.81795936700007], [46.61824210700007, 24.817963194000072], [46.618240084000035, 24.81796722100006], [46.61823850300004, 24.81797140900005], [46.61823737900005, 24.81797571800007], [46.61823672300005, 24.81798010800003], [46.61823654300008, 24.81798453500005], [46.61823683800003, 24.81798895700007], [46.618237607000026, 24.817993331000025], [46.61823824000004, 24.81799552700005], [46.61823806600006, 24.81799556800007], [46.61823442600007, 24.81799680100005], [46.61823093500004, 24.817998355000043], [46.61822762800006, 24.81800021300006], [46.61822453800005, 24.81800235700007], [46.61822169100003, 24.818004768000037], [46.61822112900006, 24.818005349000032], [46.61822103700007, 24.818005320000054], [46.61821725900006, 24.81800449900004], [46.618213411000056, 24.818004021000036], [46.61820953100005, 24.818003890000057], [46.618205655000054, 24.818004105000057], [46.61820182100007, 24.818004666000036], [46.61819806600005, 24.818005568000046], [46.61819442600006, 24.818006801000024], [46.61819093500003, 24.818008355000075], [46.61818762900003, 24.818010213000036], [46.61818453800004, 24.818012357000043], [46.618181691000075, 24.81801476800007], [46.61817911800006, 24.81801742300007], [46.618176842000025, 24.818020294000064], [46.61817488500003, 24.818023355000037], [46.61817326700003, 24.818026576000022], [46.61817200200005, 24.818029927000055], [46.618171103000066, 24.818033375000027], [46.61817057900004, 24.818036887000062], [46.618170434000035, 24.818040429000064], [46.61817067100003, 24.818043965000072], [46.61817128600006, 24.818047465000063], [46.61817227500006, 24.81805089200003], [46.61817362600004, 24.818054215000075], [46.618175327000074, 24.818057400000043], [46.618177364000076, 24.818060418000073], [46.618179713000075, 24.818063239000026], [46.618182355000044, 24.818065837000063], [46.61818526300004, 24.818068186000062], [46.61818840900003, 24.81807026300004], [46.61819176200004, 24.818072048000033], [46.61819529200005, 24.818073526000035], [46.618198964000044, 24.818074680000052], [46.61820274200005, 24.818075500000077], [46.61820658900007, 24.81807597900007], [46.618210469000076, 24.81807611100004], [46.61821434500007, 24.81807589500005], [46.61821817900005, 24.818075333000024], [46.618221934000076, 24.81807443100007], [46.618225575000054, 24.818073198000036], [46.61822906500004, 24.818071645000032], [46.61823237100003, 24.81806978700007], [46.618235463000076, 24.818067642000074], [46.61823830900005, 24.81806523100005], [46.618238871000074, 24.818064651000043], [46.61823896400006, 24.818064680000077], [46.618242742000064, 24.818065500000046], [46.61824658900008, 24.81806597900004], [46.61825046900003, 24.818066111000064], [46.618254345000025, 24.818065895000075], [46.618258179000065, 24.81806533300005], [46.61826193500008, 24.81806443100004], [46.618265575000066, 24.81806319800006], [46.61826906500005, 24.818061645000057], [46.618272371000046, 24.81805978700004], [46.61827546300003, 24.818057642000042], [46.61827830900006, 24.818055231000073], [46.61828088200008, 24.81805257700006], [46.618283158000054, 24.818049706000068], [46.61828511500005, 24.81804664400005], [46.61828673300005, 24.818043423000063], [46.61828799800003, 24.818040073000077], [46.61828889700007, 24.818036625000047], [46.61828942100004, 24.81803311300007], [46.618289565000055, 24.818029572000057], [46.61828952600007, 24.81802897500006], [46.618291432000035, 24.818028868000056], [46.61829622400006, 24.818028167000023], [46.618300918000045, 24.81802703900007], [46.618305468000074, 24.818025498000054], [46.61830983100003, 24.81802355600007], [46.61831396400004, 24.818021233000024], [46.618317828000045, 24.81801855200007], [46.61832138600005, 24.818015539000044], [46.61832460200003, 24.81801222200005], [46.61832744700007, 24.818008632000044], [46.618329894000055, 24.818004806000033], [46.618331917000035, 24.818000779000045], [46.61833349800003, 24.817996591000053], [46.61833462100003, 24.817992281000045], [46.61833527600004, 24.817987892000076], [46.61833534600004, 24.817986185000052], [46.61833673400008, 24.817983423000044], [46.61833799800007, 24.817980073000058], [46.61833889700006, 24.81797662500003], [46.61833942100003, 24.81797311300005], [46.61833956500004, 24.817969572000038], [46.61833932900004, 24.81796603400005], [46.61833871400006, 24.81796253600004], [46.61833772600005, 24.817959108000025], [46.61833755200007, 24.81795868000006], [46.618337831000076, 24.817958556000065], [46.61834196500007, 24.817956234000064], [46.61834582900008, 24.817953553000052], [46.618349386000034, 24.817950539000037], [46.61835260300006, 24.817947222000043], [46.618355447000056, 24.817943633000027], [46.61835789300005, 24.817939806000027], [46.61835991700008, 24.817935779000038], [46.61836149700008, 24.817931590000057], [46.618362621000074, 24.81792728100004], [46.618363276000025, 24.81792289200007], [46.618363457000044, 24.817918465000048], [46.61836316100005, 24.81791404300003], [46.61836239200005, 24.817909669000073], [46.61836115700004, 24.817905385000074], [46.61835946800005, 24.817901232000054], [46.618357340000045, 24.817897250000044], [46.61835479500007, 24.81789347800003], [46.61835185900003, 24.81788995000005], [46.61834855600006, 24.817886704000045], [46.61834558100003, 24.81788430000006], [46.618344672000035, 24.817882600000075], [46.61834263700007, 24.817879582000046], [46.61834028700008, 24.817876761000036], [46.618337645000054, 24.817874163000056], [46.618334737000055, 24.817871814000057], [46.61833159100007, 24.817869737000024], [46.61832823700007, 24.81786795100004], [46.618324708000046, 24.817866475000073], [46.618321037000044, 24.817865320000067]]], [[[46.61813565500006, 24.818154105000076], [46.61813182100008, 24.818154666000055], [46.618128066000054, 24.818155568000066], [46.618124425000076, 24.818156801000043], [46.618120936000025, 24.818158355000037], [46.61811762900004, 24.818160213000056], [46.618114537000054, 24.818162357000062], [46.61811274900003, 24.81816387300006], [46.61811241300006, 24.818163861000073], [46.618107569000074, 24.81816413100006], [46.61810277600006, 24.818164833000026], [46.618098082000074, 24.818165960000044], [46.618093532000046, 24.81816750200005], [46.61808916900003, 24.818169443000045], [46.618085036000025, 24.818171766000034], [46.618081172000075, 24.818174447000047], [46.61807761400007, 24.81817746100006], [46.61807439700004, 24.818180778000055], [46.61807155200006, 24.81818436800006], [46.618069106000064, 24.818188194000072], [46.61806708300003, 24.81819222100006], [46.618065502000036, 24.818196409000052], [46.61806437900003, 24.81820071900006], [46.61806372400008, 24.818205109000075], [46.61806354300006, 24.81820953500005], [46.61806383900006, 24.81821395700007], [46.618064608000054, 24.818218331000026], [46.61806584300007, 24.81822261600007], [46.618067532000055, 24.818226769000034], [46.61806965900007, 24.818230750000055], [46.61807220400004, 24.818234523000058], [46.61807514100008, 24.81823804900006], [46.61807844300006, 24.818241296000053], [46.61808207800004, 24.81824423200004], [46.61808601100006, 24.81824682900003], [46.618090204000055, 24.818249060000028], [46.618094615000075, 24.81825090700005], [46.61809920400003, 24.818252350000023], [46.61810392700005, 24.81825337600003], [46.61810873600007, 24.818253974000072], [46.61811358600005, 24.818254138000043], [46.61811843100003, 24.818253869000046], [46.618123224000044, 24.818253167000023], [46.61812791800003, 24.818252039000072], [46.618132469000045, 24.818250497000065], [46.61813673200004, 24.81824860000006], [46.618139736000046, 24.81824897300004], [46.61814458600003, 24.818249138000056], [46.61814943100006, 24.81824886800007], [46.61815422400008, 24.818248166000046], [46.61815891700007, 24.818247039000028], [46.618163468000034, 24.818245498000067], [46.61816783100005, 24.818243556000027], [46.618171965000045, 24.818241234000027], [46.61817582900005, 24.81823855300007], [46.618179386000065, 24.818235540000046], [46.61818260300004, 24.818232222000063], [46.61818544800008, 24.818228633000047], [46.61818789300003, 24.818224806000046], [46.61818991700005, 24.818220779000058], [46.618191497000055, 24.818216590000077], [46.61819262100005, 24.818212281000058], [46.618193276000056, 24.818207892000032], [46.618193457000075, 24.818203465000067], [46.61819316100008, 24.81819904300005], [46.618192392000026, 24.818194669000036], [46.61819115700007, 24.818190385000037], [46.618189468000025, 24.818186232000073], [46.61818734000008, 24.818182250000064], [46.618184797000026, 24.81817847800005], [46.61818185900006, 24.81817495100006], [46.61817855600003, 24.818171704000065], [46.61817492200004, 24.818168768000078], [46.61817099000007, 24.818166172000076], [46.61816815100008, 24.818164660000036], [46.61816764500003, 24.818164163000063], [46.61816473700003, 24.818161814000064], [46.618161591000046, 24.81815973700003], [46.618158237000046, 24.818157952000035], [46.61815470800008, 24.818156474000034], [46.61815103600003, 24.818155320000074], [46.61814725900007, 24.81815449900006], [46.61814341100006, 24.818154021000055], [46.618139531000054, 24.818153890000076], [46.61813565500006, 24.818154105000076]]], [[[46.61807899000007, 24.81836117200004], [46.61807479700008, 24.818358939000063], [46.61807038400008, 24.81835709300003], [46.618065795000064, 24.818355650000058], [46.61806107400008, 24.81835462500004], [46.618056264000074, 24.818354027000055], [46.618051414000035, 24.81835386100005], [46.61804656900006, 24.818354131000035], [46.61804177700003, 24.818354833000058], [46.61803708200006, 24.818355960000076], [46.61803253200003, 24.818357502000026], [46.61802816900007, 24.818359444000066], [46.618024036000065, 24.818361766000066], [46.61802017100007, 24.81836444700008], [46.618016614000055, 24.818367461000037], [46.61801339800007, 24.81837077800003], [46.61801055300003, 24.818374368000036], [46.61800810600005, 24.818378194000047], [46.61800608300007, 24.818382221000036], [46.618004502000076, 24.818386409000027], [46.61800337900007, 24.818390719000035], [46.618002724000064, 24.81839510800006], [46.618002543000046, 24.818399535000026], [46.61800283900004, 24.818403957000044], [46.61800360800004, 24.818408331000057], [46.61800484300005, 24.818412615000057], [46.61800653200004, 24.818416768000077], [46.618008659000054, 24.81842075000003], [46.61801034700005, 24.81842325300005], [46.618009107000034, 24.818425194000042], [46.618007084000055, 24.81842922100003], [46.61800550300006, 24.81843341000007], [46.61800437900007, 24.81843771900003], [46.61800372300007, 24.818442108000056], [46.61800354300004, 24.818446535000078], [46.61800383800005, 24.81845095700004], [46.618004607000046, 24.818455331000052], [46.61800584300005, 24.81845961500005], [46.618007532000036, 24.818463768000072], [46.61800966000004, 24.818467750000025], [46.61801220400008, 24.81847152200004], [46.61801514100006, 24.81847504900003], [46.61801844300004, 24.818478296000023], [46.61802207800008, 24.818481232000067], [46.61802601100004, 24.81848382800007], [46.618030203000046, 24.818486061000044], [46.618034616000045, 24.818487908000066], [46.61803920400007, 24.81848935000005], [46.61804392600004, 24.818490375000067], [46.61804873600005, 24.818490974000042], [46.61805358700008, 24.81849113900006], [46.618058432000055, 24.818490869000073], [46.618063224000025, 24.81849016700005], [46.618067918000065, 24.81848904000003], [46.61807246800004, 24.818487498000025], [46.61807683100005, 24.81848555600004], [46.61808096400006, 24.81848323400004], [46.618084828000065, 24.81848055300003], [46.61808838600007, 24.81847753900007], [46.61809160300004, 24.81847422100003], [46.61809444800008, 24.81847063200007], [46.618096894000075, 24.81846680600006], [46.618098917000054, 24.818462779000072], [46.61810049800005, 24.818458591000024], [46.61810162100005, 24.818454281000072], [46.61810227600006, 24.818449892000046], [46.61810245700008, 24.818445465000025], [46.61810216100008, 24.818441043000064], [46.61810139200003, 24.81843666900005], [46.61810015700007, 24.81843238500005], [46.61809846800003, 24.81842823200003], [46.61809634100007, 24.818424250000078], [46.61809465200008, 24.81842174700006], [46.61809589300003, 24.818419806000065], [46.61809791700006, 24.818415779000077], [46.61809949800005, 24.81841159100003], [46.61810062100005, 24.818407281000077], [46.61810127600006, 24.81840289200005], [46.61810145700008, 24.81839846500003], [46.61810116100003, 24.81839404300007], [46.61810039200003, 24.818389669000055], [46.618099157000074, 24.818385385000056], [46.61809746800003, 24.818381232000036], [46.61809534100007, 24.818377250000026], [46.61809279700003, 24.81837347800007], [46.618089859000065, 24.818369950000033], [46.61808655600004, 24.818366704000027], [46.61808292200004, 24.81836376800004], [46.61807899000007, 24.81836117200004]]], [[[46.61797255700003, 24.818634963000022], [46.61796781900006, 24.818632440000044], [46.617962833000036, 24.81863035400005], [46.61795764800007, 24.818628724000064], [46.61795231200006, 24.818627565000043], [46.617946878000055, 24.81862688900003], [46.61794139700004, 24.818626703000064], [46.61793592200007, 24.818627008000078], [46.61793050600005, 24.818627801000048], [46.61792520100005, 24.818629075000047], [46.617920060000074, 24.81863081700004], [46.61791513000003, 24.818633010000042], [46.61791045900003, 24.818635635000078], [46.617906092000055, 24.818638664000048], [46.61790207300004, 24.818642069000077], [46.617898437000065, 24.81864581900004], [46.61789522300006, 24.818649874000073], [46.617892459000075, 24.818654198000047], [46.617890173000035, 24.818658748000075], [46.61788838600006, 24.818663482000034], [46.617887117000066, 24.818668351000042], [46.61788637700005, 24.818673312000044], [46.617886173000045, 24.818678314000067], [46.61788650700004, 24.81868331100003], [46.617887375000066, 24.81868825400005], [46.617888771000025, 24.818693094000025], [46.617889888000036, 24.818695840000032], [46.61788737100005, 24.81869695900008], [46.61788270100004, 24.81869958300007], [46.61787833400007, 24.818702613000028], [46.61787431400006, 24.818706019000047], [46.61787067900008, 24.81870976700003], [46.61786746400003, 24.818713823000053], [46.61786470100003, 24.818718147000027], [46.61786241400006, 24.818722697000055], [46.617860628000074, 24.818727430000024], [46.61785935800003, 24.81873230000008], [46.61785861700008, 24.818737261000024], [46.61785841300008, 24.818742262000058], [46.61785874700007, 24.818747259000077], [46.61785961700008, 24.81875220200004], [46.61786101200005, 24.818757043000062], [46.61786292100004, 24.818761736000056], [46.617865325000025, 24.818766235000055], [46.61786820000003, 24.81877049800005], [46.61787151900006, 24.818774484000073], [46.617875251000044, 24.81877815300004], [46.61787935800004, 24.818781470000033], [46.61788380300004, 24.81878440500003], [46.617888539000035, 24.818786927000076], [46.617893526000046, 24.81878901300007], [46.617898711000066, 24.818790644000046], [46.61790404700008, 24.818791802000078], [46.61790948100003, 24.818792478000034], [46.61791496200004, 24.818792664000057], [46.617920437000066, 24.818792359000042], [46.61792585300003, 24.818791566000073], [46.617931157000044, 24.818790293000063], [46.617936299000064, 24.81878855100007], [46.61794122900005, 24.81878635700008], [46.61794590000005, 24.818783733000032], [46.617950267000026, 24.818780703000073], [46.61795428700003, 24.818777297000054], [46.61795792100003, 24.81877354900007], [46.617961136000076, 24.818769493000048], [46.61796390000006, 24.818765169000073], [46.617966187000036, 24.818760618000056], [46.61796797300008, 24.818755886000076], [46.61796924200007, 24.81875101600008], [46.617969982000034, 24.818746055000076], [46.617970186000036, 24.818741053000053], [46.617969852000044, 24.818736057000024], [46.61796898400007, 24.81873111400006], [46.617967588000056, 24.81872627200005], [46.617966471000045, 24.818723528000078], [46.61796898700004, 24.818722407000052], [46.61797365800004, 24.818719784000052], [46.61797802500007, 24.818716754000036], [46.617982045000076, 24.818713348000074], [46.61798568000006, 24.818709600000034], [46.61798889500005, 24.818705544000068], [46.61799165900004, 24.818701220000037], [46.61799394500008, 24.818696670000065], [46.617995732000054, 24.81869193700004], [46.61799700100005, 24.81868706700004], [46.61799774100007, 24.81868210700003], [46.61799794600006, 24.818677104000074], [46.61799761100008, 24.818672108000044], [46.61799674200006, 24.81866716500008], [46.61799534700003, 24.81866232400006], [46.61799343800004, 24.818657631000065], [46.617991034000056, 24.818653132000065], [46.61798815900005, 24.818648868000025], [46.61798484000008, 24.818644884000037], [46.61798110800004, 24.818641214000024], [46.61797700100004, 24.81863789700003], [46.61797255700003, 24.818634963000022]]], [[[46.61787532200003, 24.819592457000056], [46.617870337000056, 24.81959037000007], [46.617865151000046, 24.81958873900004], [46.61785981500003, 24.819587581000064], [46.61785438000004, 24.81958690500005], [46.61784889900008, 24.81958671900003], [46.61784342400006, 24.819587023000054], [46.61783800900008, 24.81958781700007], [46.61783270400008, 24.81958909100007], [46.61782756300005, 24.819590833000063], [46.61782263300006, 24.819593027000053], [46.61781796200006, 24.819595651000043], [46.61781359500003, 24.81959868000007], [46.61780957500008, 24.81960208600003], [46.61780594000004, 24.81960583500006], [46.61780272500005, 24.819609890000038], [46.61779996200005, 24.81961421400007], [46.61779767500008, 24.81961876500003], [46.617795889000035, 24.819623497000066], [46.61779461900005, 24.819628368000053], [46.61779388000008, 24.819633327000076], [46.61779367400004, 24.819638330000032], [46.61779400900008, 24.81964332600006], [46.61779487800004, 24.819648269000027], [46.61779627300007, 24.819653110000047], [46.61779818200006, 24.81965780300004], [46.617800586000044, 24.81966230300003], [46.61780136100003, 24.819663451000054], [46.617796971000075, 24.81966409300003], [46.61779166700006, 24.819665367000027], [46.61778652500004, 24.819667109000022], [46.617781595000054, 24.81966930300007], [46.617776924000054, 24.81967192700006], [46.61777255800007, 24.819674957000075], [46.617768537000075, 24.819678363000037], [46.61776490300008, 24.819682111000077], [46.61776168800003, 24.819686167000043], [46.61775892400004, 24.819690491000074], [46.61775663800006, 24.819695041000045], [46.617754852000076, 24.81969977400007], [46.617753582000034, 24.81970464400007], [46.617752841000026, 24.81970960500007], [46.61775263700008, 24.819714607000037], [46.61775295100006, 24.81971930000003], [46.61775103400004, 24.819720924000023], [46.61774739900005, 24.819724672000063], [46.61774418400006, 24.81972872800003], [46.61774142000007, 24.81973305200006], [46.61773913300004, 24.819737602000032], [46.61773734800005, 24.819742335000058], [46.617736078000064, 24.819747205000056], [46.617735338000045, 24.819752165000068], [46.61773513400004, 24.819757168000024], [46.617735468000035, 24.819762164000053], [46.617736336000064, 24.819767107000075], [46.61773773300007, 24.81977194800004], [46.61773964100007, 24.819776641000033], [46.61774204500006, 24.819781141000078], [46.617744920000064, 24.819785404000072], [46.617748240000026, 24.81978938800006], [46.617751971000075, 24.819793058000073], [46.61775607800007, 24.819796375000067], [46.617760522000026, 24.819799309000075], [46.617765260000056, 24.819801832000053], [46.61777024500003, 24.819803918000048], [46.61777543200003, 24.819805549000023], [46.617780767000056, 24.819806707000055], [46.61778620200005, 24.819807383000068], [46.617791683000064, 24.819807569000034], [46.61779715800003, 24.819807265000065], [46.61780257300006, 24.81980647100005], [46.617807878000065, 24.81980519700005], [46.61781301900004, 24.819803455000056], [46.617817950000074, 24.819801262000055], [46.61782262000003, 24.819798637000076], [46.61782698700006, 24.81979560800005], [46.61783100700006, 24.819792203000077], [46.61783464200005, 24.819788454000047], [46.61783785700004, 24.819784398000024], [46.61784062000004, 24.81978007400005], [46.61784290700007, 24.81977552400008], [46.61784469300005, 24.819770791000053], [46.617845963000036, 24.819765921000055], [46.617846704000044, 24.819760961000043], [46.61784690800005, 24.81975595800003], [46.61784659300008, 24.819751266000026], [46.617848511000034, 24.819749641000044], [46.617852146000075, 24.81974589300006], [46.61785536100007, 24.819741837000038], [46.617858125000055, 24.819737513000064], [46.61786041000005, 24.819732963000035], [46.61786219700008, 24.819728230000067], [46.617863466000074, 24.81972336000007], [46.617864207000025, 24.819718399000067], [46.61786441100003, 24.819713398000033], [46.617864077000036, 24.81970840100007], [46.617863208000074, 24.81970345800005], [46.61786181200006, 24.81969861700003], [46.61785990300007, 24.819693924000035], [46.61785750000007, 24.819689425000035], [46.61785672600007, 24.81968827700007], [46.61786111500004, 24.819687634000047], [46.61786641900005, 24.81968636000005], [46.61787156100007, 24.819684617000064], [46.61787649100006, 24.819682424000064], [46.61788116200006, 24.819679799000028], [46.617885529000034, 24.819676770000058], [46.61788954800005, 24.81967336500003], [46.61789318400008, 24.819669616000056], [46.61789639800003, 24.819665560000033], [46.61789916200007, 24.81966123600006], [46.617901449000044, 24.81965668600003], [46.61790323500003, 24.81965195300006], [46.61790450400008, 24.819647083000064], [46.61790524400004, 24.81964212300005], [46.617905448000045, 24.81963712000004], [46.61790511400005, 24.819632124000066], [46.61790424600008, 24.819627182000033], [46.617902850000064, 24.819622340000024], [46.61790094100007, 24.819617648000076], [46.61789853700003, 24.81961314700004], [46.617895661000034, 24.819608884000047], [46.61789234300005, 24.81960490000006], [46.61788861100007, 24.819601231000036], [46.617884504000074, 24.819597913000052], [46.61788006000006, 24.819594979000044], [46.61787532200003, 24.819592457000056]]], [[[46.61774937100006, 24.81986222100005], [46.61774463300003, 24.819859699000062], [46.617739648000054, 24.819857612000078], [46.617734461000055, 24.819855982000036], [46.61772912600003, 24.81985482300007], [46.61772369100004, 24.819854147000058], [46.61771821000008, 24.819853961000035], [46.617712735000055, 24.81985426600005], [46.61770731900003, 24.819855059000076], [46.61770201500008, 24.819856333000075], [46.61769687300006, 24.81985807500007], [46.61769194300007, 24.81986026900006], [46.61768727200007, 24.81986289300005], [46.61768290600003, 24.819865922000076], [46.61767888600008, 24.81986932800004], [46.61767525100004, 24.819873077000068], [46.617672036000044, 24.819877133000034], [46.61766927200006, 24.819881456000076], [46.617666986000074, 24.819886007000036], [46.61766520000003, 24.819890740000062], [46.61766393000005, 24.81989561000006], [46.61766318900004, 24.819900569000026], [46.61766298500004, 24.81990557200004], [46.61766331900003, 24.81991056800007], [46.61766418900004, 24.819915511000033], [46.617665584000065, 24.819920352000054], [46.617667493000056, 24.819925046000037], [46.61766989600005, 24.819929545000036], [46.61767277200005, 24.81993380800003], [46.61767609100008, 24.819937793000065], [46.61767982300006, 24.81994146200003], [46.617683930000055, 24.819944779000025], [46.61768837400007, 24.819947713000033], [46.61769311200004, 24.819950236000068], [46.61769809700007, 24.819952323000052], [46.617703283000026, 24.819953954000027], [46.61770861900004, 24.81995511200006], [46.61771405400003, 24.819955787000026], [46.61771953500005, 24.819955974000038], [46.61772501000007, 24.819955669000024], [46.61773042600004, 24.819954876000054], [46.61773572900006, 24.819953603000044], [46.61774087200007, 24.81995186000006], [46.61774580200006, 24.81994966600007], [46.61775047300006, 24.819947042000024], [46.61775483900004, 24.819944012000065], [46.61775885900005, 24.819940607000035], [46.61776249400003, 24.81993685900005], [46.617765709000025, 24.81993280200004], [46.61776847300007, 24.819928478000065], [46.61777075900005, 24.819923928000037], [46.61777254500004, 24.819919195000068], [46.61777381400003, 24.81991432500007], [46.61777455500004, 24.819909365000058], [46.61777475900004, 24.819904362000045], [46.61777442500005, 24.819899366000072], [46.61777355600003, 24.81989442400004], [46.61777216000007, 24.81988958200003], [46.61777025100008, 24.819884890000026], [46.61776784800003, 24.819880390000037], [46.61776497300008, 24.819876127000043], [46.61776165300006, 24.819872142000065], [46.61775792200007, 24.819868473000042], [46.617753814000025, 24.81986515500006], [46.61774937100006, 24.81986222100005]]], [[[46.61769037900007, 24.819969110000045], [46.61768564100004, 24.819966587000067], [46.61768065600006, 24.819964501000072], [46.61767546900006, 24.81996287100003], [46.617670134000036, 24.819961712000065], [46.617664699000045, 24.819961036000052], [46.61765921800003, 24.81996085000003], [46.61765374300006, 24.819961155000044], [46.61764832700004, 24.819961947000024], [46.61764302300003, 24.81996322200007], [46.617637881000064, 24.819964964000064], [46.617632951000076, 24.819967157000065], [46.617628280000076, 24.819969782000044], [46.617623914000035, 24.81997281200006], [46.61761989300004, 24.819976217000033], [46.617616259000044, 24.819979966000062], [46.61761304400005, 24.81998402100004], [46.617610280000065, 24.81998834500007], [46.617607994000025, 24.81999289500004], [46.61760620800004, 24.819997629000056], [46.617604938000056, 24.820002498000065], [46.61760419700005, 24.820007459000067], [46.617603993000046, 24.820012461000033], [46.61760432700004, 24.820017458000052], [46.617605197000046, 24.820022400000028], [46.61760659200007, 24.820027241000048], [46.61760850100006, 24.820031934000042], [46.61761090400006, 24.82003643400003], [46.617613780000056, 24.820040697000024], [46.61761709900003, 24.82004468200006], [46.61762083000008, 24.820048351000025], [46.61762493800006, 24.820051669000065], [46.617629382000075, 24.820054603000074], [46.61763412000005, 24.820057125000062], [46.61763910500008, 24.820059212000047], [46.61764429100003, 24.820060842000032], [46.61764962700005, 24.820062001000053], [46.61765506200004, 24.820062677000067], [46.617660543000056, 24.820062863000032], [46.61766601800008, 24.820062558000075], [46.617671434000044, 24.820061765000048], [46.61767673700007, 24.82006049100005], [46.61768188000008, 24.820058749000054], [46.617686810000066, 24.820056555000065], [46.617691481000065, 24.820053931000075], [46.61769584700005, 24.82005090100006], [46.617699866000066, 24.82004749500004], [46.61770350200004, 24.820043747000057], [46.61770671700003, 24.820039692000023], [46.61770948100008, 24.82003536800005], [46.61771176700006, 24.82003081700003], [46.617713553000044, 24.820026084000062], [46.61771482300003, 24.820021214000064], [46.61771556300005, 24.820016254000052], [46.61771576700005, 24.82001125200003], [46.61771543300006, 24.820006255000067], [46.61771456400004, 24.820001312000045], [46.61771316900007, 24.81999647200007], [46.61771126000008, 24.81999177800003], [46.617708857000025, 24.81998727900003], [46.61770598100003, 24.819983016000037], [46.61770266100007, 24.81997903100006], [46.617698930000074, 24.819975361000047], [46.61769482200003, 24.819972044000053], [46.61769037900007, 24.819969110000045]]], [[[46.61757697400003, 24.820204817000047], [46.61757223600006, 24.82020229400007], [46.617567251000025, 24.820200208000074], [46.61756206500007, 24.820198577000042], [46.61755672900006, 24.820197419000067], [46.617551294000066, 24.820196743000054], [46.61754581300005, 24.82019655600004], [46.617540338000026, 24.820196861000056], [46.61753492300005, 24.820197655000072], [46.61752961800005, 24.820198928000025], [46.617524477000075, 24.820200671000066], [46.61751954600004, 24.820202864000066], [46.61751487600003, 24.820205489000045], [46.617510509000056, 24.820208518000072], [46.61750648900005, 24.820211923000045], [46.617502854000065, 24.820215672000074], [46.61749963900007, 24.82021972800004], [46.617496876000075, 24.82022405200007], [46.617494589000046, 24.820228602000043], [46.61749280300006, 24.82023333500007], [46.61749153300008, 24.820238205000067], [46.61749079200007, 24.82024316500008], [46.61749058800007, 24.820248168000035], [46.61749092200006, 24.820253164000064], [46.61749179200007, 24.82025810700003], [46.617493187000036, 24.82026294800005], [46.61749509600003, 24.820267641000044], [46.61749750000007, 24.820272140000043], [46.61750037500008, 24.820276404000026], [46.617501994000065, 24.820278346000066], [46.617499302000056, 24.82027849600007], [46.617493886000034, 24.82027929000003], [46.61748858200008, 24.82028056300004], [46.61748344000006, 24.820282306000024], [46.61747851000007, 24.820284499000024], [46.61747383900007, 24.82028712400006], [46.61746947200004, 24.82029015300003], [46.61746545200003, 24.82029355800006], [46.61746181800004, 24.820297307000033], [46.617458603000046, 24.820301363000056], [46.61745583900006, 24.82030568700003], [46.61745355200003, 24.820310237000058], [46.617451766000045, 24.820314970000027], [46.61745049600006, 24.820319840000025], [46.61744975600004, 24.820324800000037], [46.61744955200004, 24.82032980300005], [46.61744988600003, 24.820334799000022], [46.61745075500005, 24.820339742000044], [46.61745215000008, 24.820344583000065], [46.61745405900007, 24.82034927600006], [46.61745646300005, 24.820353776000047], [46.61745933900005, 24.82035803900004], [46.61746265800008, 24.82036202300003], [46.61746638900007, 24.820365692000053], [46.61747049600007, 24.820369010000036], [46.61747494100007, 24.820371944000044], [46.61747967900004, 24.820374466000032], [46.617484664000074, 24.820376553000074], [46.61748985000003, 24.82037818400005], [46.61749518600004, 24.820379342000024], [46.61750062100003, 24.820380018000037], [46.61750610200005, 24.82038020400006], [46.61751157700007, 24.820379900000034], [46.61751699200005, 24.820379106000075], [46.61752229600006, 24.820377833000066], [46.61752743800008, 24.820376090000025], [46.61753236900006, 24.820373896000035], [46.61753703900007, 24.820371272000045], [46.61754140600004, 24.820368243000075], [46.61754542600005, 24.820364837000056], [46.617549061000034, 24.820361089000073], [46.617552276000026, 24.82035703300005], [46.61755503900008, 24.820352709000076], [46.61755732600005, 24.820348159000048], [46.61755911200004, 24.82034342600008], [46.61756038200008, 24.820338556000024], [46.61756112300003, 24.82033359600007], [46.61756132700003, 24.820328593000056], [46.61756099300004, 24.820323597000026], [46.61756012300003, 24.82031865400006], [46.61755872800006, 24.82031381300004], [46.61755681900007, 24.820309120000047], [46.61755441500003, 24.82030462000006], [46.61755154000008, 24.820300357000065], [46.617549921000034, 24.820298415000025], [46.61755261300004, 24.820298265000076], [46.617558029000065, 24.82029747100006], [46.61756333300008, 24.82029619700006], [46.61756847500004, 24.820294455000067], [46.61757340500003, 24.820292261000077], [46.61757807600003, 24.82028963700003], [46.61758244300006, 24.82028660800006], [46.617586463000066, 24.82028320200004], [46.61759009700006, 24.82027945300007], [46.617593312000054, 24.820275398000035], [46.61759607600004, 24.82027107400006], [46.61759836300007, 24.820266524000033], [46.617600148000065, 24.820261791000064], [46.61760141900004, 24.820256921000066], [46.61760215900006, 24.820251961000054], [46.61760236300006, 24.82024695800004], [46.61760202900007, 24.82024196200007], [46.61760116000005, 24.820237019000047], [46.61759976400003, 24.820232178000026], [46.61759785600003, 24.820227485000032], [46.617595452000046, 24.820222985000044], [46.61759257600005, 24.82021872200005], [46.61758925700008, 24.82021473800006], [46.61758552600003, 24.82021106800005], [46.61758141900003, 24.820207751000055], [46.61757697400003, 24.820204817000047]]], [[[46.617451602000074, 24.82049152600007], [46.617446864000044, 24.820489003000034], [46.61744187900007, 24.82048691700004], [46.61743669300006, 24.820485287000054], [46.617431357000044, 24.820484127000043], [46.61742592200005, 24.820483452000076], [46.617420441000036, 24.820483266000053], [46.61741496600007, 24.820483571000068], [46.61740955100004, 24.82048436300005], [46.617404246000035, 24.820485638000036], [46.61739910500006, 24.82048738000003], [46.617394174000026, 24.82048957300003], [46.61738950400007, 24.820492198000068], [46.61738513700004, 24.820495227000038], [46.617381117000036, 24.820498632000067], [46.61737748200005, 24.82050238200003], [46.61737426700006, 24.820506437000063], [46.61737150300007, 24.820510761000037], [46.61736921700003, 24.820515311000065], [46.61736743000006, 24.820520045000023], [46.617366161000064, 24.820524914000032], [46.617365420000056, 24.820529875000034], [46.61736521600005, 24.820534877000057], [46.617365550000045, 24.820539874000076], [46.61736614500006, 24.82054325200005], [46.61736218200008, 24.820544595000058], [46.61735725200003, 24.82054678800006], [46.61735258200008, 24.820549413000037], [46.61734821500005, 24.820552443000054], [46.617344195000044, 24.820555848000026], [46.61734055900007, 24.820559597000056], [46.61733734400008, 24.820563652000033], [46.61733458100008, 24.820567976000063], [46.61733229400005, 24.820572526000035], [46.617330508000066, 24.82057726000005], [46.61732923900007, 24.82058212900006], [46.61732849800006, 24.82058709000006], [46.61732829400006, 24.820592092000027], [46.61732862800005, 24.820597089000046], [46.61732949700007, 24.820602031000078], [46.61733089200004, 24.82060687200004], [46.61733280100003, 24.820611565000036], [46.617335206000064, 24.820616065000024], [46.61733808000008, 24.82062032700003], [46.61734140000004, 24.820624313000053], [46.617345132000025, 24.820627982000076], [46.61734923900008, 24.82063129900007], [46.61735368300003, 24.820634234000067], [46.61735842000007, 24.820636756000056], [46.61736340600004, 24.82063884200005], [46.61736859200005, 24.820640473000026], [46.61737392800006, 24.820641631000058], [46.617379362000065, 24.82064230800006], [46.617384843000025, 24.820642494000026], [46.61739031800005, 24.82064218900007], [46.61739573400007, 24.820641396000042], [46.617401038000025, 24.820640122000043], [46.617406181000035, 24.820638380000048], [46.617411110000035, 24.82063618600006], [46.617415781000034, 24.82063356200007], [46.617420147000075, 24.820630532000052], [46.61742416800007, 24.820627126000034], [46.617427803000055, 24.82062337800005], [46.61743101800005, 24.820619322000027], [46.617433782000035, 24.820614999000043], [46.61743606700003, 24.820610448000025], [46.61743785400006, 24.820605715000056], [46.61743912400004, 24.820600845000058], [46.61743986400006, 24.820595885000046], [46.617440068000064, 24.820590883000023], [46.61743973400007, 24.82058588600006], [46.617439140000045, 24.82058250700004], [46.61744310300003, 24.82058116500008], [46.61744803300007, 24.82057897100003], [46.61745270400007, 24.820576347000042], [46.61745707100005, 24.820573317000026], [46.61746109100005, 24.820569911000064], [46.61746472500005, 24.820566163000024], [46.61746794000004, 24.820562108000047], [46.61747070400003, 24.820557784000073], [46.61747299100006, 24.820553233000055], [46.61747477700004, 24.82054850000003], [46.617476047000025, 24.82054363000003], [46.617476787000044, 24.820538670000076], [46.617476991000046, 24.820533668000053], [46.617476657000054, 24.820528671000034], [46.617475788000036, 24.82052372800007], [46.617474393000066, 24.82051888700005], [46.617472484000075, 24.820514194000054], [46.61747008000003, 24.820509695000055], [46.617467204000036, 24.82050543200006], [46.617463884000074, 24.820501447000026], [46.61746015400007, 24.82049777700007], [46.617456047000076, 24.820494460000077], [46.617451602000074, 24.82049152600007]]], [[[46.617325390000076, 24.820758803000047], [46.617320653000036, 24.82075628000007], [46.61731566700007, 24.820754193000027], [46.61731048100006, 24.820752563000042], [46.617305145000046, 24.820751404000077], [46.617299710000054, 24.820750729000054], [46.61729422900004, 24.82075054200004], [46.61728875400007, 24.820750847000056], [46.61728333900004, 24.820751640000026], [46.61727803400004, 24.820752914000025], [46.61727289300006, 24.820754656000076], [46.61726796200003, 24.820756850000066], [46.617263292000075, 24.820759474000056], [46.617258925000044, 24.820762504000072], [46.61725490500004, 24.820765909000045], [46.617251270000054, 24.820769657000028], [46.61724805500006, 24.82077371400004], [46.617245292000064, 24.82077803800007], [46.617243005000034, 24.820782588000043], [46.61724121800006, 24.82078732100007], [46.617239949000066, 24.820792190000077], [46.61723920800006, 24.82079715100008], [46.617239004000055, 24.820802153000045], [46.61723933800005, 24.820807150000064], [46.617240208000055, 24.82081209200004], [46.617241603000025, 24.82081693400005], [46.61724351200007, 24.820821626000054], [46.61724591600006, 24.820826126000043], [46.617248791000065, 24.820830388000047], [46.61725211000004, 24.82083437400007], [46.61725584200008, 24.820838043000037], [46.61725994900007, 24.820841361000078], [46.617264394000074, 24.82084429500003], [46.61726913000007, 24.820846817000074], [46.61727411700008, 24.82084890400006], [46.61727930200004, 24.820850534000044], [46.61728463900005, 24.820851693000066], [46.61729007300005, 24.82085236900008], [46.617295554000066, 24.820852555000045], [46.61730102900003, 24.82085225000003], [46.617306445000054, 24.82085145700006], [46.617311749000066, 24.82085018300006], [46.61731689100003, 24.820848441000066], [46.617321821000075, 24.820846247000077], [46.617326492000075, 24.82084362300003], [46.61733085900005, 24.82084059400006], [46.617334879000055, 24.82083718800004], [46.61733851300005, 24.82083343900007], [46.61734172800004, 24.820829383000046], [46.617344493000076, 24.82082506000006], [46.61734677800007, 24.820820509000043], [46.61734856500004, 24.820815777000064], [46.61734983500003, 24.820810906000077], [46.617350575000046, 24.820805947000053], [46.61735077900005, 24.82080094400004], [46.617350445000056, 24.820795948000068], [46.61734957700003, 24.820791005000046], [46.61734818000008, 24.820786164000026], [46.61734627100003, 24.820781471000032], [46.617343868000034, 24.820776971000043], [46.61734099200004, 24.82077270800005], [46.617337673000065, 24.82076872300007], [46.61733394200007, 24.82076505400005], [46.61732983500008, 24.820761737000055], [46.617325390000076, 24.820758803000047]]], [[[46.61714359200005, 24.820116738000024], [46.61714023800005, 24.82011495200004], [46.61713670800003, 24.82011347400004], [46.61713303700003, 24.820112320000078], [46.61712925900008, 24.820111500000053], [46.617125411000075, 24.82011102100006], [46.617121531000066, 24.820110889000034], [46.61711765600006, 24.820111105000024], [46.61711382100003, 24.82011166700005], [46.617110066000066, 24.82011256900006], [46.61710642500003, 24.820113802000037], [46.61710293500005, 24.82011535500004], [46.61709962900005, 24.82011721300006], [46.617096537000066, 24.820119358000056], [46.617093691000036, 24.820121768000035], [46.617091118000076, 24.82012442300004], [46.617088842000044, 24.82012729400003], [46.61708688500005, 24.82013035400007], [46.61708526600006, 24.820133576000046], [46.61708400200007, 24.82013692700008], [46.61708310300003, 24.82014037500005], [46.617082578000065, 24.82014388700003], [46.617082433000064, 24.82014742800004], [46.61708267000006, 24.82015096500004], [46.61708328600008, 24.82015446500003], [46.617084274000035, 24.820157892000054], [46.61708562500007, 24.82016121500004], [46.61708676500007, 24.82016334800005], [46.61708542500003, 24.820163802000025], [46.617081935000044, 24.82016535500003], [46.61707862800006, 24.820167212000058], [46.61707553700006, 24.820169358000044], [46.61707269100003, 24.82017176900007], [46.617070117000026, 24.820174422000036], [46.61706784100005, 24.82017729300003], [46.617065885000045, 24.820180355000048], [46.617064267000046, 24.820183577000023], [46.617063001000076, 24.820186927000066], [46.617062102000034, 24.82019037500004], [46.61706157800006, 24.820193886000027], [46.61706143400005, 24.82019742800003], [46.617061670000055, 24.820200966000073], [46.61706228500003, 24.820204465000074], [46.61706327300004, 24.82020789200004], [46.61706462500007, 24.82021121400004], [46.61706632700003, 24.820214400000054], [46.617068362000055, 24.820217418000027], [46.61707071200004, 24.820220239000037], [46.61707335500006, 24.820222836000028], [46.61707626200007, 24.820225186000073], [46.61707940800005, 24.82022726300005], [46.61708048400004, 24.820227835000026], [46.617081830000075, 24.82023035700007], [46.61708470600007, 24.820234620000065], [46.61708802600003, 24.820238606000032], [46.617091756000036, 24.820242274000066], [46.61709586500007, 24.82024559200005], [46.61710030800003, 24.820248527000047], [46.61710504600006, 24.820251049000035], [46.61711003100004, 24.82025313500003], [46.61711521800004, 24.820254766000062], [46.61712055300006, 24.820255925000026], [46.617125988000055, 24.82025660000005], [46.61713146900007, 24.820256787000062], [46.61713694400004, 24.820256481000058], [46.61714236000006, 24.820255689000078], [46.61714766400007, 24.82025441500008], [46.617152806000036, 24.820252673000027], [46.61715773600008, 24.820250479000038], [46.61716240700008, 24.820247855000048], [46.617166773000065, 24.82024482500003], [46.61717079400006, 24.82024142000006], [46.617174428000055, 24.82023767100003], [46.61717764300005, 24.820233615000063], [46.61718040800008, 24.820229291000032], [46.617182693000075, 24.82022474100006], [46.61718448000005, 24.820220008000035], [46.61718574900004, 24.820215138000037], [46.61718649000005, 24.820210178000025], [46.617186694000054, 24.82020517600006], [46.61718636000006, 24.82020017900004], [46.61718549100004, 24.820195236000075], [46.61718409500003, 24.820190395000054], [46.617182186000036, 24.82018570200006], [46.61717978300004, 24.82018120300006], [46.617176907000044, 24.820176940000067], [46.61717358800007, 24.820172954000043], [46.61716985700008, 24.820169286000066], [46.61716574900004, 24.820165968000026], [46.61716130600007, 24.82016303300003], [46.61715824100003, 24.820161403000043], [46.61715873400004, 24.82016042400005], [46.61715999900008, 24.820157073000075], [46.617160898000066, 24.820153625000046], [46.61716142200004, 24.820150114000057], [46.61716156600005, 24.820146572000056], [46.617161330000044, 24.820143035000058], [46.61716071500007, 24.820139536000056], [46.61715972600007, 24.820136108000042], [46.61715837500003, 24.820132786000045], [46.61715667300007, 24.82012960000003], [46.617154637000056, 24.820126583000047], [46.61715228800006, 24.820123761000048], [46.61714964600003, 24.820121163000067], [46.61714673800003, 24.820118815000058], [46.61714359200005, 24.820116738000024]]], [[[46.61704823800005, 24.820277952000026], [46.61704470900003, 24.820276474000025], [46.617041037000035, 24.820275320000064], [46.61703725900003, 24.82027450000004], [46.61703341200007, 24.820274021000046], [46.61702953100007, 24.820273889000077], [46.61702565600007, 24.820274105000067], [46.61702182100004, 24.820274667000035], [46.61701806600007, 24.820275569000046], [46.617014426000026, 24.820276802000024], [46.61701093500005, 24.820278355000028], [46.61700762800007, 24.820280213000046], [46.61700453700007, 24.820282357000053], [46.61700169100004, 24.82028476800008], [46.61699911800008, 24.820287423000025], [46.61699684100006, 24.820290294000074], [46.616994884000064, 24.820293355000047], [46.616993266000065, 24.820296576000032], [46.616992002000075, 24.820299927000065], [46.61699110300003, 24.820303375000037], [46.61699057800007, 24.820306887000072], [46.61699043400006, 24.820310428000028], [46.616990670000064, 24.820313965000025], [46.61699128600003, 24.820317465000073], [46.61699227400004, 24.82032089200004], [46.61699362500008, 24.820324215000028], [46.61699532600005, 24.820327400000053], [46.61699736200006, 24.820330418000026], [46.61699971300004, 24.820333239000036], [46.61700235400008, 24.820335837000073], [46.61700526200008, 24.820338186000072], [46.61700840800006, 24.82034026300005], [46.61701176200006, 24.820342048000043], [46.617015292000076, 24.820343526000045], [46.61701896300008, 24.820344680000062], [46.61702274100003, 24.820345501000077], [46.617026589000034, 24.820345979000024], [46.61703046900004, 24.82034611000006], [46.617034345000036, 24.82034589500006], [46.617038179000076, 24.820345334000024], [46.61704193400004, 24.82034443200007], [46.61704557500008, 24.820343199000035], [46.61704906500006, 24.820341645000042], [46.617052372000046, 24.820339787000023], [46.61705546300004, 24.820337643000073], [46.61705831000006, 24.820335232000048], [46.61706088300008, 24.820332578000034], [46.617063159000054, 24.820329706000052], [46.61706511500006, 24.820326645000023], [46.61706673300006, 24.820323424000037], [46.61706799900003, 24.82032007300006], [46.61706889800007, 24.820316625000032], [46.61706942200004, 24.820313114000044], [46.617069566000055, 24.820309572000042], [46.61706933000005, 24.820306035000044], [46.61706871500007, 24.820302536000042], [46.61706772600007, 24.82029910800003], [46.617066375000036, 24.82029578600003], [46.61706467300007, 24.820292601000062], [46.61706263800005, 24.820289582000044], [46.61706028800006, 24.820286761000034], [46.617057646000035, 24.820284163000053], [46.617054738000036, 24.820281815000044], [46.61705159200005, 24.820279738000067], [46.61704823800005, 24.820277952000026]]], [[[46.617001592000065, 24.820379737000053], [46.616998238000065, 24.82037795100007], [46.61699470800005, 24.820376474000057], [46.61699103700005, 24.82037532000004], [46.61698725900004, 24.82037450000007], [46.616983411000035, 24.820374021000077], [46.61697953100003, 24.820373889000052], [46.61697565500003, 24.82037410500004], [46.61697182100005, 24.820374667000067], [46.61696806600003, 24.820375569000078], [46.61696442500005, 24.820376802000055], [46.616960935000066, 24.82037835500006], [46.61695762800008, 24.820380212000032], [46.61695453700003, 24.820382358000074], [46.616951690000064, 24.820384768000054], [46.61694911700005, 24.820387422000067], [46.61694684100007, 24.82039029300006], [46.616944885000066, 24.82039335500008], [46.61694326700007, 24.820396576000064], [46.61694200100004, 24.82039992700004], [46.616941102000055, 24.82040337500007], [46.616940578000026, 24.820406886000058], [46.61694043400007, 24.82041042800006], [46.616940670000076, 24.820413965000057], [46.61694128500005, 24.820417465000048], [46.61694227300006, 24.820420892000072], [46.61694362500003, 24.82042421500006], [46.61694532700005, 24.82042740000003], [46.616947362000076, 24.820430418000058], [46.616948851000075, 24.82043220500003], [46.61694603700005, 24.82043132000007], [46.61694225900004, 24.820430499000054], [46.61693841200008, 24.82043002100005], [46.61693453100003, 24.820429889000025], [46.61693065500003, 24.82043010500007], [46.61692682100005, 24.82043066600005], [46.61692306500004, 24.82043156800006], [46.61691942500005, 24.820432802000028], [46.616915935000065, 24.82043435500003], [46.61691262800008, 24.82043621300005], [46.616909537000026, 24.820438357000057], [46.616906691000054, 24.820440769000072], [46.61690411700005, 24.82044342200004], [46.61690184100007, 24.820446294000078], [46.616899885000066, 24.82044935500005], [46.61689826600008, 24.820452576000037], [46.61689700100004, 24.82045592700007], [46.616896102000055, 24.82045937500004], [46.616895578000026, 24.82046288600003], [46.61689543400007, 24.82046642800003], [46.616895670000076, 24.82046996500003], [46.61689628500005, 24.82047346400003], [46.61689727300006, 24.820476892000045], [46.61689862500003, 24.820480214000042], [46.61690032700005, 24.820483400000057], [46.616902362000076, 24.82048641800003], [46.616904712000064, 24.82048924000003], [46.616907354000034, 24.820491837000077], [46.61691026200003, 24.82049418500003], [46.61691340800007, 24.820496263000052], [46.61691676200007, 24.820498049000037], [46.61692029100004, 24.82049952600005], [46.61692396300003, 24.820500680000066], [46.61692774100004, 24.820501500000034], [46.61693158800006, 24.820501979000028], [46.616935469000055, 24.820502111000053], [46.61693934500005, 24.820501895000064], [46.61694317800004, 24.82050133300004], [46.616946934000055, 24.820500431000028], [46.61695057400004, 24.82049919800005], [46.61695406500007, 24.820497645000046], [46.61695737200006, 24.820495788000073], [46.616960463000055, 24.82049364200003], [46.61696330900003, 24.82049123200005], [46.616965882000045, 24.820488578000038], [46.61696795300003, 24.820485965000046], [46.61696929200008, 24.820486526000025], [46.61697296300008, 24.820487680000042], [46.61697674100003, 24.820488500000067], [46.61698058800005, 24.82048897900006], [46.616984469000045, 24.82048911100003], [46.61698834400005, 24.82048889500004], [46.61699217900008, 24.82048833300007], [46.616995934000045, 24.82048743100006], [46.61699957500008, 24.820486198000026], [46.61700306500006, 24.82048464500008], [46.61700637100006, 24.82048278700006], [46.617009463000045, 24.820480643000053], [46.617012309000074, 24.820478232000028], [46.617014882000035, 24.820475577000025], [46.61701715800007, 24.820472706000032], [46.61701911600005, 24.82046964500006], [46.61702073400005, 24.820466424000074], [46.61702199800004, 24.82046307300004], [46.61702289700003, 24.82045962500007], [46.617023422000045, 24.820456113000034], [46.61702356700005, 24.82045257200008], [46.61702333000005, 24.820449035000024], [46.61702271400003, 24.820445535000033], [46.617021726000075, 24.820442108000066], [46.61702037500004, 24.82043878500008], [46.617018674000064, 24.820435600000053], [46.61701663700006, 24.820432582000024], [46.617014288000064, 24.82042976100007], [46.617013573000065, 24.82042905800006], [46.61701511600006, 24.820426645000055], [46.61701673400006, 24.82042342400007], [46.61701799800005, 24.820420073000037], [46.61701889700004, 24.820416625000064], [46.617019422000055, 24.820413114000075], [46.61701956600007, 24.820409572000074], [46.61701933000006, 24.82040603400003], [46.61701871400004, 24.820402536000074], [46.61701772600003, 24.82039910800006], [46.61701637500005, 24.820395786000063], [46.617014674000075, 24.820392600000048], [46.61701263800006, 24.820389582000075], [46.617010288000074, 24.820386760000076], [46.61700764600005, 24.82038416300003], [46.61700473800005, 24.820381815000076], [46.617001592000065, 24.820379737000053]]], [[[46.61681453700004, 24.82065235700003], [46.616811691000066, 24.820654769000043], [46.61680911700006, 24.820657422000068], [46.616806842000074, 24.82066029400005], [46.61680488500008, 24.82066335500008], [46.61680326600003, 24.820666577000054], [46.61680200100005, 24.82066992700004], [46.61680110200007, 24.82067337500007], [46.61680057800004, 24.820676886000058], [46.61680050800004, 24.82067859400007], [46.616797629000075, 24.82068021300006], [46.61679453700003, 24.820682357000067], [46.61679169100006, 24.820684768000035], [46.61678911700005, 24.82068742200005], [46.61678684200007, 24.82069029400003], [46.61678488500007, 24.82069335500006], [46.61678326600003, 24.820696576000046], [46.616782002000036, 24.820699927000078], [46.61678110300005, 24.82070337500005], [46.61678057800003, 24.82070688600004], [46.61678043300003, 24.82071042800004], [46.616780670000026, 24.82071396500004], [46.61678128500006, 24.82071746400004], [46.61678227400006, 24.820720892000054], [46.61678362500004, 24.82072421400005], [46.61678532700006, 24.820727400000067], [46.61678736300007, 24.82073041800004], [46.61678867400008, 24.82073199200005], [46.616786655000055, 24.820732105000047], [46.61678282100007, 24.820732667000073], [46.61677906600005, 24.820733569000026], [46.61677542500007, 24.82073480200006], [46.61677193500003, 24.820736355000065], [46.616768629000035, 24.820738212000037], [46.61676553700005, 24.820740358000023], [46.616762691000076, 24.82074276800006], [46.61676011700007, 24.820745422000073], [46.61675784200003, 24.820748293000065], [46.61675588500003, 24.820751355000027], [46.616754266000044, 24.82075457600007], [46.61675300100006, 24.820757927000045], [46.61675210200008, 24.820761375000075], [46.61675157800005, 24.820764886000063], [46.61675143300005, 24.820768428000065], [46.61675167000004, 24.820771965000063], [46.616752285000075, 24.820775465000054], [46.616753274000075, 24.820778892000078], [46.616754625000056, 24.820782214000076], [46.616756327000076, 24.820785400000034], [46.61675836300003, 24.820788418000063], [46.61676071200003, 24.820791239000073], [46.61676335400006, 24.820793836000064], [46.616766262000056, 24.820796186000052], [46.61676940800004, 24.82079826300003], [46.61677276200004, 24.82080004900007], [46.616776292000054, 24.820801525000036], [46.616779963000056, 24.820802680000043], [46.61678374100006, 24.820803501000057], [46.61678758900007, 24.82080397900006], [46.61679146800003, 24.82080411100003], [46.61679534500007, 24.82080389500004], [46.616799179000054, 24.82080333400006], [46.61680293400008, 24.82080243200005], [46.616806575000055, 24.820801198000026], [46.61681006500004, 24.820799645000022], [46.616813371000035, 24.82079778700006], [46.61681646300008, 24.820795643000054], [46.61681930900005, 24.82079323100004], [46.61682188300006, 24.82079057800007], [46.61682415800004, 24.820787706000033], [46.61682611500004, 24.82078464500006], [46.616827734000026, 24.820781423000028], [46.61682899900006, 24.820778073000042], [46.61682989800005, 24.82077462500007], [46.61683042200008, 24.820771114000024], [46.61683056600003, 24.820767572000022], [46.61683033000003, 24.820764034000035], [46.61682971500005, 24.820760536000023], [46.61682872600005, 24.820757108000066], [46.61682737500007, 24.82075378600007], [46.61682567300005, 24.820750600000054], [46.61682363700004, 24.820747582000024], [46.61682232600003, 24.820746007000025], [46.616824345000055, 24.820745895000073], [46.61682817900004, 24.820745333000048], [46.61683193400006, 24.820744431000037], [46.61683557500004, 24.82074319800006], [46.61683906500008, 24.820741646000045], [46.616842372000065, 24.820739788000026], [46.61684546300006, 24.82073764200004], [46.616848309000034, 24.82073523200006], [46.616850757000066, 24.820732708000037], [46.616850955000075, 24.820732813000063], [46.61685594100004, 24.82073489900006], [46.61686112600006, 24.820736530000033], [46.616866462000075, 24.820737688000065], [46.61687189700007, 24.82073836400008], [46.61687737900007, 24.820738550000044], [46.61688285200006, 24.820738246000076], [46.616888268000025, 24.82073745200006], [46.61689357300003, 24.82073617900005], [46.61689871500005, 24.820734436000066], [46.616903645000036, 24.820732243000066], [46.616908316000035, 24.820729619000076], [46.616912683000066, 24.82072658900006], [46.616916702000026, 24.82072318400003], [46.61692033800006, 24.820719435000058], [46.61692355300005, 24.820715379000035], [46.61692631600005, 24.82071105500006], [46.616928603000076, 24.820706505000032], [46.61693038900006, 24.820701772000064], [46.616931659000045, 24.820696902000066], [46.61693239900006, 24.820691942000053], [46.616932603000066, 24.82068694000003], [46.616932269000074, 24.820681943000068], [46.616931400000055, 24.820677000000046], [46.61693000500003, 24.820672159000026], [46.61692809600004, 24.82066746600003], [46.61692569200005, 24.820662967000032], [46.616922817000045, 24.82065870400004], [46.61691949800007, 24.82065471900006], [46.616915766000034, 24.82065104900005], [46.61691165900004, 24.820647732000054], [46.61690721400004, 24.820644798000046], [46.61690247700005, 24.82064227500007], [46.61689749100003, 24.820640189000073], [46.61689230600007, 24.82063855900003], [46.61688696900006, 24.820637400000066], [46.61688153400007, 24.820636724000053], [46.616876054000045, 24.82063653800003], [46.61687057900008, 24.820636842000056], [46.61686516300006, 24.820637636000072], [46.616859858000055, 24.820638909000024], [46.61685471700008, 24.820640652000066], [46.616849787000035, 24.820642845000066], [46.61684691700003, 24.82064445700007], [46.61684341100005, 24.820644022000067], [46.61683953100004, 24.820643889000053], [46.616835656000035, 24.820644105000042], [46.61683182100006, 24.820644666000078], [46.61682806600004, 24.82064556800003], [46.61682442500006, 24.820646802000056], [46.61682093600007, 24.82064835500006], [46.61681762900008, 24.82065021300008], [46.61681453700004, 24.82065235700003]]]]}, "properties": {"OBJECTID": 1, "Project": "GR_King_Fahad_Rd", "Area_m2": 31053.956509297645, "geom_Length": 0.08230190470016521, "geom_Area": 2.7729632289132053e-06}}]}