{"type": "FeatureCollection", "features": [{"type": "Feature", "id": 1, "geometry": {"type": "MultiPolygon", "coordinates": [[[[46.8013384080953, 24.635709514143294], [46.801233955361035, 24.635663649092173], [46.80083412096511, 24.636424945012653], [46.800611553824886, 24.636846969807518], [46.80024451493404, 24.637543856047966], [46.80024259027488, 24.63754802774046], [46.800201963160575, 24.637626411261763], [46.79993649619649, 24.63815449601871], [46.79967816784073, 24.638671824902563], [46.79949082637049, 24.63907381458763], [46.79919618142682, 24.63966018858858], [46.79889493641929, 24.640265462111042], [46.798769773449145, 24.64059625034532], [46.798800919606116, 24.64060759401916], [46.79883206676892, 24.640618938577084], [46.798986322929224, 24.640310450339808], [46.79929131403373, 24.639700469438942], [46.79974837833109, 24.63878568633387], [46.80022727288361, 24.637827802591833], [46.80023753667975, 24.63780676491559], [46.80028735929826, 24.637710409070003], [46.80071563097562, 24.636892900241712], [46.80095296183926, 24.636442958055834], [46.80103090452123, 24.636294743394988], [46.80107482585289, 24.63620905218775], [46.801204510880424, 24.63596428230631], [46.8013384080953, 24.635709514143294]]], [[[46.80068486260714, 24.635440909009215], [46.80057576617158, 24.63540581605307], [46.80033666773625, 24.635974500454505], [46.800213245278094, 24.636258952119025], [46.799999601099216, 24.63671710824488], [46.79984058902488, 24.637038817089127], [46.7994298056867, 24.637860592524532], [46.799057885749896, 24.63860505760257], [46.79886507913135, 24.638994380771425], [46.79848186709275, 24.639757389993708], [46.79804266583288, 24.64063582715745], [46.79778762658256, 24.641239824597875], [46.79782147266586, 24.641252281906578], [46.7978553187425, 24.641264738304532], [46.797886841440814, 24.64120171987287], [46.79788817083843, 24.641198670359515], [46.7981965541543, 24.640582526730352], [46.79858790934608, 24.639799427737447], [46.79896795120265, 24.639039329114954], [46.799595142190924, 24.63778466623881], [46.79979275292901, 24.637388967428233], [46.80003283921518, 24.636906720800155], [46.8000783454357, 24.63681548897842], [46.80020858815933, 24.636542536717307], [46.80031969999269, 24.63629886210338], [46.80044648094467, 24.636008090744173], [46.80066928983648, 24.63547834665544], [46.80068486260714, 24.635440909009215]]], [[[46.797438925752964, 24.64192675632433], [46.79740449097794, 24.64191238107816], [46.79731006243579, 24.642101338721048], [46.796908575550795, 24.642905834604054], [46.796409429911584, 24.64390436330071], [46.79612364676945, 24.64447456066203], [46.795630809196005, 24.64546173411873], [46.79553745194762, 24.64564907362302], [46.7954786628735, 24.645766345272186], [46.79536459577962, 24.645994364025036], [46.795295428141344, 24.6461321606455], [46.79524468752401, 24.646233257018004], [46.7951385375737, 24.64644554439835], [46.79501664537923, 24.64668951514919], [46.79492695531923, 24.646870084211553], [46.79476983609572, 24.647183626560327], [46.79464940761632, 24.64742504524378], [46.79456113131592, 24.64760161561856], [46.79442968564411, 24.647864406423274], [46.794377391277386, 24.647968923980997], [46.794313204633234, 24.64809733779429], [46.794287523771516, 24.64814825791553], [46.79422534150017, 24.648273710757113], [46.79416498772974, 24.64839370832787], [46.79410633595552, 24.648511770589185], [46.79403467667937, 24.648655195101007], [46.793945618522514, 24.64883247060592], [46.793887829451464, 24.64894788433513], [46.79382034465439, 24.64908406312245], [46.79371793486992, 24.649287478624686], [46.79365207491693, 24.649419725854813], [46.79355102787642, 24.649622448750094], [46.793537461818666, 24.649649448217144], [46.79355683407667, 24.649658080377524], [46.79357819476998, 24.649667598884903], [46.79359934342366, 24.649630202748394], [46.7936216127823, 24.649590972161477], [46.79362645079158, 24.649582839224173], [46.79362938086197, 24.649578139166753], [46.79369783359506, 24.6494576081189], [46.79378694635326, 24.649301520428146], [46.793854909316245, 24.649182407239362], [46.79388595934427, 24.649128216121824], [46.79396907164967, 24.648982521477212], [46.79400965057383, 24.648910907829126], [46.794081515586925, 24.648782488223937], [46.79411189178083, 24.64872657522941], [46.79413766038531, 24.648678187513376], [46.794198490153654, 24.648566807491648], [46.79426187972607, 24.648447157375205], [46.79427124763654, 24.64842835359009], [46.794291860695736, 24.64838731078906], [46.79432114868534, 24.648331440546084], [46.794420287843714, 24.64813631137761], [46.79443679452651, 24.648102959409208], [46.79453692942541, 24.647904327824012], [46.794585547560665, 24.647806843165434], [46.79465180718266, 24.647673513696386], [46.79475677594477, 24.64746278370405], [46.79483325007491, 24.647309234489338], [46.7948871521375, 24.64720251176558], [46.79502067942474, 24.646934732723317], [46.79513303275582, 24.646711257995264], [46.79523034604538, 24.646515929880955], [46.795373820766066, 24.646228612103908], [46.7953750252347, 24.646226973467694], [46.79539107219806, 24.64619328381456], [46.79547689491801, 24.646021018281854], [46.79555908015139, 24.645857455505485], [46.79563244199151, 24.64571041934796], [46.79580110131954, 24.645374288691343], [46.79622327736981, 24.644530958888932], [46.79651620881903, 24.64394451650778], [46.79701467794754, 24.642946394645133], [46.797401669640976, 24.64210261594451], [46.79746912214647, 24.64193936208341], [46.797438925752964, 24.64192675632433]]], [[[46.79842224162172, 24.64126092542226], [46.79838978780961, 24.641249123321163], [46.79836132766819, 24.641306009090588], [46.798077380342185, 24.64187441901274], [46.79762720777312, 24.642775962449058], [46.79709669356954, 24.643836930992375], [46.79654466464312, 24.644940843273094], [46.79635242611379, 24.645326138286507], [46.796096130081125, 24.645838256084442], [46.79568739747773, 24.64665613135596], [46.79515837466035, 24.64771433964151], [46.79473278756545, 24.648564707550722], [46.79466825272001, 24.648697364594014], [46.79461144396174, 24.64881627447706], [46.79457860497456, 24.648886059636293], [46.794525589188254, 24.649001492420123], [46.79446142122603, 24.64914332619728], [46.79435334072003, 24.649390046003443], [46.79430350430943, 24.649507536294855], [46.794278164933054, 24.649567780699012], [46.794237680927345, 24.64966704429789], [46.79418978548958, 24.64978384236125], [46.79421760253991, 24.649794568454436], [46.79424115611014, 24.64980365168408], [46.79429376035308, 24.649696984357014], [46.794378949034595, 24.649526759259288], [46.794465178656935, 24.649354111051093], [46.794537559068466, 24.649210074626886], [46.79462888787636, 24.64902735091028], [46.79469532599119, 24.648893342137313], [46.79497455771689, 24.64833576062633], [46.79526170507269, 24.647760511727896], [46.795792792150785, 24.646698116259497], [46.79619127483036, 24.645899960730755], [46.79663928095061, 24.645005072057895], [46.79719855124948, 24.6438859887793], [46.79770840975057, 24.64286451612763], [46.79785866508189, 24.642481495954925], [46.79814733938253, 24.641902396842163], [46.798424741550406, 24.64134815154378], [46.7984533350459, 24.64127223277497], [46.79842224162172, 24.64126092542226]]], [[[46.79330018685182, 24.65042843996604], [46.79328838140107, 24.6504234498995], [46.79322899442275, 24.650540783908745], [46.79316717892839, 24.65066564243144], [46.79306291779657, 24.650874533831058], [46.79293567679187, 24.651128434334506], [46.792778653725776, 24.651443923935002], [46.79262784271929, 24.651743983420165], [46.792524895748784, 24.651949414405774], [46.79240479247111, 24.65219060195529], [46.792295846121036, 24.65240771426519], [46.79222413129126, 24.65255223567759], [46.792157749191986, 24.65268563069563], [46.79195411527349, 24.653092683916796], [46.791952015278234, 24.653097132982182], [46.791949031494205, 24.65311309413634], [46.79194827660967, 24.653135916635147], [46.79195084085409, 24.653154847039623], [46.79223446141653, 24.652589353673328], [46.79231825454876, 24.652421532498693], [46.79245083195941, 24.65215568713017], [46.79256970515301, 24.651918993317313], [46.79265282180528, 24.651751731701307], [46.792760017845865, 24.651536513488864], [46.792883993077396, 24.651289077741893], [46.79300908394507, 24.65103886042247], [46.7931207223451, 24.65081458203752], [46.793227015647304, 24.650602732955168], [46.793306536729375, 24.6504439078379], [46.79331181439214, 24.65043335450888], [46.79330018685182, 24.65042843996604]]], [[[46.800611387598885, 24.63635896867408], [46.80054542476289, 24.636332088820765], [46.80049616544512, 24.636429794083295], [46.80045288658333, 24.63651726962283], [46.800370876455794, 24.63668050937653], [46.8002289900261, 24.636964212524724], [46.80004028493039, 24.637341081678866], [46.799903418214974, 24.63761577078879], [46.7997169807695, 24.637987715328414], [46.799478474767724, 24.63846719611792], [46.799404923262074, 24.638612482804138], [46.79906361460104, 24.63929382275271], [46.799000332978856, 24.639422467616164], [46.79883958926845, 24.63974442652126], [46.79869491298835, 24.64003159990882], [46.79856406241895, 24.640293876587037], [46.79841033884801, 24.64060127643771], [46.7982764834025, 24.640869773448795], [46.79818806489514, 24.6410467382974], [46.797980176141195, 24.641461234833706], [46.797759646075406, 24.64190609655563], [46.79752895334887, 24.642362589210403], [46.7973292543003, 24.64276375289771], [46.79714519402885, 24.643134044737856], [46.796980610966806, 24.643462729016406], [46.796834710152055, 24.643755461782522], [46.79660790004598, 24.64420911606328], [46.796400025844, 24.644625388284453], [46.796158892398, 24.645107656913993], [46.79596099318772, 24.645504838487913], [46.795758040453904, 24.64590771949269], [46.79543155510055, 24.64656000717335], [46.79504513291886, 24.647335262070523], [46.79463623633793, 24.64815081375877], [46.79439916961216, 24.64863015127359], [46.794074845812915, 24.64927902398383], [46.793769079611934, 24.649886310893237], [46.79343614584657, 24.65055618011254], [46.792120622340505, 24.653184594618796], [46.79218608230339, 24.65321101611861], [46.79242292685006, 24.652738442158753], [46.79252344936511, 24.652539244611088], [46.7926999504471, 24.65218306563143], [46.792930508515454, 24.651723161804203], [46.793041668664365, 24.651501387385807], [46.79314805708257, 24.651289374694652], [46.793375966478294, 24.650832720589207], [46.79353765389635, 24.650508641829454], [46.793696652419136, 24.650191747482303], [46.79393581705578, 24.649712360587248], [46.79403054937183, 24.649522105520436], [46.79416818757688, 24.649248542162272], [46.79434715565179, 24.648889194626218], [46.79447526297236, 24.648635079599572], [46.79462257100552, 24.64833832780101], [46.79479161942585, 24.648002955471487], [46.7949298106842, 24.64772393614456], [46.795070807201306, 24.64744176020373], [46.795189391345886, 24.647204405358416], [46.795309857293404, 24.64696431214641], [46.79538653575663, 24.646811509618086], [46.79548596566552, 24.646611414242685], [46.79562547111258, 24.646332621535286], [46.795818270927626, 24.645946672368165], [46.79600086882779, 24.645581765094928], [46.79614286864296, 24.645298639131987], [46.79634771577728, 24.644888706264044], [46.79654660000315, 24.64449016179547], [46.796707576671245, 24.64416781758553], [46.79684675175641, 24.643889284267985], [46.79698649510259, 24.643609153205155], [46.797155424738975, 24.64327128812016], [46.797328998076644, 24.642925472727406], [46.797581016443004, 24.64241956632541], [46.79779239285847, 24.64199878526073], [46.79801510229169, 24.641551731460012], [46.79813586148698, 24.64131089425784], [46.79822353787253, 24.64113637693864], [46.79835776042537, 24.64086727787941], [46.79848268990264, 24.64061650963737], [46.79858820575042, 24.640404514918654], [46.7987004924034, 24.640179812609066], [46.79881817003457, 24.639945106121157], [46.799067321535105, 24.639447554459657], [46.79935652867521, 24.638868475892025], [46.79953648709409, 24.63850870852842], [46.79986505170979, 24.637851347632637], [46.8001652064991, 24.63724925816836], [46.800335012162066, 24.63691113214626], [46.80047822311437, 24.636625721085277], [46.800611387598885, 24.63635896867408]]], [[[46.793721529094455, 24.65053692843395], [46.79370981883835, 24.650532103391846], [46.79368409094496, 24.650583305682442], [46.79363290142812, 24.65068575131399], [46.7935408603499, 24.65087010364494], [46.793432022882556, 24.651087089876754], [46.7932973307068, 24.65135675054865], [46.79318159761838, 24.65158906643822], [46.793066572809266, 24.651819125675352], [46.79290568091653, 24.652141061054223], [46.7927917977086, 24.652368945039555], [46.792785319244544, 24.65238161544444], [46.792686948779185, 24.6525787280444], [46.7923235887772, 24.653307440107362], [46.79233106084977, 24.653304223461554], [46.79235390036994, 24.65328603011568], [46.79236973220707, 24.65327050525522], [46.79238564932077, 24.6532372959404], [46.79244124355805, 24.6531259040419], [46.79257704524823, 24.652854758223977], [46.792665628017375, 24.65267701868267], [46.79277787512784, 24.652454486597087], [46.79287171222344, 24.6522657659602], [46.79298899460458, 24.65203041623123], [46.79310004588791, 24.651808342416583], [46.79318624014912, 24.65163597153815], [46.79332352421604, 24.65136300172849], [46.793433250756685, 24.651143289146056], [46.793544182051185, 24.650920734354234], [46.79371728926811, 24.650576273356833], [46.79373432948764, 24.650542202726328], [46.793721529094455, 24.65053692843395]]], [[[46.79128020916656, 24.654498618130315], [46.79166249453823, 24.653731887917466], [46.79162664701554, 24.653754514940466], [46.79161671961763, 24.653765944365585], [46.791609807330964, 24.653781455786326], [46.79125724449514, 24.65448606226853], [46.79106150643515, 24.654876638799443], [46.79082544875647, 24.655349373968214], [46.79071075458961, 24.655578268429768], [46.79050751048967, 24.65598522142447], [46.79045616975462, 24.65608798211958], [46.790468514663374, 24.656093082426654], [46.79048003374059, 24.656097842264597], [46.7905918281976, 24.655873933804944], [46.790850482012964, 24.65535665057949], [46.79128020916656, 24.654498618130315]]], [[[46.79203679083934, 24.653880250411905], [46.79203657034388, 24.653879752856813], [46.791712906662774, 24.654527083893527], [46.79145738493363, 24.65503912066228], [46.79114937009681, 24.655654803865264], [46.79090998303919, 24.656133761660826], [46.79092085582556, 24.656138299841473], [46.790932902342554, 24.65614332692311], [46.79143090724404, 24.655146637592296], [46.791820898762154, 24.654366041957985], [46.792027657908385, 24.65395367527184], [46.79203512011193, 24.653937657992838], [46.792039081872915, 24.653917126628016], [46.79203679083934, 24.653880250411905]]], [[[46.79001631041798, 24.656756392435963], [46.78998989922881, 24.656745410520223], [46.78992517168632, 24.65687542272023], [46.78978447762452, 24.657156934520447], [46.78958504606346, 24.657555950007723], [46.78939927883532, 24.657926509539205], [46.789223844314726, 24.65827744670954], [46.78907227803408, 24.658581075715833], [46.788741809719255, 24.65924163513647], [46.78856930329944, 24.65958684063123], [46.788383082749256, 24.659959264375946], [46.78823744737504, 24.660250834757253], [46.78803842529551, 24.660648732184594], [46.78788523563997, 24.660955296631812], [46.78770974785306, 24.661305899762038], [46.78756614625323, 24.661593345485414], [46.78726425243645, 24.66220100829472], [46.78728412309462, 24.662209906112558], [46.78730465896536, 24.66221910208248], [46.787762310772216, 24.661415888280697], [46.78791486181785, 24.66113683089666], [46.78798647819016, 24.661000621456722], [46.788101421900826, 24.66077665453201], [46.78839741407422, 24.660185256061368], [46.788764222941715, 24.659451543577564], [46.789106160644934, 24.658767279213443], [46.789517648576314, 24.65794275230504], [46.78966993336901, 24.657623752162145], [46.78979999572302, 24.65733592700345], [46.78995810753083, 24.656966408906783], [46.79004025788091, 24.656766349160385], [46.79001631041798, 24.656756392435963]]], [[[46.790679861449384, 24.65687544782996], [46.790660151333604, 24.656866608104355], [46.790600163141924, 24.65697194305111], [46.790228161235774, 24.65762534771014], [46.790019955555834, 24.658004978216795], [46.789834795186955, 24.658363800132165], [46.789452101553834, 24.659129677154073], [46.789449282271285, 24.659135658787804], [46.789221293167586, 24.65959219678847], [46.78899934911736, 24.660034273598047], [46.788997104100524, 24.660039652496877], [46.78849439031789, 24.661045062050558], [46.78836797917789, 24.66131064503533], [46.788171447898385, 24.661747157265935], [46.78786035376725, 24.66246656769009], [46.78788174655728, 24.66247550418758], [46.78790184031945, 24.662483898175736], [46.78800039739674, 24.66228687542301], [46.788597026993436, 24.661093630986123], [46.78932512878807, 24.6596372009442], [46.789937348107955, 24.658412856784526], [46.790310758674984, 24.657666342833924], [46.79064710672849, 24.656993578562325], [46.79070134341343, 24.656885081716805], [46.790679861449384, 24.65687544782996]]], [[[46.79185676882225, 24.65386898730173], [46.79179312065135, 24.653840507210987], [46.791420871887034, 24.654579817338018], [46.79119505763541, 24.65503592296514], [46.790834754015584, 24.65575763802904], [46.79047225764318, 24.656483814241895], [46.79020296134095, 24.65702292762189], [46.789872844731185, 24.65768191042463], [46.78946542201049, 24.658497682570356], [46.78917809257646, 24.65907332858616], [46.78848005014392, 24.660469693827434], [46.788054249176355, 24.661319666107794], [46.78773563194252, 24.661957632933362], [46.78752889879142, 24.662369339649985], [46.78717249495616, 24.663070838962124], [46.78684989739568, 24.663665865386182], [46.786529057815315, 24.664216447699598], [46.78624921695839, 24.66466700494054], [46.78606528651218, 24.664952122053265], [46.785914315173905, 24.665179296849896], [46.78566256322623, 24.665544078613312], [46.78531987016683, 24.66601672793689], [46.78492857735383, 24.666524258400166], [46.78498929052764, 24.66656156267592], [46.78510465603687, 24.666412972658378], [46.78534723421152, 24.666095641429095], [46.785617525071665, 24.665724465953954], [46.78584908678603, 24.665402724483975], [46.78612618543461, 24.66498481186817], [46.786416339707365, 24.66453207273001], [46.78670524219297, 24.66405908416332], [46.78694861088126, 24.66363353597919], [46.78728654912926, 24.66300680160886], [46.7875307990303, 24.662520159022012], [46.78774431120407, 24.662099389047935], [46.78791785509001, 24.66175125214632], [46.78815203502192, 24.661281809789088], [46.78844987306358, 24.660685112912525], [46.788645309707164, 24.660295475534085], [46.7889397101797, 24.65970674858717], [46.78921297772969, 24.65916091408951], [46.789487048853715, 24.658608613231284], [46.789680477771334, 24.658223959835873], [46.78987423089562, 24.65783773409375], [46.79017779834473, 24.65722870967141], [46.79039072909353, 24.65679801011486], [46.79063471308569, 24.656310599834306], [46.79083383683273, 24.655911973224764], [46.79100238365338, 24.655576382109285], [46.79123251572346, 24.655111972193527], [46.79143394861886, 24.654709401661773], [46.79162527322885, 24.654329828133257], [46.79185676882225, 24.65386898730173]]], [[[46.78713839658223, 24.662731544780275], [46.78711785210881, 24.662721750296438], [46.78701883494462, 24.662895197971565], [46.78681258112733, 24.663255369100046], [46.786625518716384, 24.663573695196355], [46.78638537553328, 24.66396786801478], [46.786112943219514, 24.664397648723835], [46.78588344002306, 24.664745834348413], [46.78562310276962, 24.66512843677694], [46.785354188568945, 24.665506842236034], [46.78510637636542, 24.665844818201016], [46.784595525438995, 24.666509298532983], [46.78456219658501, 24.666551307466992], [46.78454689775314, 24.6665681569857], [46.784540727457745, 24.666582453087614], [46.784539909391604, 24.666608145622742], [46.78455388136774, 24.666636155224115], [46.7845693454382, 24.66664973470724], [46.78458070365126, 24.666656326068672], [46.784609491392764, 24.666668114856588], [46.78488411382016, 24.66631975769818], [46.78504817010951, 24.66610622133043], [46.78530263573511, 24.665765018074993], [46.78550517288366, 24.665483134948232], [46.78572764027584, 24.665163017680648], [46.785872753508016, 24.664947323079673], [46.786131085429915, 24.664549211273318], [46.7863320057771, 24.664225171005295], [46.78655758969804, 24.663846900184232], [46.78680931550255, 24.663403216340832], [46.787005607633624, 24.663037566888356], [46.78714041404361, 24.662778352211177], [46.78715894105871, 24.66274133926111], [46.78713839658223, 24.662731544780275]]], [[[46.78755059955402, 24.662898372244204], [46.78753135906189, 24.662890788758045], [46.787361902422, 24.6632178760877], [46.78718728630978, 24.663543138565135], [46.78694926856812, 24.66396542369481], [46.78667134800645, 24.664433427364774], [46.786442886376015, 24.664798861393816], [46.78610368524027, 24.66531482801961], [46.78583261603435, 24.66570535554749], [46.78546899808957, 24.666203895274446], [46.78520876488462, 24.666543767933792], [46.784986504994585, 24.66682623544817], [46.785011771146436, 24.66683688867747], [46.78503966035724, 24.66684656001264], [46.785076453366734, 24.666847328029046], [46.78511384610272, 24.666834421385076], [46.78513449035724, 24.6668180770783], [46.78516325380456, 24.666778454381472], [46.78545221152762, 24.66641188125834], [46.78559337464865, 24.66622638580493], [46.7858420653479, 24.665889161548385], [46.78600330389215, 24.665660589867873], [46.78628853049339, 24.66523800280222], [46.78665755780445, 24.66464895098794], [46.7869565201199, 24.66412892420386], [46.787131567181724, 24.663805176343022], [46.78727874441379, 24.663518342981607], [46.78747949721079, 24.663105766028586], [46.78757031199122, 24.66290614151788], [46.78755059955402, 24.662898372244204]]], [[[46.78361924120614, 24.66792098704617], [46.78430344769782, 24.667056774851158], [46.78427446397056, 24.66704482672381], [46.78425784466654, 24.667038246380457], [46.784222698202306, 24.66703446200509], [46.7841927413715, 24.667040090604974], [46.78416261600733, 24.667056999755175], [46.78415214774526, 24.667067406811046], [46.784135070044705, 24.667091943626787], [46.78413344275256, 24.667090414549527], [46.78411741813203, 24.667114385398968], [46.78382861149519, 24.667479674113505], [46.783519438702264, 24.667871902733804], [46.783365640688224, 24.668065804033215], [46.78327898847053, 24.66817566670902], [46.78299232927753, 24.668542920200178], [46.78287891315182, 24.668690914100218], [46.782685160404206, 24.668952826819638], [46.782643081299696, 24.669010550636266], [46.78256053739117, 24.669124743961042], [46.78247948720503, 24.66923733499265], [46.78231991806962, 24.66946566587698], [46.78226595980679, 24.669545108997298], [46.78228967206019, 24.669559581257193], [46.78231338431893, 24.669574053513028], [46.78256426290631, 24.669257196609035], [46.78286560401272, 24.668874642081743], [46.78321970140324, 24.66842690865567], [46.78345534540742, 24.66812814410025], [46.78361924120614, 24.66792098704617]]], [[[46.784708765531725, 24.667227768694303], [46.7846790949264, 24.66721518687642], [46.78417266870151, 24.66785548805213], [46.78386268292117, 24.66824819559937], [46.78339800621281, 24.66883598644835], [46.78308541809496, 24.669232234694615], [46.78264198901232, 24.669793398564526], [46.78266302605223, 24.669808866773952], [46.782684002169276, 24.669824288754537], [46.783089417631714, 24.669363976205386], [46.78330157447081, 24.669114164000398], [46.78362944552778, 24.66871694111908], [46.7840306175703, 24.668211914580844], [46.7843642164387, 24.66779009777723], [46.78453605508908, 24.66757190635356], [46.78470099413272, 24.66736297433619], [46.78473953619255, 24.667312789396167], [46.78474473210561, 24.667281678227866], [46.784738556111634, 24.667259264038172], [46.78472442149939, 24.667239621409756], [46.784714382277315, 24.667230602844022], [46.784708765531725, 24.667227768694303]]], [[[46.7823509963783, 24.670355322562067], [46.78232899083062, 24.670339704194717], [46.78176766275985, 24.670959474884892], [46.781545798675666, 24.6712396452969], [46.781376291715155, 24.67145192384583], [46.781145287618045, 24.671750198009622], [46.78098726995016, 24.671961950755072], [46.78087895784253, 24.672111197358593], [46.78058623502468, 24.672531178173227], [46.78057986424116, 24.672541216806284], [46.78056706499292, 24.672572191405727], [46.78061923386172, 24.67260251390203], [46.78065888631165, 24.6726255605627], [46.78068035079501, 24.67259297812876], [46.78086571080747, 24.67232475869094], [46.78107648922921, 24.67203054119643], [46.781258149496495, 24.671786678398412], [46.78139442972308, 24.671610294683585], [46.78190797308817, 24.670959094802125], [46.7822793835782, 24.67048928511293], [46.78237300191856, 24.67037094002315], [46.7823509963783, 24.670355322562067]]], [[[46.78014606841471, 24.67324282476702], [46.78010040226232, 24.673223245837878], [46.78002360858072, 24.673350286123124], [46.77981301048204, 24.673714323060427], [46.7798115431304, 24.67371710321322], [46.77965737151516, 24.673993528146], [46.77952368094838, 24.67424703210667], [46.779521422320194, 24.674250243271594], [46.779304046283336, 24.6746851669375], [46.779150334491376, 24.67501343377615], [46.779182373324154, 24.675027015111752], [46.7792111893973, 24.675039230676425], [46.77955792954655, 24.67442841584186], [46.77972947232947, 24.674100344490604], [46.77995534791547, 24.673692043371275], [46.78011788563864, 24.673409570025736], [46.780148977949416, 24.673351291807695], [46.780176529187074, 24.673291080100828], [46.78018894110219, 24.673261207100026], [46.78014606841471, 24.67324282476702]]], [[[46.78179050503108, 24.670047293726547], [46.78176563627693, 24.670030912917174], [46.78167042559445, 24.670151605924268], [46.78146700229182, 24.670408317721236], [46.78122870511802, 24.670710051567916], [46.78107675450334, 24.670903025992192], [46.780897267665104, 24.671130185098658], [46.780776440130055, 24.67128505048601], [46.7806535064387, 24.671445320920363], [46.780576216366676, 24.671547386016858], [46.78054207975178, 24.671593161445077], [46.780448171658655, 24.67172106753686], [46.780353588192924, 24.671853055300836], [46.780249729268625, 24.671998382625432], [46.78014142971904, 24.672155956594704], [46.78002806286803, 24.67232290991354], [46.77988534402291, 24.672539409877913], [46.77983637777417, 24.67261677244441], [46.77965208536343, 24.672908950882885], [46.77954806513837, 24.673080690238194], [46.7794901178408, 24.673178516894723], [46.77943280047322, 24.673276943693633], [46.77930319402472, 24.673502751595883], [46.77926105626827, 24.673577440963786], [46.77915451593232, 24.673773309162804], [46.779090853079026, 24.67389203155414], [46.77900754865477, 24.674050556411032], [46.77887161064645, 24.67431909296434], [46.778811799679204, 24.674442541251743], [46.7787084499324, 24.674658288539337], [46.7786009517835, 24.67489011885095], [46.778498767573474, 24.675121766073776], [46.778461216861075, 24.675210965000137], [46.778477346924404, 24.675216779791548], [46.7784947303576, 24.675223045612633], [46.77854617163287, 24.67511469493413], [46.778550049281066, 24.675106364331405], [46.778643391290274, 24.674914853865776], [46.77876372376471, 24.67467815854227], [46.77887931972992, 24.674460947959464], [46.778945257221395, 24.67434080557792], [46.77908104295725, 24.674098870016337], [46.779177866989926, 24.673932531361174], [46.779249004134314, 24.67381238413414], [46.77936339253107, 24.67361706481045], [46.779406366970036, 24.67354368638993], [46.779573163429205, 24.673261145059232], [46.779594587537666, 24.67322332393053], [46.77975758844047, 24.672952646782555], [46.779924197686235, 24.672687231028565], [46.780132805601234, 24.67236903244834], [46.780350869108325, 24.672050335985322], [46.78045007271711, 24.671910542362877], [46.78063666285785, 24.67165417856126], [46.780794702036154, 24.6714437133955], [46.780866145303605, 24.67135060712104], [46.78100386091196, 24.671175725341133], [46.78115403918311, 24.670983015771956], [46.78134611770554, 24.670729678392348], [46.78147666828661, 24.670550809307205], [46.78151981365492, 24.67049045121902], [46.78175680613502, 24.670151004512366], [46.78181490003257, 24.67006336234492], [46.78179050503108, 24.670047293726547]]], [[[46.77846976372129, 24.675530095387042], [46.77845270753466, 24.675523706511104], [46.77844001275997, 24.675552001825576], [46.7783908711543, 24.675662834292766], [46.778374869994956, 24.675697105991674], [46.77823187616678, 24.676041232062733], [46.77820741099197, 24.676103862699886], [46.77819666672769, 24.67612882229195], [46.77811454299999, 24.676341154218388], [46.778065546322196, 24.676469488685534], [46.77804986997042, 24.676512252450213], [46.77797364693759, 24.67672599242077], [46.77792859927655, 24.676855499854618], [46.77787019241309, 24.677028415317942], [46.77782965155835, 24.67715801020715], [46.777775417495675, 24.677332059882648], [46.777736838267536, 24.677462240956185], [46.77769660283223, 24.67759882758195], [46.777682772781134, 24.67765007532675], [46.77762642909412, 24.677856271998], [46.77758375176363, 24.678023095502887], [46.777561153234245, 24.678113511230734], [46.777517501785134, 24.678296174345093], [46.77749707037189, 24.678384657560546], [46.77745830125479, 24.678561760809117], [46.77740364633204, 24.678828286587496], [46.77736250035197, 24.679049973341343], [46.77734330523963, 24.679162523064946], [46.777336274229064, 24.67919084785696], [46.77733508997524, 24.67919820034742], [46.77733767444563, 24.67922527550519], [46.7773468985291, 24.67924638719844], [46.77735895924006, 24.679261835055424], [46.77737558344689, 24.67927514688324], [46.777398425919735, 24.679286508039564], [46.77740947321439, 24.67928951018605], [46.777460896381335, 24.679307088652], [46.777505679945776, 24.67888378200972], [46.77752938981137, 24.678758983846453], [46.77756275989622, 24.678590318563234], [46.777570336213635, 24.678552095538706], [46.77759648717468, 24.67843082032673], [46.77762432155344, 24.678297122549402], [46.77764921044407, 24.678192906520614], [46.777674674389864, 24.678075522644825], [46.77774890881516, 24.677775059266473], [46.777781989231244, 24.677647592302012], [46.77782454262292, 24.677489821420362], [46.77785355805133, 24.677383967460468], [46.7778803685901, 24.677288536975848], [46.777912541639964, 24.67717736838096], [46.777984861377405, 24.676938436024802], [46.778018874565944, 24.676829668001364], [46.77805843562229, 24.676705694160734], [46.778100896033465, 24.67657714637984], [46.77814380492192, 24.67644964059873], [46.77819181502054, 24.676311597570002], [46.77824407013372, 24.676167302486423], [46.778283635234935, 24.676056876008182], [46.778304926217835, 24.676001811027042], [46.778323778797066, 24.67595129014172], [46.7783527230147, 24.675875570901464], [46.77840589727975, 24.67573758402245], [46.77843610685941, 24.67566107783328], [46.778481798700106, 24.675548762181993], [46.77848681992235, 24.675536485163658], [46.77846976372129, 24.675530095387042]]], [[[46.78451010069914, 24.667164951753247], [46.7844535864187, 24.66712882529583], [46.78426758484893, 24.66736278272371], [46.784001031984154, 24.667699835804292], [46.78366935119438, 24.66812237302653], [46.783434127782165, 24.668419757841285], [46.78309071332088, 24.668855639426614], [46.78268961618198, 24.669363007517465], [46.78230653861831, 24.669847559434032], [46.781852191323054, 24.670424397152207], [46.78129237129876, 24.671130141437786], [46.780726123209945, 24.671871262918035], [46.78038179060108, 24.672361447116078], [46.78009560366758, 24.672796673859153], [46.779854740848165, 24.67318262997015], [46.77961631223781, 24.673594274040273], [46.77940593194745, 24.67397585683171], [46.77914066239809, 24.67449432454668], [46.77890352707062, 24.67499130897741], [46.77875166647638, 24.67533830328256], [46.77854347304157, 24.675857823816415], [46.77835758508718, 24.676349674411593], [46.77824973681322, 24.676676416722387], [46.778115425244465, 24.677089303043907], [46.77800655814949, 24.67747073646255], [46.77790639207285, 24.67784069612238], [46.77780277097792, 24.67828519818175], [46.77773862508409, 24.67858816583874], [46.7776634753362, 24.67896959254142], [46.77759643126713, 24.67935829962652], [46.777663062969005, 24.6793770820359], [46.77770308373495, 24.679134963219887], [46.77776159355043, 24.678818749605515], [46.77786234298516, 24.67832341428331], [46.77796188552708, 24.677903334180524], [46.77810421452018, 24.67738120050331], [46.77825027300393, 24.67689176667214], [46.778442144274436, 24.676318933444072], [46.77864564991727, 24.675771461748706], [46.77877036376658, 24.675475257368294], [46.77892586608708, 24.675118203537426], [46.779042932801296, 24.67484315967754], [46.779202485168106, 24.674516904831936], [46.779346734614556, 24.674229726517247], [46.779592799012995, 24.67377206368241], [46.77967788820264, 24.673623856968963], [46.77979973413188, 24.673405455749837], [46.779937448689495, 24.67317999555823], [46.78012385431646, 24.672874877188928], [46.780328861408115, 24.67255632648736], [46.78041741530806, 24.672424554673526], [46.780626606812724, 24.67213685357595], [46.780744692225134, 24.671977799914824], [46.78100930532054, 24.67161599593768], [46.78126601142471, 24.671267750630875], [46.7814901058523, 24.670986718093776], [46.781753025704376, 24.670655123858335], [46.78188307533041, 24.670489233622458], [46.782109176816945, 24.670201810359703], [46.782348762655374, 24.6699000328529], [46.782644809985335, 24.669525891200326], [46.78286194146581, 24.66925082885476], [46.78324817252138, 24.66876472140861], [46.78347623340681, 24.668473288707137], [46.78377327232384, 24.66809951158756], [46.78411387020442, 24.66766569259498], [46.78451010069914, 24.667164951753247]]], [[[46.77897656690284, 24.67570003519977], [46.77894324993581, 24.675686288398605], [46.77870757443778, 24.676101389997445], [46.77868302152653, 24.676150578112022], [46.77865103084769, 24.67622934002991], [46.77850121736859, 24.676654113187904], [46.778387975326496, 24.677003987620495], [46.77831309345218, 24.677247465700827], [46.778257077599676, 24.677444369125162], [46.77819703915499, 24.67766155333205], [46.77813090635626, 24.67791687529921], [46.778064375893685, 24.678190921007573], [46.77800584507602, 24.678457102818314], [46.77794085300272, 24.678770464384762], [46.777821492736464, 24.679429122296035], [46.77785342369177, 24.679439901752865], [46.7778803253755, 24.67944477915689], [46.77790924132879, 24.67943756864929], [46.77793265253395, 24.67942005484978], [46.777943764222165, 24.67939924318644], [46.7779490787969, 24.67935134838188], [46.77795216361997, 24.679338802685216], [46.77809774188913, 24.678537490639282], [46.77817312256291, 24.67818289682774], [46.778225550591074, 24.677956294719575], [46.77832361866875, 24.677566181656434], [46.77833059012105, 24.677548584446033], [46.7784943667198, 24.67703917418032], [46.77861032547344, 24.676689836302007], [46.77872509800395, 24.676355545971056], [46.779005310878645, 24.675711895020395], [46.77897656690284, 24.67570003519977]]], [[[46.77709305842149, 24.681254457578742], [46.77722713015099, 24.68048493860486], [46.77724083722343, 24.680485126648357], [46.777382382346346, 24.67978275527569], [46.777334058758214, 24.67976636257374], [46.77731863664491, 24.679761803313323], [46.7773098616214, 24.679760237802768], [46.777300776106095, 24.679759911083988], [46.7772922515941, 24.679760472460522], [46.77728449003537, 24.679761669448666], [46.777273408601175, 24.679764624789033], [46.77726410369639, 24.679768407788973], [46.77725517210585, 24.679773500937564], [46.77724425259377, 24.679782091835566], [46.7772378510495, 24.67978916751399], [46.777234139422966, 24.67979444805758], [46.77723024613464, 24.679801760387615], [46.77722056346868, 24.679864130122702], [46.777158237140846, 24.680220230284636], [46.7771149196257, 24.68047196196979], [46.77707343759703, 24.680710917170572], [46.77699605607594, 24.681156485914585], [46.77695770341947, 24.68137964186076], [46.77692203460503, 24.68160253038264], [46.77690118821987, 24.681737003049342], [46.77687434473541, 24.6819157310006], [46.77686207973158, 24.682005488022522], [46.776849462159085, 24.68209491154561], [46.77683712296558, 24.682184316423864], [46.776819586582384, 24.682318709271378], [46.77680889568339, 24.68240805129997], [46.77679225662705, 24.682542383865087], [46.77678254513735, 24.682631738676072], [46.77677244417298, 24.682721641619327], [46.776757045684015, 24.682856357658224], [46.7767496831212, 24.682927460378313], [46.77677562754902, 24.682930492991108], [46.77680157296577, 24.682933525587657], [46.77685851103591, 24.682604484058437], [46.776945039743744, 24.68210593999411], [46.77701419601795, 24.68170786534602], [46.77702727565635, 24.681631038502182], [46.77709305842149, 24.681254457578742]]], [[[46.777768598054394, 24.679913763490976], [46.77773210781966, 24.679901385770812], [46.77763372495218, 24.680490522985295], [46.7776379045721, 24.680490580032643], [46.777581240785025, 24.68081787242346], [46.777561192180045, 24.680934548411635], [46.777489356489376, 24.681345748293285], [46.77740781970084, 24.681815396961635], [46.7773587251607, 24.6820997714544], [46.777301343614475, 24.68242656392728], [46.777264450955016, 24.68263907232019], [46.77723280282801, 24.68282541775706], [46.77720137465436, 24.68300337840629], [46.777200820132194, 24.683012215870907], [46.77718065677655, 24.683204665915255], [46.777156824226005, 24.683445952799], [46.77714084269603, 24.68359339167077], [46.77712579902261, 24.6837456470433], [46.77709802175704, 24.684012866584876], [46.77708915528836, 24.684094205708945], [46.7770759607694, 24.684234642379074], [46.77705722918016, 24.68440689737049], [46.7770836761986, 24.684409044577496], [46.777110165765535, 24.684411195790375], [46.77712598125708, 24.68432074757973], [46.77720856897393, 24.68384346467876], [46.777262740348036, 24.683535742607596], [46.777345858954924, 24.68305059392769], [46.77734897061458, 24.683032476359365], [46.777477933028216, 24.682104163632275], [46.777485992494505, 24.682048367897824], [46.77751091396628, 24.68186990460237], [46.77752477575784, 24.68177132934043], [46.77752205607434, 24.681769356285095], [46.77752417953601, 24.681760782838055], [46.77761739250213, 24.681265552292274], [46.77766441802745, 24.680998033393728], [46.77769015322252, 24.680847914835432], [46.77772681246996, 24.680641317445357], [46.77776529386155, 24.680418218515246], [46.77782608514382, 24.680064571380772], [46.777832701238054, 24.680034865590578], [46.77783879613905, 24.680008541776097], [46.77783595061646, 24.67997811920265], [46.77782593131313, 24.679955222073144], [46.77781183553009, 24.679937169223155], [46.77778101829792, 24.67991748879376], [46.777768598054394, 24.679913763490976]]], [[[46.77657448820887, 24.683502968230002], [46.77654915861341, 24.683500724636303], [46.77651668194759, 24.683687052679346], [46.776434300276, 24.68416169652308], [46.776381269385915, 24.684466308961383], [46.776315833737655, 24.684843970730448], [46.77626862795978, 24.685105524387613], [46.77622064685461, 24.685363282541566], [46.77618367887821, 24.68554617590199], [46.776122416692566, 24.685849546707367], [46.77606872120394, 24.686100872724165], [46.776013252807076, 24.686346765507608], [46.775977111230674, 24.68651040181721], [46.77592697426598, 24.68671888999382], [46.7759125925308, 24.686779495974896], [46.775945158044664, 24.68678744138177], [46.77597772258699, 24.686795387695746], [46.77609069823868, 24.686475101152254], [46.77613785726042, 24.68632829382477], [46.77616432018592, 24.686228221588596], [46.77618123268645, 24.6861506208514], [46.77619538001576, 24.68607418863476], [46.776195212032725, 24.68607209778693], [46.77627696020267, 24.68565672187865], [46.77636220621121, 24.68523055324654], [46.776362625979274, 24.685229005286633], [46.77641042513312, 24.684968472948807], [46.77644573564468, 24.684752479444413], [46.776496434039224, 24.68440790229504], [46.77652425220441, 24.68419651897668], [46.776564771349385, 24.68383550015382], [46.776599817804964, 24.683505211819387], [46.77657448820887, 24.683502968230002]]], [[[46.77682739724391, 24.685489805530842], [46.776800108156884, 24.68548640966617], [46.776797754860276, 24.68549857289748], [46.77674679507903, 24.685754565214307], [46.77665427049661, 24.68619733801727], [46.77657462743237, 24.68655404732782], [46.77653997124812, 24.6867073301884], [46.77644333902363, 24.687109571436004], [46.77637124872552, 24.687397700116296], [46.77629707799419, 24.687681925033136], [46.77624643552143, 24.68786979788876], [46.77619592009666, 24.68805472228329], [46.77619611473491, 24.688055138005254], [46.776167159463675, 24.68815919336963], [46.7761181549137, 24.688331370405], [46.776081819911965, 24.688458724773877], [46.77602871177374, 24.688637775983548], [46.775997460844785, 24.68874442261405], [46.775979250950414, 24.688803861349573], [46.775858458338526, 24.689186106255526], [46.77588937221308, 24.689194260788085], [46.7759272850171, 24.689204261915723], [46.77596229860303, 24.68912525163352], [46.775968658419536, 24.689107109199647], [46.77599985708896, 24.689007086591626], [46.77600016584952, 24.689005932691376], [46.7760578357711, 24.688815455958093], [46.776058425762365, 24.688813924944807], [46.7760715216696, 24.68877016894533], [46.776110326044595, 24.68864015080518], [46.77615388743067, 24.6884928389139], [46.77619837371447, 24.68833695602812], [46.77624122344948, 24.68818539463794], [46.776276775245286, 24.688058783532988], [46.776320620706215, 24.687899471003014], [46.77637833178771, 24.687681919542975], [46.77644386470574, 24.687431018552143], [46.77652218956221, 24.68711865364924], [46.77656492315155, 24.686942851698507], [46.77661480477762, 24.68673134088757], [46.776654748348136, 24.686557339742677], [46.77673031807328, 24.68621771563013], [46.7767747923475, 24.6860072808873], [46.77685799364785, 24.6854936127686], [46.77682739724391, 24.685489805530842]]], [[[46.77590948177718, 24.687276045836633], [46.775878271098904, 24.687269296942674], [46.77576433329385, 24.68759624160921], [46.77567202071539, 24.687889102814662], [46.77547666488843, 24.688623100938802], [46.77533720270621, 24.68915290539456], [46.775231118126975, 24.689539883863194], [46.77525399666702, 24.689545646180267], [46.77527687522175, 24.689551409396444], [46.77532429638814, 24.689408532956914], [46.775552869608454, 24.688680899978085], [46.77567050255057, 24.688280178556024], [46.77567122490384, 24.688278294764594], [46.775759698900075, 24.687963632409073], [46.77587198661657, 24.687547787943494], [46.7758728723095, 24.687544600290824], [46.775940692458406, 24.687282794723902], [46.77590948177718, 24.687276045836633]]], [[[46.77493568296615, 24.690173949908896], [46.77491137798796, 24.690168372349856], [46.77490536026769, 24.690185494979634], [46.77485729318587, 24.690319171553067], [46.77467008009503, 24.6908269839597], [46.77457835931447, 24.691068038564733], [46.77445146157435, 24.691388556470457], [46.77439070345324, 24.691541528171896], [46.77434264485731, 24.691664082140804], [46.77432278526046, 24.691716598101376], [46.77424752822824, 24.691922708510006], [46.77417271306237, 24.692128913880754], [46.77401497009287, 24.69255621654053], [46.773983611403644, 24.69264042705465], [46.77389916954032, 24.69286641316249], [46.773792200953274, 24.693141831780224], [46.77377060732854, 24.6931988671393], [46.77349790633892, 24.693878988853037], [46.7733264162972, 24.694307448317566], [46.77332497499655, 24.69430909230802], [46.773318856632535, 24.694329184685788], [46.77331758223379, 24.69435169186027], [46.77332376665941, 24.69438366137483], [46.77333979751193, 24.694411621388458], [46.77336270397823, 24.69443200097147], [46.77338883927725, 24.694445975406563], [46.77339040026909, 24.694446503191404], [46.77368634751426, 24.693707498463205], [46.773956309526156, 24.693031896961486], [46.77420690052685, 24.692405551302578], [46.774413915314746, 24.69188788706467], [46.77465496110947, 24.69128423241567], [46.774833867852, 24.690638097681557], [46.774835636779194, 24.690631821730527], [46.77495998795903, 24.690179528366592], [46.77493568296615, 24.690173949908896]]], [[[46.77757565975668, 24.679870324376584], [46.77750815007732, 24.679852777520633], [46.77748852339315, 24.679971541349516], [46.777397706059816, 24.68048992631951], [46.77724687284385, 24.681360711200398], [46.77712949230914, 24.6820371929815], [46.77699873074636, 24.682796154289893], [46.77688576314165, 24.683439185849046], [46.77672019095043, 24.684406170440266], [46.77662782185051, 24.684942948379245], [46.77650676333041, 24.685563354883655], [46.77638864263374, 24.68614179849405], [46.77624960016563, 24.686759483337507], [46.776126886817735, 24.687260368338528], [46.77594652294501, 24.68794491132407], [46.775742279788766, 24.688659034533767], [46.7755299902131, 24.689337360300527], [46.77528709456424, 24.69007397279376], [46.77504860546795, 24.69072868654536], [46.77480005870795, 24.691379267337684], [46.77451813451346, 24.692082535341726], [46.774274257863496, 24.69269403213693], [46.77404370500169, 24.693269568977907], [46.77381935388328, 24.69382630142598], [46.77354848526007, 24.694499237355288], [46.7736137200247, 24.69452218275137], [46.773626166920344, 24.694492588778214], [46.77371791007483, 24.69425821016398], [46.77405407778607, 24.69341765395149], [46.77434578035405, 24.692688824794878], [46.77468623149828, 24.691831623026513], [46.77502253329943, 24.690973621890432], [46.775263480548986, 24.690329783869586], [46.77559675179635, 24.689341863979706], [46.77585560468019, 24.68849236696407], [46.776033984123494, 24.687872570159254], [46.77617621843413, 24.687324806028272], [46.77643994566648, 24.686209606648678], [46.77660448054086, 24.685404849267012], [46.77674956802596, 24.68460012598884], [46.77690276474857, 24.68371142341936], [46.77706682022915, 24.682784654761214], [46.77719576938436, 24.682046408482133], [46.777301997131055, 24.6814317124958], [46.7774463508469, 24.680610120937065], [46.77757565975668, 24.679870324376584]]], [[[46.775627164827895, 24.690157990664083], [46.77559690005649, 24.690148098524478], [46.77545391007989, 24.690468988113487], [46.77528066798824, 24.690857993456092], [46.77506542428107, 24.691338754038124], [46.77484436849571, 24.691894928769575], [46.77451933764684, 24.69270811093035], [46.77416538489741, 24.69359272310568], [46.77377220183428, 24.694575639687546], [46.77377363474049, 24.694576124741957], [46.773798763284894, 24.694581948222133], [46.77382883164115, 24.6945813914639], [46.77386577736561, 24.6945705194581], [46.77390122756515, 24.69454218119043], [46.77391791170369, 24.694514870104328], [46.77391724755781, 24.69451249439834], [46.77425237901162, 24.693674673981228], [46.77447664738089, 24.693112045356123], [46.77453559799567, 24.69295987145442], [46.7745407688348, 24.692958086746657], [46.77488120950299, 24.692164365872912], [46.77512072775258, 24.691607654006877], [46.77525333081559, 24.691269418065183], [46.77537022178645, 24.690962505808933], [46.7754561091958, 24.690731121737592], [46.77557702525729, 24.69039708939978], [46.775656662173965, 24.690167632755355], [46.775627164827895, 24.690157990664083]]], [[[46.77293230675908, 24.69559135044747], [46.773196593263236, 24.694931621771605], [46.77321094514284, 24.694895710559813], [46.77318109562842, 24.694884856039096], [46.77315636581589, 24.694945804370885], [46.77308832766488, 24.694923587111173], [46.77307134914873, 24.694950923260958], [46.77306811991067, 24.6949586276233], [46.77303914212882, 24.695031135823978], [46.772943982252585, 24.695269245353064], [46.772800572456404, 24.695627784399967], [46.77262187823076, 24.696076192173653], [46.77239650058798, 24.69667252275475], [46.77226587018426, 24.697041335777563], [46.77211315076, 24.69749908965744], [46.772092293096364, 24.69756290745355], [46.7721150897839, 24.697569842165198], [46.772138919701206, 24.697577090603982], [46.77217638353674, 24.697483404093557], [46.77257221284835, 24.696493301024837], [46.77293230675908, 24.69559135044747]]], [[[46.7736216349624, 24.695037096435836], [46.773591959951965, 24.695026496350632], [46.77342344121189, 24.695447809858685], [46.77331163632577, 24.695727984747677], [46.77318929457082, 24.696034013854145], [46.77300394200776, 24.696497683242683], [46.77290209650423, 24.69675101004736], [46.772773596597645, 24.697073278281852], [46.77265453891576, 24.69737054656692], [46.77252756133553, 24.697689015449992], [46.772548731143075, 24.697696632012807], [46.77257010656395, 24.697704321984002], [46.772656073795204, 24.697519061963362], [46.772780899575054, 24.697247448985905], [46.77284606874595, 24.69710397709912], [46.77295382235556, 24.696862023398186], [46.77300433030946, 24.696746336925454], [46.77306038575544, 24.696617629714506], [46.773111451104135, 24.696497978475584], [46.77314629841523, 24.696416117670566], [46.773274377315055, 24.696109662357983], [46.77357986266011, 24.69535066133034], [46.77365630416777, 24.69516009442529], [46.77366389136568, 24.69513241778494], [46.77366611331375, 24.695118835042315], [46.77360025843425, 24.69509385473916], [46.7736216349624, 24.695037096435836]]], [[[46.772396412948744, 24.69835071427188], [46.77237520228048, 24.698343081020898], [46.772347506243804, 24.698402812008606], [46.77227718229442, 24.698552795550302], [46.772161462913466, 24.698800849665258], [46.77204154878077, 24.699063147146898], [46.7719659849704, 24.699230850633285], [46.77184108171211, 24.699516093561428], [46.77177533381591, 24.699670719554412], [46.77167512182373, 24.699909419852197], [46.77155675413242, 24.700184622317728], [46.77129846971951, 24.700757258896818], [46.771297858159514, 24.700758879532277], [46.77116179141285, 24.70108067795825], [46.771037371249626, 24.701376422128092], [46.770954876275134, 24.701573150967437], [46.77098105716722, 24.70158424779491], [46.77100723806372, 24.701595344617537], [46.77111008820252, 24.701392831889862], [46.771238615516644, 24.701130270843823], [46.7714069482149, 24.700775656072356], [46.77149629865218, 24.700582968547774], [46.771645924810485, 24.700248905074247], [46.77167802745979, 24.700175422126303], [46.77170599181346, 24.700110719622554], [46.77177712926351, 24.69994548638168], [46.77185054341545, 24.699770325435473], [46.77194401777972, 24.699542865792225], [46.772046334753945, 24.6992873842535], [46.77223726135757, 24.698809400148733], [46.772324241586865, 24.69859214712645], [46.772417624607534, 24.698358347508023], [46.772396412948744, 24.69835071427188]]], [[[46.771751293189304, 24.698220266542233], [46.77172704512706, 24.698213646862342], [46.77156739752501, 24.698611727912883], [46.7712941664725, 24.69929547747836], [46.77109852988808, 24.69976609190229], [46.7709729552037, 24.700055395979213], [46.77061296054375, 24.700834181867936], [46.77047714183179, 24.701112564469685], [46.77037576962708, 24.701313070358626], [46.77022444422829, 24.701606535684725], [46.77011694724668, 24.70180931396523], [46.769990649325564, 24.702042009145412], [46.76987396255014, 24.702252352436265], [46.7697759072878, 24.702425728443746], [46.76963054287502, 24.702676757896697], [46.76958630504777, 24.702750806141147], [46.769614573110154, 24.702766777516224], [46.769642600083294, 24.702782612688484], [46.76973609144303, 24.70265655095043], [46.76979549991507, 24.70257063163324], [46.769844120395405, 24.702494044245594], [46.7700741328893, 24.70208363754413], [46.770299159129856, 24.701665764009395], [46.77029984683547, 24.70166442507502], [46.77057051824949, 24.70113395828708], [46.77057089993094, 24.701133203503836], [46.77092711181074, 24.700416988299512], [46.771047880202836, 24.70014943948685], [46.771203666622434, 24.699791094330976], [46.77136092683984, 24.699405578943654], [46.77144826319497, 24.699178505328824], [46.771560354666185, 24.698870742173398], [46.77164295098811, 24.69863224181923], [46.77177554224199, 24.698226886206402], [46.771751293189304, 24.698220266542233]]], [[[46.770524593380564, 24.70234767873902], [46.77049467125802, 24.70233536830062], [46.7704688707652, 24.70238004847206], [46.77031760755758, 24.70265015610927], [46.77018257316188, 24.702886735728033], [46.770042597750695, 24.70312338888505], [46.76993963357618, 24.70329455673258], [46.76985758639488, 24.7034289172333], [46.76950955158542, 24.703977484163264], [46.769309685960735, 24.704280894755], [46.76898334379403, 24.70475794090022], [46.768796907624484, 24.70502081379202], [46.76855456596801, 24.70535989081901], [46.76828648338312, 24.70573406094179], [46.7680294960988, 24.70609387074919], [46.76769614621554, 24.706559860187067], [46.76772644537536, 24.70657795766671], [46.76775682219569, 24.706595954909673], [46.76810246088864, 24.70611302815459], [46.76834075457419, 24.705777004216134], [46.76861350814623, 24.705392215435904], [46.7688513173851, 24.70506091485044], [46.76905208957725, 24.704781983357375], [46.76918402383179, 24.704592905591156], [46.76937878183389, 24.704305737394385], [46.76956282364769, 24.704026194554373], [46.7696291738477, 24.703923776648672], [46.76973057231459, 24.703764626502053], [46.769903397498304, 24.70348846140136], [46.77003153297329, 24.7032785436739], [46.770084123386056, 24.703192223459496], [46.77025171412146, 24.702907542569914], [46.77036579943334, 24.702709912212953], [46.77053518325417, 24.702401296666928], [46.77055451649682, 24.702359989159444], [46.770524593380564, 24.70234767873902]]], [[[46.76918137877801, 24.703557210346446], [46.769156435978225, 24.703543946192767], [46.76912988640913, 24.703579798672543], [46.76907090165334, 24.70366051678364], [46.76874968220729, 24.704143909635608], [46.76857584125153, 24.70439787507905], [46.76831410033455, 24.704768309328394], [46.76826841415931, 24.70482703465952], [46.76798489988551, 24.705173487676245], [46.76795948846005, 24.705197740114894], [46.767695129444064, 24.70556785484843], [46.76747393685395, 24.705877092435166], [46.76723239829342, 24.706274197723403], [46.76677569585056, 24.706912886301517], [46.766767817503215, 24.706925263450227], [46.76679809345928, 24.706943329791887], [46.76682836942385, 24.706961396126918], [46.767314292093495, 24.706281828199934], [46.76756199902167, 24.705935921909365], [46.76850236791075, 24.704620133196894], [46.76873311053486, 24.704288478235306], [46.768893589192245, 24.704051250357814], [46.76907451001453, 24.703777326375754], [46.76920632159565, 24.703570475398372], [46.76918137877801, 24.703557210346446]]], [[[46.7672253536835, 24.707337325458653], [46.76719421323483, 24.707318732191865], [46.76718018377566, 24.70733631460283], [46.767122008121014, 24.707413292784082], [46.76695185950898, 24.707651115943303], [46.766729043011566, 24.707962051953324], [46.766618862805174, 24.708115728550148], [46.766503782177665, 24.70825729670134], [46.766327360769964, 24.708474429049602], [46.76617925718328, 24.708682032123946], [46.765991541817506, 24.70894394188786], [46.765673918458866, 24.70938411620572], [46.76576595870759, 24.709438678925252], [46.765907484393644, 24.70924138218892], [46.76615775210672, 24.708892008759587], [46.76638499624949, 24.708574825008473], [46.766514664887275, 24.7083931587175], [46.766742822003025, 24.708073909718845], [46.7669887685057, 24.707730168355887], [46.7672473718133, 24.707368668983037], [46.76725649412841, 24.70735591781572], [46.7672253536835, 24.707337325458653]]], [[[46.766238045862686, 24.70766399159489], [46.76620831775902, 24.707646234697403], [46.766101379943215, 24.707795639231453], [46.765620662416154, 24.708468391671424], [46.764891300508914, 24.709488130004665], [46.76434088439928, 24.710258282712772], [46.76408603563384, 24.710610522401275], [46.76398937238291, 24.710722434317947], [46.76396668669375, 24.710748698174566], [46.76394420426194, 24.710774727601702], [46.76397385514032, 24.710801207496278], [46.76400454823493, 24.710772529106098], [46.764010190695316, 24.710767256833936], [46.76402969960261, 24.710745892254472], [46.76417009189999, 24.71059214552495], [46.764349524536414, 24.71035979478946], [46.764727505364824, 24.70983392815576], [46.76537011115426, 24.708940255483782], [46.7658455589434, 24.708277949616125], [46.76617766674345, 24.70781370298007], [46.76626777397455, 24.707681748485978], [46.766238045862686, 24.70766399159489]]], [[[46.76126692425097, 24.712613049753084], [46.762024434912036, 24.712073788193017], [46.76179634100181, 24.71219982962154], [46.76146519319023, 24.712353328222612], [46.76099073205446, 24.712532131408445], [46.76058243582717, 24.71261435350734], [46.76059431459589, 24.712641774014177], [46.76119900181191, 24.712630737240968], [46.761202222651285, 24.712630362651442], [46.76126692425097, 24.712613049753084]]], [[[46.76566680018714, 24.709401907858304], [46.76566290677245, 24.709399578254892], [46.76554296819052, 24.70956686863082], [46.76539104940807, 24.70977919817019], [46.76516835509711, 24.710088813401285], [46.76501310265834, 24.710304883571965], [46.76484848441641, 24.710535081660446], [46.76471679674411, 24.71071736360296], [46.76462886636821, 24.710841337445228], [46.76449635373055, 24.71102656142237], [46.764468963866236, 24.711064845441285], [46.76446101869481, 24.711075951135236], [46.76426491879043, 24.711351179147606], [46.764227426459136, 24.711404251687856], [46.76419283472558, 24.711459899378657], [46.76395731974752, 24.71183231352471], [46.763894251846104, 24.711929156957698], [46.76375722598823, 24.712120408585072], [46.76375684982848, 24.712121700492272], [46.76362281510705, 24.71230935323289], [46.763396009702845, 24.712624603194314], [46.76326769287096, 24.71280910604893], [46.76336581343765, 24.71285855166378], [46.76340329192075, 24.712786694491317], [46.76344888792627, 24.712705290689627], [46.763520308987886, 24.712588425708326], [46.763606741566164, 24.71245732117694], [46.76368208291376, 24.712347653706892], [46.763811333008846, 24.712164855000886], [46.763945954862514, 24.711978567555377], [46.76405790118651, 24.711822178686955], [46.764158689640674, 24.711680813720417], [46.76436964647986, 24.711385314216425], [46.76445747311125, 24.711262351128312], [46.764557777954, 24.71112074693652], [46.76457245482421, 24.711100026899462], [46.76467458458225, 24.710958817389038], [46.76481605815984, 24.710760882953977], [46.765027357231595, 24.710467086818873], [46.765186687154234, 24.710244589913696], [46.76548123682374, 24.709834123241276], [46.76562940036287, 24.70962926657962], [46.76575469431406, 24.70945395254859], [46.765728579189, 24.709438640432698], [46.76566680018714, 24.709401907858304]]], [[[46.7639966169134, 24.710954889828024], [46.76395842835547, 24.710920062250068], [46.763810297580626, 24.711043591565712], [46.763676625614394, 24.711149312381615], [46.7634773686754, 24.711284018703413], [46.76346168030892, 24.711294624914647], [46.76329669227223, 24.71139651347774], [46.763145292454844, 24.711483964246195], [46.76292381601701, 24.711622633714256], [46.76268036967315, 24.71176827928224], [46.76251003066012, 24.71188198972061], [46.76243351466206, 24.711935743421684], [46.762154458417946, 24.71213178557232], [46.76213309813595, 24.7121467911368], [46.761860198937974, 24.71235577522785], [46.76147860821207, 24.712616429699725], [46.761557069536906, 24.712638186342097], [46.76171837670232, 24.71266652863224], [46.76182734221049, 24.71269968482416], [46.761938346870856, 24.712747095777914], [46.76218500270036, 24.712894542013075], [46.762227843718826, 24.712924099519313], [46.76228435262131, 24.712963087541933], [46.762442553196955, 24.713097293840544], [46.76246331632308, 24.713113429610683], [46.76247813411317, 24.71309256906122], [46.76332044883117, 24.711906792030245], [46.763596209628695, 24.711518580374058], [46.7639966169134, 24.710954889828024]]], [[[46.773430583633285, 24.694976919650482], [46.773367751243086, 24.6949553813463], [46.77309397193235, 24.69564125107732], [46.77294050870895, 24.696022201614582], [46.77278378671175, 24.696418958111114], [46.77259561736514, 24.696885196484473], [46.77240206524737, 24.69737319673639], [46.77223791937861, 24.697780442319946], [46.7720146673979, 24.698343828942317], [46.77189386995038, 24.698644902057495], [46.77170644788878, 24.699115777693656], [46.77153489899151, 24.699535980345928], [46.77132044247517, 24.70004910370743], [46.77094257628451, 24.70087670418797], [46.7707083024816, 24.701349122209294], [46.77054347595303, 24.701673500477245], [46.77026657507506, 24.70218718880872], [46.769920343260736, 24.70280289652651], [46.769676670628165, 24.703204915864905], [46.76941658862166, 24.703625689449616], [46.769174992856506, 24.703999140470124], [46.76869306371971, 24.70470277494684], [46.768220557699316, 24.705364750835717], [46.76777779862968, 24.70598381389234], [46.76757027112147, 24.706273855530693], [46.766988613320734, 24.707088030351855], [46.76666988249996, 24.70753349138176], [46.766295672570145, 24.708057916749617], [46.76575285901434, 24.708818630931752], [46.76522482240153, 24.7095474121441], [46.76453421280437, 24.710513467333318], [46.76424163022506, 24.710921755849824], [46.76415323191845, 24.711045111964854], [46.763533866320984, 24.711913132707807], [46.763044602848886, 24.71259259362088], [46.76281708799833, 24.712911718087764], [46.76262868975254, 24.713175963314814], [46.762679063501004, 24.713213027046834], [46.76322352551298, 24.712456438480242], [46.76383450949875, 24.711595091182026], [46.76429323662443, 24.710954237884387], [46.7647239324237, 24.71035253627702], [46.765382720348285, 24.709436239653805], [46.76584491602858, 24.708795242901783], [46.76644672027727, 24.707955420066128], [46.76681638647347, 24.707438672553995], [46.767197967753916, 24.706903763617923], [46.767677131285346, 24.706235143802683], [46.76817349875535, 24.70554014585021], [46.768541583658404, 24.705025849122848], [46.76894030217294, 24.70445625478311], [46.76914572294705, 24.70415519428718], [46.76957931447974, 24.703488378621486], [46.76979083650343, 24.703139455042823], [46.77008860484322, 24.702637819163243], [46.77031258141312, 24.70223518927359], [46.77065781637726, 24.701590530496055], [46.77096444308682, 24.700972770698915], [46.77129997106555, 24.70025891426026], [46.771629060607786, 24.69947519384844], [46.7720760546412, 24.698366704792523], [46.772542127587926, 24.697193407468244], [46.7728499268786, 24.6964253743256], [46.77311159401831, 24.695775598271723], [46.773430583633285, 24.694976919650482]]], [[[46.7593884956418, 24.71271235553251], [46.75923435252994, 24.712682666282596], [46.7592078905916, 24.71274203307615], [46.759266710303535, 24.712778625157657], [46.75938319617789, 24.71285109236029], [46.75941080030706, 24.71286826516827], [46.759869918662055, 24.713130599780765], [46.760272248483574, 24.713389629516573], [46.760434772972616, 24.713494266284588], [46.760446325747324, 24.713499491890452], [46.76047971977484, 24.713514596680906], [46.7604870260648, 24.71351790207839], [46.76051123098888, 24.713476098820713], [46.76051632944476, 24.713465861882877], [46.76059590422162, 24.713286973163534], [46.76066204743564, 24.713167236163727], [46.760722633461675, 24.713082533228196], [46.7608102898688, 24.71298176469867], [46.76088117097756, 24.712914002272417], [46.76097188555267, 24.712826321792217], [46.76110701783448, 24.712730244929954], [46.76080292064026, 24.71273330792688], [46.760610321055815, 24.712735248403767], [46.76031982805928, 24.71273817329633], [46.75996206079206, 24.712735809879625], [46.75957267341538, 24.712732504708566], [46.7593884956418, 24.71271235553251]]], [[[46.76126552405285, 24.712894423153315], [46.76145213061396, 24.71286547530379], [46.761545845730254, 24.712867623155713], [46.76162116097718, 24.712880167764386], [46.76175137723515, 24.712920634084277], [46.76184921490835, 24.712973747860705], [46.76204265290313, 24.71316822577526], [46.762055804194674, 24.71318750903141], [46.76210519340613, 24.71329947711461], [46.76211107479721, 24.713345135376695], [46.762107151744196, 24.713518934065572], [46.76210163458854, 24.713569130418588], [46.76208063443493, 24.713644968545374], [46.762055811870454, 24.71371264634862], [46.762059772385854, 24.71371187391491], [46.76207046541571, 24.713700959961415], [46.762272869262034, 24.71338821687323], [46.76236434576717, 24.713249762192902], [46.762380785266174, 24.713224881102235], [46.76238360436589, 24.713220613543204], [46.762315630219916, 24.713160098769375], [46.76223931170912, 24.713094642217662], [46.76215932691535, 24.713030069265315], [46.76211461783132, 24.7130003729785], [46.76208444063581, 24.712980329111065], [46.76189850826949, 24.712868801300502], [46.761882921176294, 24.71285945467405], [46.76181077581776, 24.71282922557561], [46.761651765564864, 24.71276810049716], [46.76157338688799, 24.71275222239134], [46.76145913065265, 24.71273508627938], [46.76138091649623, 24.712730965045527], [46.761321173067955, 24.71273250721815], [46.76128916177217, 24.712744641142155], [46.76122451657575, 24.712789916007324], [46.76114262790748, 24.71285135145599], [46.761065253686645, 24.71290685440131], [46.76101166258548, 24.71295367871349], [46.76097539860538, 24.71299021998709], [46.76091829565299, 24.713048844410284], [46.760847699236216, 24.713128625155193], [46.76080362051722, 24.713198015872713], [46.76076120460194, 24.713254787582052], [46.76071379119663, 24.713348574003863], [46.76067954614576, 24.713416787476895], [46.76067264771531, 24.713430528801936], [46.76063782241339, 24.713504010070693], [46.76061124695257, 24.71357571425669], [46.76060067504715, 24.713608595191506], [46.76061188493539, 24.7136210621717], [46.760652191491324, 24.713642883442212], [46.76086472703104, 24.713770370970053], [46.7608949481347, 24.713742045405397], [46.76085440146744, 24.71367028958541], [46.760833041883096, 24.713589909138197], [46.76081956424407, 24.713500075249367], [46.760819135961135, 24.71345579747903], [46.760820889942785, 24.713412213670967], [46.76082259069541, 24.713369974853016], [46.760845371604574, 24.713289915835656], [46.760892642098526, 24.713186051474583], [46.760938357427214, 24.71312086692384], [46.76115668198196, 24.712942946355653], [46.76126552405285, 24.712894423153315]]], [[[46.76038559325801, 24.71381017896201], [46.76027227752589, 24.71372919750503], [46.76025270191944, 24.713775622332083], [46.76030756847429, 24.71383214595739], [46.760305411634185, 24.71383389213246], [46.76036658470381, 24.713896912762454], [46.76036729430896, 24.71389367578942], [46.76038559325801, 24.71381017896201]]], [[[46.76160452163701, 24.713984269228266], [46.76161297383075, 24.713972358680152], [46.76162484111939, 24.713983349799108], [46.76162749899104, 24.713985811388174], [46.76169938801593, 24.71392104508217], [46.761752368211646, 24.713970112782214], [46.7618455510366, 24.713960440044396], [46.76190998345789, 24.713842883191433], [46.761979774390504, 24.713697703432736], [46.762030945916116, 24.713556679787498], [46.762044899300804, 24.71342527913028], [46.76202029116202, 24.71331008107187], [46.76198316044487, 24.713223901011418], [46.761978650210054, 24.71321756984479], [46.76193562817015, 24.713157186096975], [46.761908107064514, 24.71311855803411], [46.76189228955178, 24.71309635732996], [46.761820670701795, 24.71305046007119], [46.761640075041996, 24.712961911246936], [46.7616029135398, 24.712951459184193], [46.7614834298758, 24.71293449013264], [46.761383007656555, 24.712944856163812], [46.761282788547454, 24.712969655643345], [46.761205627540356, 24.712999433547502], [46.76112154155068, 24.713047666021254], [46.761036388874224, 24.71312215815014], [46.76099399664052, 24.713172525623825], [46.760956246400085, 24.713246461132442], [46.76093961891478, 24.71328996406211], [46.76092483831127, 24.713322057475377], [46.76090610224092, 24.71343669567363], [46.76090452306529, 24.713450483801797], [46.76091417638875, 24.713523862733137], [46.76094565221636, 24.713616671498794], [46.7610134468339, 24.713737924710934], [46.76110094501202, 24.7138300747205], [46.76122441033084, 24.71392573969817], [46.76136923774325, 24.71400803055191], [46.76150984895454, 24.714096931891277], [46.76155406504063, 24.71407410187965], [46.76156485441493, 24.714024105444985], [46.76160452163701, 24.713984269228266]]], [[[46.76190671883712, 24.714348557071602], [46.76191050651431, 24.71434336986015], [46.761912370832846, 24.7143445063329], [46.76191202396069, 24.71434366803571], [46.76236924129871, 24.713653892538915], [46.76246695111001, 24.713506483076998], [46.76253513792044, 24.71340361299513], [46.76248189612653, 24.713344605403872], [46.762410640736924, 24.713442872605953], [46.762305290753154, 24.713601173673553], [46.76216576314121, 24.713813630971057], [46.76184821436259, 24.714312908598444], [46.76187866045594, 24.714331460515876], [46.76189457288668, 24.714341155428077], [46.76190671883712, 24.714348557071602]]], [[[46.76288560084539, 24.713952155969803], [46.762863185545285, 24.713890738493415], [46.76284626193605, 24.71391324718146], [46.76281987546462, 24.713977862903942], [46.76281945515695, 24.714050047296773], [46.76282371424993, 24.714148424745783], [46.76284987213958, 24.714271479183093], [46.762892144328255, 24.714416653961635], [46.76294496616494, 24.714494775419432], [46.7629690530244, 24.71453858272843], [46.762995539968834, 24.71458675515398], [46.76302174594195, 24.71463441624431], [46.763054660931346, 24.714632595562215], [46.76305425419328, 24.714626456355973], [46.7630545741806, 24.71462643814849], [46.76305430969338, 24.71460766530346], [46.763046017946635, 24.714529020419697], [46.76303931102733, 24.71446085720933], [46.763026820510326, 24.714390136458622], [46.76299648308877, 24.714276317832947], [46.76296163267983, 24.714148116357332], [46.76293752259888, 24.714068345539665], [46.76288560084539, 24.713952155969803]]], [[[46.762405356041974, 24.71465761543366], [46.76240812011912, 24.714656737871334], [46.762411001639144, 24.714657040777734], [46.76247694912854, 24.71462552778626], [46.762514275059075, 24.714599051441652], [46.76250204037553, 24.71457903788417], [46.76245882794203, 24.71451403209666], [46.76245797638432, 24.71445356918006], [46.76246071909665, 24.71444310435581], [46.762510336959174, 24.714301408137032], [46.76255455296971, 24.71419458079295], [46.76257130792653, 24.71407847692034], [46.762585717654204, 24.71399179605212], [46.762590110349805, 24.713911952922704], [46.76262667905939, 24.713831731646067], [46.76265882885923, 24.713764160859743], [46.7626699027087, 24.71374148168411], [46.76270563598099, 24.713658162551972], [46.762714041268985, 24.713636685751712], [46.76263221423301, 24.713506621117403], [46.76257738860568, 24.713596295960272], [46.76250615261637, 24.713715454350137], [46.762460988982845, 24.713786640522272], [46.7624290581901, 24.71383657395729], [46.762315141137265, 24.714039491422948], [46.762211065390346, 24.7142229745971], [46.76211050007308, 24.714394658464606], [46.76207354066815, 24.714447167197967], [46.762356182229155, 24.71464234711935], [46.76239784749292, 24.714638342654766], [46.76240012555463, 24.71465811839936], [46.762405356041974, 24.71465761543366]]], [[[46.762699284410964, 24.714090411079084], [46.7626876129594, 24.714045192885965], [46.762660975913306, 24.714047186179222], [46.76264067135827, 24.714107058073665], [46.76262392929005, 24.714224002365796], [46.7625847678953, 24.714316013013143], [46.76255205271366, 24.71440878755783], [46.7625492625642, 24.71447181406658], [46.76256019138159, 24.714529639559206], [46.76260778726678, 24.714579474438995], [46.76264300654175, 24.71459921875561], [46.7626837530394, 24.714619737764348], [46.762729837487534, 24.714627594556912], [46.76277980130242, 24.714649685431798], [46.762813665740026, 24.71466797215689], [46.76286310984029, 24.714689021789287], [46.76286104215239, 24.71468509696753], [46.762830946020436, 24.71462797531989], [46.7628046248729, 24.71456701094539], [46.76276865316662, 24.714445717775163], [46.76273005801555, 24.714316825323287], [46.762718655987705, 24.714225408938027], [46.762699284410964, 24.714090411079084]]], [[[46.76263854290886, 24.714674022927184], [46.762562767360855, 24.71464719647337], [46.76252059572928, 24.714656091428324], [46.76249801428051, 24.71468491348914], [46.76250290728693, 24.714705853892305], [46.762520752997546, 24.714732521523292], [46.7625440559491, 24.714754924893825], [46.762560027065604, 24.714779094657015], [46.762637231387856, 24.714842020675547], [46.762874597869526, 24.71500775115059], [46.762960089550575, 24.715064940285963], [46.763015732768466, 24.715101607855132], [46.76304655673494, 24.714983354071617], [46.762960991968264, 24.714849133509507], [46.76294964375587, 24.714841044528676], [46.76285805027659, 24.714775749864838], [46.76282074076836, 24.714749153058307], [46.76263854290886, 24.714674022927184]]], [[[46.76057292166125, 24.714491142473804], [46.76048234357145, 24.71428222834021], [46.76047813005554, 24.71439120389779], [46.76049021597579, 24.71453542194626], [46.76051697989176, 24.714701777471813], [46.76055204955574, 24.714845725702748], [46.76059905371607, 24.715021030242955], [46.760651046764636, 24.715142469081165], [46.7607115671305, 24.71525724666672], [46.76072380169769, 24.71528007641392], [46.76073674330081, 24.71527040467213], [46.760734070809505, 24.71522286051143], [46.76072251675571, 24.715014331552368], [46.76068829197408, 24.71482837761852], [46.76063731133679, 24.714676742333427], [46.76057292166125, 24.714491142473804]]], [[[46.76323212974825, 24.7151798412286], [46.763165911336415, 24.715114756747663], [46.76315478936698, 24.715194420762234], [46.76324373533381, 24.715249402239923], [46.763237313210894, 24.71525807120152], [46.763363575645855, 24.715336119917385], [46.7633932906914, 24.715320857928045], [46.76323212974825, 24.7151798412286]]], [[[46.7613021936572, 24.714454547593057], [46.76052311981818, 24.713912713714958], [46.76049415469544, 24.714075996406216], [46.76056751641439, 24.714192722515836], [46.760545581910996, 24.714202219015107], [46.76061837914961, 24.71434414976547], [46.76072327360942, 24.714545336946937], [46.76080126100646, 24.714794714331653], [46.7608388069835, 24.714979894307678], [46.760848393238064, 24.715073011532045], [46.76083996113597, 24.71525789166073], [46.76083203449031, 24.7154133676851], [46.76083149257317, 24.71544025141675], [46.7609176280836, 24.715556647636888], [46.760934450070735, 24.71552687769892], [46.76100307702393, 24.71534920617735], [46.76112583545037, 24.71512098863505], [46.761295111515075, 24.71480067427128], [46.761148780705916, 24.71472596072934], [46.761155497026095, 24.714680527372757], [46.76118440786845, 24.714644071490508], [46.7613021936572, 24.714454547593057]]], [[[46.76168984478861, 24.714718061239132], [46.76162679572119, 24.714670422764026], [46.76145494153425, 24.714961639538068], [46.761410205806, 24.715044408665094], [46.761330387289235, 24.715185107677446], [46.76108109993412, 24.715646042890935], [46.761047394887264, 24.71571318021264], [46.76107699160639, 24.715745878399485], [46.761102785073966, 24.71577437416818], [46.76110439854321, 24.71577615643525], [46.761118603117836, 24.71574434514104], [46.76118416985246, 24.71562545976165], [46.76137972394828, 24.715261934400857], [46.761545680514246, 24.71496971165859], [46.76165127867113, 24.714779256247635], [46.76168984478861, 24.714718061239132]]], [[[46.76050243472716, 24.715812043561215], [46.760498403654935, 24.71542379416761], [46.76051422326525, 24.715424921226862], [46.76060361773325, 24.715447494342712], [46.76066107662539, 24.71544681978663], [46.760597406440894, 24.715312394009377], [46.760535468674284, 24.71519894487608], [46.7604998665497, 24.715119309425027], [46.760450008098175, 24.714945350218322], [46.76037456637908, 24.714689013262305], [46.760350453977686, 24.7145068779129], [46.760295074656476, 24.714451096174887], [46.76022545677039, 24.71430230408965], [46.76017075202833, 24.714210778093125], [46.76011266960806, 24.714113602761493], [46.76010627943673, 24.714102911093697], [46.75992568275587, 24.71382680993907], [46.75980722600903, 24.713678590703864], [46.75964687356027, 24.713513802373743], [46.75956676107949, 24.71343600071383], [46.75953420303063, 24.71347050375432], [46.759792033977824, 24.71372207668076], [46.7600249887353, 24.71404349683876], [46.760126633676855, 24.71422209774581], [46.76021249536507, 24.714402195672776], [46.76021554830329, 24.71441004817003], [46.760370102127965, 24.71488113745983], [46.76038993502292, 24.71496442866221], [46.76043977885917, 24.715239439367227], [46.7604565797727, 24.715412473855164], [46.76045165324756, 24.715675004315965], [46.760449574527414, 24.715820991199813], [46.76050213300201, 24.71582691908582], [46.76050013907109, 24.715819029788967], [46.760500715772444, 24.715813160720398], [46.76050243472716, 24.715812043561215]]], [[[46.7624175188875, 24.71515157741634], [46.76201701190416, 24.71492662015741], [46.76198032608715, 24.7149934477909], [46.76192070819117, 24.715102049490618], [46.76175363497377, 24.715034293054476], [46.761711336494656, 24.715059396593258], [46.76159086234442, 24.71527201964993], [46.76155648001948, 24.715381103067042], [46.76152241512816, 24.715512739906274], [46.76152616023898, 24.715619325072197], [46.761533962076165, 24.71569510471519], [46.76156889979728, 24.715784918446843], [46.761676382515674, 24.715925144624364], [46.761819113764844, 24.716017794615908], [46.76194325447362, 24.71606554947655], [46.76213878563024, 24.716081706636697], [46.762256047194924, 24.71605795037558], [46.76233238683542, 24.716037957730872], [46.7623558091862, 24.716029943136206], [46.76241825100044, 24.71600050188089], [46.7624553218113, 24.715971533019435], [46.76245653969269, 24.715962771762424], [46.7625046892569, 24.71592156438398], [46.76259748593318, 24.715815895058327], [46.76264116238965, 24.715729258451226], [46.76266138379471, 24.715571127066372], [46.762650788263684, 24.71545641996837], [46.76259515912294, 24.7153319892264], [46.762531187171106, 24.715252768999605], [46.7624175188875, 24.71515157741634]]], [[[46.76241880443766, 24.71626843103578], [46.762567789203864, 24.716102772405872], [46.76258552800738, 24.7160826088276], [46.7626979181286, 24.71593364707175], [46.76282734028867, 24.715718867613415], [46.76284185169147, 24.715689223052784], [46.76290748065985, 24.71553902494753], [46.76293572353831, 24.71544486825882], [46.76294190768395, 24.715405835189333], [46.76267788167101, 24.715249844105937], [46.76264784092882, 24.715232095666995], [46.76269619001926, 24.715332852194113], [46.762743274230644, 24.715488142092468], [46.76273492631496, 24.715612842631238], [46.762657132989744, 24.71587575359655], [46.76265452211806, 24.715880843028764], [46.76257274688782, 24.715972028224353], [46.76244605119737, 24.716061691796142], [46.76236151161833, 24.716116000301565], [46.76217570839629, 24.716153043240112], [46.76202757082238, 24.716154783834966], [46.76185195180247, 24.716117885855102], [46.76171172454301, 24.71604366283325], [46.76161414259624, 24.7159689378406], [46.761534257591116, 24.71587555036996], [46.76153176264262, 24.715870762895637], [46.76148917982244, 24.715789045551777], [46.76146734900124, 24.71574715085311], [46.76143612076812, 24.715601927187315], [46.7614417291718, 24.715521889220778], [46.76145663231505, 24.71546429924232], [46.76142506559446, 24.715454417074472], [46.76130810046464, 24.715708681247904], [46.76123222736416, 24.71587361822132], [46.76122684793493, 24.715885312996207], [46.76129055971981, 24.715946081405537], [46.761383565240216, 24.716014708252676], [46.761462901877344, 24.71606914185326], [46.761558094176884, 24.716133641186456], [46.76171860901218, 24.716213778142908], [46.76180695309404, 24.71627015613825], [46.76193555385317, 24.716315808192594], [46.76213638349873, 24.71638931981009], [46.76215261298986, 24.71639462664782], [46.762237932019644, 24.71642252386857], [46.76225140199158, 24.716426928657864], [46.76234888905522, 24.716335558981513], [46.76241880443766, 24.71626843103578]]], [[[46.76335152421992, 24.712861356025737], [46.76324008573771, 24.712803609845214], [46.76322170795672, 24.712824823803597], [46.763128898684364, 24.712967650042067], [46.76304500910359, 24.71312707797209], [46.76295095012473, 24.713305830216477], [46.762924611724394, 24.713355884902754], [46.76289012455892, 24.713457342414884], [46.762866979673454, 24.713548167198567], [46.76285760828347, 24.713596835176972], [46.7628636136336, 24.713615136967586], [46.76290626886618, 24.71368550318215], [46.76295045248277, 24.713762413430768], [46.76300634720758, 24.713878506621512], [46.763087159747535, 24.71410454020998], [46.76311320121473, 24.714198828914434], [46.76314331686624, 24.714296901468604], [46.7631409237374, 24.714331051531953], [46.76317002875246, 24.714459320497877], [46.76318185894047, 24.714585167921484], [46.76318416661232, 24.71461664712286], [46.76319313979378, 24.71474147358573], [46.76319483542079, 24.7147923679392], [46.76319296095698, 24.714863257551755], [46.76318976050993, 24.71494203662691], [46.763182833947766, 24.714999924808666], [46.763192140331974, 24.7150089397364], [46.76325192232789, 24.715071229679026], [46.76332190871233, 24.715143899016258], [46.76338664319233, 24.71521225027794], [46.76361724759409, 24.715405749826246], [46.763641944398024, 24.715424917910443], [46.76375504431727, 24.715498392769828], [46.76402732103647, 24.715652673207643], [46.76432018937506, 24.715840832777687], [46.76437847663185, 24.715877730528764], [46.76478684840065, 24.7161297241241], [46.76491872939763, 24.716207811859164], [46.76509611907919, 24.716341374751153], [46.76514526340529, 24.716378377083892], [46.765312233962405, 24.71649823137615], [46.76534932466074, 24.716452637176218], [46.76511820832796, 24.716295763055214], [46.76505586084839, 24.716253442952862], [46.76489961913611, 24.716157694023448], [46.76465950514821, 24.716010547743235], [46.76444862865219, 24.7158813165668], [46.76441018657187, 24.71585709089003], [46.76414166644304, 24.715678098972134], [46.76409759722775, 24.715643972694814], [46.7640018090223, 24.71557554373237], [46.763940792961435, 24.715527704517026], [46.763837527403176, 24.715438366397272], [46.76378212767218, 24.71538127351791], [46.76374691449512, 24.71533877816117], [46.76358396388097, 24.71515440212077], [46.76353085687449, 24.715086323217303], [46.76344718403959, 24.71496000785557], [46.7633956136969, 24.714868748764168], [46.76336948084426, 24.714814436395926], [46.76326400922461, 24.71457456583421], [46.76325614852913, 24.71455542274199], [46.76322151961081, 24.714442966490942], [46.76319871579534, 24.71435399373223], [46.76316839672375, 24.71424148769553], [46.763156423310384, 24.7141645383398], [46.76313444688902, 24.71393364370854], [46.76312310489696, 24.713780068997103], [46.763131329039524, 24.713650048407235], [46.76314852479526, 24.713544857639462], [46.76315769580609, 24.713486675818643], [46.76319603176634, 24.71328610537067], [46.763233271824724, 24.713135717232436], [46.76326499678216, 24.713042166905907], [46.763309447343374, 24.712934031072084], [46.76335152421992, 24.712861356025737]]], [[[46.76473662663049, 24.71651741131141], [46.76454759043083, 24.716404030392795], [46.763068783523615, 24.71548841654151], [46.76305359227665, 24.715525505098594], [46.76294074947225, 24.715801607354454], [46.76276295921104, 24.7160887258799], [46.762555211095496, 24.71632083000563], [46.76241792868867, 24.716455730480583], [46.76243827307255, 24.716465744311108], [46.762559794673265, 24.716486872358185], [46.763128233424894, 24.71652120117364], [46.76359707573888, 24.71649723381321], [46.76432628006011, 24.716470201207045], [46.764681924146586, 24.716537786184603], [46.76474823491833, 24.716566558388788], [46.76480208553465, 24.716589924586888], [46.76481248124899, 24.71656290776752], [46.764789034234504, 24.716548844422416], [46.76473662663049, 24.71651741131141]]], [[[46.76299541336217, 24.716647765018056], [46.76299366214871, 24.716625475847334], [46.76279833708517, 24.71663039658039], [46.7625479449303, 24.716601843248927], [46.76233339028648, 24.716567618199107], [46.76229296585233, 24.716553657354467], [46.76185158967806, 24.716838376416433], [46.76183038863542, 24.71685077894451], [46.761852096949895, 24.7168628200105], [46.76185656693349, 24.716865300028275], [46.761941234252106, 24.716846053900476], [46.76299541336217, 24.716647765018056]]], [[[46.76010400858149, 24.716554991581617], [46.760099251849034, 24.71655313333707], [46.7600817063459, 24.71659733223511], [46.76002800343442, 24.716723336077923], [46.75998705107848, 24.71681420155776], [46.75993017336058, 24.716933472952185], [46.759848776812596, 24.717092113453983], [46.75986739640838, 24.717099534085424], [46.7598766538956, 24.717101422582168], [46.75988640969449, 24.717099385895782], [46.75989539104324, 24.717096329031822], [46.759905186294276, 24.717092107852103], [46.75991264661737, 24.71708491656351], [46.75997720679828, 24.71695238763801], [46.760034372499575, 24.71683251154], [46.760075711082536, 24.716740787405943], [46.760134416312205, 24.716603045382048], [46.76013407761185, 24.716587891166142], [46.76012995297496, 24.71657559832227], [46.76012405083774, 24.71656693689537], [46.760116227887714, 24.716560221113603], [46.76010400858149, 24.716554991581617]]], [[[46.76118863921041, 24.716041604195144], [46.76115672608792, 24.716007119384443], [46.760636900864114, 24.717034404099618], [46.76039691527204, 24.717522847755436], [46.760383076152166, 24.717551012546846], [46.760374581683685, 24.71756830279773], [46.7603898220928, 24.717582338587356], [46.76042856652639, 24.717618020002593], [46.76043643858835, 24.717625269682657], [46.76049390255028, 24.717561027125953], [46.76059582379435, 24.71746550474029], [46.7607423185241, 24.7173469026954], [46.76085782190777, 24.717259423194946], [46.76120280816695, 24.717048264908666], [46.76136547498673, 24.716962281542678], [46.761659702688135, 24.716813235063128], [46.76192454821507, 24.716650179513543], [46.762053719203735, 24.71657689229866], [46.76212913753211, 24.71651243910821], [46.76203227673753, 24.716488969652666], [46.761890093306086, 24.716435275653215], [46.761786153204405, 24.716387282551064], [46.76161240203656, 24.716323706202452], [46.76147439111315, 24.716247405622504], [46.76138397601331, 24.71620335507685], [46.76126132936719, 24.716102267173113], [46.76118863921041, 24.716041604195144]]], [[[46.759362959283415, 24.71817054693998], [46.759316270471565, 24.71815093283122], [46.75931600794625, 24.718151453252542], [46.75905447762373, 24.718670866840174], [46.7590697370979, 24.718677189367316], [46.759104647526534, 24.718683565776203], [46.759362959283415, 24.71817054693998]]], [[[46.7590670743844, 24.718758189495457], [46.759020412322954, 24.718738522623518], [46.758389643407234, 24.719987197687644], [46.75843630584888, 24.720006863829738], [46.7590670743844, 24.718758189495457]]], [[[46.75838358637824, 24.72011091783096], [46.758319384399485, 24.720082712196636], [46.7580581588226, 24.720601502246286], [46.7581248530036, 24.72062373520303], [46.75838358637824, 24.72011091783096]]], [[[46.75924777650037, 24.720032861700922], [46.759229303164254, 24.720025116974142], [46.759101003007956, 24.720251604210308], [46.75899392790631, 24.720436994075527], [46.75890066709721, 24.720602834624923], [46.75879283740979, 24.720792877550668], [46.7587539781529, 24.720860443253862], [46.758663182718664, 24.72104152580669], [46.758619900155594, 24.721129426208343], [46.75863791576706, 24.721137789417124], [46.75865593235645, 24.72114615170929], [46.758679536445236, 24.7211037291535], [46.75884130986902, 24.720838612390676], [46.75888316787068, 24.720761261459252], [46.759081427089804, 24.720363899191373], [46.75924777650037, 24.720032861700922]]], [[[46.75934042756989, 24.718699413170125], [46.75923621375473, 24.71865557835062], [46.75914191096828, 24.718842179967133], [46.75893871421429, 24.719245197047584], [46.758873724867, 24.719447401970772], [46.75886430286232, 24.719471508819236], [46.75802267774819, 24.72111895993131], [46.75774329560837, 24.721679235946933], [46.757668714577484, 24.72183468516466], [46.75764240484074, 24.72189344773872], [46.75752294296648, 24.722177562956084], [46.75750766977059, 24.722214474124815], [46.75753297334277, 24.722224165923173], [46.75755827690595, 24.722233856814334], [46.75934042756989, 24.718699413170125]]], [[[46.757162888761144, 24.722821337941312], [46.757137366155845, 24.72281069703259], [46.75695127752307, 24.723183093782005], [46.75667382272953, 24.723737655636565], [46.75648017783558, 24.724125915265372], [46.75626481582341, 24.724553887873846], [46.756255415020966, 24.72457259429945], [46.75628854941854, 24.72458845412149], [46.75632168283584, 24.724604313947268], [46.7563800005699, 24.724513566416192], [46.75639039834712, 24.724495958828097], [46.75661070945101, 24.72410967563883], [46.75678104045384, 24.72377700845465], [46.756861345683234, 24.723618656645105], [46.75686984746531, 24.72360105228417], [46.757023631196375, 24.723229198504825], [46.75718841135787, 24.722831977942715], [46.757162888761144, 24.722821337941312]]], [[[46.75830470197216, 24.721956323776958], [46.75827901146248, 24.721945545083173], [46.758044978557095, 24.722366881617884], [46.75789731643858, 24.722632308903556], [46.757782004188336, 24.722843407953153], [46.757641692645635, 24.72311751295223], [46.75747986775824, 24.723440126313008], [46.7573368418944, 24.72372241574832], [46.75718875680313, 24.724016839269773], [46.75705898171846, 24.724275512242954], [46.756990341397184, 24.724411126047766], [46.75695020897863, 24.72450142414403], [46.75688448287123, 24.724657825620493], [46.75686823761123, 24.724702342119283], [46.7568217026898, 24.724826922041064], [46.75685773219303, 24.724839803565256], [46.7568937617032, 24.724852685080368], [46.75695366369067, 24.724734705536402], [46.75705176203598, 24.724538074930177], [46.75716160928618, 24.724319494270226], [46.75729478451694, 24.724057299016774], [46.75744207175652, 24.723763794840142], [46.75757951230383, 24.72349204311197], [46.757745772830056, 24.723161449600802], [46.75788541352617, 24.722884497521093], [46.75799053554854, 24.72267558453338], [46.75812976341611, 24.722399715117525], [46.758135889280744, 24.72238693727699], [46.758146374390236, 24.722365937398134], [46.75825464608793, 24.72213327177827], [46.75833039148507, 24.72196710157496], [46.75830470197216, 24.721956323776958]]], [[[46.75598240091121, 24.725349741370504], [46.75594516968025, 24.725334068512584], [46.755786316352854, 24.725571702141124], [46.755731924817255, 24.725653280042167], [46.7557270531693, 24.725657410818556], [46.75566379693288, 24.72574499002188], [46.75547997567625, 24.726088097694493], [46.75534378878388, 24.726341640329274], [46.75518484253311, 24.726639453140457], [46.755073542028434, 24.72685022982921], [46.7552358529199, 24.7269190537325], [46.75529070267683, 24.726810831593138], [46.75552020382706, 24.726356852827017], [46.75558764089173, 24.72622160220724], [46.75570767386201, 24.72598395749267], [46.75588192960469, 24.725637818726256], [46.75595277352321, 24.725496741604076], [46.756019142900776, 24.725365206872873], [46.75598240091121, 24.725349741370504]]], [[[46.75961777086207, 24.718739527221008], [46.75971377461831, 24.718540884640483], [46.759977380748566, 24.717996888655932], [46.76003524867551, 24.71788361959725], [46.7601858864371, 24.717588764627465], [46.760982452708845, 24.716011097088835], [46.761036882018296, 24.71590617442452], [46.7609598834147, 24.71582913520432], [46.75996454786371, 24.717856486760596], [46.75961932801273, 24.718559631277454], [46.759572879319514, 24.718656766545166], [46.75956551369968, 24.718715329693524], [46.75955958099191, 24.718712582369864], [46.75941927985649, 24.718991355580943], [46.759187873963484, 24.719451131162984], [46.758951226804655, 24.71992082810031], [46.758739912456406, 24.72033859367448], [46.75851918692386, 24.72077768487196], [46.758285686054435, 24.72124005517849], [46.75804510323616, 24.721718395912436], [46.75782772386767, 24.72214854385045], [46.75763550041346, 24.72252886457892], [46.757351525089064, 24.723092435109812], [46.757133088642696, 24.723527802290366], [46.756915280228654, 24.72395808864023], [46.75670540002284, 24.724374649470334], [46.756471584173774, 24.724838793349683], [46.75622223080511, 24.72533210268211], [46.75601604723486, 24.72574127547479], [46.755784819471494, 24.726199721736137], [46.75555829089638, 24.726650383236958], [46.75539955192734, 24.72696971271252], [46.75539877971166, 24.726971248498717], [46.75546061343899, 24.72699587150714], [46.75562377258564, 24.72667391614419], [46.755849700165214, 24.726226016233056], [46.7560720275928, 24.7257848402981], [46.75628512088883, 24.72536217082649], [46.75653298264075, 24.724870425481978], [46.75676812401868, 24.724403547459012], [46.75697189121047, 24.72400070498317], [46.75719003304992, 24.723566368914458], [46.75739743708907, 24.723154861861914], [46.75770007172108, 24.722555414780963], [46.757896545292596, 24.722166503051135], [46.75810923878288, 24.721745193032074], [46.75834695627481, 24.72127250884579], [46.758580538552714, 24.720810317168095], [46.758808574809876, 24.720358379955567], [46.75901756612923, 24.71994202292723], [46.759258063173895, 24.719463265627358], [46.75948464176745, 24.71901680966641], [46.75962283699319, 24.7187418730047], [46.75961777086207, 24.718739527221008]]], [[[46.75644353172304, 24.725501452685805], [46.75640715238017, 24.72548844786394], [46.7563260491078, 24.72564886374068], [46.75618866828571, 24.72592091984227], [46.756096242889996, 24.726104195146085], [46.75597504729013, 24.726345654819152], [46.75597314588139, 24.726347096392747], [46.75590912050872, 24.726473475388072], [46.755770211771484, 24.72675025297853], [46.75560606180691, 24.727074275911704], [46.755766668808306, 24.727141461505756], [46.7557679200304, 24.727142149280894], [46.75577261211766, 24.727143742960692], [46.755774408164086, 24.727140639546345], [46.75578529483565, 24.727118053288258], [46.75578608401445, 24.727116810732607], [46.75578993597007, 24.72710721602056], [46.755869487032626, 24.72693822420169], [46.75599516495229, 24.7266716106537], [46.756097904459835, 24.726454440226284], [46.75623314126005, 24.726167411822182], [46.75631122783056, 24.72600205292995], [46.75634764334372, 24.72589316791143], [46.75634732488413, 24.725891044493064], [46.756389843124595, 24.725769052413604], [46.756459290822406, 24.725572653053824], [46.75647991107298, 24.725514457498377], [46.75644353172304, 24.725501452685805]]], [[[46.75511613990602, 24.72716398139725], [46.75494674260693, 24.727092655428066], [46.75493363564744, 24.72712165629452], [46.75493228135311, 24.727123062559706], [46.75445749808013, 24.72813503688536], [46.754457415449956, 24.728138377549957], [46.75429450200749, 24.72856183261897], [46.754219924045415, 24.728768170306655], [46.7542567695114, 24.728781368798735], [46.754293614984654, 24.72879456728129], [46.75508894377421, 24.727221229927682], [46.75510776850623, 24.727180695727032], [46.75511613990602, 24.72716398139725]]], [[[46.7556473907423, 24.727387664720712], [46.755484942648934, 24.727319266354115], [46.754694120102755, 24.728886471159445], [46.75472945041689, 24.728903909061827], [46.75476478171618, 24.728921346041005], [46.7549818903874, 24.728592274484757], [46.75507817292697, 24.72844489675847], [46.7550885220951, 24.72842738371382], [46.75510034023584, 24.728405435753448], [46.75510262335592, 24.728403790187517], [46.755298447864156, 24.728044103880798], [46.75563274773995, 24.727418071332753], [46.755633338478006, 24.727415508404906], [46.7556473907423, 24.727387664720712]]], [[[46.753625896960195, 24.729506349804794], [46.75361283579739, 24.729500869617702], [46.753421196010876, 24.729879543737773], [46.75337131041992, 24.729981323059615], [46.75338817217038, 24.7299869186192], [46.75338917217882, 24.729987314114734], [46.753390181754526, 24.729987686926734], [46.753391200897504, 24.72998803705518], [46.75339222861937, 24.729988364511676], [46.75339326590851, 24.72998866928461], [46.753394310788174, 24.729988951397118], [46.75339536224468, 24.729989209055354], [46.753396420303346, 24.729989444064728], [46.75339748495149, 24.729989655522512], [46.75339855421242, 24.729989843451843], [46.753399629061796, 24.729990006938454], [46.75340070752292, 24.729990146005463], [46.75340178863271, 24.729990262469844], [46.75340287334157, 24.729990353611885], [46.75340396068644, 24.729990421248605], [46.753405048677934, 24.729990464500407], [46.75340613731605, 24.729990483367263], [46.75340722661343, 24.72999047875191], [46.75340831456803, 24.729990448872027], [46.753409402193526, 24.7299903955215], [46.75341048848891, 24.729990317809175], [46.75341157147742, 24.729990215758132], [46.753412652160094, 24.729990090259594], [46.753413728547535, 24.729989940433907], [46.753414801628104, 24.72998976626955], [46.753415868462014, 24.72998956960661], [46.753416930988024, 24.729989347713833], [46.753417986279004, 24.729989103334056], [46.753419035298, 24.729988834650264], [46.75342007609361, 24.729988543491032], [46.75342110964151, 24.72998822894206], [46.753422133977644, 24.72998789192921], [46.75342315007772, 24.7299875315382], [46.75342415500193, 24.72998714960914], [46.753425149713344, 24.729986744325036], [46.75342613424992, 24.729986318394037], [46.75342710659696, 24.72998586913113], [46.75342806580405, 24.729985399255995], [46.75342901285958, 24.729984908757103], [46.75342994676251, 24.72998439674328], [46.75343086653712, 24.729983864128833], [46.753431772183426, 24.729983310913713], [46.75343266272571, 24.729982738012236], [46.7534335371756, 24.729982145435944], [46.75343439652146, 24.72998153317329], [46.75343523782352, 24.72998090306439], [46.75343606402154, 24.729980253269122], [46.75343687118738, 24.729979585639164], [46.75343766131043, 24.7299789010541], [46.753438432401296, 24.72997819863435], [46.753439184459964, 24.72997747837991], [46.75343991653606, 24.72997674301051], [46.75344062959263, 24.72997599070913], [46.75344132266662, 24.72997522329277], [46.75344199475698, 24.729974439870286], [46.75344264490069, 24.729973642258656], [46.75344327507447, 24.729972830434782], [46.753443882325875, 24.72997200533603], [46.753444467630615, 24.729971166048156], [46.753445031026665, 24.729970315279296], [46.753445570511985, 24.729969451247133], [46.75344608808861, 24.729968575733984], [46.753446580791426, 24.72996768877454], [46.75344705458865, 24.729966793007577], [46.75365010986981, 24.72956633190307], [46.75365036178334, 24.72956582696316], [46.75365060771605, 24.729565318481757], [46.7536508457165, 24.729564808287424], [46.753651076760406, 24.729564295465877], [46.753651301823474, 24.729563779102826], [46.75365151895429, 24.729563261026833], [46.75365172912857, 24.729562740323615], [46.75365193334733, 24.729562217884357], [46.75365212962118, 24.729561692829428], [46.7536523189385, 24.72956116514729], [46.75365250131192, 24.729560635740658], [46.7536526757531, 24.729560104621072], [46.7536528442261, 24.729559570862705], [46.75365300476685, 24.72955903539141], [46.75365315837639, 24.72955849909833], [46.753653304041, 24.72955796018961], [46.75365344375011, 24.729557419544825], [46.75365357553963, 24.7295568780898], [46.75365369939689, 24.72955633492186], [46.753653816310276, 24.72955579002941], [46.753653926292436, 24.72955524431517], [46.75365402934337, 24.729554697779157], [46.75365412446207, 24.729554149530195], [46.75365421166117, 24.72955360047102], [46.753654291916384, 24.729553049687343], [46.753654364264676, 24.729552498996178], [46.753654429681745, 24.729551947483202], [46.75365448816759, 24.729551395148462], [46.75365453873384, 24.729550842003512], [46.75365458138051, 24.729550288048326], [46.753654617108616, 24.72954973417408], [46.75365464590549, 24.72954917947804], [46.75365466680811, 24.729548625777223], [46.75365467977848, 24.729548070363464], [46.75365468583027, 24.729547515030642], [46.7536546839878, 24.72954696069304], [46.75365467422575, 24.729546405545207], [46.75365465754513, 24.729545850478313], [46.753654633958604, 24.729545296395077], [46.75365460246516, 24.729544742404325], [46.75365456306478, 24.72954418850608], [46.75365451674584, 24.729543634688756], [46.75365446253262, 24.729543081866655], [46.75365440141352, 24.7295425300282], [46.75365433238748, 24.729541978282242], [46.753654256468195, 24.72954142842265], [46.753654172629325, 24.729540877752854], [46.753654081909865, 24.729540329872123], [46.753653983283485, 24.729539782083908], [46.7536538777512, 24.729539235279315], [46.7536537643373, 24.72953869037268], [46.75365364401751, 24.72953814644969], [46.75365351580344, 24.729537603521912], [46.75365338168451, 24.72953706246893], [46.75365323869559, 24.729536523325468], [46.753653089789125, 24.729535985154058], [46.75365293300108, 24.729535448880604], [46.753652768331406, 24.72953491450508], [46.75365259775686, 24.729534382004356], [46.7536524193007, 24.72953385140155], [46.75365223395131, 24.72953332268512], [46.75365204073296, 24.729532796769337], [46.753651841609745, 24.729532272728367], [46.753651634604914, 24.72953175058532], [46.75365142071951, 24.72953123123136], [46.7536511999535, 24.72953071466649], [46.753650972294274, 24.72953019998797], [46.75365073775445, 24.729529688098545], [46.75365049632139, 24.7295291780955], [46.7536502480204, 24.729528671784244], [46.75364999283883, 24.729528168262075], [46.75364973077668, 24.729527667528988], [46.75364946282232, 24.729527169573416], [46.75364918699899, 24.72952667441851], [46.753648905296124, 24.72952618294383], [46.753648616712674, 24.729525694258232], [46.75364832224966, 24.729525209252888], [46.75364802091872, 24.729524727939335], [46.7536477127072, 24.72952424941486], [46.75364739861613, 24.729523774570644], [46.75364707765713, 24.729523303418215], [46.75364675080592, 24.729522835043305], [46.75364641709943, 24.729522371262924], [46.7536460775134, 24.729521911162774], [46.7536457320478, 24.729521454742876], [46.75364537971429, 24.72952100201477], [46.75364502250224, 24.729520553858052], [46.75364465842228, 24.729520109393146], [46.753644288462745, 24.729519668608475], [46.75364391263633, 24.72951923240675], [46.753643530942995, 24.729518800787986], [46.753643143382774, 24.72951837375219], [46.753642749943, 24.729517950396612], [46.75364235162469, 24.729517531612448], [46.75364194743948, 24.72951711741122], [46.75364153738738, 24.729516707792953], [46.75364112146837, 24.729516302757652], [46.753640700670836, 24.729515902293745], [46.753640275007434, 24.729515507303944], [46.75363984346446, 24.729515115994378], [46.75363940705563, 24.72951473015892], [46.75363896479255, 24.729514349809136], [46.75363851763829, 24.729513973128036], [46.753638065630795, 24.729513602823754], [46.75363760874478, 24.729513237090867], [46.75363714698024, 24.729512875929377], [46.753636680362476, 24.729512521144716], [46.75363620886618, 24.729512170931446], [46.75363573250402, 24.729511826192276], [46.7536352522517, 24.72951148601294], [46.75363476615778, 24.729511152222], [46.75363427717472, 24.729510823882045], [46.753633783325796, 24.729510501016197], [46.753633284611, 24.72951018362447], [46.753632782018684, 24.729509871695274], [46.75363227456051, 24.729509565240196], [46.753631764225844, 24.72950926513882], [46.7536312490253, 24.72950897051156], [46.753630729947254, 24.729508681346843], [46.75363020799273, 24.729508398535827], [46.75362968117233, 24.729508121198915], [46.75362915147544, 24.729507850215715], [46.75362861790105, 24.72950758469506], [46.7536280804618, 24.72950732553967], [46.75362753915771, 24.729507072749545], [46.753626994964485, 24.7295068254104], [46.75362644789477, 24.72950658442496], [46.753625896960195, 24.729506349804794]]], [[[46.75305550602252, 24.730687723705376], [46.75305454638453, 24.730687105630906], [46.75261669327501, 24.7315522786622], [46.75263394801007, 24.731557123033635], [46.752634477881415, 24.731557264908247], [46.752635009577695, 24.731557395927133], [46.75263554412524, 24.7315575187869], [46.75263594667384, 24.731557604366795], [46.75263635113595, 24.73155768541], [46.75263689226055, 24.731557783815493], [46.752637434247006, 24.73155787318226], [46.752637979072084, 24.731557953487197], [46.752638388096514, 24.731558007391094], [46.7526387980334, 24.73155805586711], [46.75263920888276, 24.73155809891529], [46.752639620644594, 24.731558136535593], [46.752640032330504, 24.731558168739607], [46.75264044492887, 24.73155819551575], [46.752640994950376, 24.731558223393716], [46.752641546809464, 24.731558241318698], [46.75264209754099, 24.731558249325325], [46.75264264912171, 24.73155824739052], [46.75264320058856, 24.731558237331242], [46.75264361359327, 24.731558222570833], [46.752644026522084, 24.73155820239412], [46.75264443838658, 24.73155817681266], [46.75264485116355, 24.73155814580333], [46.75264540010956, 24.731558096950323], [46.75264594791535, 24.73155803727626], [46.75264649363049, 24.73155796950086], [46.75264690207433, 24.73155791145624], [46.75264731044226, 24.731557847995308], [46.75264785186225, 24.731557755892755], [46.75264839215466, 24.73155765387189], [46.752648929355395, 24.731557542858493], [46.752649331426085, 24.731557453288083], [46.7526497314441, 24.731557358324498], [46.75265013041046, 24.731557258858885], [46.75265052731149, 24.731557153097363], [46.752651055098006, 24.731557005176562], [46.75305180464652, 24.73076378643084], [46.75305197475471, 24.73076343954702], [46.75305215626782, 24.73076306002667], [46.75305228007295, 24.730762794942212], [46.753052402877046, 24.73076252896658], [46.753052540038524, 24.730762229417042], [46.75305270392538, 24.730761861840076], [46.75305282176228, 24.730761594116803], [46.75305293662141, 24.7307613255255], [46.75305305146786, 24.73076105603147], [46.75305316433757, 24.730760786560563], [46.75305328958792, 24.730760483538848], [46.753053439561576, 24.730760110707404], [46.753053559832075, 24.730759805035337], [46.753053717219174, 24.73075939690545], [46.753053871615826, 24.730758987004812], [46.753054009691006, 24.730758611603907], [46.753054121015495, 24.730758302425], [46.753054253122436, 24.73075792438531], [46.75305434811279, 24.73075764880343], [46.75305444013801, 24.73075737325622], [46.7530545311622, 24.73075709681788], [46.75305462119801, 24.730756820391075], [46.753054720624014, 24.73075650864271], [46.75305483884308, 24.73075612715397], [46.75305492192229, 24.730755848099935], [46.753055005014154, 24.73075556994861], [46.75305511627662, 24.73075518583262], [46.75306645858861, 24.73071491090164], [46.75306658351233, 24.73071444356229], [46.75306670049108, 24.730713973607262], [46.75306680756077, 24.73071350196239], [46.75306690473404, 24.730713029530374], [46.75306699198559, 24.730712554505796], [46.7530670703291, 24.730712078682533], [46.753067137775176, 24.73071160118099], [46.753067195324824, 24.730711122892302], [46.753067243953794, 24.730710642902203], [46.75306728171063, 24.730710163039273], [46.753067310559416, 24.73070968237763], [46.75306732852343, 24.730709200940435], [46.753067336603685, 24.730708719618807], [46.75306733578856, 24.73070823840123], [46.75306732311292, 24.73070775732234], [46.753067302530276, 24.730707276335924], [46.753067271075516, 24.730706795476664], [46.75306722876126, 24.730706315647247], [46.7530671775643, 24.730705836824594], [46.75306711648357, 24.73070535811751], [46.7530670455444, 24.730704881331466], [46.75306696473413, 24.73070440556371], [46.753066874065425, 24.730703931716985], [46.7530667735256, 24.730703458888563], [46.75306666312735, 24.730702987981157], [46.7530665428833, 24.730702519897495], [46.75306641276816, 24.730702052832143], [46.75306627379561, 24.730701588578956], [46.753066124977266, 24.730701127149512], [46.75306596630048, 24.730700667641084], [46.75306579876628, 24.730700210944846], [46.753065621398946, 24.730699757975064], [46.75306543418583, 24.730699307829003], [46.7530652381153, 24.73069886049514], [46.753065033212664, 24.730698417778882], [46.753064819452625, 24.730697977874797], [46.75306459585945, 24.73069754169718], [46.753064363421515, 24.73069710923446], [46.753064122151486, 24.73069668138933], [46.75306387302508, 24.73069625724756], [46.75306361407819, 24.730695837734967], [46.753063346311855, 24.73069542374268], [46.75306307067648, 24.730695012551042], [46.75306278623433, 24.730694607782418], [46.75306249394845, 24.730694207619877], [46.75306219283046, 24.730693812074932], [46.75306188388141, 24.730693422038755], [46.75306156611292, 24.730693037522922], [46.753061241501726, 24.730692658504303], [46.75306090905946, 24.730692284994433], [46.75306056878613, 24.73069191699337], [46.75306022069439, 24.730691555403766], [46.75305986577261, 24.730691200214107], [46.75305950301977, 24.73069085053321], [46.75305913343687, 24.730690507252252], [46.753058756048226, 24.730690171285477], [46.75305837280526, 24.730689840804388], [46.753057982744906, 24.730689517625912], [46.753057584866156, 24.730689200858947], [46.75305718214676, 24.730688891371504], [46.75305677160895, 24.730688588295557], [46.75305635623051, 24.73068829249913], [46.753055934034684, 24.730688004005348], [46.75305550602252, 24.730687723705376]]], [[[46.75261784269912, 24.73159246168437], [46.75260266083446, 24.731584788776335], [46.75254702733593, 24.73169529805673], [46.75256826442442, 24.73170497225001], [46.75256857667478, 24.731705104029068], [46.75256902483983, 24.731705270333652], [46.75256941409556, 24.731705394892327], [46.75256974354217, 24.731705484035654], [46.75257021261659, 24.73170559050669], [46.75257061795365, 24.731705663414015], [46.7525710269659, 24.73170571641535], [46.75257157621477, 24.731705759651298], [46.7525720578107, 24.73170577207793], [46.75257240273133, 24.731705766239504], [46.75257281559738, 24.73170574154937], [46.75257336141444, 24.731705680995944], [46.75257383679055, 24.731705602305894], [46.752574304906354, 24.731705499323393], [46.75257483270625, 24.731705352305543], [46.7525752203834, 24.731705223177535], [46.75257553797386, 24.731705101189036], [46.75257597324674, 24.731704911915447], [46.752576456203926, 24.73170466881531], [46.75262627403782, 24.7316062879951], [46.75262733017101, 24.731604057307013], [46.75262743452644, 24.73160381502189], [46.75262753840106, 24.7316035384335], [46.752627654708576, 24.731603161481715], [46.752627737790654, 24.731602812004358], [46.75262778361639, 24.73160255505485], [46.7526278185446, 24.731602296427024], [46.75262784059855, 24.731602036144004], [46.7526278498035, 24.7316017760112], [46.7526278481236, 24.731601515102803], [46.75262783360737, 24.73160125524736], [46.75262780724319, 24.731600996433286], [46.752627769018424, 24.731600737757905], [46.752627717969986, 24.731600481038193], [46.752627656087284, 24.731600227153752], [46.75262758139358, 24.731599976127676], [46.75262749487723, 24.73159972794844], [46.75262739752664, 24.731599482604466], [46.7526272741238, 24.73159921228488], [46.75262710450884, 24.731598889236555], [46.752626949654896, 24.7315986319248], [46.75262672358823, 24.731598301410717], [46.75262647495325, 24.731597982897743], [46.752626227876036, 24.731597704995504], [46.75262603733764, 24.731597511301533], [46.752625837016616, 24.731597324944865], [46.75262560192507, 24.731597126354625], [46.752625358051944, 24.731596935992833], [46.752625102495365, 24.731596758407765], [46.75262316323864, 24.731595508041643], [46.75262287496421, 24.731595323616183], [46.75262258573936, 24.731595141910425], [46.75262225364712, 24.731594934522793], [46.75262185582815, 24.731594692691885], [46.752621352367555, 24.731594389798428], [46.75262095067097, 24.731594153430052], [46.752620548036624, 24.731593920684098], [46.75262012055352, 24.731593678297155], [46.752619713065826, 24.731593451928006], [46.752619411207114, 24.73159328571867], [46.75261910839797, 24.73159312222904], [46.75261880461309, 24.73159295965368], [46.752618543695604, 24.731592822760213], [46.75261817227051, 24.731592630278286], [46.75261784269912, 24.73159246168437]]], [[[46.7525331249129, 24.7317236155449], [46.7525328845124, 24.7317233908335], [46.75245010490542, 24.731887823272977], [46.752487326961045, 24.731875147964345], [46.75254158991442, 24.731759098494074], [46.75254175775747, 24.731758730871338], [46.75254192162167, 24.731758361489387], [46.75254207953026, 24.73175799037132], [46.75254223247163, 24.731757617505618], [46.75254238043311, 24.73175724198953], [46.75254252245164, 24.73175686564006], [46.75254265851456, 24.7317564875545], [46.752542789610246, 24.731756107721278], [46.75254291573872, 24.731755726140406], [46.752543035924226, 24.731755343726142], [46.75254315014147, 24.73175495867305], [46.7525432594168, 24.73175457367776], [46.752543363712235, 24.731754186032088], [46.752543461089, 24.731753798467313], [46.752543554486905, 24.7317534091433], [46.75254364095348, 24.73175301899748], [46.75254372245283, 24.731752627104008], [46.75254379802187, 24.731752235279853], [46.75254386862368, 24.731751841708046], [46.75254393329519, 24.731751448205593], [46.7525439920111, 24.73175105296702], [46.75254404578508, 24.731750657786232], [46.75254409262772, 24.731750261783613], [46.75254413451579, 24.73174986493606], [46.75254417047354, 24.731749468157844], [46.75254420147673, 24.73174907053468], [46.75254422654962, 24.731748672980864], [46.752544245692185, 24.73174827549637], [46.75254425889182, 24.73174787717848], [46.75254426616113, 24.731747478929943], [46.75254426848853, 24.731747080739186], [46.75254426488562, 24.73174668261776], [46.75254425533975, 24.731746283662947], [46.75254423987623, 24.731745885680184], [46.752544219470806, 24.73174548775521], [46.75254419313506, 24.731745089899565], [46.75254416088167, 24.731744693015976], [46.75254412269797, 24.731744296201718], [46.75254407957235, 24.731743899445217], [46.7525440295407, 24.731743503672345], [46.75254397556816, 24.731743108848406], [46.75254391467695, 24.731742714105376], [46.75254384885644, 24.731742320322823], [46.752543776129926, 24.731741927523878], [46.752543699462514, 24.731741535673873], [46.75254361588906, 24.731741144807486], [46.75254352738635, 24.73174075490158], [46.752543432965986, 24.731740365967735], [46.752543333616345, 24.73173997799437], [46.75254322834907, 24.731739590993072], [46.752543117176785, 24.73173920586654], [46.75254300009951, 24.731738822614773], [46.7525428790687, 24.73173843940923], [46.752542751144496, 24.731738058090027], [46.752542618316326, 24.73173767953673], [46.75254248054625, 24.731737301041225], [46.75254233688382, 24.7317369253232], [46.75254218829214, 24.731736550565675], [46.75254203380809, 24.731736178585628], [46.75254187340641, 24.73173580757763], [46.75254170908914, 24.73173543932402], [46.75254153885422, 24.73173507204246], [46.75254136272695, 24.731734707538386], [46.752541182671465, 24.731734344885954], [46.75254106375359, 24.731734112434197], [46.75254093879154, 24.731733871927315], [46.75254078852524, 24.73173358928161], [46.75254063729586, 24.731733308452906], [46.75254043040217, 24.73173293527988], [46.75254021859188, 24.73173256397006], [46.75254005752927, 24.731732286867775], [46.75253989352681, 24.73173201160559], [46.752539671908586, 24.731731645827622], [46.752539502001135, 24.731731372440223], [46.75253933014223, 24.731731100881344], [46.75253915631919, 24.731730830248296], [46.7525389805447, 24.731730561443804], [46.75253874124943, 24.73173020399831], [46.75253849805125, 24.731729850209902], [46.752538250912195, 24.731729497370427], [46.75253806237728, 24.731729235035168], [46.752537871878246, 24.73172897362573], [46.752537614956566, 24.731728628123566], [46.752537353130926, 24.731728285387316], [46.75253708737705, 24.731727944502733], [46.75253688511863, 24.731727690453713], [46.752536680908754, 24.731727438233236], [46.752536405359606, 24.731727103783218], [46.75253612688328, 24.731726772076026], [46.75253584351563, 24.73172644403748], [46.75253555621975, 24.731726117850574], [46.75253533829903, 24.731725874819045], [46.752535118439496, 24.731725634518792], [46.75253482136101, 24.731725315669184], [46.752534521355315, 24.731724999562406], [46.752534293664624, 24.73172476477089], [46.75253406402248, 24.731724531807917], [46.75253375423417, 24.731724223038434], [46.75253344153133, 24.731723917914483], [46.7525331249129, 24.7317236155449]]], [[[46.75237489573951, 24.732103983508374], [46.752464257045666, 24.731922532794787], [46.752426296195566, 24.73193511380879], [46.75232672948397, 24.73213289023644], [46.75232711468771, 24.732132937196663], [46.752327499828205, 24.73213297964327], [46.752327886907516, 24.732133019358642], [46.75232827293518, 24.73213305457197], [46.752328659913296, 24.7321330870656], [46.75232904682815, 24.732133115045624], [46.75232943468079, 24.732133139403235], [46.75232982249546, 24.73213316105268], [46.75233021123528, 24.732133178177005], [46.7523305989361, 24.73213319170199], [46.75233098757471, 24.732133201604576], [46.75233137616271, 24.732133207896275], [46.7523317647001, 24.73213321057711], [46.7523321531869, 24.732133209647067], [46.75233254161044, 24.732133204203436], [46.75233292999602, 24.732133196051663], [46.752333318331004, 24.73213318428901], [46.752333706602734, 24.732133168012776], [46.75233409482385, 24.732133148125662], [46.752334482005985, 24.732133124639237], [46.752334870138554, 24.732133098433113], [46.75233525721947, 24.732133067724938], [46.75233564424979, 24.732133033405905], [46.75233603024111, 24.73213299548756], [46.752336416181834, 24.732132953958335], [46.7523368010709, 24.732132907927085], [46.75233718592203, 24.732132859187693], [46.75233757072256, 24.73213280683741], [46.752337954484084, 24.732132750887818], [46.75233833719397, 24.73213269043619], [46.752338719865904, 24.732132627276403], [46.75233910148619, 24.7321325596146], [46.75233948208013, 24.73213248925619], [46.75233986162244, 24.732132414395746], [46.752340241126795, 24.732132336827142], [46.75234061860376, 24.732132255670802], [46.75234099601747, 24.732132170000856], [46.75234137240485, 24.732132081634305], [46.75234174774057, 24.732131988765726], [46.752342122049974, 24.73213189320056], [46.752342494331984, 24.73213179404762], [46.75234286656339, 24.73213169128381], [46.75234323774314, 24.732131584017974], [46.752343606908184, 24.73213147406709], [46.75234397504688, 24.732131361419608], [46.75234434213392, 24.7321312442701], [46.75234470719359, 24.732131123532824], [46.75234507122691, 24.732131000098956], [46.75234543420861, 24.732130872163054], [46.75234579517556, 24.732130741542104], [46.75234615510352, 24.73213060732184], [46.752346513004106, 24.732130469513805], [46.752346869878345, 24.732130329009173], [46.75234722471256, 24.73213018401408], [46.752347577532035, 24.732130036333945], [46.75234792931252, 24.732129885054476], [46.75234827907829, 24.732129731089973], [46.752348627805056, 24.73212957352615], [46.75234897351606, 24.73212941238612], [46.75234931818807, 24.732129247646785], [46.75234966084535, 24.732129080222403], [46.75235000148789, 24.732128910112976], [46.75235034009041, 24.73212873551307], [46.75235068747456, 24.732128552684713], [46.75235119178615, 24.732128281346757], [46.75235168324869, 24.732128010159006], [46.7523521726712, 24.732127734480787], [46.752352658089556, 24.732127455237908], [46.752353141467886, 24.732127171504555], [46.752353621817804, 24.732126883292267], [46.75235409913928, 24.732126590601062], [46.75235457245661, 24.732126294345214], [46.752355043733914, 24.732125993598874], [46.752355510994406, 24.73212568838517], [46.752355975239134, 24.732125379595256], [46.75235643645544, 24.732125066326425], [46.75235689366759, 24.732124749492943], [46.75235734785131, 24.73212442818053], [46.75235779900663, 24.732124102389182], [46.75235824617043, 24.732123773935925], [46.75235868931742, 24.73212344101529], [46.75235912943601, 24.732123103615724], [46.75235956653881, 24.732122762639946], [46.75235999963746, 24.732122418099536], [46.752360428719314, 24.73212206909174], [46.752360854785394, 24.732121716507745], [46.7523612768473, 24.732121360359102], [46.75236169391668, 24.732121000657358], [46.75236210895868, 24.732120637367853], [46.75236251900813, 24.732120270525243], [46.75236292504077, 24.732119899215277], [46.75236332807032, 24.732119525231816], [46.752363726094636, 24.732119146792535], [46.752364120127474, 24.73211876569133], [46.752364511144535, 24.732118381013905], [46.7523648971564, 24.73211799188069], [46.75236527918941, 24.732117600988243], [46.752365657205615, 24.73211720562842], [46.75236603121766, 24.732116806703953], [46.75236640024982, 24.73211640512911], [46.75236676626621, 24.732115999978067], [46.75236712730272, 24.732115592176633], [46.75236748334667, 24.732115180822106], [46.752367835386465, 24.732114765902924], [46.75236818344742, 24.732114349224535], [46.75236852650317, 24.732113928090314], [46.75236886556742, 24.732113504294176], [46.752369199651774, 24.732113077847647], [46.75236952973198, 24.73211264783648], [46.75236985484494, 24.732112216077653], [46.75237017595374, 24.732111780754167], [46.75237049208266, 24.732111342780307], [46.75237080321903, 24.732110901253336], [46.752371109388164, 24.73211045797872], [46.75237141155314, 24.732110011139444], [46.75237170875088, 24.732109562552512], [46.75237200095607, 24.732109110412484], [46.752372289182404, 24.73210865651323], [46.75237257144047, 24.732108199975173], [46.75237284970704, 24.732107740775152], [46.75237312200531, 24.732107278936333], [46.75237339032474, 24.7321068153383], [46.75237365365163, 24.732106348187155], [46.75237391202393, 24.732105880191074], [46.75237416540369, 24.73210540864188], [46.75237441282781, 24.7321049353566], [46.75237465627309, 24.732104460312094], [46.75237489573951, 24.732103983508374]]], [[[46.7544111860182, 24.729693537285666], [46.75437681920033, 24.72967714710231], [46.75435427990313, 24.729712319245003], [46.75422620661946, 24.72991495644833], [46.75422118960551, 24.729922551370873], [46.754219448329906, 24.72992660484475], [46.75420235282857, 24.729957974500202], [46.7541240416687, 24.730106902028197], [46.75399697108243, 24.73034999824538], [46.75399258977035, 24.730358234882907], [46.75398800423331, 24.73036635924608], [46.753977030712946, 24.730389349085126], [46.753801690713765, 24.73073770434057], [46.75370466972304, 24.73092794898504], [46.753625968968656, 24.731085267557695], [46.75362077878023, 24.73109588637748], [46.75361708553002, 24.73110441109595], [46.75358509785321, 24.731175078750955], [46.75358258637552, 24.731177504334372], [46.75353722778414, 24.731279198251098], [46.7534962902517, 24.731369004783318], [46.75347604571443, 24.7314174220818], [46.753474182222725, 24.731421997930944], [46.753430510044836, 24.731520528317283], [46.75329495368493, 24.73182316700601], [46.7531500151077, 24.732147642766673], [46.75300070624822, 24.732482118185974], [46.75299278071682, 24.732499864592178], [46.753011172101516, 24.732507153218805], [46.75302956448929, 24.732514442734196], [46.75303849690564, 24.732496735111113], [46.753207642613184, 24.732162239819502], [46.753363587764895, 24.731853008346867], [46.753515784001465, 24.731552967512933], [46.75356376715253, 24.731457820269146], [46.75368827872775, 24.731211373074927], [46.753805463883566, 24.73097917113798], [46.75390310216643, 24.730783399096048], [46.75408039966854, 24.73043380647476], [46.75422344741653, 24.730150162459044], [46.75428383643345, 24.730029564344353], [46.7544271873403, 24.729746171220715], [46.75444542246942, 24.729709864883063], [46.7544111860182, 24.729693537285666]]], [[[46.75383724163079, 24.72945682544765], [46.75380158966177, 24.729441830641726], [46.75365950829438, 24.729723632872606], [46.75341256446308, 24.730212467862437], [46.75320782615213, 24.730618017061307], [46.75297006945646, 24.731090352455933], [46.752691687502804, 24.731641089733245], [46.752485521611526, 24.732051037278428], [46.75226556845247, 24.73248682775156], [46.752021849777236, 24.732970225730103], [46.75175201200444, 24.733503962701178], [46.75154998440779, 24.7339056582392], [46.75144514087654, 24.734111829272248], [46.75123329283019, 24.73453299481865], [46.751198019658304, 24.734602932982845], [46.751217641183736, 24.734611713425956], [46.751237263700204, 24.734620493854777], [46.751275335853364, 24.7345536161954], [46.75151221709917, 24.73414041567869], [46.75162822150271, 24.733937990176376], [46.751850626720376, 24.7335479814247], [46.7519142917004, 24.733429575030062], [46.75211911441174, 24.73302331942353], [46.7523753308627, 24.732515219971102], [46.75258750660164, 24.732095357443345], [46.752789886754314, 24.73169265077641], [46.75307015044671, 24.731137111559438], [46.75331414583356, 24.730653520165124], [46.753514610521684, 24.730256297389683], [46.75366312552595, 24.729961271587282], [46.75371269016379, 24.729856713303395], [46.75376182878099, 24.7297506829022], [46.75380890584711, 24.72963588450609], [46.7538728945963, 24.729471820233034], [46.75383724163079, 24.72945682544765]]], [[[46.7522374225427, 24.7322627279521], [46.75221430737516, 24.732247850788184], [46.749810916699815, 24.737008964813242], [46.749853634890925, 24.737036458509223], [46.75225062421734, 24.732288022690895], [46.752250589694064, 24.732285559175256], [46.75225058085905, 24.732285140349067], [46.75225056412958, 24.732284722518017], [46.752250541457144, 24.732284303853593], [46.75225051187863, 24.73228388617276], [46.752250476382436, 24.732283469463965], [46.75225043297913, 24.73228305284761], [46.752250383645496, 24.732282636300553], [46.752250327405804, 24.73228222073711], [46.752250264260034, 24.732281806157264], [46.75225019420819, 24.73228139256102], [46.75225011823868, 24.732280979936807], [46.7522500353631, 24.73228056829619], [46.75224994558144, 24.732280157639163], [46.752249848906374, 24.732279748868457], [46.75224974631362, 24.732279341069795], [46.7522496368148, 24.732278934254726], [46.752249520422566, 24.732278529325967], [46.752249397136914, 24.73227812628352], [46.75224926893463, 24.73227772510427], [46.752249132837875, 24.73227732492017], [46.7522489908361, 24.732276926610844], [46.75224884195355, 24.732276531090537], [46.75224868715334, 24.732276136542275], [46.752248526460725, 24.73227574477149], [46.75224835888736, 24.732275355789728], [46.752248185408966, 24.73227496868272], [46.75224800503716, 24.732274583462033], [46.75224781877297, 24.732274201018818], [46.75224762660375, 24.732273820450377], [46.7522474285548, 24.732273443562104], [46.75224722361244, 24.73227306856016], [46.752247012790356, 24.732272697238393], [46.75224679607589, 24.73227232869412], [46.752246573469044, 24.73227196292732], [46.75224634496982, 24.732271599937988], [46.752246111566606, 24.732271239714574], [46.75224587129529, 24.73227088318292], [46.752245625144226, 24.732270530331448], [46.752245374089185, 24.732270180245898], [46.75224511715441, 24.732269833840544], [46.75224485432727, 24.732269490212666], [46.75224458662143, 24.73226915115614], [46.752244313023226, 24.732268814877095], [46.752244033557936, 24.73226848318095], [46.7522437492013, 24.732268155153456], [46.75224345994069, 24.732267829891878], [46.75224316482565, 24.732267510115925], [46.752242864806625, 24.7322671931059], [46.752242559921555, 24.73226688156994], [46.75224225013249, 24.732266572799894], [46.75224193546475, 24.73226626860121], [46.75224161492993, 24.732265968985434], [46.752241290504806, 24.73226567392948], [46.75224096118834, 24.73226538254214], [46.7522406269932, 24.732265095726174], [46.752240288920405, 24.73226481437271], [46.75223994496788, 24.73226453669945], [46.75223959811345, 24.73226426357444], [46.75223924540458, 24.73226399593504], [46.75223888979381, 24.732263732843894], [46.75223852930435, 24.732263474324114], [46.752238163936205, 24.732263220375682], [46.752237795678795, 24.732262971878214], [46.7522374225427, 24.7322627279521]]], [[[46.750977215435604, 24.735237539095817], [46.75095721835314, 24.73522799557721], [46.750942715121646, 24.735253345918828], [46.75066013723613, 24.735745134828882], [46.75043047016763, 24.736146978547502], [46.75034464412043, 24.73629713514625], [46.750230676471524, 24.73651999492778], [46.750005721228895, 24.73696589976861], [46.749737112568, 24.73749806812705], [46.74976959254617, 24.7375134484435], [46.74980207353308, 24.73752882964362], [46.749970124210456, 24.73726547535126], [46.74997904239335, 24.73725058228482], [46.750115106204284, 24.736995816507445], [46.75022997902591, 24.736769286915013], [46.750332802282806, 24.73656547140662], [46.750538115564574, 24.736158679249204], [46.75072409782258, 24.735790777858362], [46.7509879529069, 24.73526546026522], [46.75099721250834, 24.73524708170888], [46.750977215435604, 24.735237539095817]]], [[[46.74979180843376, 24.73711152770524], [46.74976691955749, 24.737096120158643], [46.74856500791934, 24.739477032545903], [46.74856534847333, 24.739476854319392], [46.7485656581834, 24.7394766620069], [46.74856606779325, 24.739476402619612], [46.74856637348639, 24.739476205839647], [46.7485666791669, 24.739476008156988], [46.7485670827324, 24.739475740714425], [46.748567384395976, 24.73947553856429], [46.74856768405741, 24.739475334631788], [46.7485680815912, 24.73947506003669], [46.748568378236776, 24.7394748525279], [46.74856867386864, 24.739474643225215], [46.74856896748572, 24.739474431237433], [46.74856926010174, 24.739474218358477], [46.748569550715594, 24.73947400369714], [46.748569840315746, 24.739473787241895], [46.74857012791375, 24.73947356900428], [46.74857041449805, 24.73947334897278], [46.74857069909282, 24.739473128061615], [46.74857098267389, 24.739472905356525], [46.748571264240184, 24.739472679966372], [46.748571544805394, 24.739472453685018], [46.74857191622281, 24.73947214960006], [46.748572284637, 24.739471842841564], [46.74857265003533, 24.739471532506762], [46.74857301244306, 24.73947122040114], [46.74857337282338, 24.739470904707694], [46.748573729212026, 24.739470586352226], [46.74857399474848, 24.739470345800378], [46.74857425928384, 24.73947010435734], [46.74857452081599, 24.739469860240753], [46.74857478234813, 24.73946961612417], [46.74857504087704, 24.739469369334014], [46.74857529840487, 24.73946912165267], [46.748575553930564, 24.739468872188972], [46.748575807454095, 24.73946862094289], [46.74857614382122, 24.739468284763728], [46.74857647618405, 24.73946794501981], [46.74857680554364, 24.739467602602343], [46.74863721698303, 24.739404110648547], [46.748637508247505, 24.739403801178618], [46.7486377507337, 24.739403538323977], [46.74863802141759, 24.7394032417343], [46.74863826090055, 24.7394029762061], [46.74863843902063, 24.739402776400215], [46.748638703710704, 24.73940247536614], [46.74863898197381, 24.73940215521352], [46.74863919887404, 24.739401900783196], [46.748639457570285, 24.739401595304738], [46.748639741460984, 24.739401253417686], [46.74863993778064, 24.739401011867624], [46.748640175883665, 24.739400718366685], [46.7486404381927, 24.73940038846869], [46.74864072568359, 24.739400021259378], [46.748694896044505, 24.7393298206826], [46.74869511160244, 24.73932954098764], [46.748695394037114, 24.73932916571146], [46.74869556868651, 24.73932892983138], [46.748695811201095, 24.739328598358536], [46.748696084663976, 24.739328217769835], [46.748696321197365, 24.73932788275532], [46.74869652279076, 24.739327594194645], [46.74869675434402, 24.739327256529638], [46.74869704778127, 24.739326819730213], [46.748697273353336, 24.739326478523537], [46.74869743304974, 24.739326233789285], [46.74869768556582, 24.739325839902005], [46.7486979031798, 24.73932549517674], [46.74869808784333, 24.739325197784954], [46.74869827051732, 24.739324899513516], [46.74869847915951, 24.739324549475736], [46.74869862789461, 24.73932429854933], [46.74869882680388, 24.7393239594595], [46.74869900627259, 24.739323644071014], [46.74980987341564, 24.737123145235987], [46.749792476682394, 24.73711194876453], [46.74979207371845, 24.73711169344388], [46.74979180843376, 24.73711152770524]]], [[[46.7492554695129, 24.738778692753755], [46.74937447011635, 24.73854279075379], [46.74948296273645, 24.738329087298776], [46.74952105813573, 24.738253417650387], [46.74948626754653, 24.738238808222164], [46.749451476965035, 24.738224198785367], [46.749248148257955, 24.738533012806627], [46.74920064114602, 24.738608471726483], [46.74919902993805, 24.738608204323445], [46.74919056047966, 24.73862359771663], [46.74913337789347, 24.738721808897324], [46.74904573277805, 24.738878971550786], [46.748844111613074, 24.73924334104918], [46.74883769337841, 24.739258094734073], [46.74877026620425, 24.739393043762213], [46.74872148890958, 24.739485093079434], [46.748696020002214, 24.739531140269435], [46.748688362971684, 24.73955486573296], [46.74868404139264, 24.739574343117358], [46.74868670540345, 24.73960244712883], [46.7486906600297, 24.739621469504687], [46.74869751199074, 24.73963594916208], [46.74870402057717, 24.73964814406161], [46.748711027453325, 24.739658291767455], [46.74873332821626, 24.73967706665952], [46.74874433722611, 24.73968553528245], [46.748746769199506, 24.73968638268352], [46.74876505501825, 24.739699348434662], [46.74878602218389, 24.739712330746123], [46.74882445579903, 24.73963611739064], [46.74884150797919, 24.739597724481282], [46.74889993999385, 24.739484550070333], [46.74900733291439, 24.73927092204444], [46.74912747305879, 24.73903239041098], [46.7492554695129, 24.738778692753755]]], [[[46.75532282323515, 24.72726807616927], [46.75526169270558, 24.727242290112265], [46.75509915790893, 24.727560668797732], [46.75484676955187, 24.728062088712576], [46.75463592743463, 24.728480206711875], [46.75438486642361, 24.728978336630735], [46.75416702870453, 24.729410208011572], [46.75391933405939, 24.729902558352382], [46.75369789821545, 24.730341987592862], [46.75346721527522, 24.73079968765259], [46.753235405986274, 24.731259517797618], [46.753009546192416, 24.73170828206231], [46.75275965731655, 24.732202612012763], [46.752537542797846, 24.732642906331648], [46.75232804309062, 24.733057831355453], [46.75229736539406, 24.73311850589543], [46.75207480525546, 24.733559670678375], [46.75183101094438, 24.73404286343793], [46.751595942304924, 24.734507242907053], [46.751362846849204, 24.734970822537], [46.751124178656575, 24.73544488422072], [46.750898675463446, 24.73589168686513], [46.75065741347291, 24.736369815820023], [46.750431062205955, 24.736818618579694], [46.750198746496395, 24.7372770439132], [46.74996416389487, 24.73774306683299], [46.74975693002829, 24.73815434270391], [46.74949431877382, 24.738673930582983], [46.74929661068464, 24.73906652366479], [46.749098469342925, 24.73945904212535], [46.74900894288604, 24.739637717631553], [46.74892707817281, 24.739799665673253], [46.74898672701542, 24.739835699018503], [46.74907590183191, 24.739658941701038], [46.74916141390214, 24.739491530213126], [46.74936724519999, 24.73908571389574], [46.74956275447057, 24.738697007954183], [46.74982180749975, 24.738177701673315], [46.75002881201844, 24.73777166501832], [46.75026542555182, 24.73730285823008], [46.750495261205906, 24.736844469894972], [46.750723276778075, 24.736392259153618], [46.750962657142146, 24.735918214075607], [46.751190137689946, 24.735467275690148], [46.75143125893438, 24.734988318803797], [46.751662402213626, 24.734532040791247], [46.75189773768482, 24.734065695280357], [46.752138477439104, 24.733587392834625], [46.75236643328335, 24.73313680127214], [46.75239796010809, 24.733073163520523], [46.752590634671776, 24.73269119197944], [46.75282134734466, 24.73223297629578], [46.753067795982126, 24.73174436460399], [46.753305931445645, 24.731272060737666], [46.75351987670751, 24.7308483301525], [46.75376207528504, 24.730367956175034], [46.75398310369532, 24.729929304468417], [46.75424348025815, 24.72941125545433], [46.75444796543714, 24.729006914203296], [46.754691348746306, 24.728523392121463], [46.75491169197657, 24.728087001704694], [46.75532282323515, 24.72726807616927]]], [[[46.7498177695018, 24.738903307635848], [46.750008884635875, 24.738508733296268], [46.75006767296817, 24.738387224487337], [46.75016618294867, 24.738182528576615], [46.750205085030274, 24.738101666003118], [46.75022296444288, 24.738064501124615], [46.75023706085777, 24.738035200139073], [46.75024932915826, 24.738009698089932], [46.750253688063545, 24.738001026627707], [46.750279840406264, 24.737948991544783], [46.75030092342632, 24.73790735075925], [46.75031878575479, 24.73787334700155], [46.7503245171074, 24.737862436654844], [46.75033196056716, 24.737848268637777], [46.75034122206987, 24.73783163081715], [46.750361763341225, 24.737794582003705], [46.75039369229576, 24.73773699362904], [46.75037013640184, 24.7377265679834], [46.75031104325558, 24.73783212682563], [46.750274899926914, 24.737899181286778], [46.75024428588014, 24.73795911166439], [46.7502041987577, 24.738036106667757], [46.750177684509126, 24.7380899047469], [46.750167036451984, 24.738111519995197], [46.7501255743979, 24.73819842192543], [46.750102637890166, 24.738246928955036], [46.75008948976596, 24.73827448445186], [46.75007687373592, 24.738300926821463], [46.75006484643759, 24.73832613532149], [46.750049984187804, 24.7383575832207], [46.75004111405129, 24.738376053786425], [46.75002043541828, 24.738419827803146], [46.74996210457192, 24.738543301305846], [46.74994403840494, 24.738581541844855], [46.74991163177329, 24.73865016240722], [46.74989673710755, 24.738681700958367], [46.749806048509555, 24.73864552837696], [46.75011655351701, 24.738001773965728], [46.7501585099771, 24.737920037877263], [46.75020121521283, 24.73783861716306], [46.7502838849424, 24.737687764355346], [46.75034833482856, 24.73757193878027], [46.75049632203628, 24.737284589873227], [46.75104723452368, 24.73620317512943], [46.75119971599157, 24.73590434193798], [46.75143536818365, 24.73544175919323], [46.751612676391524, 24.735094274457637], [46.751786345705675, 24.734755466169055], [46.75193673687802, 24.734459660591025], [46.7520080646164, 24.734318542400096], [46.75218634994655, 24.733969116232938], [46.752286428908064, 24.733771245399755], [46.752332900033224, 24.733677562564], [46.75239519839219, 24.73354159227527], [46.752417384024355, 24.73349316324257], [46.752399100382426, 24.73348588231771], [46.7523808177309, 24.733478601378938], [46.75235784048397, 24.73352457845133], [46.75224314644759, 24.733749784679738], [46.752147255184354, 24.73393849933409], [46.75199410113426, 24.734240167187547], [46.7518911410326, 24.7344465286632], [46.751743792048536, 24.734739756177067], [46.75157398408104, 24.735075606653677], [46.75139703120729, 24.73542581023693], [46.75116340771585, 24.735889893260758], [46.75099436204298, 24.736226032208357], [46.75085084033391, 24.73650962401587], [46.75057644664892, 24.73705418991579], [46.75035498375197, 24.73749326129068], [46.750261798517684, 24.73767849706119], [46.75007134723825, 24.738056871032303], [46.749932997869365, 24.738330576700797], [46.74977904633953, 24.738634758261536], [46.749673542298694, 24.7388424401217], [46.749627221588725, 24.73893223094422], [46.749627992205006, 24.73893318440207], [46.74953859459232, 24.739107849057852], [46.749414209978546, 24.739354282754892], [46.74931907882318, 24.739544132706655], [46.74912778562348, 24.73992298947204], [46.7491316506178, 24.739925215970832], [46.749140245134896, 24.739929915291405], [46.749148813939705, 24.739933766218098], [46.74915649375452, 24.739936611796804], [46.749167461728256, 24.73993967179866], [46.74917499131094, 24.7399413896453], [46.74918886515212, 24.739942990104222], [46.749208333642045, 24.739943537526006], [46.749224456109985, 24.739941855100103], [46.74926018871192, 24.73993063794275], [46.749281712847406, 24.739917928063537], [46.749290817532135, 24.73991182224808], [46.74930082807935, 24.73990277064307], [46.749307531140566, 24.739895019850618], [46.749314451157666, 24.739887159987298], [46.74931925733458, 24.739879639898163], [46.74933437335936, 24.739849205725477], [46.74934637487267, 24.7398227001595], [46.74936463368549, 24.739782377232103], [46.74939120641456, 24.739729813714188], [46.749415713727686, 24.739681333585054], [46.749428682141684, 24.739655680768504], [46.749439319189534, 24.739636510653227], [46.749457007213366, 24.73960485376045], [46.74948222850534, 24.739559711305983], [46.749510110711036, 24.739509807673123], [46.74952490926748, 24.739483396746248], [46.7495378068352, 24.739460313400325], [46.74954262153823, 24.73945185061402], [46.7495462678, 24.739445442846613], [46.74955044570645, 24.739438100727067], [46.74955565989553, 24.739428938070443], [46.749565988755094, 24.73941000087298], [46.74957986252946, 24.739384337475613], [46.749610873182775, 24.73932748225842], [46.74961863890319, 24.7393134423281], [46.74962729457167, 24.739296733069292], [46.74965572677217, 24.73924184639836], [46.749686359459474, 24.739182713136827], [46.74972210263503, 24.739104964516567], [46.74975745019948, 24.739030455474218], [46.7498177695018, 24.738903307635848]]], [[[46.748496152380866, 24.740134150577482], [46.74846050058416, 24.74013327363353], [46.74843471787238, 24.740138244965994], [46.74840360825264, 24.74015153785644], [46.74837740175494, 24.74017088052075], [46.74835968903837, 24.74019189189907], [46.74835006609212, 24.740211627045763], [46.74829570441584, 24.74032558080843], [46.74822381243432, 24.74047331572718], [46.74822210191575, 24.74047598649498], [46.74818808054473, 24.740546520683054], [46.7481274083988, 24.740679287886202], [46.747942394960404, 24.741090896450846], [46.74787533745278, 24.741257077261405], [46.747844768391396, 24.741337538752433], [46.747845282240164, 24.74133964275616], [46.747833122055944, 24.741368548981725], [46.747747516186514, 24.741578739576767], [46.74770616623414, 24.741681487616788], [46.747742411782596, 24.741694533842164], [46.747778657325505, 24.7417075791556], [46.74780182017744, 24.741661720608953], [46.7479213107465, 24.74142379327977], [46.748009642457895, 24.741249413664068], [46.74803272936404, 24.741203367273492], [46.74812332802825, 24.74102406401357], [46.748241883456636, 24.740789194543105], [46.748299307159456, 24.74067708213054], [46.74841739395042, 24.7404438097591], [46.74852064625437, 24.74023909467731], [46.748560786990666, 24.7401598052625], [46.74855612097817, 24.740156925391744], [46.748539445523456, 24.74014763174287], [46.74852277346335, 24.740139711310935], [46.74851730988578, 24.74013812100788], [46.748496152380866, 24.740134150577482]]], [[[46.748936467469434, 24.740394110131813], [46.74890258141394, 24.740372753759623], [46.748892971946475, 24.740392316333065], [46.74879928442806, 24.740579394509624], [46.74871374568572, 24.74074766656416], [46.748506174100704, 24.74116261955354], [46.74836442945664, 24.741439309634224], [46.748235312500356, 24.74169639101695], [46.748152185659265, 24.741860288261897], [46.74818704430754, 24.741875034398284], [46.74822190393948, 24.74188977961182], [46.74838856963269, 24.74163605760475], [46.74842991549989, 24.741574401562254], [46.748431934814924, 24.741572108198316], [46.74849644655572, 24.74147479765224], [46.74857367061047, 24.741336691750274], [46.74872619023518, 24.741017152167657], [46.74882561237467, 24.74081051875655], [46.748868445258125, 24.740721067698804], [46.74888110479879, 24.740709217922234], [46.74892336015183, 24.740631134345673], [46.748970541222825, 24.740544536132383], [46.748973196106036, 24.740539057258395], [46.748979933747414, 24.74052020895713], [46.74898340178909, 24.740500636796057], [46.748983516839004, 24.740480810335725], [46.74898027568376, 24.740461206326458], [46.74897375706312, 24.7404422942419], [46.74896411662661, 24.740424529114918], [46.74895158675648, 24.740408338899627], [46.748936467469434, 24.740394110131813]]], [[[46.747754551560924, 24.742822448733328], [46.747723896010235, 24.742807818710208], [46.747654645722626, 24.7429284059293], [46.747555060296996, 24.74312544581961], [46.74734009497324, 24.743553463234687], [46.74713797263377, 24.743951702202253], [46.74711047263651, 24.744008851907793], [46.74702598121884, 24.744202567212582], [46.74682696189544, 24.74465856206585], [46.746722814807654, 24.744899493296096], [46.746740865639985, 24.744907062865394], [46.746858466744754, 24.744673168810102], [46.74708330831117, 24.7442284800901], [46.74720701592133, 24.743982979589553], [46.74740945382005, 24.743581160607455], [46.74762339304133, 24.743158255356686], [46.74778520710586, 24.742837077847053], [46.747754551560924, 24.742822448733328]]], [[[46.74603046345601, 24.744616236673043], [46.746030348327515, 24.744615780261604], [46.74598161717652, 24.744708789818674], [46.745744938372454, 24.745178654158277], [46.74555479179946, 24.745556136578802], [46.74556255135718, 24.745554832730797], [46.74556342220762, 24.74555467993286], [46.74556429091711, 24.745554515422576], [46.745565157485686, 24.74555433919998], [46.74556602092483, 24.74555415127659], [46.745566881221954, 24.745553950749674], [46.74556773741375, 24.74555373943619], [46.74556859046352, 24.74555351551917], [46.74556943940798, 24.745553280815603], [46.745570285223025, 24.74555303441122], [46.74557112593164, 24.74555277632906], [46.745571963510834, 24.74555250654609], [46.74557279598361, 24.74555222508536], [46.74557362336259, 24.745551932849562], [46.74557444663623, 24.745551629827215], [46.74557526381498, 24.7455513151386], [46.7455760768758, 24.745550988760698], [46.745576883854305, 24.74555065161926], [46.745577684750515, 24.74555030371429], [46.745578480552915, 24.745549945034256], [46.74557927026039, 24.745549574687974], [46.74558005389817, 24.74554919448087], [46.74558083046515, 24.745548803521746], [46.745581601938326, 24.74554840178757], [46.7455823653522, 24.745547989312882], [46.74558312269636, 24.7455475669774], [46.745583872969725, 24.745547133889875], [46.745584616172295, 24.745546690050343], [46.745585352329265, 24.74554623726422], [46.745586080426946, 24.745545773737593], [46.74558680049054, 24.745545301275897], [46.745587513483336, 24.745544818062186], [46.74558821744094, 24.745544325022202], [46.74558891435296, 24.745543823035636], [46.74558960222979, 24.745543311222804], [46.74559028207254, 24.745542790474904], [46.74559095386859, 24.745542259889234], [46.74559161566618, 24.745541721294234], [46.74559226941708, 24.745541172861444], [46.745592914145405, 24.745540615505128], [46.74559354886265, 24.74554004923675], [46.74559417456993, 24.745539474947563], [46.74559479125463, 24.74553889173482], [46.74559539794087, 24.745538300512766], [46.74559599461603, 24.745537700378673], [46.745596582293835, 24.745537093126472], [46.74559715897207, 24.745536476973758], [46.74559772566444, 24.745535853714454], [46.745598283346844, 24.745535222434295], [46.74559882906641, 24.74553458407061], [46.7455993647875, 24.745533937697584], [46.745599889534255, 24.7455332842295], [46.745600404307744, 24.745532624557523], [46.74560090710579, 24.745531956899267], [46.74560139991797, 24.74553128213442], [46.745601881781035, 24.74553060207993], [46.74560235166864, 24.74552991403917], [46.74560281060711, 24.745529220708768], [46.745603257595334, 24.745528521197503], [46.74560369360923, 24.745527814591192], [46.74560411768549, 24.745527102706735], [46.745604530812614, 24.745526385532642], [46.745604931001004, 24.745525662189237], [46.745605320240266, 24.745524933556172], [46.745605697554524, 24.74552420054772], [46.74602665829362, 24.744688493125135], [46.74602682751282, 24.744688150772895], [46.74602699573091, 24.74468780752944], [46.74602716098353, 24.744687464320563], [46.74602732423394, 24.74468711932926], [46.74602748450628, 24.7446867734698], [46.74602764180053, 24.744686426742184], [46.74602779610408, 24.744686078243685], [46.74602794843065, 24.744685729768218], [46.74602809776653, 24.744685379521876], [46.74602824511282, 24.744685028395846], [46.746028389493624, 24.74468467730438], [46.74602853088375, 24.74468432444201], [46.74602867029689, 24.744683971602697], [46.74602880671932, 24.74468361699249], [46.74602894016368, 24.74468326151412], [46.74602907062996, 24.744682905167583], [46.74602919911925, 24.744682548844104], [46.746029323629365, 24.74468219076125], [46.74602944616249, 24.744681832701424], [46.74602956669342, 24.744681472859188], [46.74602968425887, 24.744681113051524], [46.74602979785775, 24.744680752387218], [46.74602991045553, 24.74468039083169], [46.746030019086746, 24.74468002841954], [46.746030125740965, 24.744679666030414], [46.74603022842862, 24.744679302784647], [46.74603032912668, 24.74467893865919], [46.74603042783515, 24.744678573654063], [46.746030522589656, 24.744678208695007], [46.74603061535456, 24.744677842856273], [46.74603070514141, 24.74467747614936], [46.746030791950155, 24.744677108574294], [46.74603087579344, 24.744676741033782], [46.74603095667125, 24.744676373527824], [46.74603103554686, 24.744676004239466], [46.74603111145699, 24.74467563498565], [46.74603118341317, 24.744675265777925], [46.74603125436824, 24.744674895678994], [46.74603132135674, 24.744674524723425], [46.74603138537978, 24.744674153802404], [46.74603144742583, 24.74467378290442], [46.74603150550531, 24.74467341114978], [46.746031561595196, 24.74467303851548], [46.74603161473223, 24.744672666818435], [46.74603166489118, 24.74467229425324], [46.74603171306054, 24.74467192080835], [46.74603175727593, 24.74467154740954], [46.746031799514355, 24.744671174033776], [46.746031837786205, 24.74467079980135], [46.74603187408107, 24.744670425591966], [46.74603190741047, 24.744670051417135], [46.746031937774404, 24.74466967727688], [46.74603196516025, 24.74466930226844], [46.74603199056911, 24.744668927283037], [46.74603201202402, 24.744668552343708], [46.746032031501954, 24.744668177427418], [46.746032047013315, 24.744667801654487], [46.7460320605603, 24.744667426807307], [46.74603207112921, 24.74466705109198], [46.74603207873265, 24.744666675411192], [46.74603208338323, 24.744666300667678], [46.74603208604423, 24.744665925044483], [46.746032084738644, 24.74466554856465], [46.746032080480205, 24.744665173022078], [46.74603153195306, 24.74462548943163], [46.746031526575315, 24.744625175296978], [46.74603151823212, 24.74462486119689], [46.746031507899325, 24.744624546217104], [46.74603149560216, 24.744624232163098], [46.746031481328025, 24.74462391813211], [46.74603146507691, 24.74462360412416], [46.746031445860325, 24.744623290150766], [46.746031423123306, 24.744622936492316], [46.7460313904052, 24.744622505303685], [46.746031364269186, 24.74462219141092], [46.74603133616881, 24.744621878443926], [46.746031302571026, 24.74462152581487], [46.74603125700255, 24.744621094775983], [46.746031221006874, 24.74462078280385], [46.7460311840101, 24.7446204699405], [46.74603113955155, 24.744620118340887], [46.74603107468465, 24.744619650509364], [46.74603102429517, 24.74461929897886], [46.74603097096544, 24.744618949288334], [46.74603091465763, 24.74461859872965], [46.746030862858746, 24.74461828784452], [46.746030808106994, 24.74461797789667], [46.74603072996883, 24.744617550848766], [46.74603066281288, 24.744617202222226], [46.74603060115431, 24.744616893257707], [46.74603053751878, 24.744616584316248], [46.74603046345601, 24.744616236673043]]], [[[46.745504624235636, 24.745648778114166], [46.74550434029181, 24.74564848076757], [46.74545485018188, 24.74574652256327], [46.74545469540904, 24.7457468376607], [46.74545455493407, 24.745747114671197], [46.74532491155018, 24.745994685594482], [46.745324759439626, 24.745994978991988], [46.74532463142377, 24.745995227868406], [46.745324463988936, 24.745995556656197], [46.74531081816582, 24.746022644484317], [46.74533936948932, 24.746035085657685], [46.74535317209548, 24.74600768541505], [46.74535329911018, 24.746007435647407], [46.74535344350179, 24.746007155882776], [46.745483095520946, 24.745759569487728], [46.74548333133532, 24.7457591107934], [46.745483517934154, 24.745758738444646], [46.74548365541835, 24.745758459663232], [46.7454838053369, 24.745758150942393], [46.74548395326586, 24.745757841341867], [46.74551251717944, 24.745697507736377], [46.745512736025205, 24.745697037502428], [46.74551294890215, 24.74569656462941], [46.74551315582289, 24.745696090020054], [46.74551335678743, 24.745695613674346], [46.74551355178314, 24.745695134689576], [46.74551373982153, 24.745694653077248], [46.74551392290483, 24.74569417061979], [46.7455140990308, 24.74569368553477], [46.74551426920057, 24.745693198713415], [46.74551443242563, 24.74569271016723], [46.74551459068297, 24.745692219873185], [46.74551474199562, 24.745691727854297], [46.745514886376164, 24.745691235013297], [46.74551502478789, 24.745690739533245], [46.74551515725602, 24.745690243219578], [46.745515283767936, 24.74568974516954], [46.74551540235926, 24.74568924630892], [46.74551551598289, 24.74568874570045], [46.74551562267441, 24.745688244269843], [46.74551572340972, 24.745687741102895], [46.74551581722554, 24.74568723801658], [46.745515904096656, 24.745686733205407], [46.74551598502418, 24.745686227560626], [46.7455160600081, 24.745685721082207], [46.74551612805993, 24.74568521378169], [46.745516189192266, 24.74568470656175], [46.7455162443684, 24.7456841976055], [46.74551629262504, 24.745683688729844], [46.74551633493809, 24.74568317902056], [46.74551637033165, 24.745682669391886], [46.74551639879312, 24.745682158941094], [46.7455164213236, 24.745681648559408], [46.74551643692198, 24.745681137355604], [46.74551644660198, 24.745680627123626], [46.74551644934989, 24.74568011606951], [46.74551644616682, 24.7456796050845], [46.74551643507576, 24.745679094191626], [46.745516419042204, 24.745678583356305], [46.745516395100665, 24.745678072613128], [46.74551636524076, 24.745677562841742], [46.74551632943725, 24.74567705223674], [46.74551628575098, 24.745676543529306], [46.74551623710961, 24.745676033976714], [46.745516180585476, 24.745675526321705], [46.74551611811774, 24.74567501783307], [46.74551604974425, 24.745674511218933], [46.745515974451266, 24.74567400468543], [46.745515892251404, 24.745673499135254], [46.74551580413317, 24.745672994556884], [46.74551570910806, 24.74567249096184], [46.74551560817719, 24.74567198924133], [46.74551550032683, 24.745671487601413], [46.74551538556959, 24.745670986944848], [46.745515264906594, 24.74567048816279], [46.74551513832522, 24.745669990352564], [46.74551500484957, 24.745669494428366], [46.74551486545556, 24.74566899947599], [46.74551472015577, 24.745668506398136], [46.74551456796171, 24.745668015206345], [46.74551440984929, 24.745667524986352], [46.74551424482999, 24.745667035749676], [46.74551407391753, 24.74566654929027], [46.745513896110815, 24.745666064716897], [46.74551371338683, 24.745665582006545], [46.745511204593186, 24.745659100666536], [46.74551109492755, 24.745658822958518], [46.745510982309035, 24.74565854618776], [46.74551082690004, 24.74565817872604], [46.74551066756228, 24.745657813115795], [46.74551050329463, 24.745657448465856], [46.74551033412233, 24.745657086581666], [46.745510160020146, 24.745656725657753], [46.745510025755564, 24.745656456362095], [46.74550988953921, 24.74565618889488], [46.745509704639204, 24.745655833513954], [46.74550951383345, 24.745655480007564], [46.74550936778255, 24.745655216266414], [46.745509218791376, 24.745654954365214], [46.7455090171878, 24.745654606401807], [46.74550881066695, 24.745654260301396], [46.74550865185386, 24.745654003028964], [46.74550849107637, 24.74565374668228], [46.74550827377033, 24.74565340702759], [46.74550810611118, 24.745653153469664], [46.745507937488775, 24.745652901728683], [46.745507708409015, 24.745652568531202], [46.745507475400494, 24.745652237185215], [46.74550729695615, 24.745651990072997], [46.74550711558414, 24.74565174570348], [46.74550693322364, 24.74565150134547], [46.74550674793547, 24.74565125973017], [46.74550649629681, 24.745650939435603], [46.74550624173049, 24.74565062188375], [46.745506047621504, 24.7456503857884], [46.74550585154813, 24.745650150618797], [46.74550565253448, 24.745649917289175], [46.74550545059317, 24.745649686702247], [46.74550524766338, 24.745649456126856], [46.745505042807004, 24.745649229185364], [46.745504833996655, 24.745649002289934], [46.745504624235636, 24.745648778114166]]], [[[46.746765149528564, 24.743639047163423], [46.74689840647766, 24.743375576898366], [46.74702579833021, 24.743122081152087], [46.74713007889984, 24.742914309546382], [46.74722889602272, 24.742705765527226], [46.74723335422551, 24.742697028880382], [46.747236236112194, 24.742688827052238], [46.74732232767238, 24.742467375017725], [46.74735395987524, 24.742383999410652], [46.747320298879174, 24.742371833051127], [46.747285217956275, 24.74235915325806], [46.74724590335724, 24.742437035106928], [46.74713744568078, 24.74265232579227], [46.74702730672558, 24.74287120594199], [46.746921626546595, 24.74308021176544], [46.74679516717039, 24.743331187497756], [46.74665994268496, 24.743599541643214], [46.746659446455446, 24.74359933435111], [46.74654957193842, 24.743818078393243], [46.74643319847459, 24.744050319210626], [46.746299277605786, 24.74431535339194], [46.74617447228127, 24.744562326853192], [46.74611978573885, 24.74467190120941], [46.74608739137023, 24.74473804164095], [46.74597001813839, 24.744968470911097], [46.74584071797177, 24.745224277779396], [46.745695747715395, 24.745512401015535], [46.74555014421107, 24.745802161180283], [46.74546598952735, 24.745968069848647], [46.745355908697455, 24.74618704847586], [46.745307351418845, 24.74628380451795], [46.74532491301801, 24.746292154609424], [46.74537855464254, 24.746198064185545], [46.7454990553348, 24.745989093410405], [46.745595944126634, 24.74581767876732], [46.745756794902626, 24.745536714500982], [46.74591663638512, 24.74525736533354], [46.74605651688326, 24.74501280129329], [46.746179223694405, 24.744799913883522], [46.74618849860285, 24.74478211053141], [46.746221010888235, 24.74471846874131], [46.74627607410634, 24.744607979873173], [46.74640470493178, 24.744352700527905], [46.74653598493897, 24.744092618563624], [46.74665320282282, 24.74386160024294], [46.746765149528564, 24.743639047163423]]], [[[46.744988191822436, 24.746732219425247], [46.74496137613811, 24.7467205335398], [46.744643391244416, 24.747358537772385], [46.74460429826705, 24.747437924225707], [46.744586159594526, 24.74747336616381], [46.74456111750455, 24.74752307702029], [46.744561614795046, 24.747523005320776], [46.744562111033986, 24.747522929119178], [46.74456260723514, 24.74752285020943], [46.744563101383626, 24.747522765906375], [46.744563595494306, 24.747522678895137], [46.74456408855345, 24.74752258738185], [46.74456458156217, 24.747522492257666], [46.744565072543466, 24.747522393545623], [46.744565563461734, 24.74752229032], [46.74456605335368, 24.747522184397695], [46.74456654120557, 24.747522073984843], [46.74456702900705, 24.747521959961098], [46.744567515769596, 24.747521842337992], [46.7445680004921, 24.747521720224302], [46.74456848517679, 24.747521595402453], [46.744568967821436, 24.747521466090024], [46.744569449427146, 24.747521333178224], [46.744569929993936, 24.747521196667066], [46.744570409521785, 24.74752105655655], [46.7445708870096, 24.74752091195544], [46.74457136347108, 24.74752076465767], [46.74457183888103, 24.747520612857816], [46.74457231326465, 24.74752045836133], [46.74457278560822, 24.747520299374262], [46.74457325592436, 24.74752013679933], [46.74457372521417, 24.747519971527755], [46.74457419345243, 24.74751980175408], [46.74457465867476, 24.747519628404067], [46.74457512384666, 24.74751945144318], [46.7445755860026, 24.747519270905936], [46.74457604711961, 24.747519086769326], [46.74457650719769, 24.747518899033352], [46.744576964259814, 24.747518707721028], [46.74457742029562, 24.74751851371205], [46.74457787429137, 24.74751831521249], [46.74457832625968, 24.747518113125093], [46.74457877720167, 24.747517908341024], [46.74457922511509, 24.7475176990779], [46.74457967200219, 24.74751748711813], [46.74458011587333, 24.74751727158201], [46.74458055870554, 24.74751705244651], [46.7445809985218, 24.74751682973467], [46.744581437311716, 24.74751660432619], [46.74458187307309, 24.747516374438625], [46.74458230780813, 24.74751614185443], [46.744582739539815, 24.747515906596597], [46.744583169231454, 24.74751566684818], [46.74458359591974, 24.74751542442614], [46.7445840215691, 24.747515178404747], [46.7445844442025, 24.747514928806986], [46.74458486482106, 24.74751467652409], [46.74458528242367, 24.747514420664857], [46.74458569801143, 24.747514162120474], [46.74458611155915, 24.747513899085522], [46.74458652310463, 24.747513634268152], [46.744586930645646, 24.747513365885933], [46.74458733714773, 24.74751309390435], [46.74458774064646, 24.74751281924915], [46.74458814112922, 24.74751254101759], [46.74458853959716, 24.74751226010089], [46.74458893504913, 24.74751197560785], [46.74458932749775, 24.74751168844119], [46.744589717918934, 24.747511397686658], [46.74459010534936, 24.747511105161227], [46.74459912478168, 24.747504219616363], [46.744599433862085, 24.74750398036943], [46.74459974294247, 24.747503741122497], [46.74460004900692, 24.747503498299217], [46.74460035407022, 24.747503254584736], [46.744600656130196, 24.747503008196613], [46.74460095718904, 24.747502760917286], [46.744601256233054, 24.747502510952838], [46.744601553274826, 24.74750225920594], [46.74460184930289, 24.747502005665137], [46.74460214234018, 24.747501750353422], [46.74460243436377, 24.74750149324777], [46.7446027233966, 24.74750123437121], [46.74460301141572, 24.747500973700724], [46.74460329743258, 24.74750071124783], [46.744603580458715, 24.747500447024027], [46.74460386247113, 24.747500181006277], [46.74460414248129, 24.74749991320613], [46.74460441950072, 24.747499643635063], [46.74460469550642, 24.74749937227007], [46.744604969509886, 24.747499099122642], [46.74460524053521, 24.747498825107055], [46.74460551053421, 24.747498548394788], [46.74460577755506, 24.74749827081436], [46.74460604354959, 24.747497990537276], [46.74460630656597, 24.747497709391986], [46.744606567580114, 24.747497426464296], [46.74460682659202, 24.747497141754188], [46.7446070836017, 24.74749685526165], [46.74460733862175, 24.74749656788942], [46.744607590638445, 24.74749627784356], [46.744607841654016, 24.747495986906497], [46.74460808969145, 24.747495695101243], [46.74460833571404, 24.74749540061086], [46.744608579747, 24.747495105240755], [46.744608821777724, 24.74749480808824], [46.74460906081771, 24.74749450916482], [46.74460929786806, 24.7474942093617], [46.74460953291617, 24.74749390777617], [46.744609764973546, 24.747493604419734], [46.74460999602979, 24.747493300172067], [46.74461022409529, 24.747492994153525], [46.74461044918264, 24.747492687266764], [46.744610673256275, 24.747492378586085], [46.74461089433917, 24.747492068134502], [46.74461111343242, 24.747491756803218], [46.744611329534926, 24.74749144370102], [46.74461154364781, 24.74749112971913], [46.74461175575845, 24.747490813954812], [46.74461196489094, 24.747490497322325], [46.744612172021206, 24.74749017890741], [46.74461237716184, 24.747489859612788], [46.74461257932434, 24.747489539449987], [46.7446127794846, 24.74748921750475], [46.7446129766541, 24.747488893788628], [46.744613171833976, 24.747488569192797], [46.74461336403571, 24.747488243728785], [46.74461355424781, 24.74748791738506], [46.74461374245768, 24.747487589258924], [46.74461392768941, 24.747487260264602], [46.74461410993038, 24.747486929499377], [46.74461429018173, 24.747486597854433], [46.744614468443444, 24.747486265329815], [46.74461464372702, 24.747485931937], [46.74461481702096, 24.747485597664472], [46.74463286233444, 24.74745033828638], [46.74463302782103, 24.747450011327683], [46.7446331644085, 24.747449738877435], [46.74491261619705, 24.746882248520617], [46.744988191822436, 24.746732219425247]]], [[[46.74451011176208, 24.747633116322096], [46.74450998218769, 24.74763282891367], [46.74443376308881, 24.74777848368301], [46.74417162007886, 24.748292356409276], [46.74420016984737, 24.748304796894203], [46.74446250042803, 24.74779055718089], [46.74446267742475, 24.747790204808098], [46.744462813937304, 24.74778992694167], [46.744462961971756, 24.747789624563726], [46.74446311950065, 24.747789294086385], [46.744463238547624, 24.74778903989782], [46.744463368102764, 24.747788759403807], [46.74446349566826, 24.747788478030103], [46.74446361073596, 24.747788222082136], [46.7444637468326, 24.74778791442597], [46.744463855043705, 24.747787663072188], [46.74446395850129, 24.74778742531673], [46.74451077046959, 24.74767739242334], [46.74451095036139, 24.747676964176044], [46.744511126273935, 24.74767653416935], [46.744511298219805, 24.747676103305984], [46.74451146618642, 24.7476756706832], [46.74451163018637, 24.747675237203755], [46.744511790219654, 24.74767480286761], [46.74451194627368, 24.747674366772067], [46.744512097372535, 24.747673929831357], [46.744512245480635, 24.74767349111974], [46.744512389622074, 24.747673051551445], [46.744512528795724, 24.74767261023524], [46.74451266401532, 24.747672168965103], [46.74451279525566, 24.74767172593555], [46.74451292254193, 24.747671282952044], [46.74451304584894, 24.747670838209125], [46.7445131651893, 24.747670392609532], [46.744513280550386, 24.74766994525054], [46.7445133909689, 24.747669497949097], [46.74451349742075, 24.74766904979097], [46.744513599905936, 24.747668600776155], [46.74451369842448, 24.747668150904676], [46.74451379297634, 24.747667700176525], [46.74451388257304, 24.747667248603175], [46.74451396821568, 24.74766679707588], [46.74451404989165, 24.747666344691897], [46.74451412661245, 24.747665891462745], [46.744514200355106, 24.747665437365413], [46.7445142691552, 24.74766498332562], [46.74451433398861, 24.74766452842914], [46.744514393866865, 24.747664072687503], [46.74451445077957, 24.747663616980386], [46.744514502737104, 24.747663160428104], [46.744514550740575, 24.747662703921854], [46.74451459378888, 24.747662246570442], [46.74451463288311, 24.747661789265063], [46.74451466802331, 24.74766133200573], [46.74451469919683, 24.747660873889703], [46.74451472542778, 24.74766041583123], [46.74451474770468, 24.7476599578188], [46.74451476601492, 24.747659498949684], [46.7445147803837, 24.747659041029323], [46.744514789797314, 24.747658582263803], [46.74451479525687, 24.74765812354432], [46.74451479577385, 24.74765766488237], [46.744514793325294, 24.747657206254967], [46.74451478593417, 24.747656747685117], [46.74451477360047, 24.747656289172788], [46.74451475830122, 24.74765583069501], [46.74451473805941, 24.74765537227478], [46.74451471287503, 24.74765491391208], [46.74451468472511, 24.747654455583934], [46.74451465164522, 24.74765399821604], [46.74451461461127, 24.747653540894174], [46.74451457263476, 24.747653083629878], [46.7445145276927, 24.7476526264001], [46.74451447782067, 24.7476521701306], [46.74451442300608, 24.747651713918643], [46.744514365238544, 24.747651258643934], [46.744514302528444, 24.747650803426772], [46.74451423587689, 24.747650349158366], [46.74451416428277, 24.747649894947518], [46.744514089723104, 24.74764944077118], [46.74451401024608, 24.747648988457836], [46.744513925826475, 24.747648536202046], [46.74451234737002, 24.74764021300182], [46.744512274020316, 24.74763984548653], [46.74451221044948, 24.747639541058007], [46.74451214291198, 24.747639235772812], [46.74451207342266, 24.747638932316065], [46.74451199996669, 24.747638628002633], [46.74451190788563, 24.747638264316908], [46.744511828536375, 24.74763796278071], [46.74451174622159, 24.74763766127902], [46.744511625668125, 24.747637241044245], [46.74451149917097, 24.74763681997583], [46.74451136778165, 24.74763640257582], [46.74451125007486, 24.74763604460567], [46.74451112845181, 24.74763568938971], [46.74451098128409, 24.74763527488202], [46.74451085078963, 24.747634921575084], [46.744510693787184, 24.74763451079338], [46.74451050634791, 24.74763404438835], [46.74451036206467, 24.74763369485343], [46.74451023739503, 24.747633404679284], [46.74451011176208, 24.747633116322096]]], [[[46.74405244174078, 24.7485943818991], [46.744023891904405, 24.74858194048659], [46.74371715383882, 24.74918322254938], [46.743583417406946, 24.749445376849813], [46.74358380104347, 24.7494452369552], [46.74358418365368, 24.74944509436394], [46.7435845662261, 24.74944494906452], [46.743584946796254, 24.74944480198268], [46.74358532634008, 24.749444652204165], [46.7435857048576, 24.749444499729005], [46.743586081360256, 24.749444344568705], [46.743586457837715, 24.749444187602936], [46.74358683230033, 24.749444027952052], [46.743587205749215, 24.74944386650721], [46.74358757817177, 24.749443702365717], [46.743587949568, 24.74944353552756], [46.74358831894939, 24.749443366004257], [46.74358868731705, 24.74944319468704], [46.743589054670984, 24.74944302157587], [46.743589420986, 24.74944284486532], [46.74358978531135, 24.74944266727507], [46.7435901485978, 24.749442486085446], [46.74359050988197, 24.749442303113383], [46.743590870152424, 24.749442118347375], [46.74359122939654, 24.749441930884736], [46.74359158662583, 24.74944174073693], [46.743591942841384, 24.749441548795193], [46.743592297042085, 24.749441354168308], [46.743592650229054, 24.749441157747498], [46.74359300140118, 24.74944095864152], [46.743593351559575, 24.74944075774161], [46.74359369970312, 24.749440554156557], [46.74359404683293, 24.749440348777547], [46.74359439293644, 24.749440140701918], [46.74359473604913, 24.749439930855335], [46.743595078148125, 24.749439719214827], [46.74359541823225, 24.749439504889168], [46.743595757290066, 24.749439287866846], [46.74359609435822, 24.749439069964836], [46.74359643040005, 24.74943884936615], [46.743596764427025, 24.74943862608232], [46.74359709645175, 24.749438401016047], [46.74359742647421, 24.749438174167363], [46.74359775547036, 24.749437944622013], [46.743598082464246, 24.74943771329423], [46.743598407455885, 24.74943748018403], [46.74359873043266, 24.749437244388655], [46.743599052395716, 24.74943700679938], [46.74359937136799, 24.749436767439153], [46.74359968932653, 24.749436526285002], [46.743600005270224, 24.749436282445696], [46.743600319211666, 24.749436036823948], [46.74360063213938, 24.749435789408288], [46.74360094207632, 24.749435540221686], [46.74360125098691, 24.749435288338436], [46.74360155690673, 24.749435034684247], [46.743601861812834, 24.749434779236147], [46.743602164716684, 24.74943452200559], [46.74360246462974, 24.749434263004133], [46.74360276351648, 24.74943400130601], [46.743603060413555, 24.749433738728165], [46.743603354307254, 24.749433473476692], [46.74360364718723, 24.749433206431263], [46.743603938064936, 24.74943293760341], [46.7436042269404, 24.749432666993133], [46.74360451282509, 24.749432394611933], [46.74360479672011, 24.749432121351024], [46.7436050795888, 24.749431845393445], [46.743623876274874, 24.74941333547349], [46.743624128864454, 24.749413086051394], [46.74362446230507, 24.749412749916072], [46.74362479176637, 24.749412412021336], [46.74362507827414, 24.749412113449722], [46.74362536179113, 24.74941181310719], [46.743625603380906, 24.74941155478445], [46.74362580304347, 24.749411338481497], [46.743626040641345, 24.749411077496607], [46.74362623828906, 24.749410858508508], [46.743626550756396, 24.749410507268554], [46.74362686022035, 24.749410153354948], [46.743627165692395, 24.749409796779194], [46.74362746916219, 24.749409438421015], [46.743627768640074, 24.749409077400706], [46.74362806511457, 24.749408713706746], [46.74362832067559, 24.74940839382651], [46.74362853928983, 24.74940811861669], [46.74362875491329, 24.749407841635968], [46.74365139190718, 24.74937851040948], [46.74365159097753, 24.7493782516787], [46.74365181619642, 24.749377953820343], [46.743652002554484, 24.74937770516902], [46.74365218692289, 24.749377455637994], [46.74365239258538, 24.749377173355963], [46.74365264084862, 24.749376826474638], [46.74365281924806, 24.74937657430449], [46.74365301991752, 24.749376288469087], [46.74365326020954, 24.749375937166214], [46.74365345591115, 24.749375649582905], [46.74365375513017, 24.74937519918181], [46.743653945826146, 24.74937490714243], [46.74365411226246, 24.749374647888565], [46.74365427868617, 24.74937438773199], [46.74365444211911, 24.749374125804486], [46.74365466548016, 24.749373765669993], [46.74365484622786, 24.749373469232054], [46.74365500469296, 24.749373205556644], [46.7436551611558, 24.74937294009879], [46.743655316630104, 24.74937267465246], [46.74365547011476, 24.7493724083264], [46.74365562160976, 24.749372141120634], [46.74365579140806, 24.749371839392946], [46.74365599484736, 24.74937146865591], [46.743656141361924, 24.749371198799494], [46.74365628588683, 24.74937092806339], [46.743656428434676, 24.749370657350294], [46.743656588284686, 24.749370351224044], [46.74405244174078, 24.7485943818991]]], [[[46.74349999943549, 24.749562754156145], [46.74349855841214, 24.74956052188633], [46.743480414836036, 24.749597355081995], [46.74348038936313, 24.749597796879957], [46.74348036523075, 24.749598122192587], [46.743480336155734, 24.74959844756274], [46.743480303126596, 24.749598772978885], [46.743480264153675, 24.749599097561358], [46.74348022221517, 24.749599422178328], [46.74348017433288, 24.74959974596161], [46.743480122483874, 24.749600068888178], [46.74348006569222, 24.749600391872278], [46.74348000492125, 24.74960071309694], [46.74347993920763, 24.749601034379115], [46.743479869527306, 24.749601354804607], [46.74347979489171, 24.74960167438488], [46.74347971528828, 24.749601992217247], [46.743479631730736, 24.749602310095614], [46.743479543217944, 24.749602627128795], [46.74347945072583, 24.749602942402547], [46.743479354267, 24.749603256819576], [46.74347922344301, 24.749603659214557], [46.74347630584293, 24.749612446453956], [46.74346702462522, 24.74964040517119], [46.74346688304071, 24.74964081581716], [46.743466703949075, 24.749641301837503], [46.74346653591358, 24.749641729945743], [46.743466393422075, 24.749642075595915], [46.74346626796829, 24.74964236687585], [46.743466127038126, 24.74964268271328], [46.74346599363829, 24.749642971377078], [46.743465868757326, 24.74964323285576], [46.74346568797766, 24.74964359791169], [46.743289621844866, 24.749986541873152], [46.74311243053737, 24.750331674653935], [46.74311225228057, 24.750332008079813], [46.74311210282339, 24.75033227977571], [46.74311191174081, 24.75033261515656], [46.743079843244786, 24.750386817148513], [46.743051151590684, 24.750435312555485], [46.743050976670595, 24.750435601702048], [46.743050790026615, 24.750435900916543], [46.74305056742389, 24.750436244789846], [46.74305040475024, 24.750436490456334], [46.74305020512932, 24.750436780793137], [46.74304993267798, 24.75043716587539], [46.74304965223017, 24.750437544730595], [46.74304940173431, 24.750437873579695], [46.74304921811245, 24.75043810594692], [46.74304903248835, 24.75043833653171], [46.743048843860834, 24.750438564442856], [46.743048652255126, 24.750438791485784], [46.74304845863455, 24.750439015843543], [46.743048261034644, 24.750439238441867], [46.74304806141988, 24.750439458355043], [46.7430478179003, 24.75043972031089], [46.74304752946218, 24.750440022515434], [46.74304727793355, 24.75044027734151], [46.74304689365157, 24.750440654696195], [46.743046588206816, 24.750440942652755], [46.743046387124906, 24.750441128274076], [46.74302895024988, 24.75045705816911], [46.743024768952644, 24.750460878088095], [46.743025244248614, 24.750495299747158], [46.74302590614634, 24.750495049175356], [46.7430265649777, 24.75049479141628], [46.74302721974155, 24.75049452557873], [46.743027870463095, 24.750494253468165], [46.74302851910679, 24.750493974158818], [46.743029162707046, 24.75049368768523], [46.7430298022524, 24.750493394035882], [46.74303043873138, 24.750493093199278], [46.74303107115546, 24.75049278518693], [46.74303169953722, 24.75049247090154], [46.74303232287552, 24.750492149451887], [46.74303294314747, 24.750491820814993], [46.74303355740002, 24.750491485928062], [46.7430341685862, 24.750491143853868], [46.743034774728926, 24.750490794615416], [46.74303537584082, 24.750490439115445], [46.743035972910384, 24.750490077342434], [46.7430365649491, 24.750489709307892], [46.74303715194438, 24.7504893341091], [46.74303773390879, 24.75048895264877], [46.74303831084235, 24.75048856492689], [46.74303888174394, 24.75048817005228], [46.7430394486158, 24.750487769807346], [46.743040009468274, 24.750487363312384], [46.74304056528989, 24.750486950555885], [46.74304111608067, 24.750486531537852], [46.74304165986351, 24.750486106281297], [46.74304219961663, 24.750485675654417], [46.74304273236183, 24.75048523878901], [46.74304326007616, 24.750484795662064], [46.74304378178372, 24.75048434718783], [46.74304429649594, 24.75048389337775], [46.7430448061773, 24.750483433306172], [46.74305132267232, 24.750477479830803], [46.743068784921505, 24.75046152616347], [46.743069068996284, 24.750461265541492], [46.74306935105621, 24.75046100223436], [46.74306963112646, 24.750460738047487], [46.74307000088264, 24.75046038253056], [46.743070367635426, 24.750460024339958], [46.743070731372214, 24.75045966257298], [46.74307100043001, 24.75045938858273], [46.743071268499264, 24.750459114603963], [46.74307162224992, 24.75045874573024], [46.74307197298459, 24.750458373280157], [46.743072233057376, 24.750458093074368], [46.743072491115306, 24.750457810183427], [46.74307283187644, 24.75045743152931], [46.74307316962157, 24.750457049298824], [46.74307350338737, 24.750456665308885], [46.74307383314864, 24.7504562777541], [46.74307415891797, 24.750455887537143], [46.74307440000703, 24.750455593106366], [46.74307464009496, 24.750455297784377], [46.743074877179495, 24.750454999788722], [46.74307511228695, 24.75045470181607], [46.74307542307708, 24.750454300939005], [46.74307565219034, 24.750453998521778], [46.74307588030247, 24.75045369521331], [46.74307610542379, 24.75045339013393], [46.743076328555446, 24.75045308417482], [46.74307662240191, 24.750452673563355], [46.74307691226901, 24.75045226119246], [46.7430771981316, 24.750451845256684], [46.74307748001484, 24.75045142756148], [46.74307775791875, 24.75045100810684], [46.74307803082959, 24.75045058509884], [46.74307823302563, 24.750450266743183], [46.74307843323201, 24.750449947507814], [46.74307869619449, 24.750449520101213], [46.74307895417651, 24.75044909004397], [46.74310767384749, 24.750400548259915], [46.74313966604094, 24.750346476260113], [46.743139827297526, 24.750346199912567], [46.743140058979115, 24.750345798150086], [46.74314029152329, 24.750345387348908], [46.74314045546839, 24.750345091107018], [46.743140587547515, 24.750344849407874], [46.74314071380878, 24.7503446159022], [46.743140877602734, 24.750344308827675], [46.74314100279988, 24.750344069917197], [46.74314112314252, 24.750343837383266], [46.74331826337684, 24.749998804481294], [46.7434943496487, 24.74965582052882], [46.74349457284025, 24.749655377332825], [46.74349479107654, 24.749654933291623], [46.743495005320945, 24.749654486588284], [46.7434951886756, 24.74965409351352], [46.74349536905206, 24.749653699570537], [46.74349552152959, 24.749653361027065], [46.74349567104153, 24.7496530225181], [46.74349581756267, 24.749652682238203], [46.74349596110562, 24.74965234109011], [46.74349610363485, 24.749651998148064], [46.743496242209964, 24.749651655252045], [46.7434964017265, 24.749651254328903], [46.74349653533376, 24.749650909684952], [46.7434966450214, 24.74965062219994], [46.74349675270677, 24.749650332932486], [46.74349687936912, 24.74964998656363], [46.743497024970644, 24.74964958038521], [46.74349718556984, 24.74964911534596], [46.74349728433324, 24.749648824376614], [46.743506578842286, 24.749620826679877], [46.74350952484911, 24.749611949725654], [46.743509742888925, 24.74961127906733], [46.743509950993044, 24.749610604913176], [46.74351014918668, 24.74960992906862], [46.74351033844574, 24.749609250619443], [46.7435105177943, 24.74960857047987], [46.74351068721977, 24.749607887747167], [46.74351084772327, 24.749607203312568], [46.743510997327746, 24.74960651719907], [46.743511138010255, 24.749605829383658], [46.74351126878226, 24.74960513987786], [46.743511389643785, 24.74960444868166], [46.74351150158333, 24.749603755783543], [46.74351160263644, 24.74960306210927], [46.743511694780196, 24.7496023676358], [46.74351177602492, 24.749601671483436], [46.74351184836027, 24.749600974531898], [46.74351191081033, 24.749600277695396], [46.74351196236137, 24.749599579179986], [46.74351200500302, 24.749598879865385], [46.74351203775939, 24.749598180665846], [46.74351205964192, 24.749597481592833], [46.74351207261508, 24.74959678172066], [46.74351207570295, 24.7495960819635], [46.74351206790439, 24.749595381430165], [46.74351205122166, 24.749594681903083], [46.74351202465363, 24.749593982491064], [46.74351198721177, 24.749593283205574], [46.74351194088573, 24.74959258492634], [46.74351188368587, 24.74959188677364], [46.743511817601835, 24.749591189627193], [46.7435117416451, 24.74959049349852], [46.74351165481454, 24.749589797496387], [46.7435115591124, 24.74958910340321], [46.74351145353758, 24.749588410327803], [46.7435113371015, 24.749587718281663], [46.743511211793866, 24.749587028144497], [46.74351107661353, 24.7495863390251], [46.743510931573084, 24.749585651826155], [46.74351077766107, 24.7495849665362], [46.74351061290043, 24.74958428317821], [46.743510439255616, 24.749583600826487], [46.7435102557633, 24.749582921297957], [46.743510062423475, 24.749582244592638], [46.74350985922355, 24.749581569807777], [46.74350964715206, 24.749580896931903], [46.743509425233064, 24.749580226879214], [46.743509194455086, 24.749579559638242], [46.743508952841076, 24.74957889523194], [46.743508703356625, 24.749578233625844], [46.74350844402467, 24.749577574842938], [46.743508174857816, 24.749576919785962], [46.743507896831986, 24.74957626754067], [46.74350760994718, 24.74957561810707], [46.74350731324006, 24.749574973302092], [46.743507008662505, 24.749574331297325], [46.743506693261516, 24.74957369302996], [46.74350637000268, 24.74957305846552], [46.743506037897475, 24.749572427615465], [46.743505695969944, 24.74957180139408], [46.743505346184584, 24.749571178875588], [46.74350498755285, 24.7495705600715], [46.7435046190988, 24.74956994589604], [46.7435042427995, 24.74956933632622], [46.74350385865497, 24.74956873136204], [46.74349999943549, 24.749562754156145]]], [[[46.746294313645336, 24.745725712766482], [46.7462336908056, 24.74570673411149], [46.74587167071642, 24.7464353769882], [46.74564111772723, 24.74690526464695], [46.74535151579693, 24.747469017417462], [46.7453419979375, 24.747487356246662], [46.74484292064014, 24.748466716711217], [46.74458377042368, 24.7489884896368], [46.74437373534593, 24.749384644314304], [46.74434683963097, 24.749441478668363], [46.744194980052065, 24.749762373650707], [46.74411269528979, 24.749936251168478], [46.743960232955644, 24.750235932905994], [46.74373904188575, 24.750662929462656], [46.74361427426106, 24.75090876575288], [46.74335755941327, 24.751434573201013], [46.74317010458348, 24.751801591800422], [46.74302522450657, 24.752107309529965], [46.74298427065708, 24.75219372893194], [46.74295003211188, 24.75226597735983], [46.74297056716143, 24.75227288643189], [46.7430144902418, 24.75228766452537], [46.743061789219176, 24.75217556330165], [46.7431569169175, 24.7519894131597], [46.74333586078367, 24.75163036750658], [46.74348130721544, 24.751342580161403], [46.74366446779776, 24.75097692396861], [46.743718189519925, 24.750876664739703], [46.74437593311455, 24.74956875369684], [46.74439446643122, 24.74953138768975], [46.744580477276976, 24.749164384573874], [46.74471449601168, 24.74888197852172], [46.744932747963475, 24.748456855886438], [46.74507827803271, 24.748175627349823], [46.74513362185683, 24.74807054915285], [46.74542395522446, 24.7475027316453], [46.74548118879473, 24.747390077947856], [46.74574116475944, 24.74686604050018], [46.745922858206455, 24.746499086244345], [46.7459959564693, 24.746351087216155], [46.746194955914085, 24.74594337518728], [46.746294313645336, 24.745725712766482]]], [[[46.74526455642372, 24.74659337204664], [46.745209699760096, 24.746575637689592], [46.74510863004216, 24.746747422231316], [46.74497139145621, 24.747004931622676], [46.744885357233265, 24.74715182587353], [46.7445764880596, 24.74770708812443], [46.74453395847794, 24.74778825710928], [46.74427939217092, 24.748288606236375], [46.74413409825177, 24.7485868918829], [46.7440390209832, 24.748773057308856], [46.743951058346056, 24.748945291708615], [46.7438906938078, 24.74906348881691], [46.74371602910745, 24.7494198596781], [46.74355221819317, 24.749730171642554], [46.743286734634914, 24.750272643174952], [46.743104864691986, 24.750627785396052], [46.74297948230004, 24.75087216662328], [46.7423813868779, 24.752055412279887], [46.742132100673544, 24.75253668698663], [46.7421283467379, 24.752543933708345], [46.74217129741188, 24.752566190060683], [46.74245220048492, 24.752055355185146], [46.74262931513035, 24.75177113673107], [46.74274721518045, 24.751568974141225], [46.7428650432424, 24.75135423628573], [46.74301252800672, 24.751062677843276], [46.74319462917869, 24.750675297996583], [46.74335855293735, 24.750372858948506], [46.74356838951835, 24.74995951907817], [46.743844171201914, 24.74931325836154], [46.74415016989823, 24.748708755116144], [46.744198932083414, 24.748701625420683], [46.744223065388994, 24.74868034651301], [46.74437823038701, 24.748353537184617], [46.74473102100924, 24.747639474275378], [46.744875814937295, 24.747364319954798], [46.74526455642372, 24.74659337204664]]], [[[46.74229072331514, 24.75259022676693], [46.74227288941209, 24.752582112461756], [46.74223755470632, 24.75264329081217], [46.74215092650361, 24.752794514432573], [46.741980360049695, 24.753093150864327], [46.741824718642974, 24.753364423771206], [46.741562685496746, 24.753822808340036], [46.741404786514614, 24.754100282716394], [46.74132869008581, 24.75425000210466], [46.741097467804636, 24.754708284216402], [46.74090944676829, 24.755081371472844], [46.74066916629092, 24.75555707706634], [46.74049067890628, 24.755911194912585], [46.74032188542017, 24.756246452830283], [46.74023645521273, 24.75641557894914], [46.740223260106184, 24.756444156286655], [46.74003999812953, 24.756904765346505], [46.74003401574789, 24.756920133912832], [46.74006475634432, 24.75693158629761], [46.74009549695861, 24.756943039578488], [46.74012079914857, 24.756893297453836], [46.74041833422411, 24.756301072478266], [46.74060490672862, 24.75593159237973], [46.74079915211846, 24.75554645749606], [46.740836477619666, 24.755473219291357], [46.74101929220833, 24.75511101979439], [46.741198508943555, 24.754754860567935], [46.741497539795326, 24.754161614166904], [46.74165433830374, 24.753850181251227], [46.741885287290344, 24.753393749733476], [46.742025233565045, 24.753115662973283], [46.74217966901143, 24.752810077838642], [46.742258710516545, 24.75265422767002], [46.74229072331514, 24.75259022676693]]], [[[46.74250261269796, 24.753162441940024], [46.74248406257888, 24.753154590603863], [46.74247181511259, 24.75317428101518], [46.74221834809365, 24.753626924069742], [46.7422058800322, 24.753650015415378], [46.74198618271451, 24.75408689047461], [46.74182531142574, 24.754404364288753], [46.741825983451555, 24.754406469181212], [46.74177619170993, 24.75450465067506], [46.741564164181675, 24.75492607104231], [46.74136279737116, 24.755323557736048], [46.74136118306659, 24.75532535244004], [46.741120674905275, 24.755803069311657], [46.74085744401997, 24.75632436854997], [46.74069996348111, 24.756636084960707], [46.74056648906247, 24.756900763734468], [46.74055107593759, 24.756931307131573], [46.74057720703247, 24.756943469355658], [46.740603338132225, 24.75695563157489], [46.740621336020006, 24.756926236376774], [46.74077241680806, 24.756678642833887], [46.74093297302049, 24.756416497684807], [46.74095348960126, 24.756381393247032], [46.74097036117868, 24.756348382483683], [46.74121093652108, 24.755873603863183], [46.74145309704491, 24.755390385446912], [46.74167711361185, 24.75494645640446], [46.741856519527374, 24.75458962254224], [46.74206394790144, 24.754179753295034], [46.74206945644151, 24.75416864718279], [46.74208332419302, 24.75413808189559], [46.74229575169379, 24.75364779644864], [46.74249457733039, 24.753183915273492], [46.74250261269796, 24.753162441940024]]], [[[46.73999105083111, 24.756624051334626], [46.7399441084955, 24.756604918649778], [46.739314994497114, 24.757889380421734], [46.73947855642362, 24.757672478717122], [46.73999105083111, 24.756624051334626]]], [[[46.739648664822866, 24.75757429817915], [46.73961781098681, 24.757562888561978], [46.73939522682741, 24.758004077026484], [46.73907695577279, 24.758634002731277], [46.73869972650966, 24.7593270762011], [46.73869187344842, 24.759343463202026], [46.7386851295372, 24.759362247077775], [46.73868360739364, 24.759380042189566], [46.73868432003249, 24.759401328926774], [46.738687926587545, 24.75941784202049], [46.73870005249061, 24.75944700378851], [46.738713463998856, 24.75946460387115], [46.73873712863028, 24.75948622095654], [46.738748817520964, 24.759493652184837], [46.738797487257784, 24.75951406707852], [46.738856403832884, 24.759396945814192], [46.73898686636556, 24.75913871459814], [46.738993170737515, 24.759125506500087], [46.73917873794444, 24.758758454781177], [46.73936624076229, 24.758386764029186], [46.73937651640396, 24.758363012171916], [46.739553716594045, 24.757909073259004], [46.73967951966537, 24.757585708680864], [46.739648664822866, 24.75757429817915]]], [[[46.74875986311396, 24.74028380856862], [46.748701376216744, 24.740246608623643], [46.748665383162226, 24.740317939670614], [46.748572816577116, 24.740501141278276], [46.74832196947792, 24.740998394972124], [46.748119315009646, 24.741402562272377], [46.74788004527424, 24.74187726482936], [46.7476649403138, 24.742301161778265], [46.74745922303095, 24.742711270573032], [46.74721064594473, 24.743204393564056], [46.74700771532324, 24.743605628470032], [46.74676265293568, 24.74409192390282], [46.74650606813399, 24.744599874899905], [46.74630999056186, 24.74499078339099], [46.746028027104316, 24.745549446376913], [46.74585276135786, 24.74589488096791], [46.7456066279934, 24.74638488086645], [46.74540267751002, 24.74678967764597], [46.74515327264592, 24.747284589582044], [46.744948413453365, 24.74769042658031], [46.74469803186384, 24.748185376321384], [46.74449814187138, 24.748583134763393], [46.74426947002562, 24.749035068665535], [46.744045949325695, 24.749478266662575], [46.74382761951778, 24.74991202768798], [46.74359093561641, 24.750379901053243], [46.743368658722986, 24.75081889259547], [46.74315976212882, 24.751235681982156], [46.74295145882444, 24.751647822579766], [46.7426846972725, 24.752176309138555], [46.74249770571673, 24.752547409784995], [46.74222865411738, 24.753081744860616], [46.74201870249708, 24.753496563348026], [46.74177720672196, 24.753975019411456], [46.74157265669025, 24.754382536273134], [46.7413252660158, 24.75487079403998], [46.741094905337405, 24.755327617950293], [46.74087433297746, 24.75576638061987], [46.74065093941899, 24.75620856063761], [46.740421741649, 24.756663033519267], [46.74019577568824, 24.757109499852387], [46.73996889385888, 24.757560526975404], [46.73974364927049, 24.758006544641574], [46.739508688243596, 24.75847284128161], [46.739277623849894, 24.758931511886978], [46.73905757469785, 24.759367956630143], [46.73898062226276, 24.75952470652052], [46.738953070365135, 24.759579325700482], [46.739015163468295, 24.75960554449014], [46.73904834171316, 24.759540080650435], [46.73912193798724, 24.759396735732746], [46.739338850250505, 24.758966230272243], [46.73957208212238, 24.758504882689305], [46.73980370084849, 24.758045108264895], [46.74003113576344, 24.75759365419412], [46.74025692574906, 24.757147233454585], [46.740481024545446, 24.75670309104234], [46.740712900261116, 24.75624277159643], [46.74093751257271, 24.755798024024436], [46.741159505787365, 24.755358425855395], [46.74138878672755, 24.754904165906915], [46.74163680042378, 24.75441167629061], [46.74184215453716, 24.754004614976054], [46.74208132160402, 24.753530337277173], [46.74229839843182, 24.753101175973654], [46.74256101921291, 24.752579744412692], [46.74274736280835, 24.752209550487045], [46.74301398247139, 24.751680617656387], [46.74342921703457, 24.750857606100283], [46.74365447482112, 24.75041175231058], [46.7438920968896, 24.7499382187019], [46.74410910814185, 24.74951065847562], [46.744336283143, 24.749059550273905], [46.74456485858534, 24.748604833866622], [46.74476753127342, 24.748203800747714], [46.74501324381496, 24.747716264540507], [46.74522025274386, 24.74730607769476], [46.74546828451027, 24.746812680411086], [46.745675858130554, 24.746402283297087], [46.74592139526582, 24.745918027955152], [46.74609522136906, 24.7455708251026], [46.74637400549607, 24.745016721511604], [46.7465749111257, 24.74462020043309], [46.7468303968157, 24.744114266504386], [46.74707561326145, 24.743627763322], [46.74728244139979, 24.743217371166892], [46.747524603636506, 24.742737446931528], [46.74773646704974, 24.742317581334124], [46.74794820481356, 24.741898300194183], [46.74818490004162, 24.741427138816572], [46.74838803693438, 24.741026304604357], [46.74863980326968, 24.74052552071479], [46.74873076744111, 24.74034113334584], [46.74875986311396, 24.74028380856862]]], [[[46.74012084934638, 24.757965713326424], [46.7400949505718, 24.75795363229904], [46.740060480259004, 24.758009679108085], [46.739976612219756, 24.758146539287683], [46.73986162853174, 24.758334204910714], [46.73975869568573, 24.75850221954064], [46.7396560330037, 24.758706115391483], [46.73949795843471, 24.75901953318926], [46.739470540496754, 24.75907196234953], [46.73934438861607, 24.759318871597937], [46.73922599258389, 24.759554308255893], [46.73919770891616, 24.759613387104896], [46.739168658474085, 24.759670729612335], [46.7392196487929, 24.75969233718837], [46.73922001811557, 24.759692444855133], [46.739242686524065, 24.759696762766747], [46.73926620171042, 24.759697771768142], [46.73928959180744, 24.759695336880604], [46.73931225555318, 24.759689522870097], [46.739333611626286, 24.75968047733505], [46.73935311153591, 24.75966843326514], [46.739370253336745, 24.759653699853406], [46.739384598334844, 24.759636655079113], [46.739402871305096, 24.75960147846919], [46.739550664184826, 24.7592910864931], [46.739649374593206, 24.759077908191795], [46.73980011419859, 24.75873184293793], [46.73984523529275, 24.758613801745398], [46.739845833256965, 24.75861066185356], [46.73985227371636, 24.758595661758967], [46.73986090842132, 24.758586423548206], [46.739961021759925, 24.75836209643284], [46.74007348479771, 24.758127368326104], [46.74014674912692, 24.757977795240258], [46.74012084934638, 24.757965713326424]]], [[[46.73898273169594, 24.760163287547876], [46.73893186335536, 24.760141717305874], [46.73887629169222, 24.76025259797762], [46.738761041991935, 24.76048119830111], [46.738466701897636, 24.76106462465807], [46.73823388566477, 24.761526667460995], [46.738189029246676, 24.761615594042865], [46.738223100505, 24.761631974769447], [46.7382571717719, 24.761648355487775], [46.73840896190212, 24.761418401411465], [46.738475070161556, 24.761317337335505], [46.738483661090385, 24.761305644809198], [46.73853259692513, 24.761235538896585], [46.73858379207516, 24.761152081337872], [46.73865155344974, 24.76103547502153], [46.73873042042322, 24.76089321300957], [46.73883165096145, 24.76070717316509], [46.73893356611185, 24.760518127796015], [46.73901154058691, 24.760373167418365], [46.73903991538328, 24.76032040218763], [46.739045910174326, 24.760298876865576], [46.739048003765376, 24.760276749486074], [46.73904614202187, 24.760254605735163], [46.73904037361281, 24.76023302920199], [46.73903085087335, 24.760212592340224], [46.739017826549606, 24.76019383573999], [46.739001643723746, 24.760177254701937], [46.73898273169594, 24.760163287547876]]], [[[46.73852865195063, 24.759971791067265], [46.73851155905652, 24.759964195028644], [46.73850577754608, 24.759965462950323], [46.738497535318764, 24.759961996813608], [46.73847415459118, 24.75995964086146], [46.73845357955169, 24.759960235410563], [46.73842326486612, 24.75996585730768], [46.73840487665754, 24.759972536165556], [46.73838368548049, 24.759984770389288], [46.73836864664692, 24.75999708939825], [46.73835632985394, 24.76001260094881], [46.73834788235163, 24.760024008301514], [46.73834155644282, 24.760037808003414], [46.73819216906317, 24.760359869826132], [46.73811940256217, 24.76051726595483], [46.73804262119449, 24.76068068291259], [46.73790924504782, 24.760946286622804], [46.73776392275423, 24.76123554309986], [46.737618466940056, 24.761524700785625], [46.73747343711734, 24.76181396265372], [46.73743747969242, 24.761885232261516], [46.73746339624811, 24.761897268369484], [46.73748931379721, 24.76190930446119], [46.737676830966926, 24.761602638930196], [46.73781122518683, 24.761383749637933], [46.73796250284934, 24.761137537693795], [46.73805653570639, 24.760981924480998], [46.73806224197641, 24.7609726896505], [46.7382564287761, 24.7605883880395], [46.73839445389689, 24.76031836925122], [46.738500247531476, 24.760108734409222], [46.738504483677175, 24.760100015010845], [46.73851142473616, 24.760085728740282], [46.738520658353785, 24.760066725466686], [46.73852666508049, 24.7600543614093], [46.73854013245954, 24.76002668119806], [46.738553556778434, 24.75999995671836], [46.738560917418226, 24.759985340543416], [46.73852865195063, 24.759971791067265]]], [[[46.73723985778209, 24.762539695144323], [46.737213595392355, 24.762527542933743], [46.73716864789579, 24.762600759519707], [46.736884049167664, 24.763064183903225], [46.73685442153503, 24.76311840427888], [46.73668523848036, 24.763454919952142], [46.736502326770456, 24.763816660036507], [46.73631118364421, 24.764197913320086], [46.73628651962105, 24.764255069051504], [46.736137686515356, 24.76460460774791], [46.73600756701077, 24.764907358609793], [46.735926824077495, 24.765097361226683], [46.73594958945808, 24.765106170235065], [46.73597275945924, 24.76511513525958], [46.73606788005518, 24.764926154114544], [46.73621553196942, 24.764634276308442], [46.73636545299373, 24.76433724017194], [46.737266120164165, 24.762551846447277], [46.73723985778209, 24.762539695144323]]], [[[46.737891170135114, 24.762444775365957], [46.73785671757303, 24.762428150709475], [46.73783781547436, 24.762456759782], [46.737687287361084, 24.762690022158125], [46.73767876318292, 24.76270382296565], [46.737671462808166, 24.76271873725332], [46.73755129755208, 24.762958283277918], [46.73742513889956, 24.763208144480107], [46.73722093885442, 24.76361409379619], [46.73699275536375, 24.764066408778216], [46.736803567689456, 24.76444121966597], [46.73678838995816, 24.764471466565848], [46.73675187205097, 24.764558108422158], [46.73662107056382, 24.76486382545327], [46.73640759431238, 24.765364544234313], [46.736430360032536, 24.76537330079546], [46.736453124754476, 24.7653820564617], [46.73666969893181, 24.764952362711636], [46.73682529070293, 24.76464350507048], [46.73711432798182, 24.76407108033642], [46.737306301740595, 24.763690448505432], [46.73751489661787, 24.76327560180852], [46.73764789462946, 24.763010532751213], [46.737814812018485, 24.76268068659365], [46.73791572473736, 24.76248099782952], [46.73792562172994, 24.76246140092818], [46.737891170135114, 24.762444775365957]]], [[[46.736037114415225, 24.766005928531367], [46.73601768187813, 24.765999017555977], [46.73596286819063, 24.766107872402543], [46.73577336709337, 24.766482040245172], [46.7356395199194, 24.766747508639188], [46.73551632538727, 24.766992528131038], [46.73536137611049, 24.76729972670235], [46.73514929852196, 24.767719858610764], [46.734991916141745, 24.768031408873377], [46.734804000672376, 24.7684039474679], [46.73461080815826, 24.76878627086519], [46.73456297794661, 24.76888093526767], [46.73458485177907, 24.768890866211052], [46.73460672660355, 24.76890079713958], [46.73466689948249, 24.768797374581485], [46.73480839958046, 24.768554333062813], [46.734857330084026, 24.768467709414658], [46.73506424491778, 24.768056316941493], [46.735383276748486, 24.76742377867549], [46.73556613990065, 24.767060750116226], [46.735692658481184, 24.76680987308178], [46.735704472906924, 24.766786679633608], [46.73571137214357, 24.76677026319414], [46.73580836893433, 24.766541020570056], [46.73598759354526, 24.76612200996519], [46.736037114415225, 24.766005928531367]]], [[[46.7355812235726, 24.765618929151128], [46.73555828368471, 24.76561002008869], [46.73551981892402, 24.76568679604963], [46.73533368100123, 24.766055343785865], [46.735168548351, 24.766383387286165], [46.73493005305483, 24.76685518820073], [46.73480524336523, 24.76710306359231], [46.73469184451347, 24.767327324941753], [46.73460522622768, 24.76749866232439], [46.734434609576454, 24.76783750644573], [46.734417893352926, 24.767871603625714], [46.73436988028288, 24.767981493325546], [46.733884922448105, 24.769079025283656], [46.7339049421075, 24.76908688675813], [46.73392496079312, 24.76909474914397], [46.734797280172884, 24.76736477055551], [46.73490003636922, 24.76716109501361], [46.73492952407425, 24.7671030863598], [46.73504377657514, 24.76687675552094], [46.73504430152495, 24.76687539513819], [46.735180267868884, 24.766605920118796], [46.73521994550293, 24.76652787158158], [46.73526544041407, 24.766421940102976], [46.73540893334091, 24.76608578132542], [46.7355716240277, 24.765703923432365], [46.73560416248747, 24.765627839124036], [46.7355812235726, 24.765618929151128]]], [[[46.73329926721384, 24.770136178905933], [46.733277993546544, 24.77012781904503], [46.733275186168285, 24.770133372575447], [46.733107099149954, 24.770467946237467], [46.732947240028615, 24.770784887215378], [46.73274532417521, 24.77118406125793], [46.732656848661975, 24.77135960033347], [46.73246610485237, 24.771738083769367], [46.73225545687682, 24.77215539575889], [46.732059957773465, 24.772543466235454], [46.73189099126528, 24.772877886371287], [46.7317730275432, 24.7731116859358], [46.73151956116445, 24.773614081027944], [46.73145255560235, 24.773740619955163], [46.73148028676592, 24.77375436410302], [46.73150801794788, 24.773768109148108], [46.73174969613507, 24.773387290571417], [46.73187599119434, 24.773151548281973], [46.73199382325207, 24.772917821493703], [46.7321600585298, 24.772588195475805], [46.732360955277606, 24.77219283226679], [46.7325710964722, 24.771776790021367], [46.73275895316527, 24.771405618791544], [46.732808406462574, 24.7713073995796], [46.732819211096896, 24.771283985980432], [46.73283044512189, 24.771258380667025], [46.73284515391864, 24.771224221101033], [46.733023148038974, 24.770820211790717], [46.733166152165055, 24.770493534307665], [46.733316859293055, 24.770152651208612], [46.73332043049903, 24.770144493995296], [46.73329926721384, 24.770136178905933]]], [[[46.734118373855836, 24.769956601605614], [46.734096545496186, 24.76994675223598], [46.733999321888646, 24.770112580972366], [46.73383907524859, 24.770386550826725], [46.733629873910004, 24.770743643707707], [46.73358008227279, 24.770830470189512], [46.73354541230274, 24.770898289579343], [46.73354449567848, 24.770901995626247], [46.7334392068023, 24.771110641084967], [46.73335975996369, 24.771264553462384], [46.73317402336052, 24.77163351137301], [46.73311294747885, 24.771753693846748], [46.73290744785495, 24.77216267770787], [46.73272898057578, 24.772515086320382], [46.73251477295791, 24.772939633895604], [46.73235168800498, 24.77326150792003], [46.73228535187494, 24.77339395411703], [46.732215436465204, 24.77354582354724], [46.73214674659851, 24.77370727444051], [46.73210731215916, 24.773814957876848], [46.732036609845665, 24.77400756105834], [46.73206580380708, 24.77401775073565], [46.73209501962524, 24.77402794737711], [46.73217835729969, 24.773853187605415], [46.73228511058636, 24.773641026457003], [46.73245479179484, 24.77330453458651], [46.73261759820014, 24.772983767890125], [46.73283077649111, 24.77256216821826], [46.733013065772205, 24.77220237043377], [46.7332737989957, 24.771684835481576], [46.733463992296066, 24.771308338385467], [46.733536858944426, 24.77116274351318], [46.73366081458054, 24.770916231402254], [46.73391239910191, 24.770418938958866], [46.73405589007969, 24.770133768906604], [46.73414020220623, 24.769966450069145], [46.734118373855836, 24.769956601605614]]], [[[46.731242788336985, 24.774401730785666], [46.731206771862844, 24.77438419014858], [46.73110217766637, 24.774541443961045], [46.731010407088334, 24.77467986911266], [46.7310027570272, 24.77469077843033], [46.731001130790595, 24.774691954709432], [46.73094108300019, 24.77478647947712], [46.73086943776341, 24.77490570261913], [46.730740691150416, 24.775137271467], [46.73062197005114, 24.775359321861963], [46.73053770034092, 24.775518153328797], [46.73051597339695, 24.775559028094342], [46.73050777845457, 24.775581568104812], [46.73050167972929, 24.775603305612204], [46.730499320420485, 24.77562685348053], [46.73049998979523, 24.775671985496402], [46.73050871850799, 24.775717030670265], [46.730522962097275, 24.77575606851802], [46.73052322281451, 24.775756613544658], [46.73052748320607, 24.775762546694683], [46.730534829012015, 24.77577440129637], [46.73054521079133, 24.775790466084352], [46.73055167691218, 24.775800426706944], [46.73055645664902, 24.77580672854234], [46.73056239529736, 24.77581373746873], [46.73056986134873, 24.775822139919683], [46.73060077423258, 24.77576094285515], [46.73069843904794, 24.775568198290877], [46.73070700247561, 24.775550197239447], [46.7308469168823, 24.77527483121726], [46.73096294331037, 24.77504455058368], [46.73109587490624, 24.774781649726425], [46.731180809364695, 24.774612866116506], [46.73127880482083, 24.774419271413485], [46.731242788336985, 24.774401730785666]]], [[[46.738777126218956, 24.760076266495908], [46.738715573117716, 24.76005028421912], [46.73871119318694, 24.760058972788798], [46.73859904762358, 24.76027638927004], [46.73837829731641, 24.76071321958823], [46.738150552266376, 24.761166487131963], [46.73791773924207, 24.76162686908712], [46.737688038237124, 24.762081065196266], [46.73744246239518, 24.762568722122875], [46.73723174359335, 24.762986711852584], [46.736969791502986, 24.76350590740549], [46.736770347077375, 24.763902147567954], [46.7365412238408, 24.764355441613134], [46.736313276129366, 24.76480627676161], [46.736081746593236, 24.765265591325974], [46.73585418350671, 24.765717575272927], [46.73564815828474, 24.766126020436708], [46.73539256876464, 24.766632345326315], [46.7351780436737, 24.76705687007861], [46.734938307005415, 24.76753341733156], [46.73470349712387, 24.767998091357192], [46.73448043417753, 24.76844128341443], [46.734248309158076, 24.768902428014353], [46.734019151791244, 24.76935508439167], [46.73378938631948, 24.769810847048205], [46.733562070886244, 24.770261857232384], [46.73335298191154, 24.77067543632681], [46.73310410326785, 24.77117280766318], [46.73288726624362, 24.771600392670635], [46.732646582205504, 24.77207727454283], [46.732415721047374, 24.772536213501834], [46.732187157554726, 24.772988464215217], [46.731954170457726, 24.773449782733355], [46.73172840083806, 24.77389665103064], [46.7315014723958, 24.77434642070689], [46.731266761062464, 24.7748122481966], [46.73103430061535, 24.77527271700667], [46.73081277106003, 24.7757118110492], [46.730738417260866, 24.77586045649445], [46.7307333182796, 24.775870567064725], [46.7307947638601, 24.775896382913523], [46.73079960040973, 24.775886816192884], [46.73087318936891, 24.775743706013145], [46.73109795265168, 24.77529842416593], [46.7313301204941, 24.774839117931656], [46.731562553904375, 24.77437818586101], [46.731790830850684, 24.773925696415088], [46.732016104931496, 24.773479474800894], [46.732253125789846, 24.773008702552108], [46.73247222594729, 24.772574434409023], [46.732709082107704, 24.772105780662763], [46.73294957076895, 24.771629370451734], [46.73316701686277, 24.771199015539136], [46.73341341299543, 24.770710953417968], [46.73362516971072, 24.7702927432516], [46.73385309075121, 24.76984070933965], [46.73408293618979, 24.76938623225372], [46.73431221873197, 24.76893149593853], [46.7345417386805, 24.76847495805793], [46.73477145311841, 24.768022141041634], [46.73499773358538, 24.76757287114543], [46.73523999319003, 24.7670928095041], [46.735456503650006, 24.766663871923782], [46.73571114408045, 24.766158855355638], [46.73591558840096, 24.765754278263017], [46.73614667309509, 24.765295582121393], [46.73637540697335, 24.764841167235858], [46.736602211087856, 24.76439108832231], [46.7368341428432, 24.763931573372247], [46.737031076324236, 24.76354128867338], [46.73729430961479, 24.763019528465446], [46.73750216571986, 24.76260751002146], [46.73775149857737, 24.762114224280122], [46.737979893751245, 24.76166127474624], [46.738210752952064, 24.761203605921565], [46.73843763771103, 24.760753116468994], [46.738661972161516, 24.760308472589816], [46.73877431078104, 24.760081848198435], [46.738777126218956, 24.760076266495908]]], [[[46.731714494912325, 24.774530112643404], [46.73167881084739, 24.77451715033002], [46.73166619371107, 24.774542174772698], [46.73156524428205, 24.774741208433653], [46.73148477936334, 24.77490195739651], [46.731283019240536, 24.775300574494267], [46.731077321783395, 24.77570758298819], [46.73102343951979, 24.775813877603866], [46.73096930846489, 24.775921491459655], [46.7309404347886, 24.77597897680261], [46.73095312341822, 24.775978406645272], [46.73097010753501, 24.7759762456254], [46.73098392357221, 24.775973968650902], [46.730999252611035, 24.775971191146606], [46.73100794790365, 24.77596982658979], [46.731009875755106, 24.77596957587278], [46.731016206414765, 24.77596934015549], [46.73102638114807, 24.77596833498643], [46.731044955964364, 24.77596272015552], [46.73106745748549, 24.77595366694212], [46.73108964710647, 24.77594251816613], [46.73110897817743, 24.7759318240811], [46.73113038066085, 24.77591747019473], [46.731148467731636, 24.77590207481545], [46.73116473851465, 24.775885562825113], [46.73118152719699, 24.77586632179709], [46.7311961933873, 24.775846702633466], [46.73120588010738, 24.775831407099155], [46.731211024561446, 24.77582058543217], [46.73145053485546, 24.77531298823043], [46.731533360856304, 24.775125891592335], [46.73157938602703, 24.77500929118031], [46.731621094729974, 24.774895765287926], [46.73175017799548, 24.77454307495929], [46.731714494912325, 24.774530112643404]]], [[[46.730259910089956, 24.7763010967157], [46.73029254136237, 24.776300548916392], [46.73030874318078, 24.7763009458057], [46.73032779054371, 24.776302374283567], [46.73034013269203, 24.776304128550453], [46.73034930409616, 24.776286106043507], [46.72987519567301, 24.776082596811356], [46.72986619208683, 24.77610003139178], [46.729878458871354, 24.77611275821396], [46.729888615512245, 24.776123785844856], [46.729897029971724, 24.776133691479565], [46.729905411277855, 24.77614384488253], [46.7299128541023, 24.77615342678024], [46.72991714350503, 24.77615924224002], [46.729927755183034, 24.776175272815184], [46.72993989299748, 24.776194959521103], [46.729949168018386, 24.77621222712026], [46.72995601551943, 24.776226088263517], [46.72995995548322, 24.77623430306715], [46.72996358551755, 24.776243772826422], [46.72996919144119, 24.776258810306935], [46.72997596009323, 24.776277611947684], [46.72997923185335, 24.77628656128073], [46.729982289190374, 24.77629887536974], [46.729987188859695, 24.776320248305534], [46.72998874713112, 24.77633157211785], [46.72999088007464, 24.776348254127022], [46.7299920139879, 24.776356858892356], [46.729992639297414, 24.77636408634241], [46.72999368586138, 24.776375164167998], [46.72999490871271, 24.776383550314414], [46.72999540264684, 24.776386936679092], [46.729996531081404, 24.77639207901126], [46.73000005366633, 24.77639657972597], [46.73000373119834, 24.77639941737401], [46.73000970350531, 24.776401507111576], [46.73001483825524, 24.776401745718452], [46.73002165331694, 24.776399356522813], [46.73002884392901, 24.776394239938867], [46.73004480681265, 24.776381824318243], [46.73006189610344, 24.77636941193006], [46.7300719739718, 24.77636227296006], [46.73008337771364, 24.776355615243503], [46.73009478145421, 24.77634895752614], [46.73011061928065, 24.776340290243727], [46.73012002704808, 24.77633524734723], [46.7301232349613, 24.776333528231078], [46.730133692165644, 24.776329070903447], [46.73014084124235, 24.776326023263536], [46.73015436083752, 24.77632169034915], [46.730167844436195, 24.776317328957848], [46.73017662602282, 24.776314482748276], [46.73018847801088, 24.776311625429244], [46.73021590054229, 24.776305430822543], [46.73024239121086, 24.776302637248083], [46.730259910089956, 24.7763010967157]]], [[[46.731062916776295, 24.776629770948226], [46.73108815601474, 24.77662858073875], [46.73110937879657, 24.776628780436848], [46.73111860124498, 24.77661052345436], [46.73068136679692, 24.776426409321537], [46.73067427409798, 24.77644200618866], [46.73068432408501, 24.776450042892165], [46.73069731068627, 24.776461042260735], [46.730713308077284, 24.776476002909924], [46.730725588618036, 24.77648971271998], [46.730740008272925, 24.776507208800066], [46.730754388457314, 24.77652934516904], [46.7307660832627, 24.77654895024655], [46.730773587466444, 24.77656516114065], [46.730779787185035, 24.776579153423008], [46.73078654028671, 24.776598677493805], [46.730791839212415, 24.776617952934007], [46.73079574318006, 24.776635901938697], [46.73079796326989, 24.77664766500626], [46.730799433617605, 24.776664693234306], [46.730800126742956, 24.776683508193706], [46.73079906312145, 24.776700366185242], [46.730798602361126, 24.776712705579772], [46.73079713647183, 24.77672601453736], [46.730795539342445, 24.776737419059856], [46.73079321826516, 24.77674988830695], [46.73079268261648, 24.77675276471447], [46.7307889089122, 24.776767378814153], [46.73080657255961, 24.77677520198172], [46.73080935094146, 24.776771319130326], [46.730818289261215, 24.776759523657603], [46.730825090218204, 24.776750912931348], [46.73083267778313, 24.776742404162665], [46.73083877476011, 24.776735870043737], [46.73085033320768, 24.77672475302583], [46.730861813310334, 24.776714618329432], [46.7308749141348, 24.77670411999776], [46.73088691679002, 24.776695155693464], [46.730899463558536, 24.77668642074528], [46.73091114938281, 24.776679069011607], [46.73092292535119, 24.776672655216515], [46.730942372487746, 24.776662905108264], [46.73096479120481, 24.776653077299976], [46.73098369599708, 24.776646505229568], [46.7310020283244, 24.77664143853561], [46.7310184528678, 24.77663714327926], [46.73103914524888, 24.77663325461848], [46.731062916776295, 24.776629770948226]]], [[[46.73026247659085, 24.77643113230852], [46.73028535699083, 24.776385919507817], [46.73025948358333, 24.776386873135632], [46.730242429091646, 24.776388599708955], [46.73022746159861, 24.776390569407866], [46.73019771043231, 24.776396426172603], [46.73019516938483, 24.776396672229318], [46.73018727155846, 24.77639821170858], [46.730157001235284, 24.77640941944013], [46.730112463343836, 24.776432353274423], [46.730093158863404, 24.77644611848436], [46.73007416092857, 24.776460881429138], [46.730042216281355, 24.776494623291466], [46.730027708658035, 24.776515284233575], [46.73001765555277, 24.77653070130569], [46.729918094347475, 24.77672666264244], [46.72986971954369, 24.776821873750347], [46.72983606653092, 24.776888545733254], [46.72982253332584, 24.77691751170943], [46.72981274572894, 24.776938460278437], [46.72980153232597, 24.77696327605173], [46.729777366902496, 24.777018607624623], [46.72972252016687, 24.777147185806367], [46.72967296450571, 24.777277653931844], [46.72962283155745, 24.777410429219454], [46.729609438295334, 24.777454278233723], [46.72958481200245, 24.777521391204104], [46.729574545239736, 24.777549370507057], [46.729565356553245, 24.777575078379297], [46.729521696156645, 24.777695960320987], [46.7294764557248, 24.777821218647286], [46.729512611538425, 24.77783419947449], [46.729548768335356, 24.77784717937835], [46.72970282269612, 24.777540959743764], [46.72993795750999, 24.77707589332375], [46.73013715566317, 24.776679367771614], [46.73014231493692, 24.77666981991153], [46.73026247659085, 24.77643113230852]]], [[[46.73066801923542, 24.7765533072191], [46.730656419774775, 24.776541146073562], [46.73059017709627, 24.77667230124346], [46.73051897260922, 24.77681555618851], [46.73043067901383, 24.77699064691681], [46.73030651359175, 24.77723700022261], [46.73021816910434, 24.777412455285813], [46.73009641842054, 24.77765407298086], [46.729946781319356, 24.77794879989694], [46.72991836657555, 24.77800521347893], [46.7299514929402, 24.77802115539741], [46.72998461932549, 24.778037098210785], [46.72999898697516, 24.778015173969482], [46.73024417083777, 24.77764317769498], [46.73040328640948, 24.77741403988451], [46.73044786708479, 24.77733291657553], [46.730702065577205, 24.776842657212132], [46.73071233194991, 24.776822443407188], [46.73071836974826, 24.776806223115834], [46.730724201315816, 24.77678426026517], [46.730731893726166, 24.77673931869857], [46.730731164481625, 24.776693372096616], [46.73072149071864, 24.77664900599509], [46.730710345041985, 24.776617300660696], [46.73070591419394, 24.77660877735729], [46.73070318425445, 24.77660403184847], [46.73069520914564, 24.77659215654558], [46.73068479756265, 24.77657630248584], [46.730675836420374, 24.776563849911845], [46.73066801923542, 24.7765533072191]]], [[[46.72780818337743, 24.780633032615878], [46.72780465482261, 24.780631389498403], [46.727774170011934, 24.780691825417914], [46.72760056903597, 24.781035981704264], [46.72757905185249, 24.781078638646438], [46.72758226634082, 24.781079882714668], [46.72758336779266, 24.781080294349717], [46.72758447880737, 24.781080682399836], [46.727585600348746, 24.78108104504815], [46.727586730451705, 24.781081383220204], [46.72758787010503, 24.781081696904604], [46.72758901731865, 24.781081985221448], [46.72759017110377, 24.781082248182138], [46.72759133244918, 24.781082485775254], [46.72759249937731, 24.781082698023653], [46.72759367088687, 24.781082884035982], [46.727594847979134, 24.78108304470358], [46.727596028664045, 24.78108317914655], [46.727597212954095, 24.781083288267617], [46.72759839884671, 24.781083370284122], [46.72759958735566, 24.781083426990158], [46.72760077649089, 24.781083457505773], [46.72760196625239, 24.781083461831], [46.72760315565137, 24.781083439977238], [46.72760434369904, 24.781083391955914], [46.72760553138421, 24.781083317755577], [46.72760671574048, 24.78108321741052], [46.72760789775666, 24.78108309090928], [46.72760907546767, 24.781082939177438], [46.727610248848514, 24.781082760409554], [46.72761141793668, 24.781082557313766], [46.7276125807296, 24.781082328107463], [46.727613737227266, 24.78108207279065], [46.72761488646591, 24.781081793180192], [46.72761602842049, 24.781081487470647], [46.727617162127274, 24.78108115747886], [46.72761828658493, 24.78108080231351], [46.72761940081718, 24.78108042288876], [46.727620505800324, 24.781080018290474], [46.72762159859299, 24.781079590358317], [46.727622680171464, 24.78107913817815], [46.72762375054825, 24.781078662652714], [46.727624806756985, 24.781078163816247], [46.72762584978644, 24.781077641657347], [46.72762687963665, 24.78107709617598], [46.72762789336622, 24.781076529211852], [46.72762889292774, 24.78107593893668], [46.72762987638113, 24.78107532808149], [46.7276308437139, 24.781074695743527], [46.727631793937235, 24.781074041934207], [46.72763272607488, 24.78107336756768], [46.72763364111561, 24.78107267263253], [46.72763453709434, 24.781071958054305], [46.72763541401109, 24.781071223833003], [46.72763627088956, 24.78107047088276], [46.72763710772975, 24.781069699203577], [46.72763792453168, 24.781068908795454], [46.72763872033152, 24.781068101475253], [46.72763949412803, 24.78106727635167], [46.72764024593368, 24.781066434327414], [46.727640975760984, 24.781065576305213], [46.727641682621154, 24.781064702296476], [46.72764236653919, 24.781063814106663], [46.727643026501305, 24.78106290994175], [46.7276436615562, 24.781061992521295], [46.72764427365648, 24.781061060017024], [46.727644860862036, 24.781060115159967], [46.7276454221841, 24.781059157961497], [46.727645958611475, 24.781058188410213], [46.72764646916785, 24.78105720742027], [46.72783062688235, 24.780692119934347], [46.72783110471852, 24.780691133001486], [46.727831560663915, 24.78069013638977], [46.72783199077588, 24.78068913104757], [46.72783239306436, 24.78068811609501], [46.72783276953192, 24.780687093314693], [46.727833119177276, 24.78068606181532], [46.727833442025435, 24.780685023402345], [46.727833737087614, 24.780683978087165], [46.727834004363814, 24.780682925869787], [46.72783424488031, 24.78068186944696], [46.72783445663456, 24.78068080703607], [46.727834640652844, 24.78067974133389], [46.727834796922636, 24.78067867143767], [46.72783492545647, 24.780677598250154], [46.72783502626683, 24.780676522674042], [46.727835097376165, 24.780675444732186], [46.72783514177582, 24.780674366195775], [46.72783515649944, 24.780673287099066], [46.727835144513385, 24.780672207407804], [46.72783510287631, 24.780671128961686], [46.72783503355328, 24.780670050835145], [46.72783493558052, 24.780668974845074], [46.7278348099593, 24.780667901882737], [46.72783465667713, 24.78066683104545], [46.72783447478274, 24.780665765052774], [46.72783426525239, 24.780664702990567], [46.727834028086114, 24.780663644858855], [46.72783376233261, 24.78066259337722], [46.72783346995694, 24.780661547620078], [46.727833149970344, 24.780660507598856], [46.72783280241031, 24.780659476021754], [46.727832429241914, 24.78065845196318], [46.727832028500096, 24.78065743634871], [46.727831601186125, 24.780656430069623], [46.72783114730001, 24.780655433125965], [46.72783066784304, 24.780654446409013], [46.72783016281521, 24.78065346991878], [46.72782963224153, 24.7806525054607], [46.727829077098285, 24.78065155212065], [46.72782849642169, 24.780650611715465], [46.727827891200526, 24.78064968423376], [46.72782726243608, 24.780648770566838], [46.727826609139576, 24.780647870726092], [46.72782593328858, 24.780646984688723], [46.727825233919305, 24.78064611427157], [46.72782451202055, 24.780645259463228], [46.727823768581075, 24.780644420252276], [46.72782300263712, 24.78064359845558], [46.72782221515246, 24.780642792256284], [46.727821407153385, 24.78064200435113], [46.72782057961618, 24.780641233826003], [46.72781973058827, 24.780640482509153], [46.72781886301102, 24.7806397485609], [46.727817975933135, 24.78063903470082], [46.72781707131969, 24.78063834000338], [46.7278161482069, 24.78063766628543], [46.72781520755855, 24.780637011730107], [46.72781425038843, 24.78063637813145], [46.72781327670902, 24.780635766392173], [46.72781228649535, 24.780635174706845], [46.72781128176246, 24.78063460576077], [46.727810262497876, 24.780634058651287], [46.72780922970286, 24.780633534269654], [46.72780818337743, 24.780633032615878]]], [[[46.72997851198351, 24.77824374661024], [46.7299609778459, 24.778235005446035], [46.72986332133502, 24.778385052919276], [46.7296869719954, 24.77865152880453], [46.72959601791337, 24.77878660317287], [46.72951680644883, 24.77891156694127], [46.729373122927484, 24.779163982122995], [46.729199799054975, 24.779509192300125], [46.72909545951018, 24.77971704315982], [46.7289157159741, 24.780073028893536], [46.72872088223356, 24.780458420855375], [46.72862930637001, 24.78064021443872], [46.728501543844516, 24.780893103214634], [46.72849225288822, 24.78091138883624], [46.72848456015253, 24.78092896711368], [46.72831959124217, 24.781305233362943], [46.728174543217875, 24.781638337205425], [46.72816516750719, 24.781659292663996], [46.72815395882778, 24.781684856754268], [46.72807906008052, 24.781862300693284], [46.728103231200436, 24.78187166425008], [46.728127403300064, 24.78188102688862], [46.72823690242735, 24.781663750692136], [46.728400557681795, 24.781339308021828], [46.728590085419775, 24.78096329799275], [46.728731457302615, 24.780683334786776], [46.72882599623697, 24.780496355162956], [46.72901874694298, 24.780114099322038], [46.72919823189581, 24.779757954850243], [46.72930357152006, 24.779550347883482], [46.72947857790244, 24.779204109655563], [46.72960847505622, 24.77894609157896], [46.729747620262806, 24.77867481447295], [46.72989538436335, 24.778397546443536], [46.72997851198351, 24.77824374661024]]], [[[46.729144783355395, 24.77838134566092], [46.72911755769103, 24.778371811672567], [46.729112312841956, 24.778382973011425], [46.72892115301776, 24.778762662659677], [46.72890723894492, 24.778790005996136], [46.72882577883627, 24.778951219344997], [46.728702225673715, 24.779197937292714], [46.728457928145616, 24.77967928269365], [46.72821225782108, 24.780164958401862], [46.72809204832553, 24.780403777845557], [46.72788779577605, 24.780809304083363], [46.72767426560045, 24.781232180130658], [46.72747116285333, 24.7816336531736], [46.72727831507851, 24.782019467477074], [46.727057697229576, 24.782454497697994], [46.726859503374165, 24.782847147435575], [46.72673371670579, 24.78309622184851], [46.72675274050404, 24.78310473310359], [46.726771764304765, 24.783113244356098], [46.72690980214547, 24.782866741679054], [46.72705605626228, 24.782605490543613], [46.72726376450853, 24.782237956900964], [46.72745533326605, 24.78189801943216], [46.72750911743195, 24.7818031050067], [46.72770033240619, 24.781429286727956], [46.72786834105538, 24.781095910118488], [46.72799399083635, 24.78084538644905], [46.728198462148434, 24.780441253387586], [46.72834095998609, 24.780158374802035], [46.72851399189693, 24.779816199804593], [46.7286358056288, 24.77957470530131], [46.728804065754055, 24.779239549838138], [46.728930373940344, 24.77898898086446], [46.72899076090658, 24.77886380865969], [46.72900872575945, 24.778825485705937], [46.729024691514915, 24.778786772327912], [46.72906072283375, 24.778696339355292], [46.72916852769871, 24.77840398705857], [46.72917321343737, 24.77839130091338], [46.729144783355395, 24.77838134566092]]], [[[46.72700463626553, 24.7823275907254], [46.72700361822682, 24.78232656146548], [46.72649875388655, 24.783312355865622], [46.72650046874362, 24.783312141064783], [46.72650218028444, 24.783311901021886], [46.72650388853399, 24.78331163754237], [46.72650559050087, 24.78331134885502], [46.72650728818767, 24.783311036742468], [46.7265089805931, 24.783310700313383], [46.72651066672835, 24.783310339579174], [46.72651234659342, 24.783309954539853], [46.72651401921199, 24.783309546109546], [46.72651568458407, 24.783309114288247], [46.72651734269715, 24.78330865817325], [46.72651899355124, 24.783308177764525], [46.7265206342049, 24.78330767490178], [46.72652226761208, 24.783307148648024], [46.72652389179514, 24.78330659902612], [46.72652550576528, 24.783306026047438], [46.72652710953499, 24.783305430614703], [46.726528703091795, 24.78330481182522], [46.72653028644816, 24.78330417058169], [46.72653185762649, 24.783303506906933], [46.726533417615585, 24.783302820789526], [46.72653496642795, 24.783302113132216], [46.726536502060966, 24.783301382152366], [46.726538025540926, 24.783300630546744], [46.726539535854045, 24.783299856521296], [46.7265410320365, 24.783299061892873], [46.7265425150646, 24.783298245747385], [46.72654398394954, 24.783297408096182], [46.72654543870382, 24.783296549842017], [46.72654687833862, 24.783295670996296], [46.72654830286644, 24.783294772461744], [46.726549711273485, 24.783293852444302], [46.72655110458605, 24.783292913640768], [46.72655248080154, 24.783291954268492], [46.72655384092123, 24.783290975218772], [46.726555183968834, 24.78328997740578], [46.72655650993184, 24.783288959926765], [46.72655781883524, 24.783287924587178], [46.72655910868893, 24.783286870507105], [46.726560381470534, 24.78328579766374], [46.726561634226115, 24.783284706994035], [46.7265628699221, 24.783283598463758], [46.72656408560455, 24.783282473009855], [46.72656528224977, 24.783281329718186], [46.726566458893984, 24.783280170405632], [46.726567615512174, 24.78327899326673], [46.72656875214182, 24.783277801009643], [46.72656986776914, 24.783276591840345], [46.726570962406626, 24.783275366661567], [46.72657203607927, 24.783274127278727], [46.72657308874958, 24.78327287098368], [46.72657412046754, 24.78327160138731], [46.72657512923053, 24.783270316706982], [46.7265761160399, 24.783269017834026], [46.7265770808956, 24.78326770476844], [46.72657802282135, 24.783266378424347], [46.726578942793445, 24.783265037887617], [46.726579838871764, 24.783263685889228], [46.72658071202013, 24.783262320612337], [46.726581561262215, 24.783260942971086], [46.726582387586845, 24.783259552954057], [46.72658318902889, 24.783258151486766], [46.726583967578456, 24.78325673944915], [46.72658472522567, 24.783255317721128], [46.72701802402175, 24.78240926224379], [46.7270186344378, 24.78240799299157], [46.72701922695549, 24.78240671672292], [46.727019793626944, 24.782405430820933], [46.72702033445216, 24.782404135285653], [46.72702084944363, 24.782402831019763], [46.72702133761258, 24.782401518034693], [46.72702179897148, 24.782400197233162], [46.72702223452164, 24.782398869506466], [46.72702264327425, 24.78239753486605], [46.72702302521683, 24.782396192409173], [46.727023380386875, 24.782394844843985], [46.727023707783076, 24.782393491279212], [46.72702400840674, 24.78239213260614], [46.72702428225785, 24.78239076882476], [46.727024528360126, 24.782389400849254], [46.72702474671355, 24.78238802867956], [46.72702493734314, 24.78238665412118], [46.72702510022389, 24.78238527536863], [46.7270252363696, 24.782383894215947], [46.72702534381516, 24.782382511588708], [46.72702542453816, 24.782381127464056], [46.72702547656103, 24.78237974186483], [46.727025501873854, 24.782378355670925], [46.72702549851153, 24.782376969807896], [46.72702546745035, 24.782375583361603], [46.72702540872784, 24.782374199040213], [46.72702532230648, 24.782372814135556], [46.72702520823626, 24.782371432258525], [46.72702506649221, 24.782370051603696], [46.72702489709929, 24.782368673976464], [46.72702470005753, 24.78236729937688], [46.72702447537941, 24.78236592870766], [46.727024223064944, 24.782364561968766], [46.72702394311413, 24.782363199160233], [46.727023636528266, 24.782361841173376], [46.72702330331983, 24.7823604889109], [46.727022941511265, 24.782359142395624], [46.727022554081415, 24.782357802496048], [46.72702213904022, 24.78235646833228], [46.727021697413974, 24.78235514260108], [46.727021230166464, 24.782353823485565], [46.72702073633389, 24.782352512802618], [46.72702021591626, 24.78235121055222], [46.72701966891358, 24.78234991673439], [46.72701909633962, 24.782348633143133], [46.7270184991707, 24.782347358864353], [46.72701787544171, 24.78234609482357], [46.72701722713027, 24.78234484099798], [46.72701655326004, 24.782343598301704], [46.72701585483235, 24.782342367626065], [46.727015131847196, 24.78234114897104], [46.72701438430457, 24.782339942336645], [46.72701361319326, 24.78233874771147], [46.72701281754948, 24.78233756691238], [46.72701199933832, 24.78233639901382], [46.72701115660719, 24.78233524584407], [46.72701029230998, 24.782334106466156], [46.727009404481585, 24.782332981805624], [46.72700849411081, 24.782331871851078], [46.72700756219894, 24.78233077749382], [46.7270066077572, 24.78232969874527], [46.72700563277566, 24.782328636485328], [46.72700463626553, 24.7823275907254]]], [[[46.72638584731372, 24.783510762385294], [46.72638564055161, 24.783510328685114], [46.72598059308268, 24.78430943719042], [46.725842769911395, 24.784581343336825], [46.72569841231406, 24.78486613912054], [46.7257003039849, 24.78486576428735], [46.72570218938561, 24.784865365148995], [46.725704068503696, 24.784864940802752], [46.72570594035036, 24.78486449126004], [46.72570780492558, 24.78486401652085], [46.72570966125302, 24.784863517499307], [46.725711510321524, 24.78486299418401], [46.725713350153434, 24.784862446597767], [46.7257151817251, 24.784861873826447], [46.72571700307133, 24.784861276795585], [46.725718815193474, 24.78486065639649], [46.72572061806654, 24.784860010823735], [46.725722409737855, 24.78485934190556], [46.72572419020744, 24.78485864964196], [46.725725959462785, 24.784857933130226], [46.72572771751639, 24.784857193273066], [46.72572946339193, 24.784856430984608], [46.7257311970644, 24.784855644459427], [46.72573291756999, 24.784854835514338], [46.7257346258975, 24.784854004137966], [46.72573632005682, 24.784853149450388], [46.725737100659735, 24.78485274228476], [46.725780036428425, 24.784817027228993], [46.725780351222696, 24.784816620017207], [46.7257814446237, 24.784815161015022], [46.725782514105695, 24.78481368874562], [46.72578356064502, 24.784812202294884], [46.72578458325285, 24.784810701674225], [46.72578558095287, 24.784809187797745], [46.72578655572271, 24.78480766064266], [46.72578750559721, 24.784806121134487], [46.72578842957508, 24.784804568381904], [46.72578933064775, 24.784803004156156], [46.72579020584877, 24.78480142849146], [46.725791055165644, 24.784799840485068], [46.72579188756018, 24.784798244548007], [46.726172290625435, 24.784046666881636], [46.726315757947376, 24.783763210891703], [46.72638422222216, 24.783627940855393], [46.726385027616864, 24.783626324460943], [46.72638581014404, 24.78362469930158], [46.72638657079247, 24.78362306536588], [46.72638730957467, 24.7836214235566], [46.72638802548932, 24.783619772982426], [46.72638871953773, 24.783618114534644], [46.726389390743584, 24.78361644912739], [46.7263900390944, 24.78361477585796], [46.726390665578975, 24.78361309471494], [46.72639126824467, 24.783611407526582], [46.72639184905664, 24.78360971336737], [46.72639240603725, 24.783608012260093], [46.72639294020029, 24.7836063059988], [46.72639345152078, 24.78360459277805], [46.72639394002372, 24.783602874403286], [46.72639440472028, 24.7836011508859], [46.726394845610486, 24.78359942222592], [46.726395263683116, 24.783597688411913], [46.72639565796189, 24.783595950358038], [46.726396028446786, 24.783594208064283], [46.72639637611413, 24.78359246061649], [46.72639669902378, 24.78359071074569], [46.726396999128376, 24.783588956623586], [46.72639727545159, 24.783587199164334], [46.72639752701713, 24.783585439282053], [46.726397755790096, 24.783583676051197], [46.726397959817874, 24.78358191130004], [46.72639814105308, 24.783580143200307], [46.7263982975556, 24.783578374483003], [46.72639843028924, 24.78357660333125], [46.7263985382777, 24.783574830659205], [46.72639862351107, 24.783573057346764], [46.72639868401175, 24.78357128341673], [46.72639872075606, 24.783569507954994], [46.726398733768974, 24.783567732766976], [46.726398722061695, 24.783565957864116], [46.72639868662303, 24.78356418323499], [46.72639862745298, 24.783562408879586], [46.72639854357523, 24.783560635712053], [46.72639843596608, 24.783558862818257], [46.72639830465056, 24.78355709200364], [46.72639814961614, 24.783555322365483], [46.726397969886506, 24.7835535548179], [46.72639776645049, 24.783551789349524], [46.72639753930808, 24.7835500259603], [46.72639728848426, 24.783548266455718], [46.72639701395405, 24.78354650903033], [46.726396714741135, 24.78354475459823], [46.72639639283563, 24.783543004039363], [46.72639604724872, 24.783541257365115], [46.72639567699161, 24.783539514586895], [46.7263952840419, 24.783537775681907], [46.72639486743578, 24.78353604246701], [46.72639442714826, 24.783534313136723], [46.72639396418064, 24.783532588582364], [46.726393477569104, 24.783530870620822], [46.72639296728868, 24.78352915744662], [46.726392434340646, 24.783527449951084], [46.72639187774869, 24.783525749048355], [46.726391298501646, 24.783524054727003], [46.72639069659949, 24.78352236698705], [46.72639007204222, 24.783520685828474], [46.72638942484236, 24.783519012154017], [46.726388784699736, 24.783517419656256], [46.72638864040554, 24.783517069202222], [46.72638843782536, 24.78351658037887], [46.72638831816205, 24.783516294647217], [46.726388175006576, 24.783515955014472], [46.72638794399021, 24.783515412347068], [46.72638780194848, 24.783515081730137], [46.72638769876823, 24.783514843660345], [46.72638753842825, 24.783514477139782], [46.726387249438226, 24.78351381867114], [46.72638707287754, 24.783513423445907], [46.72638690554095, 24.783513051588837], [46.7263867953391, 24.78351280637709], [46.72638662093094, 24.78351242376717], [46.72638648325672, 24.783512122894514], [46.726386356859166, 24.783511850783547], [46.72638620497934, 24.783511523891576], [46.726386001158666, 24.78351108835173], [46.72638584731372, 24.783510762385294]]], [[[46.72557150206522, 24.78507139682236], [46.72557129112859, 24.78507116180017], [46.725567426916776, 24.785078791345715], [46.72556333646338, 24.78508686680775], [46.725559246998316, 24.785094942258286], [46.72555506519553, 24.785103063013885], [46.72555088436855, 24.785111182855243], [46.72554670256472, 24.785119303610628], [46.7255425217492, 24.78512742435454], [46.725538339931845, 24.785135544207012], [46.72553415911529, 24.785143664950713], [46.72552997730939, 24.785151785705732], [46.72552579647931, 24.785159905546514], [46.725521614672374, 24.78516802630135], [46.72551743385375, 24.785176147044666], [46.725513252033295, 24.785184266896557], [46.72550907121364, 24.785192387639704], [46.725504889404625, 24.78520050839413], [46.72550070857144, 24.785208628234358], [46.7254965267614, 24.7852167489886], [46.72549234495084, 24.785224869742738], [46.72548816411609, 24.78523298958268], [46.725483982304496, 24.78524111033663], [46.725479801481214, 24.785249231079103], [46.725475619656095, 24.785257350930138], [46.72547143883177, 24.785265471672403], [46.7254672570181, 24.785273592425987], [46.725463076180255, 24.78528171226534], [46.72545889436556, 24.785289833018716], [46.72545471353916, 24.785297953760622], [46.72545053171093, 24.785306073611082], [46.7254463508835, 24.785314194352782], [46.725442169066724, 24.785322315105777], [46.72543798822578, 24.78533043494456], [46.72543380640798, 24.785338555697376], [46.72543037973212, 24.78534528635641], [46.725426954057234, 24.785352017906707], [46.72542352738069, 24.785358748565617], [46.72542010070379, 24.78536547922445], [46.725416016429904, 24.785373502245413], [46.72541193313185, 24.785381524352157], [46.72540784885697, 24.78538954737292], [46.72540376456909, 24.785397569490886], [46.725399681282035, 24.785405592500084], [46.72539559699316, 24.785413614617855], [46.7253915137051, 24.785421637626868], [46.725387429415235, 24.785429659744455], [46.725383345137345, 24.78543768276469], [46.7253792618353, 24.785445704870714], [46.72537517755642, 24.785453727890747], [46.72537109327704, 24.78546175091071], [46.725367009973496, 24.785469773016438], [46.725362925693126, 24.78547779603622], [46.72535884139975, 24.785485818153187], [46.7253547581072, 24.78549384116136], [46.72535067381284, 24.785501863278146], [46.72534659051929, 24.785509886286157], [46.725342506223924, 24.78551790840274], [46.72533842194055, 24.785525931421972], [46.72533433863301, 24.785533953526972], [46.72533025434864, 24.78554197654602], [46.72532599491465, 24.78555006388202], [46.725321734491295, 24.785558151229306], [46.72531747505625, 24.7855662385651], [46.725313215620666, 24.785574325900793], [46.72530895519574, 24.785582413247788], [46.725304695759114, 24.78559050058328], [46.725300435333125, 24.785598587930075], [46.72529617589545, 24.78560667526537], [46.72529191645724, 24.785614762600563], [46.725287656029685, 24.78562284994706], [46.72528339659042, 24.785630937282054], [46.72527913715063, 24.785639024616952], [46.72527487670901, 24.78564711106041], [46.72527061726817, 24.785655198395105], [46.72526635782679, 24.7856632857297], [46.725262097396076, 24.7856713730756], [46.72525783795366, 24.78567946041], [46.72525357851071, 24.7856875477443], [46.72524931807842, 24.785695635089894], [46.72524505863442, 24.785703722424], [46.72524079820107, 24.785711809769396], [46.72523688087402, 24.78571924851184], [46.72508270560269, 24.786011951411098], [46.72507892507553, 24.786019128547128], [46.72507466561048, 24.786027215877237], [46.7250704061449, 24.786035303207253], [46.725066145689965, 24.786043390548567], [46.72506188622334, 24.78605147787838], [46.725057625767356, 24.7860595652195], [46.725053366312146, 24.786067653451834], [46.72504910684394, 24.786075740781353], [46.725044846386375, 24.786083828122173], [46.72504058691711, 24.786091915451486], [46.725036326458486, 24.7861000027921], [46.72503206698818, 24.786108090121225], [46.725027807517336, 24.786116177450243], [46.725023547057134, 24.786124264790562], [46.72501928758524, 24.786132352119377], [46.725015027123995, 24.786140439459494], [46.72501076765104, 24.786148526788114], [46.72500650817757, 24.786156614116635], [46.72500224771474, 24.78616470145644], [46.72499798824022, 24.78617278878476], [46.72499372777633, 24.786180876124384], [46.72498946830075, 24.786188963452506], [46.724985224988096, 24.78619693231853], [46.72498098166244, 24.78620490028174], [46.72497673834876, 24.78621286914757], [46.724972495034564, 24.78622083801331], [46.72496825170736, 24.786228805976222], [46.72496400839212, 24.786236774841754], [46.72495976507637, 24.78624474370719], [46.72495552174761, 24.7862527116698], [46.72495127843082, 24.78626068053504], [46.724947035113516, 24.786268649400185], [46.72494279179569, 24.786276618265223], [46.72493854846487, 24.78628458622744], [46.72493430514601, 24.78629255509228], [46.72493006182663, 24.786300523957024], [46.72492581849426, 24.786308491918952], [46.72492157517385, 24.78631646078349], [46.724917331852936, 24.78632442964794], [46.72491308851901, 24.786332397609563], [46.72490884519705, 24.78634036647382], [46.72490462232273, 24.786348455183713], [46.72490040042425, 24.786356542979384], [46.724896177548885, 24.78636463168908], [46.72489195566184, 24.786372720387284], [46.72488773277296, 24.786380808194064], [46.724883510884865, 24.786388896892092], [46.72487928800743, 24.7863969856014], [46.7248750661183, 24.786405074299207], [46.72487084322733, 24.786413162105593], [46.724866621337156, 24.786421250803212], [46.72486239845763, 24.786429339512136], [46.72485817655392, 24.786437427306826], [46.72485395367336, 24.786445516015547], [46.7248497317811, 24.786453604712772], [46.724845508887, 24.78646169251859], [46.724841286993694, 24.786469781215626], [46.724837064111036, 24.78647786992395], [46.72483284221669, 24.78648595862079], [46.72482861932051, 24.786494046426203], [46.72482439742512, 24.786502135122834], [46.724820174540376, 24.78651022383077], [46.72481595263146, 24.786518311624494], [46.724811729745674, 24.78652640033223], [46.724807608042894, 24.786534225139192], [46.72480348731598, 24.786542049031926], [46.72479936561222, 24.786549873838677], [46.72479524390797, 24.78655769864535], [46.724791122190744, 24.786565522549196], [46.72478700147433, 24.78657334734428], [46.724782879768604, 24.786581172150655], [46.72477875804989, 24.78658899605423], [46.72477463634317, 24.78659682086044], [46.72477051562479, 24.78660464565514], [46.72476639390461, 24.786612469558438], [46.724762272196415, 24.786620294364344], [46.72475815147656, 24.786628119158777], [46.72475402975489, 24.78663594306178], [46.72474990804522, 24.78664376786743], [46.72474578632257, 24.786651591770244], [46.724741665600746, 24.786659416564305], [46.724737543889596, 24.786667241369674], [46.72473342216547, 24.786675065272203], [46.724729300453326, 24.786682890077387], [46.72472517972953, 24.78669071487106], [46.72472105800392, 24.78669853877333], [46.72471693629031, 24.78670636357821], [46.7247128145762, 24.786714188383026], [46.72470869383794, 24.78672201227362], [46.72470457212285, 24.78672983707822], [46.72470045040726, 24.786737661882746], [46.72469632966753, 24.786745485773046], [46.724692207950966, 24.78675331057739], [46.72469155360904, 24.78675455324156], [46.72462765299926, 24.78687586674896], [46.72462626528806, 24.786878501960718], [46.72462214356312, 24.786886326763454], [46.72461802183767, 24.786894151566116], [46.72461390108809, 24.78690197545457], [46.724609779361664, 24.78690980025703], [46.72460565763473, 24.786917625059406], [46.724601536883675, 24.78692544894756], [46.72459741515576, 24.786933273749757], [46.72459329342736, 24.786941098551843], [46.72458917267483, 24.786948922439734], [46.72458505094544, 24.786956747241646], [46.72458092921557, 24.786964572043455], [46.724576807472715, 24.78697239594246], [46.72457268673068, 24.786980220732683], [46.72456856499934, 24.786988045534226], [46.72456444326749, 24.786995870335655], [46.72456032152267, 24.787003694234294], [46.724556200778665, 24.787011519024162], [46.72455207904534, 24.78701934382531], [46.72454795729903, 24.787027167723668], [46.72454383655355, 24.78703499251323], [46.72453971481875, 24.787042817314127], [46.72453559307097, 24.787050641212186], [46.724531471335176, 24.787058466012883], [46.72452735058773, 24.7870662908021], [46.72452322883847, 24.787074114699873], [46.7245191071012, 24.7870819395003], [46.72451498536344, 24.787089764300607], [46.724510864614025, 24.78709758908945], [46.72450674286279, 24.787105412986854], [46.724502621123555, 24.787113237786905], [46.72449849938381, 24.78712106258686], [46.72449437861996, 24.78712888647259], [46.72449025687923, 24.787136711272357], [46.72448557949069, 24.787144119029787], [46.724480903102915, 24.787151527678425], [46.7244762257133, 24.787158935435617], [46.72447153479146, 24.787166365920307], [46.724471356714595, 24.787166647861365], [46.72446687094494, 24.787173751852357], [46.72446219455503, 24.787181160500506], [46.724457517163266, 24.787188568257207], [46.72445283978344, 24.787195976916504], [46.724448163379435, 24.787203384661552], [46.72444348599855, 24.787210793320604], [46.72443880860463, 24.787218201076808], [46.724434132211506, 24.78722560972422], [46.724429454816516, 24.787233017480183], [46.724424777433484, 24.787240426138748], [46.72442010003741, 24.78724783389446], [46.72441542364214, 24.78725524254138], [46.724410746245006, 24.787262650296835], [46.72440683324551, 24.78726876356036], [46.72440292023317, 24.787274875921074], [46.724399007232925, 24.787280989184428], [46.724393563656, 24.787288489734525], [46.724388119077126, 24.78729598939315], [46.72438267549892, 24.78730348994291], [46.72437723192009, 24.787310990492504], [46.72437178834061, 24.787318491041944], [46.72436634375917, 24.787325990699873], [46.72436565858151, 24.7873269348688], [46.7243340810898, 24.78737044045281], [46.72433488807374, 24.787370652357197], [46.72433600735325, 24.78737091934967], [46.7243371322413, 24.78737116280293], [46.724338263714266, 24.787371381802878], [46.72433940078328, 24.787371576360897], [46.72434054148316, 24.787371747402513], [46.72434168677779, 24.787371893110876], [46.72434283570329, 24.787372015302818], [46.72434398724584, 24.787372112184315], [46.72434514141793, 24.787372184658047], [46.72434629624188, 24.787372232746833], [46.72434745269406, 24.787372255536557], [46.72434860880927, 24.78737225395271], [46.724349765576335, 24.78737222798392], [46.72435092001626, 24.787372176761625], [46.72435207413169, 24.787372102068506], [46.724353224918666, 24.787372001230548], [46.72435437340346, 24.787371876944544], [46.72435551857227, 24.787371727416435], [46.724356659448745, 24.787371553560348], [46.72435779505652, 24.787371356290386], [46.724358925370645, 24.78737113380112], [46.72436005041606, 24.78737088789799], [46.72436116820262, 24.787370617701047], [46.72436227873033, 24.78737032321029], [46.72436338202414, 24.787370006231193], [46.724364476081405, 24.78736966498108], [46.724365561903454, 24.787369300351298], [46.72436663752509, 24.78736891326733], [46.724367702933826, 24.787368502826467], [46.72436875814214, 24.78736806993143], [46.724369801172365, 24.787367614605003], [46.72437083301333, 24.78736713683581], [46.72437185169984, 24.78736663754936], [46.72437285723189, 24.78736611674564], [46.72437384960949, 24.787365574424644], [46.724374827843796, 24.78736501059778], [46.724375790970925, 24.787364427081894], [46.724376738965915, 24.78736382207153], [46.72437767185374, 24.787363197372144], [46.72437858765671, 24.787362553006517], [46.724379487376154, 24.787361889865974], [46.724380369021894, 24.7873612070706], [46.724381233595274, 24.7873605055117], [46.72438208010744, 24.787359785200692], [46.72438290759452, 24.787359047954396], [46.72438371604403, 24.787358292870103], [46.72438450447961, 24.78735752086193], [46.72438527291374, 24.78735673283259], [46.72438602133396, 24.78735592787938], [46.7243867487639, 24.7873551069164], [46.72438745521602, 24.78735427084637], [46.72438813970149, 24.78735341968071], [46.72438880322166, 24.787352554310726], [46.724389442822456, 24.787351675673335], [46.724390061457946, 24.787350782831634], [46.72439065618655, 24.787349877625246], [46.72439122799712, 24.78734896004278], [46.72449470584958, 24.787178089002445], [46.7246771803989, 24.786876770369446], [46.72478425345251, 24.78669996199308], [46.72480513873248, 24.786665473705185], [46.725278875226316, 24.785740137094788], [46.72540667793798, 24.785490501492852], [46.72558516544905, 24.78514186070236], [46.72558560079317, 24.7851406593831], [46.72558601428332, 24.785139451092867], [46.72558640494317, 24.785138236745798], [46.7255867717839, 24.785137016353282], [46.72558711679562, 24.785135790795245], [46.72558743898954, 24.785134560083083], [46.72558773737683, 24.78513332422819], [46.7255880129463, 24.785132083219185], [46.725588265722934, 24.78513083886152], [46.72558849471792, 24.785129591166566], [46.72558869991876, 24.785128339231623], [46.72558888233925, 24.785127084850718], [46.72558904196692, 24.785125827121163], [46.72558917684909, 24.785124567871172], [46.725589288950914, 24.785123306175212], [46.72558937729606, 24.785122042947453], [46.725589441897036, 24.785120779090576], [46.72558948274133, 24.78511951370188], [46.72558949985393, 24.78511824858682], [46.72558949322235, 24.785116982842638], [46.72558946384788, 24.785115717360693], [46.72558940975292, 24.785114452163757], [46.72558933294006, 24.785113189034494], [46.72558923140667, 24.785111926190268], [46.7255891071679, 24.78511066631642], [46.725588959209915, 24.785109407618926], [46.7255887875577, 24.78510815190322], [46.72558859219878, 24.785106898266584], [46.725588374146945, 24.78510564850308], [46.725588132413385, 24.785104402624064], [46.725587867986896, 24.78510316061819], [46.725587579878685, 24.785101922496807], [46.72558726909005, 24.785100689151278], [46.725586934632155, 24.785099460592996], [46.725586577506355, 24.785098237713267], [46.72558619771261, 24.7850970205121], [46.725585795263406, 24.785095809892226], [46.72558537014628, 24.78509460495092], [46.725584922386204, 24.7850934074936], [46.72558445197068, 24.785092216617574], [46.72558395990102, 24.785091033214165], [46.72558344618973, 24.785089858186087], [46.725582909835474, 24.785088690642006], [46.72558235183958, 24.785087531473263], [46.725581773203345, 24.785086381571194], [46.72558117194914, 24.785085240958555], [46.72558055006708, 24.7850841105153], [46.72557990655588, 24.7850829893501], [46.72557924340565, 24.785081878342872], [46.72557855863875, 24.785080777516416], [46.7255778532565, 24.78507968776207], [46.725577128247714, 24.785078609068417], [46.725576382636056, 24.785077542349597], [46.72557561838669, 24.78507648668006], [46.72557483254565, 24.78507544299676], [46.72557402908066, 24.785074412156796], [46.72557320601413, 24.78507339418298], [46.725572363346046, 24.785072389075292], [46.72557150206522, 24.78507139682236]]], [[[46.726123567145386, 24.784518653972246], [46.72620419149909, 24.784371098383442], [46.72620584119417, 24.784371462172246], [46.72626099270359, 24.784272092064192], [46.72631610686002, 24.78417202986971], [46.72631525678498, 24.78416998926233], [46.72653338470551, 24.78373931344581], [46.72654365335791, 24.78371903576082], [46.72652475216125, 24.78371059981263], [46.72650636842115, 24.783702394444152], [46.72649467553061, 24.78372309213786], [46.72625841883387, 24.78414120142374], [46.72606107677395, 24.784491773105273], [46.72588198861593, 24.784810426249646], [46.725741332382334, 24.785063823697183], [46.72573259179534, 24.785080193257166], [46.72572741603665, 24.785089668945382], [46.725564160617864, 24.7854155282628], [46.72553208486579, 24.78548128918653], [46.7254702186652, 24.785595642820923], [46.72545342172995, 24.78562216229394], [46.725381296542906, 24.785764032598333], [46.725252112198355, 24.78601497521269], [46.72506635591916, 24.78637665650345], [46.724948678494215, 24.786605089576003], [46.72483289593416, 24.786828256872642], [46.724678511814176, 24.787100506447924], [46.7245447936519, 24.787316074050697], [46.72443089109594, 24.78748346551383], [46.72452342485018, 24.78752238905023], [46.724617661149274, 24.78738468202762], [46.72475788122351, 24.78716105627213], [46.72492369481561, 24.786874275046923], [46.72504331637539, 24.786648809877317], [46.72516342462694, 24.78642009320435], [46.725346782255286, 24.786065552249305], [46.72550636813551, 24.78572884414872], [46.72555445599096, 24.78562736805962], [46.725625699503816, 24.785472113804186], [46.72563792882943, 24.785446992252588], [46.72580676245035, 24.785119312460814], [46.725950802899845, 24.78483761255855], [46.726123567145386, 24.784518653972246]]], [[[46.72425711710891, 24.78747772841067], [46.72425690523427, 24.78747742568247], [46.724253554858684, 24.78748138544006], [46.72425202242132, 24.78748349684713], [46.724246578827156, 24.78749099739265], [46.72424113423103, 24.78749849704667], [46.72423569063559, 24.78750599759185], [46.724230247039515, 24.787513498136878], [46.724224802441476, 24.78752099779039], [46.72421935884412, 24.787528498335064], [46.72421391524612, 24.787535998879584], [46.72420847164749, 24.78754349942391], [46.72420302704689, 24.787550999076746], [46.72419758344698, 24.78755849962074], [46.72419213984643, 24.787566000164578], [46.72418669524393, 24.7875734998169], [46.7241812516421, 24.787581000360383], [46.72417580803964, 24.787588500903716], [46.72417036343521, 24.78759600055553], [46.724164919831466, 24.787603501098506], [46.724159476227086, 24.78761100164131], [46.72415403262207, 24.78761850218396], [46.72414858801509, 24.787626001835097], [46.72414314440879, 24.787633502377396], [46.724137700801855, 24.78764100291954], [46.724132256192966, 24.78764850257016], [46.72412681258476, 24.787656003111945], [46.7241213689759, 24.78766350365356], [46.72411592436509, 24.787671003303696], [46.72411048075496, 24.787678503844973], [46.72410503714419, 24.787686004386085], [46.72409959353279, 24.787693504927017], [46.724094148919434, 24.787701004576473], [46.72408870530675, 24.78770850511707], [46.724114341431665, 24.787717825312583], [46.724188751454214, 24.787634314980338], [46.72418968732923, 24.787633262288196], [46.72419062122653, 24.787632209618845], [46.72419155310872, 24.787631154264076], [46.724192484002025, 24.78763009892072], [46.72419341190384, 24.78762904180607], [46.72419433879185, 24.787627982897366], [46.724195263689666, 24.78762692310872], [46.724196187573675, 24.787625861526013], [46.72419710847867, 24.78762479907476], [46.724198027381, 24.78762373484083], [46.72419894528199, 24.787622669715578], [46.72419986118033, 24.78762160280764], [46.72420077508849, 24.787620535019762], [46.72420168700647, 24.787619466351963], [46.72420259692179, 24.787618395901465], [46.72420350582331, 24.787617323656924], [46.724204411745795, 24.787616250543834], [46.72420531666695, 24.787615176539394], [46.72420621958545, 24.78761410075231], [46.72420712051377, 24.787613024085264], [46.72420801943943, 24.787611945635557], [46.724208916362436, 24.78761086540318], [46.724209812296586, 24.787609785182195], [46.72421070523924, 24.78760870318994], [46.72421159716808, 24.78760761940361], [46.72421248710674, 24.787606534737357], [46.72421337504274, 24.787605448288417], [46.72421426098856, 24.787604360959538], [46.7242151449442, 24.787603272750726], [46.724216027886044, 24.787602182747847], [46.724216907848856, 24.78760109187643], [46.724217786810335, 24.78760000011367], [46.72421866276783, 24.787598905676898], [46.72421953773648, 24.787597811251533], [46.72422041070247, 24.78759671504349], [46.724221281678275, 24.787595617955507], [46.72422215065143, 24.78759451908486], [46.72422301763441, 24.78759341933427], [46.724223883616055, 24.787592318692354], [46.7242247466062, 24.787591216279154], [46.724225608582515, 24.78759011207189], [46.72422646759232, 24.787589007898816], [46.72422732558829, 24.787587901931662], [46.72422818158161, 24.787586794181852], [46.724229035584756, 24.7875856855521], [46.724229887597716, 24.787584576042406], [46.724230737608025, 24.78758346475005], [46.724231585628154, 24.787582352577733], [46.72423243165811, 24.787581239525494], [46.72423327568542, 24.787580124690578], [46.72423411871138, 24.787579008964343], [46.72423495875833, 24.787577892369548], [46.724235797791465, 24.787576773980692], [46.72423663384558, 24.787575654723287], [46.724237468885875, 24.787574533671805], [46.72423830094716, 24.7875734117518], [46.724239132007106, 24.787572288940463], [46.724239961064406, 24.78757116434644], [46.724240788143995, 24.787570039775204], [46.72424161320845, 24.787568912518584], [46.72424243629522, 24.787567785284757], [46.72424325737932, 24.787566656268233], [46.724244076473255, 24.78756552637179], [46.72424489356454, 24.787564394692684], [46.724253110880035, 24.78755300062292], [46.724253640578354, 24.7875522559739], [46.724254160325856, 24.787551506925194], [46.7242546710989, 24.787550752562673], [46.72425517190865, 24.78754999289774], [46.724255662755105, 24.787549227930395], [46.724256144614635, 24.78754845674652], [46.72425661554699, 24.78754768207708], [46.72425707749242, 24.787546901191096], [46.72425752948704, 24.787546115905425], [46.72425797153083, 24.787545326220066], [46.72425840362383, 24.78754453213502], [46.724258824764696, 24.787543732758945], [46.72425923595475, 24.787542928983182], [46.72425963720646, 24.787542121710455], [46.724260028507366, 24.78754131003805], [46.72426040886862, 24.78754049397734], [46.72426077927907, 24.787539673516935], [46.72426113876235, 24.78753884957098], [46.72426148830729, 24.78753802212802], [46.72426182692507, 24.787537191199522], [46.724262155592044, 24.78753635587132], [46.72426247334432, 24.78753551796028], [46.724262780169425, 24.787534676563656], [46.724263076067366, 24.78753383168146], [46.72426336203945, 24.78753298420504], [46.72426363609554, 24.787532133254434], [46.72426390022576, 24.787531279709576], [46.72426415344131, 24.787530423581885], [46.72426439475333, 24.787529564882725], [46.72426462612702, 24.787528702686632], [46.724264846598494, 24.787527838810387], [46.72426505616777, 24.78752697325401], [46.72426525383351, 24.787526105126208], [46.72426544157341, 24.787525234404153], [46.72426561742226, 24.78752436201337], [46.7242657823689, 24.787523487942458], [46.72426593642583, 24.787522613094154], [46.72426607956806, 24.787521735663017], [46.72426621081925, 24.787520856563127], [46.724266331180715, 24.787519976685836], [46.724266440639965, 24.787519095128435], [46.72426653920949, 24.787518212793632], [46.72426662590046, 24.78751732969283], [46.724266701689224, 24.78751644491191], [46.72426676660074, 24.787515560256303], [46.72426681963369, 24.787514674834686], [46.72426686177692, 24.787513788635685], [46.72426689205406, 24.787512902573386], [46.72426691144149, 24.787512015733707], [46.72426691995167, 24.787511129019336], [46.724266916583275, 24.787510241538968], [46.72426690235014, 24.78750935508666], [46.724266876238424, 24.78750846786833], [46.72426684025079, 24.78750758166667], [46.724266791420725, 24.78750669651583], [46.72426673268977, 24.78750581057622], [46.724266662117685, 24.787504926578755], [46.72426658066837, 24.78750404270663], [46.72426648736545, 24.787503159873946], [46.72426638319777, 24.787502278069294], [46.72426626816533, 24.787501397292708], [46.724266141279294, 24.787500517555564], [46.72426600354098, 24.787499639749203], [46.72426585495038, 24.7874987638736], [46.724265789713975, 24.78749840889527], [46.7242657235012, 24.78749805483106], [46.72426565432192, 24.787497700801033], [46.72426558316494, 24.78749734679379], [46.72426550905394, 24.78749699372346], [46.72426543296525, 24.787496640675908], [46.72426535491137, 24.787496288553864], [46.72426527290212, 24.787495936477413], [46.724265188927674, 24.787495585326443], [46.724265102975544, 24.78749523419826], [46.724265014069374, 24.787494884007003], [46.72426492319801, 24.787494534741253], [46.724264829360116, 24.78749418550967], [46.72426473354456, 24.787493836300882], [46.72426463478743, 24.787493488931723], [46.724264534040145, 24.78749314068261], [46.7242644303513, 24.787492794273142], [46.724264324684775, 24.787492447886454], [46.72426421605173, 24.78749210153395], [46.72426410546596, 24.787491757009676], [46.72426399290252, 24.78749141250819], [46.7242638763962, 24.787491068955], [46.72426375890104, 24.787490725413203], [46.72426363846431, 24.78749038371104], [46.724263515061075, 24.787490042043046], [46.724263389692624, 24.787489701300576], [46.72426326234651, 24.787489360580874], [46.72426313205883, 24.787489021700825], [46.72426299979347, 24.78748868284353], [46.724262864574065, 24.78748834492316], [46.724262727389466, 24.787488007928296], [46.724262588239675, 24.787487671858944], [46.72426244613583, 24.7874873367265], [46.724262302066805, 24.78748700251955], [46.724262155031234, 24.78748666834679], [46.72426200604296, 24.787486336002264], [46.72426185408818, 24.78748600369191], [46.72426170115702, 24.787485672295695], [46.7242615452843, 24.78748534273908], [46.72426138644508, 24.787485013216667], [46.72426122565312, 24.787484685522465], [46.724261062883485, 24.787484357851074], [46.724260897159816, 24.78748403111657], [46.724260729483426, 24.78748370621031], [46.724260559841845, 24.787483382229556], [46.724260387233734, 24.787483058282977], [46.7242602126729, 24.787482736164634], [46.72426003614687, 24.787482414971816], [46.724259857655646, 24.787482094704487], [46.724259676210394, 24.787481775374086], [46.72425949279993, 24.78748145696916], [46.724259306447905, 24.787481140403887], [46.7242591181182, 24.787480823861394], [46.72425892783578, 24.787480509147134], [46.72425873558816, 24.78748019535839], [46.72425854138782, 24.78747988339787], [46.72425834422097, 24.787479571471536], [46.72425814510139, 24.78747926137344], [46.72425794401661, 24.78747895220085], [46.72425774097912, 24.787478644856492], [46.72425753497511, 24.787478337546318], [46.724257327018364, 24.787478032064378], [46.72425711710891, 24.78747772841067]]], [[[46.72762065726246, 24.782695043370907], [46.7275966960959, 24.782685853378098], [46.72749834407278, 24.782882025090892], [46.727370304579246, 24.783135009220082], [46.72722020790919, 24.783436290279752], [46.727100459700594, 24.783680479397436], [46.72697432047501, 24.783944608872332], [46.7269665766972, 24.783962027863797], [46.726958158452405, 24.783978661919697], [46.72683012700344, 24.784261240648547], [46.726813811096584, 24.78429718515961], [46.72680051083371, 24.78432536271841], [46.72676426456584, 24.784401058392525], [46.72644412971499, 24.785038105964478], [46.72643580996706, 24.785053720424077], [46.72643594766496, 24.785054665943708], [46.726438931514636, 24.78505645983028], [46.72639841689829, 24.78512883245483], [46.7262984781793, 24.78532566643378], [46.726178412790574, 24.78556026108835], [46.72615431261515, 24.78561345341526], [46.72602759497794, 24.785863355163], [46.72583724381478, 24.786240719846685], [46.7256410568226, 24.7866309019076], [46.725463384311126, 24.786974880912844], [46.72542003186381, 24.787060317113905], [46.72542070759884, 24.787062766025926], [46.72541462566502, 24.787074732330556], [46.725284195899924, 24.787340035010814], [46.72517253898337, 24.787572677536065], [46.72517170647918, 24.787575697293814], [46.725088021259594, 24.787759876404696], [46.72516217170557, 24.787791065299654], [46.725164377629675, 24.7877860217317], [46.725245841863014, 24.787609092933835], [46.72535981762233, 24.787372429338905], [46.7254858400612, 24.78711547386532], [46.72553865843757, 24.787008971140903], [46.725714070384825, 24.786661521315352], [46.725909907828225, 24.786274394891247], [46.72610135070245, 24.78589367511688], [46.72624676198444, 24.785605186726386], [46.72637871759063, 24.785345425572938], [46.72646411627564, 24.78517446030233], [46.726643470222534, 24.78481778550535], [46.72683951914547, 24.784430471399478], [46.7270506702584, 24.784013213457694], [46.727192106973725, 24.783733602884894], [46.727197662273426, 24.78372333727695], [46.727201675980815, 24.78371380091859], [46.72730526703817, 24.78347787795517], [46.72744189839007, 24.783166924517836], [46.72755750416467, 24.782902914473922], [46.72764461843236, 24.782704233359677], [46.72762065726246, 24.782695043370907]]], [[[46.72384160544153, 24.788027898108048], [46.72384143710107, 24.78802702426521], [46.72318799634761, 24.788666223582993], [46.72320699530557, 24.788685630453344], [46.723438276142005, 24.788465374936248], [46.72344079752871, 24.788462971355347], [46.72344331790152, 24.788460565980344], [46.72344583627159, 24.788458158822642], [46.72344835166254, 24.788455750796327], [46.723450866027115, 24.788453340073207], [46.72345337838896, 24.78845092756736], [46.72345588876053, 24.78844851418154], [46.723458397129356, 24.788446099013004], [46.723460903482966, 24.78844368115904], [46.72346340784632, 24.788441262425078], [46.72346591020691, 24.78843884190843], [46.72346841056478, 24.78843641960905], [46.72347090891989, 24.78843399552697], [46.72347340528474, 24.7884315705649], [46.723475900623214, 24.788429142906022], [46.72347839298258, 24.788426714378524], [46.72348088332672, 24.788424283165618], [46.723483372669456, 24.788421851061322], [46.72348585902059, 24.788419417185715], [46.723488344357825, 24.788416981516008], [46.723490826703475, 24.788414544074964], [46.72349330803523, 24.788412104839846], [46.723495786387865, 24.78840966473612], [46.72349826371414, 24.788407221935582], [46.7235007380613, 24.788404778266443], [46.72350321138208, 24.78840233190049], [46.723505682712606, 24.78839988465455], [46.72350815105153, 24.788397435637282], [46.72351061838904, 24.78839498572866], [46.72351308371134, 24.78839253313459], [46.723515546042044, 24.788390078769204], [46.723518007371325, 24.788387623512453], [46.72352046669786, 24.788385166472978], [46.723522924009195, 24.788382706748095], [46.72352537933025, 24.78838024614321], [46.7235278316722, 24.788377784669734], [46.72353028298777, 24.788375320499444], [46.7235327323006, 24.788372854546452], [46.72353517962317, 24.788370387713474], [46.723537624930515, 24.788367918195057], [46.72354006725875, 24.788365447808047], [46.72354250857309, 24.78836297562694], [46.72354494789716, 24.788360502565858], [46.72354738520602, 24.78835802681935], [46.72354982052461, 24.788355550192858], [46.72355225382798, 24.788353070880923], [46.72355468514108, 24.788350590689028], [46.72355711445146, 24.788348108714416], [46.72355954077024, 24.788345624968482], [46.72356196607511, 24.788343139428445], [46.72356438938973, 24.78834065300844], [46.7235668107016, 24.788338164805737], [46.72356922999827, 24.788335673917594], [46.72357164730465, 24.788333182149465], [46.723574061631936, 24.78833068951275], [46.72357647493284, 24.78832819417922], [46.72357888623101, 24.788325697062966], [46.723581295538914, 24.78832319906676], [46.723583701855226, 24.788320699299216], [46.723586107157644, 24.788318197737585], [46.72358851045733, 24.788315694393255], [46.7235909107779, 24.78831319018033], [46.7235933100721, 24.788310683270577], [46.72359571238263, 24.788308179937534], [46.72381636149395, 24.78807715142715], [46.723830300578534, 24.788063061414565], [46.7238309548478, 24.788062384852775], [46.7238315941097, 24.788061695823703], [46.72383221639902, 24.788060995252863], [46.72383282269214, 24.788060282226134], [46.723833412000204, 24.788059556754888], [46.723833983359334, 24.788058820655987], [46.723834537758364, 24.788058073918044], [46.723835075184816, 24.788057315638323], [46.723835593685955, 24.788056547645045], [46.72383609523949, 24.78805576991544], [46.723836577867715, 24.788054982472293], [46.72383704157062, 24.788054185315595], [46.723837487349556, 24.788053379336684], [46.7238379132268, 24.788052564558342], [46.72383832120503, 24.788051742763248], [46.723838708292725, 24.7880509121801], [46.72383907649256, 24.788050074591585], [46.72383942580451, 24.788049229997693], [46.7238397542509, 24.788048378421212], [46.72384006284554, 24.788047521656196], [46.72384035156345, 24.7880466578972], [46.72384061944076, 24.78804578896107], [46.72384086747878, 24.788044915739125], [46.72384109467619, 24.78804403734003], [46.72384130203431, 24.78804315465515], [46.723841487587954, 24.788042268609935], [46.72384165231345, 24.788041378290337], [46.72384179722463, 24.78804048549034], [46.723841920343794, 24.788039590232792], [46.72384202265979, 24.788038692506273], [46.723842104172604, 24.788037792310778], [46.72384216391836, 24.788036891463154], [46.723842202885905, 24.788035989952007], [46.72384222107522, 24.78803508777735], [46.72384221848633, 24.788034184939164], [46.72384219414287, 24.788033282351567], [46.723842148057294, 24.788032380917294], [46.723842082207305, 24.78803148061357], [46.72384199461521, 24.788030581463143], [46.723841885293496, 24.788029684368784], [46.72384175621985, 24.78802878930767], [46.72384160544153, 24.788027898108048]]], [[[46.72312941811028, 24.790575563872295], [46.723203631410875, 24.790429126328412], [46.72329806818944, 24.790241619137987], [46.72337094767161, 24.790096666751577], [46.72345234618342, 24.78993616995478], [46.7235308886767, 24.789780286263138], [46.723609207655386, 24.789626276755282], [46.723697953598226, 24.78944736428637], [46.72369886171191, 24.789446090713902], [46.72375429249576, 24.78933801274144], [46.72375476332215, 24.789336442647926], [46.72383312579408, 24.789180752300037], [46.723919452748945, 24.789009763162145], [46.7242799044119, 24.7883004461898], [46.72437924515102, 24.788102680398165], [46.724448263297226, 24.787967035472942], [46.724502775277486, 24.7878590454935], [46.72452515165146, 24.78781471685345], [46.72458765323104, 24.787689961517582], [46.72460465939166, 24.787656154477194], [46.72458458304002, 24.78764773817036], [46.724445260624826, 24.787838136032235], [46.72434128929264, 24.787980222086876], [46.72407172347881, 24.788303985967758], [46.72392411662071, 24.788467549898222], [46.723836847972926, 24.788559867648537], [46.72368535133193, 24.78871467230633], [46.72350316570441, 24.788890326284314], [46.72335279363991, 24.78902665764156], [46.72319645923671, 24.789162469750014], [46.723008749530386, 24.789315495902795], [46.722799500864376, 24.78947698771542], [46.72262450779197, 24.78960501466675], [46.72240754627167, 24.789752792607054], [46.72222359221777, 24.789870744226405], [46.72193063280935, 24.790046186964663], [46.721745432875906, 24.790141659204505], [46.72152300358368, 24.79023961265505], [46.721504879073954, 24.790247083839773], [46.72137444473116, 24.790297572177362], [46.7212124260303, 24.790349504437174], [46.72099015336363, 24.790419378818722], [46.72079085646567, 24.79047922233899], [46.72060279082087, 24.790528464989137], [46.720607411397694, 24.79054967261296], [46.7207254176464, 24.790541713908826], [46.720866224828775, 24.79053225145617], [46.720867501176514, 24.79052870475585], [46.72096467968161, 24.790522332464374], [46.72111648936881, 24.790516214769696], [46.721290889761086, 24.790512495108434], [46.72147801327081, 24.790515177380392], [46.721644462318906, 24.790523595753942], [46.72182581052618, 24.790540145281668], [46.72200113897208, 24.790565174079262], [46.722140575401234, 24.790591747035148], [46.72232456298266, 24.790639986043033], [46.72249638568023, 24.790696171047205], [46.722683429296495, 24.790772236930454], [46.72284610306163, 24.790852633418336], [46.7229562653509, 24.790917541639057], [46.723009934342564, 24.79081178379679], [46.7230519658593, 24.7907288923507], [46.72312941811028, 24.790575563872295]]], [[[46.72173204812562, 24.790814139571555], [46.72186354087547, 24.790801240486015], [46.72199161480141, 24.790806696214702], [46.72211199118236, 24.79083428394881], [46.722223954382095, 24.790880305666775], [46.72232529605615, 24.790941689965752], [46.7224214193013, 24.791019226077513], [46.722503728608494, 24.791109627200576], [46.722563098383404, 24.79120553078715], [46.72258972548185, 24.791266280713263], [46.722604518918104, 24.79130755927778], [46.72260645347641, 24.791309923287333], [46.72261645492772, 24.791342599413912], [46.72263915921028, 24.791438545847843], [46.72264490762813, 24.79149160984069], [46.72266447609647, 24.791495656029138], [46.722670410766156, 24.791483807084802], [46.722904779785964, 24.79102220713488], [46.722813348736885, 24.790967117698024], [46.72265409195057, 24.790885721192602], [46.72248546180502, 24.790814020864605], [46.7223226014894, 24.790758122738346], [46.72216295887547, 24.79071391746009], [46.7219816918538, 24.790676981557088], [46.72179829735949, 24.7906509205809], [46.72161361891225, 24.790634869804553], [46.72144534227784, 24.790627474611608], [46.721263188531175, 24.79062666186127], [46.721075358826475, 24.79063115622615], [46.720880428867275, 24.790639303758734], [46.72087276282336, 24.79064029840002], [46.72074672726152, 24.790650024377495], [46.72049943477051, 24.7906691709782], [46.72033633247912, 24.790680832386652], [46.720155628203436, 24.790693190733688], [46.71995795845016, 24.790705714072935], [46.71977842152893, 24.7907151612428], [46.71960557620543, 24.79072151662047], [46.7194152724705, 24.79072420541724], [46.719222998222136, 24.790721416332868], [46.719034621896355, 24.790715052906066], [46.71884415890627, 24.79070317681554], [46.71865439405854, 24.790686913546104], [46.71850199627873, 24.79067048453957], [46.71833885120687, 24.79064697930944], [46.718190689542006, 24.790620576093072], [46.71804068435669, 24.790581966331096], [46.717941878084474, 24.79055075270635], [46.71793502207081, 24.790568837344615], [46.718169412921526, 24.790665962063013], [46.71850688607954, 24.7908064185661], [46.718794638623805, 24.790926855458416], [46.71939485840165, 24.791178863913245], [46.71945170787907, 24.79120247076431], [46.71966811599966, 24.79129339109695], [46.71989867168485, 24.79139084958393], [46.72030802174795, 24.791563155004972], [46.72049064040943, 24.79164006902291], [46.72086526659193, 24.79179771766548], [46.72128263427747, 24.791973169384402], [46.72135598793919, 24.79200404602416], [46.72136047213672, 24.792005186224575], [46.72136463591927, 24.792003391274474], [46.72136664354599, 24.791999227624636], [46.72136429477293, 24.791994010785498], [46.721336246718444, 24.791970723438755], [46.72130942768477, 24.791947839976174], [46.72130887784479, 24.791945623439396], [46.72126958823259, 24.79191049787614], [46.72123004096962, 24.791864658217396], [46.72117412860985, 24.791770696105566], [46.72114630342046, 24.791698342478835], [46.721119910679896, 24.791580579754104], [46.721114913841035, 24.7914651928548], [46.721131378684326, 24.791353369204057], [46.72116323005556, 24.79125610880178], [46.721218950165316, 24.791146780572962], [46.72128984680898, 24.791053144759815], [46.72137903235585, 24.79096838860731], [46.72148143640359, 24.790900131938603], [46.72159921083674, 24.7908499326967], [46.72173204812562, 24.790814139571555]]], [[[46.72189177344676, 24.790891337875074], [46.72177628518973, 24.79088841876917], [46.72171294169065, 24.790903793033877], [46.72164959816185, 24.790919166369836], [46.721593365826, 24.790943287917464], [46.72153713347978, 24.790967410347783], [46.7214896732862, 24.790997300484033], [46.72144221208048, 24.79102719061773], [46.721393540282136, 24.79107513578063], [46.72134486747012, 24.791123081843548], [46.72131267973934, 24.791171386300856], [46.721280492973236, 24.791219690740935], [46.721260336410765, 24.791264819542448], [46.7212401808359, 24.791309949233142], [46.72122588858747, 24.79136585402415], [46.72121159535135, 24.7914217597282], [46.72120903701727, 24.791477670392712], [46.721206478694974, 24.791533581959655], [46.72121477681997, 24.79158324900486], [46.72122307495284, 24.79163291604891], [46.721252195074065, 24.79170836966093], [46.72126873989877, 24.791751238040032], [46.72129719456785, 24.791794170752723], [46.72132564925714, 24.7918371034587], [46.72136522045326, 24.79187786869571], [46.721404790699026, 24.791918634834754], [46.72147632812884, 24.79197126435016], [46.72157803470047, 24.792034465109957], [46.721633473510025, 24.79206479924724], [46.72170042422704, 24.79210068536288], [46.72175800057154, 24.79212845328222], [46.72183481566776, 24.79216381412039], [46.721922311022624, 24.792202083842984], [46.72205029859498, 24.792257687552663], [46.722205724562436, 24.792323491046997], [46.722333901548076, 24.792069852804662], [46.72242895428521, 24.79187499507339], [46.722478451361184, 24.791760215208246], [46.72252614117392, 24.791632460251243], [46.72253704540493, 24.791597675428374], [46.7225434137361, 24.791576193311784], [46.72254805350359, 24.791556377022104], [46.72255241686165, 24.791537743962742], [46.722553771983264, 24.79153195542482], [46.72255401280751, 24.79150542819573], [46.722554252655605, 24.79147890188068], [46.72254822223846, 24.79144150588925], [46.72254008691744, 24.791391060598862], [46.72252400371662, 24.791341685508435], [46.72250792052971, 24.791292310415255], [46.72248030959379, 24.791239452030965], [46.72245269669221, 24.791186592759995], [46.722417637092256, 24.791143017619675], [46.7223825765284, 24.791099442480967], [46.72235498177002, 24.79107460078304], [46.722326525876326, 24.791048921198016], [46.72227993394233, 24.791013267801972], [46.7221967138108, 24.790961097244264], [46.72212217479954, 24.790926141936055], [46.72206471773788, 24.79091019852821], [46.72200726070208, 24.79089425600017], [46.72189177344676, 24.790891337875074]]], [[[46.72465619244697, 24.78845998325823], [46.72463730947279, 24.788453911502074], [46.724620697692984, 24.788487278819876], [46.72445938719845, 24.78880887844033], [46.72425606974086, 24.78921238886659], [46.72419600356917, 24.789330311112618], [46.72403429210678, 24.789649097104505], [46.72399903165253, 24.789720203300014], [46.723869876292895, 24.789976068800428], [46.72374722807632, 24.790217902716133], [46.72359998321814, 24.790510240075957], [46.72346133294618, 24.790786019943912], [46.72345158914733, 24.790805489654478], [46.72332725835727, 24.791051139209113], [46.72317528878095, 24.791351689835622], [46.72302259347573, 24.791655098135607], [46.72300813896898, 24.791683527952998], [46.72289777630902, 24.791902168677378], [46.7228451287794, 24.792005728885382], [46.722736634052666, 24.792222450171042], [46.72273565023199, 24.79222862627991], [46.722733004370596, 24.79222911359335], [46.72263317090686, 24.7924266222846], [46.722680645944216, 24.792405092164625], [46.72278551115079, 24.79235266061896], [46.72288683700172, 24.792296542717708], [46.722985787143585, 24.792236920991282], [46.723081354664096, 24.792174434532704], [46.72318049912715, 24.792103767471257], [46.72327793047693, 24.79202830598695], [46.72336039413406, 24.79195760069071], [46.72344821785519, 24.79187706278178], [46.723535748436476, 24.79178963570986], [46.72360146564183, 24.791718653691223], [46.72371869018699, 24.791577244208554], [46.72377137789901, 24.791506991856572], [46.723836619381586, 24.79141399428283], [46.723908846786564, 24.791298497997772], [46.723966140561686, 24.79119543648201], [46.724020173653024, 24.791087026006522], [46.724068845511965, 24.79097842719024], [46.72410894155853, 24.790875272146582], [46.72415108538105, 24.79075219971398], [46.72418822250621, 24.790626609981814], [46.72421738489012, 24.790512451245377], [46.7242384334499, 24.790423195896086], [46.72423812655567, 24.79041866793971], [46.72427365979683, 24.79022837821562], [46.724299077921515, 24.790076474889915], [46.72432933333322, 24.78987550726049], [46.72436152044759, 24.78964487260785], [46.72438654562803, 24.78948459157059], [46.72440378398842, 24.789383228409186], [46.724434169382434, 24.789227800807573], [46.72446404253985, 24.789092838987862], [46.72449715956218, 24.78895000740363], [46.72452796352116, 24.78882829616687], [46.724582439421035, 24.788651879131766], [46.724642962206225, 24.788494646948177], [46.72465619244697, 24.78845998325823]]], [[[46.72209450756083, 24.792486999315134], [46.71746859646581, 24.790544366031043], [46.71743660157751, 24.790611227793814], [46.72206707217814, 24.792547767500317], [46.72209450756083, 24.792486999315134]]], [[[46.72092888000129, 24.79234542899791], [46.72100703642518, 24.79233688189042], [46.721083848724206, 24.792336359548337], [46.72114423308988, 24.792339418207902], [46.7211530425074, 24.79232215425177], [46.720942183667006, 24.79223249779059], [46.72092328190175, 24.792224235441928], [46.72092597782958, 24.792218560605175], [46.72084713651531, 24.792182419943103], [46.72072475466295, 24.792129847551344], [46.72056112383807, 24.79206083412293], [46.72035630216448, 24.79197334649068], [46.72012902856204, 24.79187631241405], [46.71978654383057, 24.791731088850337], [46.71927130157372, 24.791513402546684], [46.719267096824396, 24.79152033342897], [46.719249917462975, 24.791512665922422], [46.71898131957422, 24.791399540779437], [46.718680316299434, 24.79127319012433], [46.718489949176906, 24.791193047471328], [46.71812255887505, 24.79103852379115], [46.717868998257195, 24.790931581002692], [46.71781036727706, 24.790906705587243], [46.71778806736668, 24.790897779400805], [46.71775682343994, 24.790888260673903], [46.71774563420357, 24.79090460375439], [46.717785866561336, 24.790927559634547], [46.71789088703973, 24.79098819965892], [46.71803737145734, 24.791076465359694], [46.718168058165354, 24.791160341073912], [46.71830642742328, 24.791251939168028], [46.71843341375327, 24.79134164361473], [46.718566005959175, 24.79143729486471], [46.71869145967607, 24.79153288442331], [46.718831842886885, 24.791642957746905], [46.718919839096344, 24.79171097668051], [46.719012049378385, 24.791783781106947], [46.719070492825956, 24.791828510460032], [46.71923309417532, 24.791953346440692], [46.719365193229095, 24.79205043995423], [46.71951032767698, 24.79214844351225], [46.71962918839021, 24.79222520461323], [46.71970297460278, 24.7922722574156], [46.71974885322572, 24.79229951952784], [46.719911243209964, 24.79238513200519], [46.72001218529696, 24.792431657620416], [46.72011528004247, 24.792476709313338], [46.72022885526396, 24.79252065360759], [46.720343808514215, 24.79256024097606], [46.72049250072136, 24.79260339668529], [46.72049756686496, 24.792596965986906], [46.72055595612673, 24.792536565327957], [46.720619556113455, 24.792481650147888], [46.72070367714238, 24.792427992303413], [46.72077739675714, 24.79239342510493], [46.720854709055736, 24.79236455879687], [46.72087521837408, 24.792358226756996], [46.72087635811722, 24.79235703540571], [46.72092888000129, 24.79234542899791]]], [[[46.72390950369223, 24.793253318692383], [46.72256014246026, 24.792682722729793], [46.72253098632083, 24.792743918896807], [46.723895443794184, 24.793338615661145], [46.72390950369223, 24.793253318692383]]], [[[46.72120820210423, 24.79243479091442], [46.721096270658016, 24.7924215314102], [46.72098218883473, 24.792423877353883], [46.720867249873066, 24.792450401050917], [46.72073639153171, 24.79250962363915], [46.72064664021109, 24.79257298256345], [46.72059423349483, 24.792630359374563], [46.7205772179669, 24.792648988901696], [46.7205418267433, 24.792687737072235], [46.72051496318648, 24.79273087082497], [46.72048998250453, 24.792779363117027], [46.72045868137544, 24.792867605539325], [46.720439452841234, 24.79294555367967], [46.720433684909466, 24.793053303321823], [46.720451841137354, 24.793161782771637], [46.72049018523285, 24.79326549136719], [46.72054751804895, 24.793364180145414], [46.720627792627056, 24.79344973469001], [46.7207258923025, 24.793519621671148], [46.720838302654236, 24.793577257298377], [46.72095835387765, 24.793615070960623], [46.721084078756185, 24.793629483728644], [46.72120505826596, 24.79362090165528], [46.72131887269965, 24.793593090465848], [46.721421982477125, 24.79355122731788], [46.72149237202157, 24.79351190473658], [46.72157779027228, 24.79344043322915], [46.72164843084684, 24.793352898145276], [46.7217743823471, 24.793157473970357], [46.72184384024454, 24.79303423585482], [46.72187546040739, 24.79297597015017], [46.721900619683254, 24.79292812927027], [46.72191998863978, 24.792890425611994], [46.721941378259324, 24.792848787473105], [46.72194287105675, 24.792845087495007], [46.7219648605285, 24.79280162407375], [46.7220077312068, 24.79271688137496], [46.722008009414125, 24.792716329229425], [46.72186057018368, 24.79265701916204], [46.72185849803855, 24.792656581641594], [46.721842380423865, 24.792650190622375], [46.721744598640555, 24.792611410834358], [46.72159920400274, 24.792553749083158], [46.72149846111697, 24.79251431972543], [46.72142370015758, 24.79248519467491], [46.72132543833065, 24.79245804906716], [46.72131136401683, 24.792454301555402], [46.72120820210423, 24.79243479091442]]], [[[46.72571737556144, 24.793573735147625], [46.72558883603155, 24.793442507922986], [46.72551923301102, 24.79336546362698], [46.72546571184005, 24.79330399428725], [46.72541030846062, 24.793236012582078], [46.72535391842515, 24.79316283810511], [46.725305953518806, 24.793097341043946], [46.72523638803663, 24.792997034698274], [46.7251566331142, 24.792875678076463], [46.72508370940025, 24.792756448350648], [46.72502036242054, 24.792644276940468], [46.72494671439928, 24.792507772799897], [46.72488903912191, 24.7923899751772], [46.72483699748798, 24.792279755356656], [46.72482509987009, 24.792254121060715], [46.72480577587345, 24.792210989028167], [46.7247439168908, 24.792062631455337], [46.724679302647004, 24.791892966336164], [46.724625292636176, 24.791735003811453], [46.72457470010994, 24.791568548323564], [46.72453925511165, 24.79143909560708], [46.724521386766774, 24.791367539829608], [46.72448689402643, 24.791215108072922], [46.724456679808576, 24.79105945070709], [46.7244303214113, 24.790907335084032], [46.72440881463517, 24.79074544868671], [46.724395479609825, 24.790608909113804], [46.72438987495711, 24.790527596441443], [46.724384972101845, 24.790449042969644], [46.72438332088377, 24.79041653167888], [46.72438296941212, 24.790412285028527], [46.72438212658301, 24.790409482308437], [46.72438103309208, 24.79040743456555], [46.72437955183225, 24.790405310033055], [46.724378457043805, 24.790404455896027], [46.72437667114965, 24.790403689175346], [46.72437378787283, 24.790403454249216], [46.72437130702065, 24.79040399837474], [46.7243686390279, 24.790404741481876], [46.72436687830272, 24.790406009534564], [46.72436518137402, 24.790408028940774], [46.72436375921469, 24.79040996392258], [46.72436301322829, 24.79041180443725], [46.72436257269423, 24.79041477814234], [46.7243616087623, 24.790419739673126], [46.72434636853945, 24.790492452576874], [46.724345493783666, 24.7904940643441], [46.72433308120576, 24.790555837119356], [46.72432177321799, 24.790603366166433], [46.72429581196135, 24.79069882575917], [46.724263728129806, 24.79080376377815], [46.72422895116365, 24.790904912790804], [46.72419047962896, 24.79100688354197], [46.72414585227246, 24.791108420510692], [46.724098002043085, 24.79120541074306], [46.72403294676497, 24.791326805974897], [46.72397598062654, 24.791420944311117], [46.72391679938281, 24.79151146327162], [46.72385408552776, 24.791598712093176], [46.72379447280514, 24.791674772042246], [46.723673963573, 24.791816530909667], [46.72361328729094, 24.791881346994067], [46.72353628348297, 24.79195728936653], [46.72344962887456, 24.792037188173385], [46.723363048495855, 24.792110515007863], [46.723273048438685, 24.792181159033376], [46.72317991632733, 24.792248605908352], [46.72309215677195, 24.7923072646439], [46.72298683643211, 24.792372912400296], [46.72288524251774, 24.792430889752332], [46.72280466618314, 24.792472877228544], [46.72269413142809, 24.792526218246035], [46.72277445390265, 24.792560415932424], [46.72277791029777, 24.792555025742132], [46.7227813847958, 24.79255882021786], [46.72297949400852, 24.792647495839383], [46.72324861474696, 24.792761375828974], [46.723436914185456, 24.792841527862613], [46.723719077132074, 24.79297056847418], [46.723951762659354, 24.793076491867637], [46.724076663645455, 24.79313026851185], [46.724083876082545, 24.793133082708007], [46.724094614863624, 24.793137643045732], [46.72424109324034, 24.793197521686196], [46.724648865511156, 24.793368833378157], [46.724960194058006, 24.79349910724732], [46.72496537105564, 24.79350070432525], [46.724970245249956, 24.79350007390939], [46.72497417465622, 24.793498281561163], [46.72509475659287, 24.79354750248563], [46.725271128254946, 24.793632786987793], [46.7254534049734, 24.793720445429273], [46.725612383328524, 24.79379469571098], [46.72579697003552, 24.793872000080192], [46.72601625402938, 24.793964541607718], [46.72618400115055, 24.794035164402796], [46.726393072134314, 24.794123874038856], [46.72639721239978, 24.794125595885607], [46.72640832292528, 24.79410920525612], [46.72640471091192, 24.794107061995874], [46.72633303926519, 24.794063831772657], [46.72622491342836, 24.793993535223034], [46.725890628499734, 24.793733424002994], [46.72582492362855, 24.793675149743397], [46.72571737556144, 24.793573735147625]]], [[[46.72506571806188, 24.794740379169244], [46.7251325058194, 24.794739295821238], [46.72522672443785, 24.79473881436428], [46.72529093439036, 24.794738851332593], [46.72537555496073, 24.794740495656626], [46.72547537845721, 24.794742866571514], [46.72556245128316, 24.794745682419048], [46.72569679396404, 24.79475213961236], [46.725793584135864, 24.794758233510244], [46.725854115749726, 24.794762411678487], [46.72588376190571, 24.794764571553177], [46.72593497170754, 24.794768751580854], [46.72599085810789, 24.794773313727042], [46.72602109008745, 24.7947757810139], [46.72605915617557, 24.794779662996834], [46.7261291079041, 24.794786794902723], [46.7261799452039, 24.79479214384102], [46.72625200787934, 24.794800225527517], [46.72630571487671, 24.794806249160473], [46.726312805947934, 24.79480721647477], [46.72637139553201, 24.79481521248949], [46.72641917212696, 24.794821733369883], [46.72643733707347, 24.794824301888802], [46.72646598941518, 24.79482854519287], [46.726495847908936, 24.79483296688385], [46.7266164084385, 24.794851582276372], [46.726674086874496, 24.79486063059314], [46.72670515663374, 24.79486624178398], [46.726774164517636, 24.79487870396529], [46.72689152809071, 24.794900360767546], [46.726928869820256, 24.794907354038035], [46.72699995834299, 24.79492164568248], [46.7271149999182, 24.794944890163382], [46.727218094248094, 24.79496881419427], [46.72736343766536, 24.79500362740534], [46.72749294135576, 24.795036580171196], [46.72758365201793, 24.795059517438826], [46.72764098141896, 24.79507462944218], [46.72765337573444, 24.79505253494251], [46.72763179745495, 24.795043182125728], [46.72743308137865, 24.794959961582393], [46.72717970375293, 24.79485334560245], [46.726999842663346, 24.79477726967078], [46.72686185127046, 24.794718607793236], [46.72669676196477, 24.794648380398268], [46.72661242205929, 24.794612503206803], [46.72651996973487, 24.794573179437975], [46.726361683294094, 24.794506294116033], [46.72621233254038, 24.79444322577275], [46.72603745351132, 24.794369583061332], [46.72593650299573, 24.79432707141792], [46.725854053199804, 24.794292380913895], [46.72579186847388, 24.794266219844147], [46.72569934701844, 24.794227296311266], [46.725619213395184, 24.794193583848326], [46.725509536966676, 24.79414744189454], [46.72538393240258, 24.794094612716524], [46.7252222252875, 24.794026602684664], [46.725079426635276, 24.793966502977963], [46.724944472590764, 24.793909572944653], [46.724793478998784, 24.793846116669744], [46.72463791940315, 24.793780750031917], [46.72449515414385, 24.79372066560774], [46.72440554217292, 24.793682951854535], [46.72430005363596, 24.793638554704213], [46.72423047712862, 24.7936093695664], [46.72419921063347, 24.793596654543578], [46.72415449959609, 24.793578471380386], [46.72409167920479, 24.793552925427846], [46.72406857862483, 24.793542022235656], [46.72401123886216, 24.793518571852598], [46.72400762004147, 24.793525946637846], [46.724002017030415, 24.793544468513726], [46.72399775703134, 24.793556616020375], [46.723989050722636, 24.7935814567062], [46.72398110277417, 24.79360413441225], [46.72397158296184, 24.793631299422266], [46.723966920235874, 24.79364422081134], [46.723964511055435, 24.793650096441517], [46.723954746251266, 24.793673920955584], [46.72393550363892, 24.793720867856024], [46.72392501270767, 24.7937464694518], [46.723913787074125, 24.79377029454313], [46.72389604404192, 24.793807957131108], [46.72388333970434, 24.79383492498413], [46.72387706735872, 24.793848245023042], [46.723864568157744, 24.79387137964501], [46.72385495635526, 24.793889175751065], [46.72384452290756, 24.793908492722863], [46.723835423133686, 24.793925337626508], [46.7238209914151, 24.793952056321807], [46.723810345118046, 24.793971430818665], [46.723799473611855, 24.7939893244984], [46.723779976090604, 24.79402141763585], [46.72376270659772, 24.79404984112996], [46.7237515150558, 24.794068266671083], [46.7237469506975, 24.79407478468848], [46.72372821623414, 24.794101550237393], [46.72371467458509, 24.79412089759195], [46.72369539406901, 24.79414844408815], [46.72367733172121, 24.79417424936336], [46.7236543389202, 24.794204202327695], [46.72363319402581, 24.794231177110497], [46.7236087543255, 24.794262353870323], [46.723603276335076, 24.794270465135142], [46.72358124654693, 24.794295675067733], [46.72355927321988, 24.794320820243406], [46.72354036006216, 24.79434246315433], [46.72352518474095, 24.79435982855808], [46.723508962637126, 24.794376667006578], [46.72348801341126, 24.794398411011727], [46.72345808675761, 24.794429472185477], [46.72343874344041, 24.79444954905029], [46.723408038747955, 24.794479849933776], [46.723383593254795, 24.79450381733058], [46.72335347528562, 24.79453334852275], [46.723339170606046, 24.794547374106006], [46.72331965931617, 24.794565175859738], [46.72329700568101, 24.794585545444235], [46.723261086528986, 24.794617843009448], [46.723243219755844, 24.79463390855928], [46.72320756123087, 24.7946640262974], [46.723168412275726, 24.794697003881872], [46.723142694564835, 24.79471866642787], [46.72309669710665, 24.794754631906397], [46.723046801939205, 24.794793473650913], [46.722994480276306, 24.794833008736333], [46.72294043868547, 24.79487305025606], [46.7228980698815, 24.794904071321206], [46.72285914128741, 24.794931964051454], [46.722807162415535, 24.794969187398937], [46.72275611496666, 24.795005677710797], [46.72270383942775, 24.795042336536838], [46.72264862795109, 24.795080471028502], [46.722598187983365, 24.7951146917093], [46.72256839858235, 24.795134811994675], [46.72253290803577, 24.795158783634893], [46.72249368091485, 24.79518476743918], [46.7224636858473, 24.795204464822017], [46.722441618362595, 24.79521895618988], [46.72242466734888, 24.795230087769077], [46.72239717757105, 24.795248140165015], [46.72240970404744, 24.795264036307003], [46.72243917537744, 24.795251744866807], [46.72249655736123, 24.795227811944464], [46.722588174737325, 24.79519007094117], [46.72265207074605, 24.79516478811488], [46.72272045075214, 24.79513854805705], [46.72275969523623, 24.79512348869332], [46.72286272216406, 24.795086888294517], [46.72290568791824, 24.795072650087494], [46.72300540736655, 24.795039915838434], [46.72304769324547, 24.795027083060166], [46.723121878952696, 24.79500514403792], [46.72319957639476, 24.794982533430126], [46.72323586575807, 24.79497329174918], [46.723296756382915, 24.79495778521072], [46.72336810210116, 24.79493961574844], [46.72344833810897, 24.79492235325276], [46.7235457799751, 24.794901388484462], [46.723732158601884, 24.794868107802873], [46.72380988263187, 24.79485559063552], [46.72387343437719, 24.794845356650075], [46.72392387173594, 24.794837233867735], [46.72399148592483, 24.79482738730437], [46.72403942178055, 24.794820540166736], [46.724099624411465, 24.794811941849776], [46.724174353518414, 24.794802572995735], [46.724261508421705, 24.79479222485207], [46.72432380069377, 24.794785399972856], [46.72440539352692, 24.79477729807707], [46.724460921963455, 24.79477178441235], [46.72451712919207, 24.79476729397765], [46.72458647270104, 24.79476206343876], [46.724652784936744, 24.794757061022626], [46.72473251430933, 24.794752388752666], [46.724805446457886, 24.794748114413164], [46.72487559518303, 24.79474568327771], [46.72493256414623, 24.79474370922515], [46.7249829501378, 24.794741962728317], [46.72506571806188, 24.794740379169244]]], [[[46.72626008039536, 24.794226087130895], [46.724042481271255, 24.793304369542028], [46.724029232333876, 24.793382145318592], [46.72879926184491, 24.795386856198007], [46.728828698162744, 24.79531174524419], [46.72828543919694, 24.795083003826996], [46.72626008039536, 24.794226087130895]]], [[[46.72145261347386, 24.793904988815108], [46.721558628885916, 24.793690461952355], [46.72156021383868, 24.793688563944794], [46.72163620710234, 24.79354134818774], [46.721608430909995, 24.793529399614364], [46.721557078178606, 24.793580441842114], [46.72143679570153, 24.793640938319314], [46.72131712175411, 24.79368455490328], [46.72118886236094, 24.793710443926688], [46.72106798791555, 24.793717758960817], [46.72093140482815, 24.793697373098233], [46.72080359564276, 24.793655847564747], [46.72068395283435, 24.793595525087134], [46.720571709617985, 24.793521471466157], [46.72049034830707, 24.793441166928282], [46.72042102466422, 24.793334332182454], [46.720369776644546, 24.79321987882605], [46.7203526556054, 24.7931510838827], [46.72033734275122, 24.793053198488206], [46.72034328787306, 24.79294910974669], [46.72036343048615, 24.79285418259492], [46.720400278915974, 24.792751438637254], [46.72042773149956, 24.792701101365548], [46.720304482432496, 24.7926651279258], [46.72018504809509, 24.792624633200546], [46.72007169535865, 24.79258040462435], [46.719963917274896, 24.79253426551278], [46.719865904429874, 24.79248865601729], [46.71971060437916, 24.792406602378616], [46.71965261602955, 24.79237403964469], [46.71956759070825, 24.792322422868192], [46.71944313356789, 24.792240899293965], [46.7192981517279, 24.792141343694645], [46.719161936900896, 24.792044225182416], [46.71911369847191, 24.792004036529274], [46.71909925693673, 24.79201848222253], [46.71914106902755, 24.792057840038442], [46.71922395339203, 24.792139920095465], [46.71928466875763, 24.792206804030545], [46.71931223162336, 24.792238393813427], [46.71930634054452, 24.792241738015], [46.7193698075997, 24.79232017680979], [46.71943969835878, 24.79240864395746], [46.71950944284106, 24.792498402044973], [46.71958008919466, 24.792593665355838], [46.719618265311745, 24.79264746556363], [46.7197457692186, 24.79283418871847], [46.7198712690843, 24.793041445247024], [46.719958795753364, 24.79320200660419], [46.72004278825791, 24.793369053200653], [46.72013804713594, 24.793572942683063], [46.72021202431494, 24.79375735630652], [46.72026434342477, 24.793903698443394], [46.72029508151216, 24.79399290326775], [46.72035379809029, 24.79417803035919], [46.720398806121764, 24.79438240619327], [46.72042648929161, 24.7945215015903], [46.72045054558593, 24.79469341912206], [46.720465181328095, 24.79484714112082], [46.72047170733842, 24.795001114369683], [46.720473059227814, 24.795126820523247], [46.720472668993146, 24.795276006836357], [46.720477692319854, 24.79528775317206], [46.72047305469978, 24.795366600715493], [46.720455908187624, 24.79553294640659], [46.72044846814244, 24.795593416690107], [46.72041293650214, 24.795781884591655], [46.72039411403836, 24.795873517337434], [46.72036824904396, 24.795974227239498], [46.72036025805211, 24.796004666331072], [46.72036065594556, 24.79600963294823], [46.72036286551507, 24.796012642984156], [46.72036674611512, 24.796015473997826], [46.72036985830363, 24.796016519847957], [46.72037423911712, 24.796016752072138], [46.72037701710282, 24.796016156739167], [46.720380472241246, 24.79601388692502], [46.72038209531122, 24.79601173749281], [46.72045995675583, 24.79586087666112], [46.720531473155866, 24.795721553380233], [46.72059958201968, 24.795587600693047], [46.720672844765446, 24.795444261175685], [46.72074561229529, 24.79530174351536], [46.72082109902359, 24.795153380981613], [46.720892349474184, 24.795011971372436], [46.72097319657594, 24.794852646790606], [46.72108187694249, 24.794638039910495], [46.7211532750095, 24.794496545431347], [46.72122895596191, 24.7943472017753], [46.72129869232084, 24.79420937664763], [46.72137729206746, 24.79405361697302], [46.72145261347386, 24.793904988815108]]], [[[46.7225657817655, 24.792951685350214], [46.72240318054632, 24.792882962836963], [46.722364867239556, 24.792958443023082], [46.72227087014426, 24.793148085348726], [46.72216799008721, 24.793351613949117], [46.72207767437606, 24.793529850301436], [46.72196114628113, 24.793759120425175], [46.721849864139045, 24.7939800426752], [46.721726317729335, 24.794224053272774], [46.721613651039924, 24.794448694866674], [46.72150904548776, 24.794654692408198], [46.721357770202864, 24.794953908933802], [46.72122089377342, 24.795224956326567], [46.72110281602298, 24.795459186898633], [46.720955038434504, 24.795747744203666], [46.7208077917653, 24.796033180380398], [46.72067619769494, 24.79628452198043], [46.7206127202882, 24.796404277108824], [46.720587006341844, 24.796452786886746], [46.72052701037999, 24.79656731587154], [46.72040775111169, 24.796795303580346], [46.72034794047987, 24.796911459145456], [46.7203662836528, 24.796920117995732], [46.72044069348899, 24.796801131984505], [46.72046164891218, 24.796768230657825], [46.72055782227319, 24.796631053431184], [46.72065328402907, 24.79651091332791], [46.720694511579175, 24.79646355414036], [46.72071067744098, 24.79644538850175], [46.720768220151314, 24.79638072417744], [46.720855162334786, 24.79628922160353], [46.720970863766055, 24.796173948819792], [46.72105999301582, 24.79608986422335], [46.72117205610216, 24.795992846705193], [46.72129382036489, 24.795892218886262], [46.72141498085368, 24.79579694560864], [46.72155581481792, 24.79568979616412], [46.7216721579547, 24.795604892485407], [46.72179503439839, 24.795517748459666], [46.72193982622758, 24.795418568790097], [46.72208417482241, 24.795321401165467], [46.722276306159756, 24.79519441331545], [46.72243514938905, 24.795090767476573], [46.72258932292372, 24.79498568370448], [46.72273068550396, 24.79488729759422], [46.72286515559079, 24.79479066283609], [46.722949963383115, 24.79472783621773], [46.723063192728375, 24.794637467112715], [46.72316405189547, 24.79455197051678], [46.72319414035849, 24.794525524798786], [46.723302147877426, 24.794422543017827], [46.723413974880415, 24.79430674881919], [46.723494109057576, 24.79421589295811], [46.72349583351335, 24.79421414320018], [46.723562849807934, 24.794129799110614], [46.72362697900717, 24.794038517213423], [46.7236868431732, 24.793944075634784], [46.72374136211117, 24.7938442450041], [46.72379266382245, 24.79374164079483], [46.72384107868604, 24.793628396131577], [46.72388191213464, 24.79351563064721], [46.72389516765084, 24.793472160154185], [46.723875410186565, 24.793464126549257], [46.723655447534206, 24.793376125593376], [46.72332322087534, 24.793244264932213], [46.722978019637466, 24.793108467428265], [46.722654788457014, 24.792988831195043], [46.7225701839245, 24.792957766046793], [46.72256397700071, 24.792956570779243], [46.7225657817655, 24.792951685350214]]], [[[46.71972156379313, 24.79674839932654], [46.71967481361909, 24.79672884787212], [46.71948689116522, 24.79710327486119], [46.71929649848333, 24.797482619967955], [46.71916677941168, 24.797741076919447], [46.71901907104371, 24.79803537308103], [46.719065821631645, 24.79805492471624], [46.71913709309431, 24.797912921509432], [46.71934757398294, 24.797493554503564], [46.7195580525383, 24.797074187267032], [46.71972156379313, 24.79674839932654]]], [[[46.71976578161569, 24.79707996059555], [46.719681905005686, 24.79704467908443], [46.71951885106599, 24.797368732741816], [46.71941455369172, 24.797577621855748], [46.71940691309402, 24.797591895534644], [46.7192410836375, 24.797920411201932], [46.71911585614717, 24.798163137291272], [46.71896470445231, 24.798458311742742], [46.7188073258341, 24.79876611650261], [46.718759841780155, 24.79885909590689], [46.718881382504975, 24.798910626538333], [46.71891891897509, 24.798836853450226], [46.719016518780265, 24.79864078557905], [46.71911294962016, 24.79843470744106], [46.71918684853227, 24.798277736964494], [46.71920539066242, 24.798233611982557], [46.719449739823204, 24.797706602104526], [46.71949167738118, 24.797623746917903], [46.71960999812163, 24.797389855955295], [46.71976578161569, 24.79707996059555]]], [[[46.720348173008, 24.79732473982551], [46.720403799096204, 24.79722736688935], [46.72056731925629, 24.796991885582816], [46.72067870435982, 24.796833120921907], [46.72081175914941, 24.79668197995617], [46.720905238296595, 24.79657206491317], [46.72093518246044, 24.796539609980087], [46.72096789805551, 24.796504150920914], [46.72112297115349, 24.79634809131004], [46.72122706393273, 24.796252824002654], [46.72131198515845, 24.796176590256973], [46.72141617411171, 24.796088309016135], [46.72153736964218, 24.795994994457462], [46.721655665538265, 24.7959049382178], [46.72182777979473, 24.795788997591252], [46.72196966320374, 24.795701357501198], [46.72214789397712, 24.795602010360277], [46.72230868536871, 24.795518990793525], [46.72242096425829, 24.795462330803048], [46.722659181601934, 24.795357454928133], [46.722829637677805, 24.795292062187848], [46.722992653859166, 24.795242342944828], [46.723156162730334, 24.79518563056383], [46.72326821552866, 24.795155312821297], [46.7233949731989, 24.795123750303272], [46.72361273045023, 24.79507232453789], [46.72375258172822, 24.795050824118874], [46.723967564673096, 24.795011794576677], [46.72420735863047, 24.794978391688282], [46.72437430007803, 24.794957115713366], [46.72455078908489, 24.794944868327114], [46.724785543416424, 24.794930336552426], [46.72500920691743, 24.794922919568222], [46.72518878101397, 24.794920849093813], [46.72541433061356, 24.794922011369003], [46.72560644640456, 24.794932696823732], [46.725732560974265, 24.79493984295946], [46.725994248574466, 24.79495671363184], [46.726129857827836, 24.794969125567423], [46.72632334494736, 24.794993769744114], [46.72647375587449, 24.79501192345226], [46.72670987986077, 24.795053814641385], [46.72690708664224, 24.795091855191263], [46.7271894247407, 24.795154175845475], [46.72731407120824, 24.795182839337887], [46.727720259362066, 24.79530124707268], [46.72775698102009, 24.795313729491394], [46.728332024250236, 24.79550919891169], [46.72869609873265, 24.795647979612028], [46.72872097660266, 24.79557351181977], [46.72816867540041, 24.79536487388383], [46.72778531130281, 24.795251329395867], [46.72702894039046, 24.795027303134955], [46.72674509743441, 24.79496906242689], [46.726402972853506, 24.79491969530854], [46.72603847380502, 24.79487673764549], [46.725746073070795, 24.794849351686935], [46.725422371318224, 24.79483257997662], [46.72510341647105, 24.79483420652605], [46.7247105148271, 24.794848989090855], [46.724416662489006, 24.794879034177946], [46.7241273015389, 24.794909026034222], [46.72377761093216, 24.79496226874432], [46.72340574446622, 24.795036272009433], [46.72307003887682, 24.795126263030077], [46.72271895211524, 24.795241036267193], [46.72233033354669, 24.795403404760695], [46.72199592864815, 24.79558770376959], [46.721619472281056, 24.795817599555242], [46.72131713225756, 24.796046640851692], [46.721046546873794, 24.796297873551694], [46.72084896519921, 24.796503426089867], [46.72070772053216, 24.796650368137612], [46.72047823858328, 24.796950339782846], [46.720319341919016, 24.79721418199537], [46.72028655228155, 24.797270463720654], [46.72028282763941, 24.79729743007502], [46.72027661900503, 24.797294835295506], [46.72009019267519, 24.79762851197579], [46.719976232635034, 24.79784850315265], [46.719874700643295, 24.798048392577968], [46.71976694576283, 24.79826303321115], [46.719588848908685, 24.79861650558607], [46.719462464284426, 24.79886697740988], [46.71929846943088, 24.799191561747502], [46.71917531555753, 24.799436044523507], [46.71906631411551, 24.799651760816037], [46.71897710129348, 24.799835567108033], [46.718957994553, 24.79988381292476], [46.71899274383169, 24.79989660092586], [46.71902749211568, 24.79990938802711], [46.71911512333901, 24.799735550392867], [46.719249549904724, 24.799468377238576], [46.719404649626476, 24.79916167084734], [46.71951188432842, 24.79894844669813], [46.719613984064196, 24.798748396568755], [46.71972242489884, 24.798531094614834], [46.71982089262083, 24.798336533116654], [46.719941584299946, 24.798095627357338], [46.72004351625071, 24.79789469499396], [46.72010690228481, 24.797771024482163], [46.72019741734222, 24.797599878898197], [46.720270503484, 24.797467357030285], [46.720336848581134, 24.797352084293596], [46.72035243579432, 24.79732652182426], [46.720348173008, 24.79732473982551]]], [[[46.717849674192585, 24.800960830953795], [46.71772296871948, 24.80090858691536], [46.717664524595364, 24.80102882577358], [46.717581617276466, 24.801197051260246], [46.717483760040736, 24.80139949552178], [46.717398904496996, 24.801574454310053], [46.717307699721594, 24.801763132804357], [46.7172233529643, 24.801936789146055], [46.717200230261994, 24.80198746263725], [46.717180859608405, 24.80202566958326], [46.71694575522346, 24.80249055209147], [46.71696610442401, 24.80249974627604], [46.716986452638466, 24.802508940469004], [46.71724536871715, 24.802060989613047], [46.717268795918926, 24.802021289695126], [46.71729000480826, 24.80198541541395], [46.71729275055332, 24.801983474325635], [46.7173537590605, 24.80187887362911], [46.71749520410418, 24.801633866162103], [46.71759975705077, 24.801451181032096], [46.71764276245409, 24.80136870046285], [46.71778211732096, 24.801093040899325], [46.717849674192585, 24.800960830953795]]], [[[46.71852738142366, 24.800776245509986], [46.71849023157165, 24.800761893230796], [46.71840199903615, 24.80092113807213], [46.7182789505545, 24.801144445830754], [46.718161131569566, 24.801377906682525], [46.71803051775294, 24.801637110718342], [46.71795313361084, 24.801789965731793], [46.71784538991895, 24.802034359057398], [46.717762703685366, 24.802223099785905], [46.717650248213545, 24.802481495509944], [46.717488824210605, 24.80285310880835], [46.71751073174378, 24.80286168371143], [46.71753263827839, 24.802870257719782], [46.71772921145734, 24.802480842485988], [46.717728916970245, 24.80248071856321], [46.717869796251826, 24.802202352663574], [46.71801221790911, 24.801920682493872], [46.71811668234293, 24.801713678387273], [46.71819940220408, 24.80154989599253], [46.718341355441815, 24.80126814335221], [46.71845212948056, 24.801047231010877], [46.71849207868958, 24.80096868572193], [46.71856453030724, 24.80079059869353], [46.71852738142366, 24.800776245509986]]], [[[46.71669495954191, 24.803179113152044], [46.71667399003331, 24.803169557683706], [46.71658835303897, 24.80331774325152], [46.71629763892065, 24.80385169054076], [46.71611800562317, 24.804205585925956], [46.71589394425204, 24.80464906149246], [46.715828172783695, 24.804780475525497], [46.71571601713305, 24.805035655038846], [46.715608689093166, 24.805281353158335], [46.7156297126365, 24.805289567382403], [46.715650736170026, 24.80529778070062], [46.715768149530646, 24.805064879693532], [46.71596604289947, 24.80467337656612], [46.71618346736045, 24.804243505633277], [46.71637069568429, 24.803872274625704], [46.71657349278024, 24.803470879582996], [46.71670219928615, 24.803215832792528], [46.71671592904116, 24.803188667714547], [46.71669495954191, 24.803179113152044]]], [[[46.71714319394603, 24.803445435556664], [46.71712204572703, 24.803437201297115], [46.717071016849474, 24.803538084014733], [46.71691956275134, 24.803836492428246], [46.71681956372294, 24.804035317833765], [46.71663557588477, 24.804399577228082], [46.71653226640591, 24.80460458267289], [46.716380561823044, 24.80490516307873], [46.71622538110393, 24.805212667608217], [46.71609406443084, 24.805473892536725], [46.716021792555914, 24.80561668604888], [46.715892183977516, 24.805873144846732], [46.71582202186668, 24.806012659230532], [46.71584384836608, 24.806022570628112], [46.71586575250732, 24.806032517246383], [46.715944479266156, 24.80589858182402], [46.716091985946555, 24.80564432197412], [46.71616411099933, 24.80550329793228], [46.71629645370271, 24.80524152848245], [46.71645053850765, 24.804936264741585], [46.71660332601785, 24.80463302463309], [46.71670573404905, 24.804430873525245], [46.71688976701126, 24.804066455532762], [46.716953544830666, 24.80393920091165], [46.71698603785567, 24.803864610349898], [46.71711898971387, 24.803557552619587], [46.71716434117868, 24.803453669824396], [46.71714319394603, 24.803445435556664]]], [[[46.71507364600999, 24.805960155262664], [46.715286988685214, 24.805537560646247], [46.715256818219736, 24.805524870113477], [46.71504377095291, 24.80594758951097], [46.71503819847838, 24.805945245456197], [46.71501913117428, 24.805983014399665], [46.714657030371065, 24.80670026705569], [46.71468464432606, 24.806705928378676], [46.714695974405295, 24.80670825158164], [46.71507364600999, 24.805960155262664]]], [[[46.71426713079937, 24.80816495788676], [46.71432000876974, 24.808039869666707], [46.714319234675, 24.808039325081076], [46.71439062380439, 24.807875058648992], [46.714480604191884, 24.80767485707094], [46.7145911190603, 24.80743740332711], [46.714724826688524, 24.807149587945318], [46.7148483149187, 24.806871126879816], [46.71500029227684, 24.80652489567369], [46.715134665605916, 24.806217951388476], [46.71527238735106, 24.805902727214306], [46.71527934038072, 24.805886796714592], [46.71525879797262, 24.805878762015627], [46.715238256556, 24.80587072730236], [46.71522926797157, 24.80588867828897], [46.71508029542046, 24.806185351084693], [46.71492378063733, 24.806499757701424], [46.7147571142582, 24.80683420868095], [46.714619776115455, 24.807114858104054], [46.714527277730674, 24.807306995302206], [46.71448162410214, 24.80740124454657], [46.71441239404671, 24.807508669636906], [46.714339821729574, 24.80760360118997], [46.71423173384507, 24.807715026193616], [46.71414597566794, 24.807788740595175], [46.71411449692609, 24.80781573148714], [46.71410769862958, 24.807822218866995], [46.714103808007394, 24.807826587295413], [46.71399679569006, 24.807893050490073], [46.713888799678095, 24.807955029500686], [46.713768744420356, 24.808007569889092], [46.71366358018254, 24.80804660599727], [46.71358259592609, 24.808070171518082], [46.713434164521885, 24.808100576990988], [46.71327185166991, 24.80811721187231], [46.71314725992756, 24.808119049861187], [46.71301812543246, 24.808109987071703], [46.71289325731641, 24.80809164888788], [46.712752619426034, 24.808058375354737], [46.712599820024714, 24.808013889169544], [46.712472379619214, 24.807976433834806], [46.71246629101908, 24.807996349519154], [46.71249858648247, 24.808008098048855], [46.71262450127467, 24.80805387542065], [46.71273978089084, 24.808095424449736], [46.71288413844353, 24.808148080623443], [46.712977756827776, 24.80818173998003], [46.71310276878539, 24.808227297041693], [46.71326000854498, 24.808284629311476], [46.713260490332715, 24.80828513752496], [46.71333208216308, 24.808315488956605], [46.713495754288765, 24.808381711866428], [46.713679042777635, 24.80845599093697], [46.71380772218898, 24.808508243472595], [46.713818701803, 24.808512403575076], [46.7140848082028, 24.808618852119313], [46.7141056713485, 24.808563168739987], [46.71411262453054, 24.808543993375046], [46.71417066103975, 24.8083941517147], [46.71424057137057, 24.8082271982016], [46.714245720124104, 24.808214051202025], [46.71426713079937, 24.80816495788676]]], [[[46.730491813942194, 24.77649522137066], [46.73043089629381, 24.776469626829268], [46.73040008645115, 24.776530498544137], [46.730353266311816, 24.776621905195956], [46.73013460307014, 24.777055153479658], [46.72989965817117, 24.777521093763514], [46.729674077442745, 24.77796854044039], [46.7294451493119, 24.778421384916193], [46.729205136969576, 24.778897439838403], [46.72899862648839, 24.779305954895534], [46.72871732036415, 24.779862908111063], [46.72849434702402, 24.780304905927032], [46.728253655115445, 24.780781587641552], [46.72803412077073, 24.781216986725767], [46.72778800100623, 24.781705798180045], [46.72758311541651, 24.782110880847906], [46.727347333654706, 24.782577537868455], [46.72711879881721, 24.7830308017712], [46.72687894840931, 24.783504765960974], [46.72667190218815, 24.78391484456593], [46.72643104459062, 24.784391940964856], [46.72621773639204, 24.78481581484472], [46.72598493834437, 24.78527602161487], [46.72565049810894, 24.785939473612245], [46.7255313179668, 24.786175704430267], [46.72531338798301, 24.786606199743773], [46.72507061004064, 24.787086745470404], [46.724853135879414, 24.787519024430956], [46.72465341961352, 24.78791381454169], [46.72462030033113, 24.78797928396051], [46.724423336753425, 24.78837054798314], [46.72418593534658, 24.788839995657504], [46.72398540750393, 24.78923760858304], [46.723801963890175, 24.789601249994917], [46.72361019450484, 24.78998076292025], [46.723369925203826, 24.790456232127802], [46.723141855395724, 24.79090934274414], [46.72305222886696, 24.791085848994985], [46.722880261303914, 24.79142683794685], [46.72270213834379, 24.79177836815259], [46.72245537283081, 24.792269260530976], [46.72241051459622, 24.792355289334406], [46.722305502098585, 24.792564697657074], [46.72217359699233, 24.792826648161327], [46.72213768269392, 24.79289795471327], [46.72187214119117, 24.793424678692084], [46.72163375831324, 24.793896567369885], [46.72141851689556, 24.794323204072775], [46.72115642852518, 24.794841556454728], [46.720964601109664, 24.795222341949117], [46.72073472806181, 24.795676351316114], [46.72050734261271, 24.796127113947364], [46.7204103646421, 24.796319350968332], [46.720269911079036, 24.796597766408834], [46.7200534170754, 24.79702644725958], [46.71980799779995, 24.797513614089848], [46.719598151382016, 24.797928385106726], [46.71936157341518, 24.798397284870436], [46.71915150954815, 24.798815211560193], [46.71891749787003, 24.799277139971238], [46.71868412931958, 24.799739705323052], [46.71844491493311, 24.800213420219453], [46.71823069031321, 24.800636820721376], [46.71801793589305, 24.801057837653563], [46.717774758326165, 24.801541387837865], [46.71755427897904, 24.80197740738593], [46.7173300729594, 24.80242066349102], [46.71708286742362, 24.802910160990667], [46.716864806614495, 24.803342214482406], [46.716648045717854, 24.803772806383837], [46.716413620892745, 24.804236969824064], [46.71615408935498, 24.804749849972495], [46.7159665677553, 24.805122110678568], [46.71573596843254, 24.80557897114656], [46.71550066286168, 24.806045584800867], [46.71536344427151, 24.806317422360475], [46.71529357162906, 24.806455174416424], [46.71520990874343, 24.806623013779845], [46.715122756782236, 24.806797887635998], [46.71505892658554, 24.80692724585745], [46.71502980880198, 24.806987039964476], [46.71497750462838, 24.80709228941043], [46.71491765383543, 24.807216998222945], [46.7148604934078, 24.807337032714365], [46.71479062273123, 24.807483774406627], [46.71473065741483, 24.807614059681285], [46.714662743856614, 24.807762372446863], [46.714614141364606, 24.80787113303574], [46.71456445209932, 24.80798279795801], [46.71451429203403, 24.808099072893366], [46.71446734537091, 24.808208423895625], [46.714414902775, 24.80833574447991], [46.71436841401414, 24.808448480478397], [46.71432162961532, 24.808566767078407], [46.71427920027954, 24.80867583872709], [46.71427260602627, 24.808692989364477], [46.71427035441424, 24.8086990815476], [46.71433441429209, 24.808726277510722], [46.714340124705295, 24.808710671878845], [46.71434513846179, 24.80869806543625], [46.71439120176606, 24.80858056897975], [46.71443603519817, 24.808467798680887], [46.71448218241246, 24.808353967788076], [46.71452921200141, 24.80824064862577], [46.714576020426584, 24.808131246824654], [46.714622839603166, 24.808024644683357], [46.71467033599585, 24.807915146488593], [46.714720534913845, 24.80780350729265], [46.71477428900968, 24.807685702260454], [46.714825320662, 24.807575071922454], [46.71488342580703, 24.80745050504375], [46.71493547485767, 24.807341077366182], [46.71498862947169, 24.807230123788155], [46.71504260901398, 24.807119246506975], [46.71509509174154, 24.80701058756673], [46.715123293814486, 24.806952681915707], [46.7151869458952, 24.806824185242917], [46.71527570110319, 24.8066447054912], [46.71535961879137, 24.806478495558682], [46.71542805893139, 24.806341738613877], [46.715565821912094, 24.80606986405892], [46.71579941795353, 24.805607267824392], [46.71602943782938, 24.805150506910998], [46.7162206693051, 24.804773273904665], [46.716476347168054, 24.804265652842673], [46.716710631999256, 24.803801680522348], [46.71692778852578, 24.803370453795416], [46.717148894338095, 24.802933135851408], [46.717393146738885, 24.802447414547363], [46.71761377302906, 24.802012130256006], [46.71783623265701, 24.801569884278877], [46.71808069400782, 24.801087562509363], [46.71829195509744, 24.800668654595025], [46.71851154232594, 24.800233909264335], [46.71874682573128, 24.799767146377416], [46.71897949744708, 24.799307068220198], [46.719215818975435, 24.79883843556298], [46.71942264510131, 24.798429165686382], [46.71965810582177, 24.797961528246876], [46.71987018702597, 24.79754085108234], [46.72011102137141, 24.79706426702541], [46.72033571140745, 24.796619511992432], [46.7204736935794, 24.79634592907711], [46.72056663416169, 24.79616165208819], [46.7207922298662, 24.79571530602445], [46.72102516501669, 24.7952531373473], [46.72121879210112, 24.794870183156032], [46.721477879566116, 24.7943569952982], [46.72169622212495, 24.793925246909478], [46.72193380439944, 24.793454197993526], [46.72219992203965, 24.792926667343206], [46.72223629186258, 24.792853900111435], [46.72236828803765, 24.79259332357672], [46.722473816828895, 24.792384423905567], [46.722517430536364, 24.79229780178143], [46.72276413832364, 24.791809260140113], [46.7229449020896, 24.79145273639544], [46.72311036065672, 24.791123123526994], [46.72320385491392, 24.790938651844233], [46.72343227718556, 24.790486368624133], [46.72367162022607, 24.790011876063694], [46.723865031182, 24.789627852388843], [46.724049043378244, 24.789264000308172], [46.72425438292562, 24.78885725623704], [46.72448360812793, 24.788403267687546], [46.72468595336264, 24.78800275308546], [46.724718839611924, 24.787937598731425], [46.72491916857799, 24.787540713146495], [46.725132622831985, 24.787117555161927], [46.72537529581282, 24.786636299094404], [46.72559504483257, 24.786201262066776], [46.72571334104482, 24.785968485835465], [46.72604659177115, 24.78530707165858], [46.72628092507273, 24.784844331704086], [46.726492921361995, 24.784423004517045], [46.72673543999404, 24.78394267555864], [46.726940036072435, 24.783538647271104], [46.7271802275851, 24.78306218985042], [46.72740893622201, 24.782608920245284], [46.727644850048186, 24.782140672565564], [46.727847316929655, 24.78174111891353], [46.72809804633904, 24.781242693687833], [46.72831649027375, 24.780809692484944], [46.728555883425045, 24.7803355031451], [46.7287808118649, 24.779890589878743], [46.72906346707892, 24.77932952827401], [46.72926770907598, 24.778925815510323], [46.72950666402158, 24.778452040716772], [46.72973599496451, 24.777997520293756], [46.7299601561777, 24.77755348020346], [46.73019819079687, 24.777080660389146], [46.73041631367041, 24.776648607343716], [46.73045977264984, 24.776558497221302], [46.730491813942194, 24.77649522137066]]], [[[46.71557094546618, 24.806701829525377], [46.71554760983064, 24.806691301589034], [46.71548244157338, 24.80680246446157], [46.71537284379184, 24.806989755727493], [46.715290493127235, 24.80712970040804], [46.71517594651519, 24.807325506374987], [46.715125810078604, 24.807410453484945], [46.715120491127955, 24.807419850140732], [46.71511996398701, 24.80741999974179], [46.715116321628436, 24.807428100515082], [46.71506067627079, 24.807546162991542], [46.714985730936604, 24.807706818379177], [46.714925558886165, 24.807836376577175], [46.714922318554855, 24.807844941325417], [46.714918489244525, 24.807854050033786], [46.71480613713022, 24.808157436274797], [46.714743604636276, 24.808323946090177], [46.7147416566573, 24.808326008004297], [46.714718147772, 24.808384851136402], [46.714685088562454, 24.808471088447604], [46.71462675677022, 24.80862509047394], [46.71456593272191, 24.80878675480635], [46.714552833747106, 24.80882058468193], [46.7148430950984, 24.808945226685516], [46.714872999132886, 24.808957904969386], [46.71519607016252, 24.809096717062552], [46.71548395769857, 24.809220349396316], [46.71560673404197, 24.809272301458176], [46.71560868757562, 24.809273301095413], [46.715632436233314, 24.80928383148311], [46.71576787171159, 24.80934343806505], [46.7158222365356, 24.80936454278423], [46.7158227768612, 24.80936470361578], [46.71582333971738, 24.809364776610664], [46.715823908253554, 24.809364759253537], [46.71582446467981, 24.80936465265141], [46.715824993221595, 24.80936446059672], [46.71582547613873, 24.80936418780735], [46.71582590068588, 24.809363842555303], [46.71582625315352, 24.809363434929445], [46.715826523837954, 24.809362978584144], [46.71582670302305, 24.80936248627098], [46.715826786951624, 24.809361972478975], [46.715826770902375, 24.80936145351393], [46.7158266580661, 24.80936094559084], [46.715826450607324, 24.809360462227918], [46.71582615369489, 24.809360019617472], [46.715825778369634, 24.80935962937013], [46.71582533472061, 24.80935930581603], [46.715776075592366, 24.809329335044186], [46.715713843810896, 24.809289906560817], [46.715653629811904, 24.809248310590455], [46.71561000511648, 24.80921503653542], [46.71555396319451, 24.80916889096124], [46.71550013851092, 24.809121988607796], [46.715455985645505, 24.809077934897505], [46.71539954342028, 24.809019948218932], [46.715355754141605, 24.80896529604819], [46.71533238033349, 24.80893643398883], [46.715301139740134, 24.808891266964338], [46.715264716746226, 24.808836603409663], [46.715231183549534, 24.808778807155228], [46.715205608094976, 24.808730843958326], [46.715176604262986, 24.808666142069644], [46.71517485471736, 24.808662211181627], [46.71514504837649, 24.808589652698444], [46.715120312061835, 24.80851289099619], [46.71509904300308, 24.80843463410269], [46.71508049631817, 24.808351645652248], [46.715067777936596, 24.808263131619537], [46.71506099914468, 24.808182927190046], [46.71505784329205, 24.808103988567627], [46.715060742005996, 24.8080259041497], [46.715066918289516, 24.807948500829806], [46.71507723595475, 24.807877404407638], [46.71510853349773, 24.80775706330722], [46.715138418889076, 24.80766549836953], [46.71516605935642, 24.80759085816149], [46.715177948274835, 24.807560690608156], [46.715182049725094, 24.80755324546846], [46.71527543694741, 24.80735632695486], [46.71537300455475, 24.80715498875643], [46.71545501982146, 24.806990686682692], [46.71556737199965, 24.80676601480687], [46.71559428208205, 24.80671235654378], [46.71557094546618, 24.806701829525377]]], [[[46.71373325887939, 24.809287867146512], [46.71356059690386, 24.809215106962057], [46.713409855905724, 24.809149159477602], [46.71315095803158, 24.809034875156197], [46.71282258016543, 24.80889000598558], [46.71282054475512, 24.808891395337188], [46.712444418790426, 24.808719277297648], [46.71243534093947, 24.808736030147468], [46.71243604589234, 24.808736438298542], [46.712534669751726, 24.80879391427219], [46.712588160487655, 24.808825532386514], [46.71271207486384, 24.808914976342024], [46.71279257690484, 24.808980119164488], [46.71287825815879, 24.809059495942567], [46.71293519216712, 24.809116999469367], [46.713028376256204, 24.80922434687365], [46.71305320807404, 24.8092546787349], [46.71305328849749, 24.80925750650229], [46.713087527518695, 24.80930353261765], [46.713131487605914, 24.809367718730858], [46.71320106945524, 24.809480614538288], [46.71324942631579, 24.80957312651082], [46.713288453675425, 24.809658254238872], [46.71332681125247, 24.80975746896385], [46.713359373483016, 24.80985835175886], [46.71338625538174, 24.809965310921818], [46.71340578933355, 24.810068647081817], [46.71341037709051, 24.810105470391026], [46.713431511444135, 24.81010327715595], [46.71342429975894, 24.809998795835615], [46.7134355557614, 24.809997222285592], [46.71341489455418, 24.80987406391877], [46.71340660208607, 24.809824634763], [46.71339860722562, 24.809776993488356], [46.7133810298215, 24.809712420346585], [46.71336381613995, 24.809649191017712], [46.713349592489315, 24.80959694784845], [46.713321476054695, 24.809518893714117], [46.713298515171125, 24.809455149669414], [46.71323466252032, 24.809310742257317], [46.7133186209617, 24.80927594453622], [46.71335863627474, 24.809361203586207], [46.71338875214127, 24.809432447943657], [46.713400187403586, 24.80945988242453], [46.71343410227035, 24.80955641142617], [46.713456825857804, 24.809629291585395], [46.7134752132623, 24.809696730171748], [46.713492539547595, 24.809767495343447], [46.71350701746438, 24.809846132756572], [46.71351759474196, 24.809909210577317], [46.713524550607026, 24.809953944772168], [46.71352919056291, 24.809991396778386], [46.71354117571134, 24.809991989877066], [46.71354996276118, 24.81011297744146], [46.71355296462594, 24.81015431159003], [46.713545193402894, 24.810155374826873], [46.71354709682944, 24.810251625912404], [46.71354207747788, 24.810353595635167], [46.71353798394841, 24.810406941588074], [46.71353758394382, 24.810412164752517], [46.713536242641524, 24.810429644310776], [46.713531224749765, 24.810480007844607], [46.71355311842058, 24.810483392841295], [46.71358490530858, 24.810305780146642], [46.713594780819605, 24.810247848181067], [46.71361282933995, 24.81014700853111], [46.71362867241897, 24.81007259674023], [46.71363508844509, 24.810043771368083], [46.71365260562378, 24.80997334642103], [46.71367969200449, 24.80986997538921], [46.713628487958026, 24.80971842420627], [46.71362187051488, 24.809642198589422], [46.71365868948699, 24.809514382824958], [46.713672985883214, 24.80946589657062], [46.713680846814185, 24.809449711054516], [46.71369009999142, 24.80943485485946], [46.71371600811217, 24.809416345318862], [46.713815742470445, 24.809362104747137], [46.71382434179843, 24.809349335344002], [46.71383294112471, 24.80933656594043], [46.71383495967007, 24.809330499005505], [46.71373325887939, 24.809287867146512]]], [[[46.71502617918096, 24.809861296607192], [46.71431620400719, 24.809533024211543], [46.71428796830509, 24.809629601785474], [46.714288652608346, 24.809632103013374], [46.714239992536065, 24.80980382660411], [46.71418363830165, 24.810012850100364], [46.714128600584345, 24.8102412205049], [46.7141166081295, 24.810293303599025], [46.714104619391605, 24.81034860537612], [46.71409533677038, 24.810411148742183], [46.714092797724476, 24.810461348443535], [46.714095441033315, 24.81050809847515], [46.71410036510823, 24.81055288571197], [46.71410792135751, 24.810594793325905], [46.71411708184779, 24.81062971060078], [46.71412474658287, 24.810650311981103], [46.714145342149784, 24.810696163742254], [46.71417275958492, 24.810738739345897], [46.7141931506461, 24.81076526754273], [46.71419392161163, 24.810766877548836], [46.714234100821116, 24.810807170671858], [46.71427938531142, 24.81083977602278], [46.71432859396321, 24.810867351638407], [46.71439235931786, 24.810890815731238], [46.714451220314736, 24.810907235863024], [46.71451860983253, 24.81091824571767], [46.71458926354935, 24.810924286650263], [46.71463355139339, 24.81092543383845], [46.71471151809256, 24.810923490768914], [46.71478489140058, 24.81091539581751], [46.71486110015399, 24.81090215898524], [46.71493150252515, 24.810884909539894], [46.715002900738355, 24.81086232442809], [46.71507213535934, 24.810835412271093], [46.71514277136748, 24.810802086287065], [46.71520593548528, 24.810765847542186], [46.71526475428784, 24.810726031789336], [46.715320362251525, 24.810680403159914], [46.71538054625857, 24.810622210076293], [46.71542732704762, 24.81056626446444], [46.7154640278453, 24.81050096698981], [46.7154867941474, 24.810436327732383], [46.71549880298232, 24.81036622221427], [46.71549967811616, 24.81030183135764], [46.715487813081396, 24.81022612473039], [46.71546740963204, 24.810166811007115], [46.71543897965088, 24.810121338224697], [46.71540433409725, 24.810081355744803], [46.71539084571414, 24.810067782348135], [46.71536923841764, 24.810046038121477], [46.715329225199895, 24.81001558105349], [46.71527024389424, 24.809978614254458], [46.715199908097404, 24.809941450815174], [46.71502617918096, 24.809861296607192]]], [[[46.7139380751761, 24.812173496866407], [46.713950504659145, 24.81194328457611], [46.713968620880756, 24.811943651166878], [46.71397651919747, 24.81192356120353], [46.71400613261707, 24.811840221098116], [46.71404267242533, 24.81176436492852], [46.71407963442645, 24.81170064839516], [46.71412161339105, 24.81164346077362], [46.714185786215, 24.811571634244743], [46.714243404190384, 24.81151458874918], [46.71431253863, 24.811458790798802], [46.71438861686432, 24.81140937143335], [46.714481683085104, 24.811356335402763], [46.71460831730001, 24.81128898951542], [46.71473206056669, 24.8112247771236], [46.714880295982134, 24.811146548448068], [46.71518868792051, 24.810984989081305], [46.71553308779771, 24.810802770139905], [46.71581028824147, 24.810656956743347], [46.715944066984335, 24.810585669853523], [46.716022622427005, 24.810546700865487], [46.716122873393225, 24.810504774275763], [46.716194767498365, 24.810481598765676], [46.71628760258153, 24.810460075310303], [46.716364834433826, 24.810448545047763], [46.71645653244137, 24.810441780176937], [46.71657283444251, 24.810442415345527], [46.71657453511378, 24.810442291092272], [46.71657618767198, 24.81044190555957], [46.71657774478067, 24.810441269222327], [46.7165791602168, 24.81044040157133], [46.71658039374123, 24.810439325640154], [46.716581408218744, 24.810438074358284], [46.71658217546504, 24.810436684163925], [46.71658267327981, 24.810435195038117], [46.716582886435646, 24.810433650493277], [46.71658280861881, 24.810432094842408], [46.71658244146509, 24.810430575015857], [46.71658179742739, 24.810429133305473], [46.716580894905164, 24.81042781283769], [46.71657975815744, 24.810426651254545], [46.716578423261765, 24.81042568245085], [46.71657692623352, 24.810424935807887], [46.71655955888736, 24.810417951936426], [46.716408270517256, 24.810355063786993], [46.71616226784941, 24.810252224332956], [46.71588793803688, 24.810138655655738], [46.715650694821505, 24.8100387926961], [46.715445984713426, 24.8099527691272], [46.715423761458375, 24.80994325951705], [46.71542274880932, 24.809942919916708], [46.715421686980704, 24.809942744299622], [46.71542060770827, 24.809942738621842], [46.71541954364216, 24.809942903411706], [46.715418526344145, 24.809943231987138], [46.71541758735106, 24.809943715860587], [46.715416752178655, 24.809944340293484], [46.71541604825854, 24.80994508601095], [46.71541549508532, 24.809945932023417], [46.71541511010098, 24.809946851947657], [46.71541490480091, 24.809947818565735], [46.715414884733974, 24.809948803825122], [46.715415050466625, 24.809949777021778], [46.715415397645046, 24.80995070931388], [46.7154159159937, 24.809951572830368], [46.715438773357306, 24.809982926384137], [46.715470184907026, 24.8100311448993], [46.715513672921404, 24.81008809465515], [46.7155452383725, 24.810150144228935], [46.71556661386567, 24.810211731045943], [46.71557886556337, 24.810280242787837], [46.715581722477474, 24.810353097654488], [46.715573946500115, 24.81041717582771], [46.715553693165994, 24.81049570849545], [46.715515074255556, 24.810575938859742], [46.71547882405978, 24.810627767608068], [46.71543274341207, 24.810680249928296], [46.71538157108032, 24.81072839908827], [46.71531581701603, 24.810780635736922], [46.71524775580771, 24.810826527279737], [46.71517483806471, 24.81086921604166], [46.7150993771424, 24.81090450874825], [46.71502689950973, 24.81093376132672], [46.71495138081315, 24.81095573641496], [46.7148601305925, 24.810976097859392], [46.71478701531846, 24.81098669986413], [46.714708922138946, 24.810995052081257], [46.71462494594405, 24.81099748840039], [46.71454385641686, 24.81099339995398], [46.71445456055035, 24.810982838980774], [46.71437485972995, 24.810965083151224], [46.71430837722307, 24.810940697673672], [46.71424359093924, 24.810906444232856], [46.714182428313556, 24.8108645868004], [46.71411547566917, 24.810804154179365], [46.714114522506314, 24.810803033810135], [46.714088929390314, 24.810774784769816], [46.714071444283114, 24.810751830211004], [46.71404366111117, 24.81070848050666], [46.71402290918239, 24.810666503828212], [46.7140125207957, 24.8106357321463], [46.71401170520868, 24.810633610724032], [46.714011288910136, 24.810632758672998], [46.71401072625223, 24.81063198143177], [46.714010032318775, 24.810631296884818], [46.71400922618693, 24.81063072557949], [46.714008327836034, 24.81063028173267], [46.714007362165624, 24.81062997769916], [46.71400635599127, 24.81062982129744], [46.7140053341008, 24.81062981675775], [46.71400432617749, 24.810629964642764], [46.714003356884945, 24.810630260155474], [46.71400245481809, 24.810630696648058], [46.71400164154929, 24.810631260330254], [46.714000940641355, 24.810631938291845], [46.71400037063745, 24.810632712262958], [46.71399994606255, 24.81063355950539], [46.713999678499356, 24.810634459120426], [46.71399527912096, 24.810656139563857], [46.71398707061184, 24.81070027015255], [46.71394722017897, 24.810930214390062], [46.71391904934721, 24.811116466771843], [46.71390000168586, 24.811255112872438], [46.713882924286274, 24.811397557329467], [46.71386474802957, 24.811566187632128], [46.71385460503682, 24.811674636357377], [46.71384221661949, 24.81183097909581], [46.71383130279859, 24.81198679842297], [46.71382410046262, 24.812117237112414], [46.71382028609187, 24.812225670183608], [46.71381523332379, 24.812393503616963], [46.71381306024938, 24.81256436657443], [46.71381367655493, 24.812701780596086], [46.71381611463851, 24.812860453441576], [46.7138214094946, 24.81302925984095], [46.71382484060203, 24.81311198916832], [46.713827386852984, 24.813156500287477], [46.71387603190444, 24.813156637077878], [46.71392467597835, 24.813156774766504], [46.713928216515136, 24.813093803362953], [46.713930734369576, 24.812977421864527], [46.713932506854135, 24.812884658914538], [46.71392916092866, 24.812715229777602], [46.71392909139387, 24.812533659231992], [46.713931563432546, 24.812355634008984], [46.7139380751761, 24.812173496866407]]], [[[46.71335266159953, 24.813145153194473], [46.71335190139838, 24.8131331781311], [46.71316324154759, 24.813140684570293], [46.71317030486355, 24.813274576701193], [46.71317950122908, 24.8134184165744], [46.71319511190753, 24.81359356395733], [46.71319550978399, 24.81359451463385], [46.71324003013203, 24.813614367868958], [46.71323996659212, 24.813654414424875], [46.71323788243173, 24.813677366647624], [46.713222598445206, 24.813754853478343], [46.71321872096833, 24.813798098352006], [46.71321967644212, 24.813840815654753], [46.71323429685752, 24.813946251253714], [46.71325088574138, 24.814045350536947], [46.71325760311619, 24.81408452307037], [46.713451120278734, 24.814059745804087], [46.71345009190551, 24.81405287141076], [46.713404064333616, 24.813746026297196], [46.71338232495078, 24.813495128992304], [46.71335266159953, 24.813145153194473]]], [[[46.713520525153726, 24.8145232099096], [46.713506810047946, 24.814431619402157], [46.71332466897057, 24.81445471890269], [46.71332924888081, 24.81446973891112], [46.713368137621025, 24.814556092377977], [46.71334865829229, 24.814607394446092], [46.71335341989151, 24.81463583892616], [46.7133802152256, 24.814774023773648], [46.713404087723774, 24.814905178061377], [46.71341476545282, 24.814959553742046], [46.71347426882026, 24.814976153707686], [46.71348387444668, 24.815007026463327], [46.713501820156715, 24.815094131790744], [46.71350116284156, 24.815109558506595], [46.713499268802714, 24.81513568574255], [46.71348553408762, 24.815158958362996], [46.71347073371848, 24.8151852325904], [46.71346670499816, 24.81520072141367], [46.713472850611375, 24.815240314894744], [46.71349097818333, 24.81530878113046], [46.7135367453185, 24.815490264962357], [46.71362145202609, 24.815478075196452], [46.71368789423662, 24.81546851348959], [46.713675315634106, 24.81539570138744], [46.71364706621009, 24.815232175331868], [46.713639518857725, 24.815188486262763], [46.71363441353201, 24.815158936111555], [46.71360843626322, 24.815004670902706], [46.71357073503347, 24.81481971340576], [46.713520525153726, 24.8145232099096]]], [[[46.71405027086083, 24.816511683226956], [46.71395431314778, 24.816226334794305], [46.71389171362996, 24.816243870057086], [46.7138243751631, 24.816262733557846], [46.7139166423209, 24.816526984637143], [46.71404058439532, 24.816853790689258], [46.71430566175533, 24.817483836312114], [46.71445692410526, 24.817795855685677], [46.71455442844791, 24.8179537849695], [46.714597924815386, 24.817933905225626], [46.714641422145, 24.817914024555723], [46.71460216416533, 24.81782830597345], [46.71441665242381, 24.8174238989889], [46.714165706309096, 24.81681983411193], [46.71405027086083, 24.816511683226956]]], [[[46.71405334656159, 24.81422278001447], [46.714044322747135, 24.81416216014974], [46.71398674391562, 24.81416591968332], [46.713942289043246, 24.814168821824993], [46.71395043224622, 24.81427271091451], [46.71396741371346, 24.814401159638052], [46.714000063103924, 24.814579838602235], [46.71404272493395, 24.81479392071005], [46.71409591149961, 24.81503217561831], [46.714126583734036, 24.815159160910465], [46.71418626013216, 24.81538736467509], [46.71426257425157, 24.815653643007256], [46.71434634678089, 24.815921450094226], [46.71443509133901, 24.816181765888302], [46.71453150042735, 24.816446218238394], [46.71462570622384, 24.816690354156787], [46.71472377073816, 24.81693444032389], [46.71480894630459, 24.817137024940266], [46.714885943464246, 24.817316282004313], [46.7149692673409, 24.81750518762354], [46.71501013669202, 24.817597570648772], [46.71507913919349, 24.817748722728567], [46.715127584593034, 24.81783178608711], [46.715244380306515, 24.818032618145743], [46.715331050034415, 24.818180663779664], [46.71534538142631, 24.81820524334395], [46.71537368256342, 24.818192949341935], [46.71540198369465, 24.818180655334846], [46.71532968690372, 24.818028106576282], [46.715257433352356, 24.817870710684247], [46.715191105045655, 24.817726064784498], [46.71511153200683, 24.817549741085305], [46.71503474473591, 24.81737742841766], [46.71495057198823, 24.81718456356309], [46.7148691244244, 24.816992098058236], [46.71479624922944, 24.81681453442525], [46.7147217798572, 24.816628868634005], [46.71464734863077, 24.816435321222194], [46.71457067092557, 24.816226381245798], [46.71450628224392, 24.81604313857656], [46.714442272582346, 24.815851410883948], [46.71439220127533, 24.815692454546912], [46.7143354973175, 24.815499569513058], [46.71428799129503, 24.815329826040145], [46.714236541485164, 24.815130546188357], [46.714193748530164, 24.814951538478386], [46.71415941055681, 24.814796324615294], [46.71412311131905, 24.81461905990122], [46.71408642961628, 24.814422474565053], [46.71405334656159, 24.81422278001447]]], [[[46.715779289255366, 24.81906271766362], [46.7156875517849, 24.818905796637175], [46.71566496614422, 24.818916060479193], [46.71564238049963, 24.818926324318006], [46.7156729721482, 24.818983203320027], [46.71573967429075, 24.819106132493573], [46.71583463631948, 24.81928124535512], [46.71591082466943, 24.819421328384824], [46.71594775564219, 24.819499597515495], [46.716026630877224, 24.81966637268955], [46.7160980099927, 24.819815864498043], [46.71616692928771, 24.81996121325302], [46.71623472901747, 24.8201028369498], [46.71630362761039, 24.820247233336275], [46.71638858150035, 24.820425608937665], [46.71643881082676, 24.820527997910588], [46.71648711162305, 24.820618720491122], [46.71655012401711, 24.82072538850579], [46.71658093490808, 24.82077004626132], [46.7165954033346, 24.820791033400727], [46.71665340088776, 24.82087133203566], [46.71671798442033, 24.820955747028947], [46.71674235471657, 24.820986368701504], [46.71675329055571, 24.821000110253845], [46.71681425623175, 24.8210718065293], [46.716877919310754, 24.821141034060123], [46.71694056257803, 24.821199861415586], [46.71702155873986, 24.82127181330045], [46.717116905501086, 24.821352458335923], [46.71720739776408, 24.8214216050829], [46.71730298786826, 24.821487669512912], [46.71739559561988, 24.821547507661514], [46.71750693629315, 24.82161265337483], [46.71759455786937, 24.821656322361147], [46.717702556961555, 24.82170489989193], [46.717815378944856, 24.82175463266772], [46.717955215080686, 24.821807233920946], [46.71806769013709, 24.821845001188297], [46.718205197055994, 24.821888090185876], [46.718332813700464, 24.821931637625053], [46.71835115253382, 24.821937995190105], [46.718360734265744, 24.82194112273498], [46.718370609469964, 24.821942218166175], [46.71837997670778, 24.821940268651247], [46.71838711263356, 24.82193606053204], [46.71839126115059, 24.82193244020738], [46.718394070269234, 24.821928968902196], [46.718395783933076, 24.821922677897877], [46.718397098193215, 24.82191568905466], [46.71839497560844, 24.821907186786003], [46.7183902942551, 24.82189943622115], [46.718383149783435, 24.821893777016427], [46.718260032767404, 24.82182057653814], [46.71811132792905, 24.821732716748922], [46.717979421208014, 24.821657483565104], [46.71786232295612, 24.821586762364042], [46.71774679453092, 24.82151222015542], [46.7176336875795, 24.821434995603767], [46.717513060382856, 24.821347660381775], [46.71740133723521, 24.821261506646156], [46.717300222682795, 24.821179479851487], [46.71718563353031, 24.821079881773592], [46.717091383592205, 24.820993536116294], [46.71698545742175, 24.820891042194322], [46.71697791543152, 24.82088330547158], [46.71689060072111, 24.820793744370427], [46.716802933189285, 24.82069802790753], [46.71679297902454, 24.820686604480567], [46.716716224705806, 24.82059853090579], [46.71662099583644, 24.820481809277183], [46.71652715719309, 24.820358494233055], [46.71646607007503, 24.82027349817371], [46.71635596370466, 24.820108503837364], [46.716276613517074, 24.819979819960803], [46.716210145061, 24.819863156101842], [46.71613843975501, 24.819727981247887], [46.71600370211088, 24.81944655210178], [46.71599822128987, 24.819437121361073], [46.71592340913396, 24.819309334081115], [46.715779289255366, 24.81906271766362]]], [[[46.71795062241231, 24.821986611254427], [46.718022523400535, 24.821979051425167], [46.71809467794614, 24.82198198265984], [46.71814283810267, 24.82198853112656], [46.7182290633934, 24.822006038067734], [46.718236224490575, 24.821988884373255], [46.71822390630626, 24.82198460100208], [46.718130231682046, 24.82195568528129], [46.718023548946086, 24.821921664306124], [46.71791857999269, 24.82188486891441], [46.71781076771043, 24.821844974074217], [46.71771412125279, 24.821804852449436], [46.71763421482927, 24.82177000257832], [46.71753339378162, 24.82172335592723], [46.71742743137513, 24.821667442561132], [46.71733784740832, 24.821613535843863], [46.71724846274927, 24.82155607038924], [46.71714301203084, 24.82148186066366], [46.71704948209321, 24.82141130688881], [46.716976728446, 24.821351196258014], [46.71692319932958, 24.821305149062002], [46.71688781571488, 24.821274622301253], [46.716843017269525, 24.82123491224879], [46.71681775447556, 24.821211745883126], [46.71678320019717, 24.82117750781852], [46.716757023451024, 24.821151191903603], [46.71673235785803, 24.821122546389894], [46.71669804280657, 24.82108039825061], [46.716657049378114, 24.821023692221], [46.71662740763483, 24.82098268940916], [46.716623390776064, 24.820978997663335], [46.71661643196122, 24.820977180642117], [46.716610018851675, 24.82097914036595], [46.71660455765827, 24.820984131820165], [46.71660364358133, 24.820991093485688], [46.71660513958518, 24.820997784607638], [46.71662432198614, 24.821038010973165], [46.71663311248053, 24.821056444988034], [46.716692017372125, 24.821175998848318], [46.716740908260086, 24.821279352871255], [46.71678357584807, 24.82136879383795], [46.71686787200649, 24.821544842723764], [46.71695087590922, 24.821719634250236], [46.71702539735392, 24.821875220758322], [46.71711224759104, 24.822058518137915], [46.71717577672913, 24.82219144245642], [46.717270932718904, 24.822391906215742], [46.71730548978425, 24.822463970594693], [46.717345248700006, 24.82254537314195], [46.717348400365445, 24.82254873171431], [46.717352094796226, 24.822551921535652], [46.71735617598691, 24.822553816718155], [46.717361189236506, 24.822555149542215], [46.717366390162645, 24.822554955269098], [46.717371425976104, 24.822554337642575], [46.71737595005282, 24.82255240861273], [46.71738009333852, 24.82254940954637], [46.71738321763506, 24.82254569086412], [46.717386070379526, 24.822541578040198], [46.71738832815118, 24.822537435033603], [46.717389628908116, 24.822532762204045], [46.7173919163384, 24.822519149595873], [46.71739569344125, 24.822486444117274], [46.7174002153367, 24.822464057969167], [46.71740454316342, 24.822444887351207], [46.71742867230245, 24.822371199009268], [46.71746652423152, 24.822293391237793], [46.71751216645224, 24.822226111666385], [46.71756204721159, 24.82217005928299], [46.717622324170236, 24.82211622676752], [46.71768627769241, 24.822074405250873], [46.717740668823765, 24.82204513236695], [46.71777751466735, 24.822029880332746], [46.717783992545826, 24.822026159224315], [46.71778571260875, 24.822024632576824], [46.717790226268434, 24.822022523984725], [46.717903476414925, 24.821995705867103], [46.71795062241231, 24.821986611254427]]], [[[46.71531476151765, 24.82338443997875], [46.71536002564055, 24.82327136111005], [46.715361254734304, 24.82327153390032], [46.71545360851462, 24.823148819193662], [46.715549966700905, 24.82306351210308], [46.715645248506426, 24.822987832838155], [46.71574806818264, 24.82291428264037], [46.71586057231553, 24.822842348406045], [46.71597857049708, 24.8227702499081], [46.716095459306786, 24.82269942536133], [46.716094602595604, 24.82269877971449], [46.7161798327663, 24.82265784586466], [46.71627849183401, 24.822616659388267], [46.71640036876038, 24.822590511676722], [46.716530665888534, 24.822584997001407], [46.71659792690388, 24.822591450334645], [46.71660969215561, 24.822595020603984], [46.716659204592105, 24.822605210623387], [46.71671001746213, 24.82261787760413], [46.71674852858363, 24.822630683126018], [46.71678325687288, 24.822643931145578], [46.71684868741434, 24.822675831004226], [46.71686116285303, 24.822684342610547], [46.71687067503416, 24.822687948664942], [46.7168746914605, 24.82268930830186], [46.716880976838354, 24.822688769336345], [46.716888353831166, 24.822686396752555], [46.716892147017234, 24.822683762866326], [46.71689778158623, 24.82267713522073], [46.716901635688586, 24.82266923331242], [46.71690161066507, 24.822665337731525], [46.7169010484731, 24.822661442902543], [46.71689621759173, 24.822650520430855], [46.71683614223403, 24.82252571734407], [46.7167163178949, 24.82227672308403], [46.71656302778223, 24.821960190310367], [46.71649384248387, 24.82181734222319], [46.71639551521535, 24.821613044605343], [46.71637431801449, 24.821571768739457], [46.71637017032983, 24.821566911985865], [46.716365567119695, 24.821564749198654], [46.71636084741846, 24.82156303466766], [46.71635645400813, 24.821563245816524], [46.7163483625973, 24.82156395175619], [46.71634394177899, 24.821566337322228], [46.716336281355744, 24.821570105351316], [46.7163333211925, 24.8215741056282], [46.71633059637046, 24.821579318461755], [46.71632982470111, 24.821583765813177], [46.71633012915193, 24.821589777215557], [46.71633366605538, 24.821623602235434], [46.71633658566644, 24.821657715133288], [46.71634002130593, 24.821714410023894], [46.716340988214704, 24.821759154021787], [46.71634093434316, 24.82177125124722], [46.716338134996036, 24.821845272401237], [46.71632633545945, 24.821954766680122], [46.71630703232148, 24.822058523612014], [46.71627529298044, 24.82217139690267], [46.7162347481028, 24.82228104511413], [46.716185213927865, 24.822385621278936], [46.71612970215465, 24.822481920852226], [46.716130918463215, 24.82248245854136], [46.71607517767212, 24.822562863953387], [46.716004836270784, 24.82265348042923], [46.71594552793645, 24.82272110423611], [46.71585538573867, 24.82280977111176], [46.71574105238131, 24.822899434259234], [46.71561852672036, 24.822983935753548], [46.715500207471884, 24.82305042454437], [46.71535785892842, 24.82311537240062], [46.7152361502881, 24.823161189924665], [46.71512195466159, 24.823196412690887], [46.71500803900296, 24.82322474509208], [46.71487409938111, 24.823250578643925], [46.71472258393287, 24.823267926290423], [46.71457336369957, 24.823271488670624], [46.71442373974539, 24.823269369275344], [46.71434956802092, 24.82326627524266], [46.71425400466801, 24.82325705042497], [46.7141642391666, 24.82324492496523], [46.714159465513355, 24.8232452586877], [46.714156373528986, 24.823245943302943], [46.714153625542544, 24.823248620212983], [46.71415267058838, 24.823251114047384], [46.71415296980917, 24.82325495592753], [46.7141545388741, 24.823257547222102], [46.71415786164721, 24.823259685934676], [46.71416759233831, 24.823264650277718], [46.71433625652199, 24.823350943473912], [46.71444293764611, 24.823405009831916], [46.71459912661662, 24.823483782248292], [46.71481418547744, 24.82359331162363], [46.71503307850665, 24.823703294164385], [46.715269092133035, 24.82382294103622], [46.715381582700495, 24.823880205697247], [46.71538616381667, 24.823881621191177], [46.71539004141303, 24.823881518913044], [46.71539442071741, 24.82388042133593], [46.71539730124835, 24.823878246682476], [46.71539918801851, 24.82387589112167], [46.7154002901597, 24.8238720187197], [46.7153992925714, 24.823867897746116], [46.7153971044447, 24.823864033304933], [46.71533469237651, 24.823734072146216], [46.71530162236645, 24.823615719208977], [46.71529478647885, 24.82349816674815], [46.71531476151765, 24.82338443997875]]], [[[46.714091646488576, 24.809431304122313], [46.714027039032935, 24.809403875086005], [46.713993741193846, 24.80951150305654], [46.713913744705266, 24.809792968232873], [46.713843279134345, 24.810066127005438], [46.71378900144149, 24.81030312634556], [46.71372805964306, 24.8106022751559], [46.7136791961976, 24.810875507735627], [46.713628932150655, 24.81121463596278], [46.713605877487865, 24.811403088653964], [46.71357929350168, 24.811671166938012], [46.71356059566898, 24.81191704901626], [46.71354581613416, 24.81220968728336], [46.713539119714945, 24.812532487141247], [46.713541749582284, 24.812861404495848], [46.713551789193964, 24.813135488794035], [46.71356861548006, 24.813416378780243], [46.71359822000305, 24.813741962375282], [46.71363977307621, 24.814080895161474], [46.713685628648, 24.81438309235971], [46.71373836332651, 24.814671327280188], [46.71380617969663, 24.814996070132278], [46.71389800199548, 24.81536503291796], [46.71399037356739, 24.81569673065736], [46.71410007883484, 24.81604366051713], [46.71421247013757, 24.816367129138012], [46.71431230868364, 24.816635828234098], [46.71443803821529, 24.816955069949852], [46.714574549604286, 24.817281315120837], [46.714675293264676, 24.81751259950222], [46.71487941038939, 24.817965841908073], [46.71512494807734, 24.818490504137095], [46.71529219309213, 24.818844320666418], [46.71555006088614, 24.819385810824294], [46.715789932449724, 24.819890750316496], [46.71598564061007, 24.820300644901973], [46.71618386676685, 24.820717354884692], [46.71638254433826, 24.821133554641893], [46.716386569783396, 24.821142032391865], [46.71660969965626, 24.82161198669678], [46.71682328755693, 24.822061546954405], [46.716965084695445, 24.822360835756026], [46.71709319577802, 24.822629269024915], [46.717272599696415, 24.823005515585816], [46.71746028566925, 24.823400883321682], [46.71758952563141, 24.82367174171183], [46.71770723680453, 24.82392107177032], [46.717771918320885, 24.824068490648997], [46.71784647646851, 24.82423587031486], [46.71786714059563, 24.824273572181045], [46.71786854109294, 24.824277061012495], [46.717953845899395, 24.82424007260861], [46.717935256432554, 24.82419836527482], [46.717862524764776, 24.824055533454683], [46.71777461509346, 24.823891941244955], [46.717651702456344, 24.82364370930343], [46.71752537598038, 24.823377236124422], [46.7173349947146, 24.82297696708085], [46.717155953963434, 24.822601240090886], [46.71702932513265, 24.82233498923783], [46.7168867784851, 24.82203544818069], [46.716673823131735, 24.821587077958025], [46.716448801293716, 24.821114805247102], [46.71644847326891, 24.82111411741728], [46.716245655538074, 24.82068643928459], [46.71605047938937, 24.820277860811867], [46.71585514996027, 24.819868398055988], [46.71561552001357, 24.81936334756001], [46.715354459409255, 24.818813218503117], [46.715187695271865, 24.81846243558295], [46.71494459755139, 24.817942780770068], [46.714738837113714, 24.81748630517746], [46.714637792273216, 24.81725449160421], [46.71450436325586, 24.81693371142178], [46.71437882583291, 24.81661643491362], [46.71427526149787, 24.81633808810162], [46.71416644526228, 24.816025195372134], [46.71405807897766, 24.815682343822033], [46.71396536275848, 24.815352714037964], [46.713874558741516, 24.814980484790453], [46.71380609345733, 24.81466050030562], [46.71375579168393, 24.814377915670732], [46.71370889617437, 24.814075710555837], [46.7136682364675, 24.813735792460925], [46.71363832575941, 24.813409105479334], [46.7136215973559, 24.81313268177855], [46.713611503043055, 24.81285937819663], [46.713608459202696, 24.812533387277103], [46.71361542349316, 24.81221713015092], [46.71363017724912, 24.811924930973596], [46.713648850467, 24.81167928301767], [46.71367586048168, 24.811409395011577], [46.713704993714934, 24.811174565431298], [46.713749059019776, 24.810884821098423], [46.713796230011845, 24.810612249837035], [46.71385640910202, 24.810318286795372], [46.713911804636545, 24.81007820938653], [46.713981184109265, 24.809811821910262], [46.7140580233869, 24.809539732162833], [46.714091646488576, 24.809431304122313]]], [[[46.717709914916206, 24.82434381609878], [46.71769167532721, 24.82430631116443], [46.71768752959344, 24.82430791714696], [46.7176677908715, 24.82426730190696], [46.71764547481692, 24.82423104371373], [46.71761746638121, 24.824183166932702], [46.71757519625753, 24.824110182787212], [46.71752821717969, 24.824029382446174], [46.717509901574, 24.82399611279888], [46.717477286340895, 24.823936991350667], [46.71745128138665, 24.82389119699721], [46.717424907671464, 24.823842765088553], [46.71741155965123, 24.823818124830744], [46.71738729306794, 24.82376724812235], [46.71737580849067, 24.82374286634146], [46.71736390064307, 24.823717060184897], [46.717305434174946, 24.823592211776074], [46.71723405306237, 24.823440848245433], [46.71714000285707, 24.823239209829513], [46.71710410414379, 24.82316405858601], [46.717068063812405, 24.82308788871908], [46.71702905475953, 24.823014880466893], [46.716979821548044, 24.82293233166743], [46.71695855616255, 24.822900563874164], [46.71693745112148, 24.82287116877418], [46.7169170754289, 24.822848032992344], [46.71682669251864, 24.822770382570308], [46.71682578817242, 24.822770228634184], [46.716808573538906, 24.822758521131018], [46.71679113957021, 24.82274776686283], [46.716736085174546, 24.82271978544533], [46.71666301181929, 24.822692289000848], [46.71658242657317, 24.822676107723748], [46.716494985713325, 24.82267055330618], [46.716412262881256, 24.82267541611393], [46.71631867763067, 24.82269570175428], [46.71624188747077, 24.822723388538925], [46.71624013012761, 24.822723935084646], [46.716185355033204, 24.822751596626656], [46.716058733885205, 24.82282308190333], [46.71599440561027, 24.82286268871698], [46.71599249240417, 24.822863841969607], [46.71586329018627, 24.822944100076484], [46.715861350973896, 24.822945376415852], [46.71576000160067, 24.82301255002219], [46.71562754149262, 24.823113424367893], [46.715626321595124, 24.823114565145243], [46.71556748939503, 24.823164576548468], [46.71550783212028, 24.823220622227847], [46.71546297558607, 24.82327610078467], [46.71542682925758, 24.823336863175328], [46.715401897728704, 24.82341365999205], [46.715388258593464, 24.82348943068243], [46.71538855757687, 24.823568796459135], [46.71539857595984, 24.82363420524637], [46.71542886554972, 24.823727021781608], [46.715469076303954, 24.82380228378416], [46.71551865174911, 24.82386261233416], [46.71557436658626, 24.823915459680055], [46.7156264029577, 24.823958590133476], [46.71568884061186, 24.823997329731558], [46.715689396730674, 24.823998703832043], [46.7157729593233, 24.824044807593943], [46.71613195730812, 24.824223757399423], [46.71649693512402, 24.8244052568464], [46.716862197434025, 24.824586435178656], [46.71722095001402, 24.824770395946146], [46.71757905222527, 24.82495016494875], [46.71789515206813, 24.82510944758749], [46.717955098576866, 24.825139198788868], [46.7181829394847, 24.82525350037511], [46.71807015657531, 24.8250452487475], [46.71791816031235, 24.824755329307795], [46.71777161289071, 24.824466417859693], [46.717709914916206, 24.82434381609878]]], [[[46.71671082054778, 24.824874952842276], [46.71646916732401, 24.824743950100114], [46.71646803688244, 24.824744619463978], [46.71622773167835, 24.824611040300116], [46.71602825305542, 24.824501929241165], [46.715750603228464, 24.824360832724047], [46.71547816941628, 24.824222453925668], [46.715232461683655, 24.82409820659837], [46.71513680697511, 24.824049577805965], [46.71492853894413, 24.823944604556782], [46.7147397110646, 24.82384999503189], [46.71463879178991, 24.823798065818846], [46.71463521592409, 24.82379759310185], [46.714631233311934, 24.823798761947774], [46.7146289007982, 24.823801939706566], [46.71462748561603, 24.823806070302833], [46.71462829410097, 24.8238089610383], [46.71463151883655, 24.82381310251965], [46.71472915337118, 24.823883758758885], [46.714872895045666, 24.823993286229012], [46.714989139028695, 24.824090273993185], [46.71505319418716, 24.824146475708925], [46.71515755233849, 24.8242424033917], [46.71526223263088, 24.82434288857974], [46.715363818942286, 24.82444598506742], [46.715462233012474, 24.824551613403948], [46.71559485387394, 24.82470647606007], [46.71571764253455, 24.824863929797807], [46.71581130716472, 24.824992425109237], [46.71590756611808, 24.82513658238998], [46.71599848077378, 24.82528272585697], [46.716083869932355, 24.825434720965482], [46.716144001689834, 24.825547046023942], [46.716208177251794, 24.825668156463063], [46.716275365885394, 24.82580724535677], [46.716325510544394, 24.82592047228725], [46.71637469290278, 24.826042396719867], [46.71639239725727, 24.826089523483184], [46.71641210103232, 24.826084840690513], [46.71639583653679, 24.826027841710214], [46.716365340450565, 24.825915410346667], [46.71633424978318, 24.825785535202378], [46.71632291918071, 24.825667834036892], [46.71633239429021, 24.825574795034527], [46.7163371592412, 24.82554641018899], [46.71636652214999, 24.825457380891006], [46.716409712958125, 24.82536989291178], [46.71650583407466, 24.825252037772668], [46.71658756059788, 24.825186269000085], [46.71666850290895, 24.825139973180047], [46.71667109641607, 24.82513613871877], [46.716707190696134, 24.825112367067284], [46.71674847259785, 24.825094245556752], [46.716788197989395, 24.82508693386986], [46.716811455449324, 24.82508456850492], [46.71685394359061, 24.825076657168545], [46.71692017896817, 24.825069328088357], [46.717031701058005, 24.825063906620215], [46.717035950794546, 24.825063455128536], [46.717038374605465, 24.8250621659842], [46.717040259602065, 24.825058606903497], [46.71703976393321, 24.825056667823414], [46.717037613866765, 24.82505413379726], [46.71697899232727, 24.8250214453232], [46.716979844251426, 24.82502052274054], [46.716895214383044, 24.8249745827429], [46.71671082054778, 24.824874952842276]]], [[[46.71808040020915, 24.822062392574946], [46.718030587594846, 24.822059691231185], [46.71799866025629, 24.822062094095713], [46.71793027421436, 24.82207339021347], [46.71785635163787, 24.82209067091525], [46.717788097914976, 24.822116724601333], [46.71774319887191, 24.82213839645626], [46.71770475134592, 24.822162468928397], [46.71767356412778, 24.822185754641133], [46.71763450876862, 24.822220341636456], [46.71759780379486, 24.82225757410258], [46.71757595497634, 24.82228743461948], [46.71755490652058, 24.822317944127775], [46.71753331686544, 24.822358777805878], [46.71751089122049, 24.822414527406284], [46.717495692959986, 24.822467819434586], [46.717487934875614, 24.822506682150983], [46.717483993852774, 24.822541344219296], [46.71748329326682, 24.82256378126954], [46.717483350326916, 24.822601772319892], [46.717488188053125, 24.822634848319154], [46.71748801741627, 24.822636893465642], [46.71749164628936, 24.822663445698467], [46.71749779851447, 24.822690980151606], [46.717511662530974, 24.82274443216324], [46.71752769039308, 24.822798119338312], [46.71754757029885, 24.8228505704717], [46.71759306727987, 24.82295355593622], [46.71772757181731, 24.823258897396812], [46.717862705150075, 24.823563585922056], [46.71787389509305, 24.82359084306501], [46.71789496294816, 24.82364275772497], [46.71798448596424, 24.823875889019373], [46.718046243490264, 24.824030051469187], [46.71809310176536, 24.824133905894325], [46.7181126173701, 24.824172897576762], [46.71811375326176, 24.824173556253957], [46.71811424091343, 24.824176777491704], [46.71811325005778, 24.824178456472893], [46.71811137090589, 24.824179138065162], [46.718110595952766, 24.824181049310056], [46.71811632787821, 24.824194310634358], [46.71821571472827, 24.824389712276382], [46.718317330136635, 24.824589726238955], [46.71841750578278, 24.824780874272054], [46.71852584786746, 24.82498459825067], [46.718615332589316, 24.825149067456174], [46.718721518527616, 24.82534117088619], [46.71883640693134, 24.82554475611548], [46.718866913692516, 24.825597830587512], [46.71914036108009, 24.82572595635384], [46.719182956967195, 24.825752067592273], [46.71933432823372, 24.825828930970594], [46.719701332095774, 24.826016067937505], [46.72001225049507, 24.82617593814296], [46.720304835707914, 24.826329642621513], [46.72034921751689, 24.826353232017023], [46.72039485451814, 24.826375227841698], [46.72043680127578, 24.82639141465734], [46.72048583104198, 24.82640477703358], [46.72053458739505, 24.826414747768577], [46.720583342021484, 24.82641958210933], [46.720657125455695, 24.826424509339986], [46.720673851213135, 24.826426765379143], [46.72073105090638, 24.826428903111765], [46.7207811209976, 24.826425768908983], [46.720832206024106, 24.82641725998903], [46.720869335468386, 24.826408865668025], [46.720930788911524, 24.826387437436875], [46.72097035855246, 24.82637092623327], [46.72102631140689, 24.82634362947156], [46.72106622926463, 24.82631788695758], [46.72108855569468, 24.826301265475525], [46.72111731769474, 24.82627706798916], [46.72114992377165, 24.82624397093986], [46.72117444622644, 24.826215741309973], [46.72119462264323, 24.82618801224822], [46.72121060499702, 24.82616175800296], [46.72122904463324, 24.82612282723079], [46.72124611721221, 24.826081547595532], [46.72126138980464, 24.826030862778403], [46.72126641606763, 24.82600278359488], [46.72127136784964, 24.825956937795635], [46.72127361440516, 24.825924439497143], [46.721273642177785, 24.825893961175577], [46.721268203037205, 24.825825412413188], [46.72125914145493, 24.825771918194896], [46.721244113131306, 24.825694432239608], [46.7212336521847, 24.82564784208589], [46.72122169471521, 24.825595905243315], [46.72120382756358, 24.82552202731204], [46.72118475217493, 24.825450988352593], [46.72116042630445, 24.825361250119546], [46.721125734410315, 24.825240510386102], [46.721090036866194, 24.82511858231109], [46.721063892011934, 24.82503107611154], [46.72103684511886, 24.824942722568466], [46.72100992318775, 24.82486068673028], [46.72098545372135, 24.824789312570633], [46.720954597293485, 24.824700180352984], [46.720928987583996, 24.824630119432275], [46.720888163562, 24.824528922295876], [46.720851249666374, 24.82444163842454], [46.72082200014555, 24.824374488683144], [46.720791978051075, 24.824309488520168], [46.720755997551535, 24.824235473211132], [46.7207105307864, 24.824144133662685], [46.72067687153248, 24.824081448749507], [46.72063295426938, 24.824003579236695], [46.72057556958332, 24.823905857222254], [46.72052916160226, 24.823830291558902], [46.72046723295, 24.82373519405385], [46.72042355140824, 24.823670212861206], [46.720372597072895, 24.82359996135884], [46.72030638411262, 24.823514175572527], [46.72024291056846, 24.8234340462802], [46.72015587478602, 24.823331606515023], [46.72009354713516, 24.82326151104917], [46.720041070937754, 24.8232066057732], [46.71997387966976, 24.82314106247958], [46.71990353655998, 24.82307508502052], [46.71983646408622, 24.8230124737009], [46.71976677390956, 24.822951571791055], [46.71972346626243, 24.822914618225504], [46.71962264727844, 24.822830561906105], [46.719563803312774, 24.822783023037466], [46.719498962659586, 24.822733856632706], [46.71942155141911, 24.82267832331067], [46.719353050924134, 24.82262982913058], [46.719260944703905, 24.822570256467106], [46.71914509353634, 24.82249804401436], [46.71906092165141, 24.822450090145608], [46.7189786620051, 24.82240528239468], [46.71889263882429, 24.82235944345762], [46.71881363686826, 24.822320576028527], [46.718726067112904, 24.82227878967859], [46.71861605823665, 24.822230162901665], [46.718557698837785, 24.822204999176677], [46.718476664436864, 24.82217231969227], [46.718391843318585, 24.822140585650814], [46.718313506092564, 24.8221127333936], [46.71826296017779, 24.822096895730894], [46.7182204631218, 24.82208594123853], [46.718168564394134, 24.8220753015419], [46.71813106405484, 24.822069070272725], [46.71808040020915, 24.822062392574946]]], [[[46.72184925355492, 24.826587601746052], [46.721759340670545, 24.826451504054067], [46.72167849902782, 24.826318345373537], [46.7215917527733, 24.826168615753758], [46.72152242365565, 24.826033854514275], [46.72146641540126, 24.8259189644628], [46.721421588517956, 24.82581889705971], [46.72139417307039, 24.82575214708254], [46.72135107566219, 24.825762277839242], [46.72135724723769, 24.82581210177931], [46.72136348206839, 24.825896123696218], [46.72135973507528, 24.825982310060258], [46.72134294225794, 24.826069294005972], [46.72133133717064, 24.826106034288287], [46.72130648234353, 24.826162741410318], [46.72128503179898, 24.82620500141488], [46.72125850936619, 24.826248284981414], [46.72123843188051, 24.826275226517165], [46.721217999006285, 24.82629800181101], [46.7211950540493, 24.8263207608845], [46.721175505218305, 24.82633864239895], [46.72115708925943, 24.826354027989144], [46.72113064826016, 24.82637300819039], [46.72109620569656, 24.826397639454036], [46.72107392378615, 24.826412401426825], [46.721044023980525, 24.82643079755793], [46.721009010371176, 24.826449189359693], [46.72096393357869, 24.826470091408606], [46.72091617200868, 24.826488218250088], [46.72090818531688, 24.826490078910147], [46.72085214546819, 24.82650156927721], [46.7208147478267, 24.826509099932423], [46.720785499963135, 24.826513685513017], [46.72075890540802, 24.826515550007123], [46.720732189206494, 24.826516486849044], [46.72070327997082, 24.82651687019453], [46.72068509682562, 24.826516752667633], [46.72066777290506, 24.82651581266967], [46.720659166146646, 24.82651539981784], [46.720657525633364, 24.826527551398485], [46.72070547997413, 24.82655400407418], [46.720766380363195, 24.82658689319807], [46.720832560224665, 24.826622393996974], [46.72092768621261, 24.826676063921433], [46.72099727936732, 24.826714504799536], [46.72107789213666, 24.826758716276867], [46.721215910949944, 24.826833427264077], [46.721414583078584, 24.826938791603567], [46.72163199856006, 24.827053348534346], [46.72176573437222, 24.827120768928456], [46.72194824452079, 24.827213154013577], [46.72219404133435, 24.82733707266692], [46.722406169182506, 24.82744468400364], [46.72248525696524, 24.827484360910237], [46.72268122466003, 24.82758352486884], [46.722835141872075, 24.827661182175607], [46.72284845388136, 24.82764622357829], [46.72279304064135, 24.82759828276268], [46.72266622073042, 24.827489798121288], [46.72253767568149, 24.827381099399783], [46.722482542983215, 24.82733103710511], [46.72237858221752, 24.827233243226072], [46.722261320834114, 24.82711052997677], [46.722145822361206, 24.826974923274484], [46.72204460331036, 24.826849075347937], [46.721948297532194, 24.826723667318255], [46.72184925355492, 24.826587601746052]]], [[[46.72207499274769, 24.82950631489188], [46.722131652354285, 24.829495698974622], [46.722171943018424, 24.829482405951822], [46.72222276476831, 24.829458862344143], [46.7222587982342, 24.829441559075725], [46.72228159227209, 24.829429105053556], [46.722323167992876, 24.829404296503153], [46.72235909631997, 24.829379110615402], [46.72238379822815, 24.8293603262832], [46.72243435128747, 24.829316155262887], [46.72245223232874, 24.829301417609344], [46.722506332476456, 24.829254128729822], [46.722559036992266, 24.829205149503572], [46.72262658507815, 24.829138848385938], [46.72268142964059, 24.829080734559412], [46.722720858950936, 24.829037670359323], [46.722753283653724, 24.828998385014277], [46.72279914757997, 24.828946247786934], [46.72284164658418, 24.828893096593053], [46.72288589151633, 24.828835213217253], [46.72293015080196, 24.828772508371436], [46.72295571054361, 24.82873337344498], [46.72298204403915, 24.828687813845143], [46.72301277760621, 24.828628642505237], [46.72303224362241, 24.828589262712846], [46.72304933966707, 24.828542768585848], [46.72306114255109, 24.82849446835305], [46.72306613251298, 24.828458001944096], [46.723067798262704, 24.828405661783812], [46.72306477405463, 24.828360714164926], [46.7230550240529, 24.828310807000975], [46.72304247081177, 24.82826458062299], [46.723026916477295, 24.828221964179], [46.72300879121299, 24.828181228239483], [46.72298948857188, 24.828146275168933], [46.7229668455653, 24.828113792914937], [46.72294335529078, 24.828081923536228], [46.72291718784475, 24.828054480153437], [46.72289253725157, 24.828031770151444], [46.72285602260815, 24.828005833724685], [46.72282423186516, 24.827986322695246], [46.72272875159737, 24.827934133428084], [46.722619462224884, 24.827877921174665], [46.72243284567528, 24.82778251456168], [46.72234042684521, 24.827735200431334], [46.722217426114454, 24.827668707845156], [46.721939696402835, 24.827518966845105], [46.721859255712474, 24.827476024218992], [46.72180617325904, 24.827448720925883], [46.721529654421275, 24.827308064236654], [46.721176379881435, 24.827127879528536], [46.72100604402478, 24.82704101516512], [46.72091888532032, 24.826997985931992], [46.72069264259817, 24.826888917840126], [46.720456076995205, 24.826777286692415], [46.720212642639595, 24.826666057421992], [46.720053465449176, 24.82659064725413], [46.71973126941789, 24.82643375818341], [46.7196032537473, 24.826369286551724], [46.71920103032749, 24.826163358639718], [46.7192804224531, 24.826293475642892], [46.71940559385769, 24.826494426679275], [46.71952890635547, 24.826689689253662], [46.719656644211554, 24.826886796810673], [46.71978389439476, 24.82707986772083], [46.719917508104935, 24.827278942464556], [46.72005054038997, 24.82747363854174], [46.72011185712002, 24.827562271417587], [46.72011575622803, 24.827563145664257], [46.72011898497884, 24.827563690856532], [46.72014528853674, 24.82760218155234], [46.72017385714096, 24.827641566195446], [46.72029121962416, 24.827790743847512], [46.720449329049714, 24.827991929601655], [46.72064213386166, 24.828236872170123], [46.72083646085935, 24.828481587460807], [46.72104952010734, 24.828744590073317], [46.72125040713389, 24.82899210573277], [46.72142702206457, 24.829209023571543], [46.72148096514953, 24.82927318461019], [46.72152053454798, 24.829315830701283], [46.72156131918729, 24.829355208860886], [46.721593265904936, 24.829382694255006], [46.72163041138343, 24.829410165806], [46.72166692888428, 24.829433076087952], [46.72170592617482, 24.82945459266513], [46.72174546264599, 24.829473103705965], [46.72178948087059, 24.829488543930495], [46.72183091992802, 24.82949940744065], [46.721876376597166, 24.829508835147756], [46.72187815893704, 24.829508231364755], [46.72189200268079, 24.829509591402143], [46.7219391112769, 24.829513063728083], [46.72200269201971, 24.82951179853829], [46.72207499274769, 24.82950631489188]]], [[[46.71708038264864, 24.82515990084083], [46.716977895051016, 24.82515164128034], [46.71689767113974, 24.825158195682278], [46.71681206751042, 24.825175734700462], [46.71673533518282, 24.82520477362005], [46.716658016731, 24.825244473053], [46.71660471106589, 24.825282345576664], [46.71655032967209, 24.825334186940307], [46.71651689024843, 24.82537372100694], [46.71648008178736, 24.825430229715945], [46.71644567104925, 24.825504440468357], [46.71642629409239, 24.82557702768589], [46.716418108142136, 24.825658515064827], [46.71642170515165, 24.825740889191795], [46.7164361216477, 24.825819420177865], [46.716460190102985, 24.82591375786093], [46.716483163411404, 24.826000272137946], [46.71651121272923, 24.82610643588209], [46.71653987764712, 24.82620479268846], [46.71657735817702, 24.82633162305913], [46.71662859385412, 24.82649136472539], [46.716680223746124, 24.82664295076402], [46.7167388403453, 24.82680716708239], [46.7167939387048, 24.8269527010455], [46.71685427818682, 24.827097416374983], [46.71691555318995, 24.82723671366251], [46.7169846922391, 24.827375280453285], [46.71706146786588, 24.827515989558627], [46.717140768031236, 24.827648852601815], [46.71722957759179, 24.82778550762822], [46.71732326733702, 24.8279188390515], [46.71742465666111, 24.82805163050567], [46.71753009111692, 24.828180016363834], [46.71763858170195, 24.828304665268668], [46.717756637233265, 24.82842859201876], [46.71789035444089, 24.828556276058617], [46.718023023297654, 24.828674501860327], [46.71816389015458, 24.828792453625333], [46.71830522372653, 24.828899043640153], [46.71844262174369, 24.828997732640183], [46.71858228749882, 24.82908789224527], [46.718731868359185, 24.829178254602393], [46.71887381861062, 24.829256715406846], [46.71903645691051, 24.829340545828774], [46.71918860271915, 24.82941220966128], [46.71935248114103, 24.82948107581957], [46.71951068387444, 24.829542847366977], [46.71966404336766, 24.829593976418735], [46.719766897184236, 24.8296260364906], [46.719882366840345, 24.829655361002434], [46.7200062286995, 24.829665469786704], [46.72010533788875, 24.82965656730976], [46.72021247059158, 24.829627478271078], [46.72027363911214, 24.82960106068467], [46.72030086855444, 24.829586242767423], [46.7203675215042, 24.829541256006156], [46.72041314690772, 24.82950090639731], [46.72048573432861, 24.829412509268312], [46.72053569484816, 24.82931303168901], [46.72056017825427, 24.829206052941277], [46.72056386231613, 24.829129735636933], [46.72055880644045, 24.829081963685802], [46.720544391693544, 24.829014591738105], [46.7205260614607, 24.828962556675386], [46.72049035708323, 24.8288958776023], [46.72047737661245, 24.828873293788753], [46.720433607533124, 24.828804269793693], [46.72036406471619, 24.82870740917359], [46.72025382396421, 24.828557630525115], [46.72011264374934, 24.828363345389253], [46.72001345746003, 24.828226178739133], [46.71995109197143, 24.828132548814864], [46.719905114677154, 24.82805746473561], [46.71986177483324, 24.827983588120023], [46.719807571884246, 24.827884258315652], [46.719764946387, 24.827813313174392], [46.719748495151954, 24.827786253989302], [46.719643208770506, 24.827633054633583], [46.719541678298064, 24.827484954701504], [46.71944659333771, 24.827344581297947], [46.719356732133605, 24.82720993510141], [46.71924975610681, 24.827045566546456], [46.71915783904936, 24.826902429834142], [46.719038037658265, 24.826714454218497], [46.718924742381915, 24.82653278692859], [46.718831482877334, 24.82637963638343], [46.71870586573847, 24.82617140472264], [46.71859881476851, 24.8259898648696], [46.71850512811874, 24.825828069535486], [46.718237126955586, 24.8257007855618], [46.718164609140665, 24.825666095851652], [46.71796582227736, 24.825569431009004], [46.717782047109345, 24.825477407463534], [46.71758771557612, 24.82537951806935], [46.7173839403957, 24.825274522101527], [46.71732486634426, 24.825245691500097], [46.71716652796813, 24.825181426974144], [46.71708038264864, 24.82515990084083]]], [[[46.72270032296164, 24.829599109146816], [46.722723824079104, 24.8295541086002], [46.722745533720534, 24.829514842923807], [46.72277261309644, 24.82947033381717], [46.72280106953922, 24.829426034549638], [46.72283057477389, 24.829384603323877], [46.722862826550966, 24.82934218430165], [46.7228941190747, 24.82930344105442], [46.722929541959, 24.829264335090738], [46.722970733331714, 24.829220992296275], [46.72301638759941, 24.82917779667476], [46.72306829310653, 24.82913157751467], [46.7231009667886, 24.829104139314392], [46.723110976523856, 24.82909647056179], [46.72348222127305, 24.828883682061303], [46.72348449348216, 24.828882661808297], [46.72352736332596, 24.82886575071349], [46.723577445278664, 24.82884754841044], [46.723630121903945, 24.828830895278735], [46.72367746105978, 24.828817526000773], [46.723729674668604, 24.828805446664134], [46.72378669347763, 24.82879458583328], [46.72383672239293, 24.828786918669326], [46.72389884810315, 24.828778345440547], [46.723966833333556, 24.828770825959786], [46.724027791630895, 24.82876518239191], [46.724076518337164, 24.828762070669118], [46.72412171885212, 24.82875865651683], [46.72416672476663, 24.82875619260233], [46.724203759961775, 24.828754677437946], [46.72428922180606, 24.828758458689393], [46.72432929816385, 24.828761513014143], [46.72435364286128, 24.828762896141253], [46.72438241865074, 24.82876577204071], [46.724396086784324, 24.82876745800228], [46.724398224840606, 24.828763895917344], [46.72440286744414, 24.828756160795095], [46.724405922210394, 24.828751070420836], [46.724361407465295, 24.82872892661658], [46.724341354492516, 24.828718974560637], [46.72425713009722, 24.828677178444643], [46.72423610888094, 24.828666747288384], [46.72418234460097, 24.828640717664932], [46.72415480394621, 24.828627443645438], [46.72413366848155, 24.82861626260945], [46.72412105937963, 24.828608893521736], [46.724109491618385, 24.828602851367787], [46.72396839619206, 24.828531273730444], [46.72384940244871, 24.828471415734615], [46.723739007455336, 24.82841609016629], [46.72360974550193, 24.82835042669575], [46.72352849195946, 24.828309447288213], [46.723411528003474, 24.82825039525043], [46.72330945405239, 24.82819874827804], [46.72320708104724, 24.828146932232627], [46.72311674597237, 24.82810153393778], [46.72306008816014, 24.828073057077514], [46.72304336327169, 24.82806387724442], [46.723041272293436, 24.828066482635883], [46.72305266933923, 24.828084643278203], [46.72306892961107, 24.828109717064017], [46.72308463583368, 24.82813907680925], [46.72310001328563, 24.82817191546533], [46.723110684887985, 24.828198489224405], [46.72312393023852, 24.828232390749378], [46.723132228605024, 24.82825825964254], [46.72313991926496, 24.828282393916506], [46.723145992079466, 24.828306148677854], [46.723151428541726, 24.828331102555055], [46.72315419614645, 24.828359797066643], [46.723156217370814, 24.828388960643114], [46.72315723571338, 24.828425006574385], [46.72315591324697, 24.828455544033325], [46.72315184037887, 24.828486790347608], [46.7231432439943, 24.828527161688346], [46.72312328880549, 24.828599169406903], [46.72311157286006, 24.828632164197277], [46.7230954345373, 24.82866579592681], [46.723075457548944, 24.828701566550595], [46.72305224071036, 24.828741283017592], [46.72302668482611, 24.828783553560775], [46.722996942884855, 24.828829383591888], [46.722960033740485, 24.82888203972532], [46.722928138313755, 24.828925105621597], [46.722886726210106, 24.828979085779448], [46.72285572478478, 24.82901669708815], [46.72282361386765, 24.829053490544712], [46.72277490367365, 24.82910834841193], [46.72272293553202, 24.829163632046356], [46.72268490116967, 24.82920348132398], [46.7226203978684, 24.82926589485632], [46.72256957052121, 24.829313545123217], [46.72252167001851, 24.829356008097008], [46.72249186717182, 24.829382230342095], [46.72246443953759, 24.829406367582816], [46.722428896051554, 24.8294330532317], [46.7223906864896, 24.82946082504332], [46.722297641302475, 24.829518779461278], [46.72226918949568, 24.82953167968834], [46.72222704869029, 24.829549042497767], [46.722189642464464, 24.829561087948733], [46.72214722433432, 24.829574139144956], [46.722106951949996, 24.82958346386449], [46.722073186922124, 24.829590537696845], [46.72204792387271, 24.829592866526866], [46.722020757435665, 24.82959555946734], [46.72200222846929, 24.829597008059082], [46.7219747380543, 24.829597736480252], [46.72196032025132, 24.829597432192585], [46.721926499143926, 24.829596733881857], [46.72189546235553, 24.82959427179402], [46.72187020939953, 24.82959082214791], [46.72184030815143, 24.82958534042957], [46.72181087726001, 24.829578029501334], [46.72178174047842, 24.829567591269377], [46.72178105765205, 24.82956907983233], [46.72175313994509, 24.82955879999846], [46.72172439020879, 24.82954851981193], [46.7216971654704, 24.82953762706581], [46.72167427541735, 24.829527551133754], [46.721652100579874, 24.82951775587622], [46.721648812792274, 24.829516737396027], [46.72164380612407, 24.829518121373308], [46.72164176266273, 24.82952130493556], [46.721644395039235, 24.829526438094266], [46.72168427258475, 24.829573542539848], [46.721744840313875, 24.829644052842838], [46.7218097796951, 24.82972105129886], [46.72185198948313, 24.829770105195635], [46.721857028678166, 24.82977622183081], [46.72194051054746, 24.82987369122399], [46.7220459828168, 24.829997856790513], [46.722145205853685, 24.830113598327046], [46.7222478326939, 24.830234437861957], [46.722321957788765, 24.830319734976324], [46.7224051198261, 24.830417631200916], [46.72248384701269, 24.830509538323636], [46.7225624215777, 24.830601203384635], [46.72262792981194, 24.830677697399004], [46.72264487106383, 24.830697768721656], [46.72260246859998, 24.830512090546673], [46.72259964636313, 24.830502250259052], [46.72259149703675, 24.830452554859004], [46.7225812721664, 24.830395787772762], [46.72257411158415, 24.830344618335797], [46.722568725185944, 24.830293041121788], [46.72256557720396, 24.830241573538903], [46.72256291214473, 24.830183537473044], [46.72256324349354, 24.830147070597732], [46.72256439890572, 24.83010938438751], [46.72256650180603, 24.83007153377052], [46.72257034588197, 24.830027173301463], [46.722577085178884, 24.829984773890903], [46.722585602804685, 24.82993640501515], [46.72259287053365, 24.829900807106675], [46.72260184535701, 24.829862742762508], [46.722613775998866, 24.829823083299996], [46.72262826743428, 24.829776017925568], [46.72264409918673, 24.829732296658506], [46.722663163116046, 24.82968185784842], [46.72267976373427, 24.82964293907776], [46.72270032296164, 24.829599109146816]]], [[[46.720662781888805, 24.82904158786759], [46.72065895091698, 24.82904027857532], [46.72065686884747, 24.829041099773093], [46.72065529535546, 24.829046219974074], [46.72065620110435, 24.829059355254213], [46.72065634194132, 24.829082785674938], [46.720655254882374, 24.829084805256734], [46.72065512321254, 24.829117007434306], [46.72065513404174, 24.829149570019975], [46.72065502146575, 24.82918415553969], [46.72065207453503, 24.82921874660205], [46.720645223892454, 24.829265232699314], [46.72060829339238, 24.82937733765329], [46.72054680241897, 24.829486205054426], [46.720527692054965, 24.829510941419283], [46.72044940763389, 24.82959029063078], [46.72037229738718, 24.829647730019694], [46.7202681274121, 24.82969984513602], [46.720163275370616, 24.829731532596227], [46.720077947089926, 24.829746200215826], [46.71993604965793, 24.829748270117744], [46.719931468771264, 24.82976779852407], [46.72014151959566, 24.829830811870902], [46.720253711082165, 24.82986473417896], [46.720395060343385, 24.829910396598514], [46.72057819928062, 24.829974311352586], [46.72072754144494, 24.83003091082581], [46.72090600637855, 24.830105938156894], [46.72103655408042, 24.83016666581374], [46.72124678699766, 24.830270595063325], [46.72131076222098, 24.83030612635144], [46.72144068689837, 24.83038129489961], [46.72151141564142, 24.830423205596254], [46.721775787798876, 24.830600427947683], [46.72183252124789, 24.830641243820427], [46.721947706756914, 24.830729312978335], [46.72205637447704, 24.830817370461382], [46.72217187489579, 24.830917451114093], [46.72227758109888, 24.83101475085244], [46.72228044693669, 24.83101687476991], [46.722283732890915, 24.831018258012175], [46.722288639055435, 24.831019688493065], [46.72229462319981, 24.831019874142697], [46.72230046788544, 24.83101698805088], [46.72230537556777, 24.83101316565235], [46.722308215946725, 24.83100873055741], [46.722308768319515, 24.831004106043963], [46.72230757503328, 24.830997518055003], [46.72230445830962, 24.83099342156322], [46.72212506544807, 24.830787759588034], [46.72198697744179, 24.830627599833306], [46.72184462695554, 24.830463594082396], [46.72134918590917, 24.829877635936402], [46.72107363172843, 24.829546370180772], [46.720891539484704, 24.829323622897135], [46.72072955600424, 24.829123919705957], [46.72068513688891, 24.829069653376852], [46.72068359640055, 24.829066997729264], [46.72066861638049, 24.829049204981214], [46.720662781888805, 24.82904158786759]]], [[[46.72186734437258, 24.83081999251807], [46.72170385798162, 24.830696791298315], [46.7217480969748, 24.83097105749575], [46.72184097477833, 24.831025352954825], [46.72299217575725, 24.832215765733935], [46.72380049423207, 24.832983607726813], [46.72393150668998, 24.833195355500656], [46.72422932570941, 24.833788921652022], [46.724273678579124, 24.833813530283447], [46.724345710642794, 24.833767421516125], [46.72439427133266, 24.833736335416663], [46.72455550077382, 24.83363312774277], [46.72400328930623, 24.833024330558906], [46.72346703568218, 24.832431751157763], [46.72320449956852, 24.832133345774196], [46.722743697855776, 24.831634220096262], [46.722586495893765, 24.83147813833806], [46.72236093038387, 24.831253125999186], [46.72208107933843, 24.83100208081091], [46.72186734437258, 24.83081999251807]]]]}, "properties": {"OBJECTID": 1, "layer": "PLANTABLE_AREA", "projects_name": "Eastern Ring Rd"}}]}